unique_id	gene	category	length	cluster	msa_depth	plddt_mean	frac_plddt70	frac_plddt90	ptm	n_res
B000043	ENSG00000142197	FSM	2298	B000125	3142	66.34	0.6127	0.0061	0.47	2298
B000215	ENSG00000150760	FSM	1865	B000249	13342	77.40	0.7989	0.2944	0.544	1865
B000340	ENSG00000109111	FSM	1726	B000460	6025	70.68	0.6541	0.3436	0.664	1726
B000448	ENSG00000121210	FSM	1610	B000448	1462	50.85	0.3366	0.0689	0.461	1610
B000567	ENSG00000136731	FSM	1531	B000592	4793	83.87	0.8981	0.4180	0.742	1531
B000600	ENSG00000136628	FSM	1512	B000831	31867	78.95	0.8347	0.2718	0.457	1512
B000652	ENSG00000012817	FSM	1482	B000957	18298	69.19	0.6208	0.1579	0.484	1482
B000662	ENSG00000110514	FSM	1479	B000966	3909	65.28	0.5625	0.3563	0.687	1479
B000713	ENSG00000151240	FSM	1449	B000713	3428	80.69	0.8185	0.4686	0.707	1449
B000752	ENSG00000165392	FSM	1432	B000824	23267	66.43	0.6006	0.2500	0.521	1432
B000760	ENSG00000047188	FSM	1430	B000811	27014	75.21	0.7462	0.2741	0.643	1430
B000764	ENSG00000151458	FSM	1429	B001795	8303	72.53	0.7040	0.4122	0.497	1429
B000835	ENSG00000198932	FSM	1395	B000835	1037	40.19	0.1477	0.0495	0.409	1395
B000853	ENSG00000156802	FSM	1390	B001582	32685	57.12	0.4662	0.0424	0.571	1390
B000859	ENSG00000163808	FSM	1388	B000859	26928	70.52	0.6268	0.0922	0.418	1388
B000887	ENSG00000160949	FSM	1378	B000887	2976	75.33	0.7308	0.4848	0.512	1378
B000912	ENSG00000177409	NIC	1371	B000912	3756	80.39	0.8505	0.2684	0.679	1371
B000928	ENSG00000136068	NIC	1368	B001976	6324	81.55	0.8648	0.2895	0.34	1368
B001012	ENSG00000214944	FSM	1340	B000848	8543	58.12	0.4507	0.2530	0.476	1340
B001034	ENSG00000171105	FSM	1333	B001429	19959	76.41	0.7562	0.3061	0.388	1333
B001090	ENSG00000115548	FSM	1321	B001090	6285	66.57	0.5942	0.3384	0.575	1321
B001140	ENSG00000106772	NNC	1310	B001140	3142	66.38	0.6131	0.0070	0.47	2298
B001300	ENSG00000008294	FSM	1271	B001300	3486	61.93	0.4555	0.2777	0.541	1271
B001388	ENSG00000142185	NIC	1255	B001388	13342	78.33	0.8097	0.3501	0.555	1865
B001496	ENSG00000075391	FSM	1233	B001496	4756	62.41	0.5134	0.2668	0.575	1233
B001497	ENSG00000138802	FSM	1233	B001497	7150	69.04	0.6042	0.5134	0.692	1233
B001555	ENSG00000075292	NIC	1225	B001555	2468	46.29	0.2090	0.1061	0.412	1225
B001727	ENSG00000177311	FSM	1195	B001754	6025	70.70	0.6483	0.3441	0.663	1726
B001731	ENSG00000111602	FSM	1194	B001731	1462	50.85	0.3373	0.0689	0.46	1610
B001745	ENSG00000058085	FSM	1193	B002943	4793	83.82	0.8981	0.4174	0.742	1531
B001833	ENSG00000110497	FSM	1179	B003119	31867	80.07	0.8466	0.3082	0.462	1512
B001849	ENSG00000163349	FSM	1176	B001878	18298	70.14	0.6586	0.1896	0.495	1482
B001876	ENSG00000196878	FSM	1172	B001876	3909	65.28	0.5625	0.3563	0.687	1479
B001878	ENSG00000064393	FSM	1171	B001878	3428	80.68	0.8185	0.4665	0.708	1449
B001920	ENSG00000085552	FSM	1163	B002426	23267	66.33	0.6124	0.1913	0.531	1432
B001995	ENSG00000132953	FSM	1151	B004092	27014	76.66	0.7594	0.3392	0.638	1430
B002100	ENSG00000142733	FSM	1140	B003407	8303	72.86	0.7040	0.4360	0.499	1429
B002111	ENSG00000167258	FSM	1138	B000833	1037	40.24	0.1484	0.0495	0.409	1395
B002202	ENSG00000139613	FSM	1129	B003586	32685	57.06	0.4612	0.0223	0.545	1390
B002211	ENSG00000103932	FSM	1128	B002211	26928	72.02	0.6635	0.1117	0.458	1388
B002225	ENSG00000067177	FSM	1126	B002076	2976	75.31	0.7308	0.4855	0.512	1378
B002237	ENSG00000007516	FSM	1124	B002458	3756	80.39	0.8505	0.2684	0.679	1371
B002258	ENSG00000099821	FSM	1122	B004341	6324	81.55	0.8648	0.2895	0.34	1368
B002296	ENSG00000055163	FSM	1117	B002729	8543	58.12	0.4507	0.2530	0.476	1340
B002312	ENSG00000120278	FSM	1115	B002312	19959	76.41	0.7562	0.3061	0.388	1333
B002336	ENSG00000047849	NIC	1113	B004355	6285	66.57	0.5942	0.3384	0.575	1321
B002347	ENSG00000169180	FSM	1111	B002347	3486	61.93	0.4555	0.2777	0.541	1271
B002398	ENSG00000129250	FSM	1103	B002598	4756	62.41	0.5134	0.2668	0.575	1233
B002412	ENSG00000162434	FSM	1101	B004021	7150	69.04	0.6042	0.5134	0.692	1233
B002473	ENSG00000150995	NIC	1095	B002473	2468	46.29	0.2090	0.1061	0.412	1225
B002526	ENSG00000067596	FSM	1090	B002982	31962	67.68	0.6009	0.0486	0.615	1090
B002546	ENSG00000144290	FSM	1088	B003394	8415	71.34	0.7031	0.1443	0.611	1088
B002600	ENSG00000196497	FSM	1081	B002600	2223	88.00	0.9278	0.6605	0.807	1081
B002650	ENSG00000013503	FSM	1075	B003692	17774	87.32	0.9498	0.5098	0.798	1075
B002664	ENSG00000008083	FSM	1074	B002664	4765	63.06	0.5056	0.3883	0.626	1074
B002666	ENSG00000112902	FSM	1074	B004758	28508	77.30	0.7449	0.3734	0.585	1074
B002733	ENSG00000012817	NNC	1068	B002733	17635	76.12	0.7743	0.2360	0.61	1068
B002769	ENSG00000131899	FSM	1064	B004230	3179	78.77	0.7594	0.5592	0.791	1064
B002774	ENSG00000056586	FSM	1064	B003456	15130	53.79	0.3703	0.2613	0.507	1064
B002791	ENSG00000081014	FSM	1062	B002936	4080	68.11	0.6808	0.0028	0.499	1062
B002873	ENSG00000124920	NIC	1054	B002873	6007	60.36	0.4715	0.2590	0.374	1054
B003013	ENSG00000091409	FSM	1042	B003836	12839	83.20	0.8541	0.4722	0.62	1042
B003018	ENSG00000176986	FSM	1042	B003129	7290	73.43	0.6583	0.5691	0.722	1042
B003056	ENSG00000102763	FSM	1039	B003056	3453	82.59	0.8720	0.3349	0.792	1039
B003063	ENSG00000204217	FSM	1038	B005815	7196	55.08	0.3699	0.2601	0.484	1038
B003139	ENSG00000113645	NIC	1032	B004207	10496	57.42	0.4109	0.0930	0.442	1032
B003157	ENSG00000133619	FSM	1030	B003157	304	39.91	0.0592	0.0301	0.327	1030
B003265	ENSG00000126562	FSM	1020	B003265	16488	54.23	0.3745	0.1637	0.433	1020
B003307	ENSG00000164741	FSM	1017	B003445	8065	61.81	0.4562	0.3038	0.596	1017
B003317	ENSG00000146263	NIC	1017	B003317	586	81.96	0.8299	0.3333	0.699	1017
B003338	ENSG00000110756	FSM	1015	B004000	1655	67.81	0.6473	0.1241	0.434	1015
B003354	ENSG00000115414	FSM	1014	B003354	2300	76.49	0.7742	0.3432	0.381	1014
B003361	ENSG00000105409	FSM	1013	B003591	19798	81.79	0.8865	0.1836	0.683	1013
B003367	ENSG00000068097	FSM	1013	B003404	1353	79.13	0.7690	0.5913	0.767	1013
B003490	ENSG00000111752	FSM	1004	B006024	8893	43.75	0.1315	0.0667	0.324	1004
B003514	ENSG00000105397	FSM	1002	B003514	9858	82.43	0.8283	0.5110	0.737	1002
B003529	ENSG00000154822	FSM	1001	B003939	13859	85.35	0.8921	0.5465	0.857	1001
B003540	ENSG00000180263	NIC	1000	B003540	3565	42.75	0.1310	0.1180	0.39	1000
B003585	ENSG00000143970	FSM	996	B003585	2582	47.78	0.2319	0.0351	0.319	996
B003594	ENSG00000133121	FSM	995	B003445	6445	61.28	0.4804	0.3015	0.591	995
B003597	ENSG00000153147	FSM	995	B003784	29297	72.95	0.6995	0.1226	0.546	995
B003602	ENSG00000205339	FSM	995	B006531	3568	87.47	0.8985	0.6784	0.744	995
B003641	ENSG00000138162	NIC	992	B004577	3906	51.22	0.2117	0.1885	0.399	992
B003645	ENSG00000103540	FSM	991	B003938	1804	50.13	0.2654	0.1403	0.341	991
B003655	ENSG00000204351	FSM	990	B003143	18284	75.35	0.6899	0.3465	0.649	990
B003662	ENSG00000080839	FSM	989	B002739	2849	69.10	0.6148	0.2932	0.685	989
B003675	ENSG00000164164	FSM	988	B003675	8093	47.86	0.2449	0.1711	0.431	988
B003720	ENSG00000116584	FSM	985	B005480	7377	66.45	0.5269	0.3279	0.5	985
B003793	ENSG00000132005	FSM	979	B005694	4184	56.35	0.4208	0.3238	0.486	979
B003824	ENSG00000197579	NIC	978	B003824	12741	45.77	0.1922	0.0603	0.372	978
B003860	ENSG00000167110	FSM	975	B004221	2103	71.00	0.6133	0.3600	0.273	975
B003873	ENSG00000107854	FSM	974	B002304	11270	86.34	0.8799	0.7074	0.412	974
B003933	ENSG00000068784	FSM	969	B004089	22078	72.74	0.7100	0.4241	0.679	969
B003951	ENSG00000072786	FSM	968	B007785	18309	73.24	0.6849	0.3833	0.573	968
B003967	ENSG00000198920	FSM	967	B004161	1027	55.03	0.3402	0.0951	0.332	967
B004021	ENSG00000162434	NIC	963	B004021	12934	86.11	0.8795	0.5981	0.771	963
B004027	ENSG00000184575	FSM	962	B004314	2401	90.78	0.9834	0.7017	0.77	962
B004032	ENSG00000138768	FSM	962	B004032	2612	81.95	0.8025	0.5405	0.682	962
B004129	ENSG00000147912	FSM	956	B006305	7503	72.85	0.6831	0.3933	0.677	956
B004182	ENSG00000083290	FSM	952	B003083	15740	55.14	0.3718	0.2374	0.367	952
B004243	ENSG00000122965	FSM	948	B005589	17132	67.37	0.5854	0.1698	0.505	948
B004245	ENSG00000100095	FSM	948	B004245	8264	67.16	0.5949	0.3186	0.479	948
B004252	ENSG00000014164	FSM	948	B004252	8721	47.10	0.2078	0.0570	0.395	948
B004253	ENSG00000129083	FSM	948	B004982	3713	79.54	0.8354	0.1297	0.597	948
B004270	ENSG00000103226	FSM	946	B002657	3414	83.02	0.8732	0.4133	0.425	946
B004295	ENSG00000089639	FSM	944	B007280	11376	67.00	0.5424	0.4608	0.418	944
B004296	ENSG00000006704	FSM	944	B004296	1473	62.85	0.5180	0.3453	0.3	944
B004347	ENSG00000101161	FSM	941	B007661	3155	70.85	0.7163	0.0000	0.503	941
B004352	ENSG00000126883	NIC	941	B004352	1087	36.90	0.0000	0.0000	0.181	941
B004355	ENSG00000047849	NNC	941	B004355	3493	43.71	0.0956	0.0000	0.269	941
B004362	ENSG00000018236	FSM	940	B004362	7832	88.43	0.9564	0.6064	0.429	940
B004397	ENSG00000137497	NIC	938	B004397	332	73.68	0.7058	0.0448	0.3	938
B004482	ENSG00000119720	NIC	933	B002566	1768	80.94	0.8092	0.3901	0.828	933
B004512	ENSG00000126777	NIC	931	B005719	1503	74.99	0.7508	0.1096	0.285	931
B004621	ENSG00000112685	FSM	924	B007531	3515	73.73	0.7110	0.1061	0.496	924
B004663	ENSG00000129219	FSM	922	B004905	9099	85.25	0.8525	0.6258	0.877	922
B004666	ENSG00000088179	FSM	922	B004666	19507	75.12	0.7126	0.4544	0.453	922
B004690	ENSG00000122965	NIC	921	B005589	16917	67.24	0.5820	0.1661	0.495	921
B004719	ENSG00000241945	FSM	919	B006483	8010	83.76	0.8564	0.5506	0.77	919
B004753	ENSG00000035681	FSM	917	B008941	10459	88.21	0.9029	0.7372	0.632	917
B004868	ENSG00000162415	FSM	911	B006128	1902	83.76	0.8606	0.5434	0.725	911
B004949	ENSG00000124608	FSM	907	B004949	18830	88.29	0.9372	0.5877	0.676	907
B004972	ENSG00000148516	FSM	906	B004972	20135	47.98	0.2053	0.0519	0.302	906
B005055	ENSG00000067596	NIC	902	B002982	31770	74.63	0.7084	0.1663	0.584	902
B005092	ENSG00000133131	FSM	900	B007218	8999	63.47	0.5344	0.3322	0.569	900
B005156	ENSG00000154760	NIC	897	B008813	4951	82.40	0.8640	0.2932	0.782	897
B005168	ENSG00000101577	FSM	896	B005275	6777	58.12	0.3973	0.1975	0.527	896
B005170	ENSG00000088930	FSM	896	B007802	10443	76.12	0.7098	0.5056	0.746	896
B005208	ENSG00000013364	FSM	893	B008055	2693	80.22	0.8130	0.1982	0.44	893
B005250	ENSG00000085433	FSM	891	B006346	7228	65.80	0.5511	0.2884	0.462	891
B005303	ENSG00000122729	FSM	889	B007658	20480	93.39	0.9966	0.8178	0.901	889
B005309	ENSG00000144857	NIC	889	B005593	10878	72.45	0.6839	0.4241	0.432	889
B005319	ENSG00000164078	FSM	888	B005319	16426	75.54	0.7050	0.3716	0.448	888
B005334	ENSG00000135829	NNC	888	B005334	12299	75.81	0.7297	0.4381	0.668	888
B005346	ENSG00000031003	FSM	887	B005346	8433	57.00	0.4149	0.1409	0.377	887
B005377	ENSG00000006432	FSM	885	B005919	13587	53.79	0.3424	0.1989	0.46	885
B005401	ENSG00000167258	NIC	884	B005401	14105	55.35	0.3167	0.1833	0.49	884
B005415	ENSG00000152578	FSM	883	B007999	11811	81.79	0.8290	0.4134	0.506	883
B005530	ENSG00000177119	FSM	877	B006062	9175	81.54	0.8438	0.3170	0.817	877
B005653	ENSG00000116406	FSM	871	B005653	17979	78.33	0.7463	0.5488	0.607	871
B005679	ENSG00000166025	FSM	870	B006398	1895	58.83	0.3713	0.2724	0.28	870
B005742	ENSG00000197299	NNC	868	B005742	18212	49.69	0.2938	0.2327	0.424	868
B005756	ENSG00000129173	FSM	867	B008501	4806	48.64	0.2445	0.0208	0.417	867
B005781	ENSG00000132837	FSM	866	B008137	18292	91.92	0.9411	0.8972	0.891	866
B005843	ENSG00000082805	NIC	864	B005843	1702	78.87	0.7928	0.2407	0.267	864
B005893	ENSG00000157657	FSM	861	B007586	2629	61.50	0.5250	0.0221	0.538	861
B005894	ENSG00000165359	FSM	861	B007723	2912	64.65	0.5366	0.1231	0.556	861
B005963	ENSG00000167658	FSM	858	B008745	20736	88.82	0.9592	0.5839	0.787	858
B005968	ENSG00000160633	FSM	858	B006240	10085	49.72	0.2086	0.0967	0.287	858
B005970	ENSG00000127980	FSM	858	B005970	27751	71.57	0.6935	0.1492	0.568	858
B005975	ENSG00000064042	NIC	858	B005975	7805	50.34	0.2413	0.1037	0.286	858
B005987	ENSG00000112742	FSM	857	B005987	8928	61.59	0.4959	0.3081	0.459	857
B005993	ENSG00000158528	FSM	857	B005993	12272	59.88	0.4317	0.2357	0.328	857
B006006	ENSG00000150990	FSM	856	B006006	19728	67.89	0.5900	0.2371	0.618	856
B006064	ENSG00000197136	FSM	854	B008544	1559	67.17	0.6311	0.0679	0.618	854
B006143	ENSG00000160957	FSM	851	B007793	17950	77.24	0.7568	0.3713	0.751	851
B006183	ENSG00000177853	NNC	850	B006183	1176	39.09	0.0447	0.0000	0.263	850
B006240	ENSG00000160633	NIC	847	B006240	10523	52.25	0.2491	0.1558	0.285	847
B006255	ENSG00000174371	FSM	846	B007734	5674	59.50	0.4220	0.3345	0.548	846
B006362	ENSG00000157426	FSM	841	B006362	3848	74.87	0.7265	0.3306	0.619	841
B006467	ENSG00000111581	FSM	837	B008219	1967	72.63	0.7133	0.1350	0.578	837
B006499	ENSG00000187554	FSM	836	B010177	3359	88.92	0.9127	0.6830	0.699	836
B006519	ENSG00000097096	FSM	835	B006519	949	42.82	0.0527	0.0168	0.278	835
B006794	ENSG00000186185	NNC	824	B010234	23460	60.87	0.4454	0.2706	0.53	824
B006808	ENSG00000008277	FSM	823	B009815	12656	73.56	0.6902	0.2880	0.678	823
B006815	ENSG00000189079	NNC	823	B007249	8422	48.44	0.2515	0.0838	0.271	823
B006905	ENSG00000006062	FSM	819	B006905	9656	61.89	0.4884	0.3309	0.534	819
B006906	ENSG00000152223	FSM	819	B006906	526	89.04	0.9280	0.7057	0.777	819
B006939	ENSG00000119844	FSM	818	B007484	1568	43.81	0.1002	0.0086	0.308	818
B006940	ENSG00000197530	NIC	818	B004486	7359	82.89	0.8399	0.5306	0.51	818
B006952	ENSG00000084710	FSM	817	B007780	1663	79.25	0.7650	0.4308	0.709	817
B006956	ENSG00000169862	FSM	817	B009129	3572	64.57	0.4957	0.4406	0.631	817
B006985	ENSG00000127081	FSM	816	B007956	12656	52.35	0.4338	0.0000	0.353	816
B007024	ENSG00000104044	FSM	814	B007024	8046	69.28	0.6327	0.1720	0.594	814
B007027	ENSG00000163689	FSM	814	B007027	2081	54.70	0.3440	0.2039	0.449	814
B007063	ENSG00000123908	FSM	813	B008597	10566	90.25	0.9606	0.7245	0.862	813
B007073	ENSG00000152990	NIC	813	B008364	2420	60.41	0.4760	0.1796	0.459	813
B007084	ENSG00000006740	FSM	812	B007084	10417	62.85	0.4766	0.3670	0.472	812
B007087	ENSG00000118482	FSM	812	B007087	8433	43.19	0.0727	0.0603	0.331	812
B007169	ENSG00000075702	FSM	809	B009857	4633	84.75	0.8356	0.7244	0.851	809
B007275	ENSG00000005889	FSM	805	B008931	16236	54.83	0.3876	0.0099	0.305	805
B007330	ENSG00000095539	FSM	803	B008753	6933	79.31	0.7609	0.5928	0.767	803
B007335	ENSG00000082438	NIC	803	B007787	781	44.12	0.0262	0.0025	0.255	803
B007357	ENSG00000187045	FSM	802	B007357	27371	86.64	0.8940	0.6521	0.744	802
B007401	ENSG00000055130	NNC	801	B007401	9541	82.68	0.8602	0.4245	0.666	801
B007412	ENSG00000145241	FSM	800	B004309	457	37.50	0.0112	0.0000	0.23	800
B007413	ENSG00000145390	FSM	800	B011584	3641	59.27	0.4313	0.3825	0.553	800
B007415	ENSG00000134215	NIC	800	B009468	20298	82.90	0.8488	0.4600	0.544	800
B007499	ENSG00000083520	FSM	796	B007499	13837	84.76	0.8442	0.5276	0.786	796
B007548	ENSG00000163848	FSM	794	B012360	12623	46.73	0.1751	0.0264	0.312	794
B007566	ENSG00000085552	NNC	794	B007566	5788	61.19	0.4824	0.3174	0.426	794
B007585	ENSG00000147324	NIC	793	B005361	11304	79.18	0.8020	0.3846	0.739	793
B007616	ENSG00000072121	FSM	791	B007616	640	66.38	0.6220	0.0240	0.491	791
B007624	ENSG00000164675	FSM	791	B008479	2743	72.62	0.6890	0.1896	0.523	791
B007645	ENSG00000118503	FSM	790	B011345	2295	71.02	0.6367	0.3215	0.533	790
B007646	ENSG00000136937	FSM	790	B009038	2105	91.08	0.9405	0.8354	0.891	790
B007758	ENSG00000149091	FSM	786	B007758	10950	80.09	0.7875	0.4885	0.619	786
B007776	ENSG00000154305	FSM	785	B009972	1954	67.47	0.5096	0.4153	0.3	785
B007827	ENSG00000174791	FSM	783	B011847	3373	65.51	0.5530	0.3372	0.424	783
B007866	ENSG00000148337	NIC	782	B007866	2639	48.29	0.2225	0.0895	0.296	782
B007892	ENSG00000187187	FSM	781	B010253	15488	36.24	0.0730	0.0000	0.276	781
B007900	ENSG00000168067	NIC	781	B007748	17915	76.83	0.7247	0.4097	0.535	781
B007914	ENSG00000115808	FSM	780	B012213	9788	67.42	0.5282	0.4141	0.527	780
B007916	ENSG00000275052	FSM	780	B007916	4133	75.78	0.7179	0.5295	0.662	780
B007976	ENSG00000173320	NNC	779	B008382	1141	46.07	0.1463	0.0526	0.279	779
B007985	ENSG00000176049	FSM	778	B008319	1348	77.35	0.7571	0.2468	0.259	778
B007988	ENSG00000166024	FSM	778	B007988	2314	46.36	0.1992	0.0514	0.354	778
B008020	ENSG00000169962	FSM	777	B008332	6284	86.99	0.9138	0.5598	0.657	777
B008047	ENSG00000198218	FSM	776	B014071	2392	54.77	0.3776	0.2358	0.496	776
B008059	ENSG00000108883	NIC	776	B006151	16805	88.18	0.9420	0.5760	0.738	776
B008114	ENSG00000133687	FSM	774	B011087	6745	87.56	0.8798	0.7817	0.727	774
B008119	ENSG00000186716	FSM	774	B009174	14709	82.19	0.8230	0.4548	0.605	774
B008133	ENSG00000099769	NIC	774	B014085	13531	75.05	0.7145	0.5724	0.713	774
B008208	ENSG00000075213	FSM	771	B013899	7424	83.38	0.8016	0.6083	0.809	771
B008258	ENSG00000138641	NIC	770	B004629	22078	88.20	0.9416	0.5922	0.77	770
B008311	ENSG00000143344	FSM	768	B008311	4881	67.48	0.5898	0.2240	0.585	768
B008319	ENSG00000176049	NIC	768	B008319	1338	77.81	0.7773	0.2852	0.274	768
B008345	ENSG00000136935	FSM	767	B011177	2213	75.30	0.7027	0.4042	0.269	767
B008382	ENSG00000173320	NIC	766	B008382	1112	46.13	0.1319	0.0405	0.283	766
B008485	ENSG00000157077	FSM	762	B008485	15457	43.54	0.1207	0.0879	0.334	762
B008580	ENSG00000166598	NNC	760	B010338	21601	79.93	0.7513	0.4289	0.676	760
B008641	ENSG00000110888	NNC	758	B006423	6477	47.06	0.2045	0.1728	0.397	758
B008678	ENSG00000278318	NIC	757	B008678	4506	55.77	0.3923	0.0000	0.357	757
B008736	ENSG00000198945	FSM	755	B008837	10288	71.43	0.6265	0.4358	0.563	755
B008761	ENSG00000197694	NNC	755	B008761	11693	85.07	0.8808	0.5099	0.446	755
B008810	ENSG00000188786	FSM	753	B008810	2998	45.22	0.2284	0.0027	0.321	753
B008852	ENSG00000058866	FSM	752	B008852	12857	75.91	0.7354	0.3258	0.63	752
B008858	ENSG00000078747	FSM	752	B004669	18905	72.60	0.6941	0.2473	0.609	752
B008921	ENSG00000153113	FSM	750	B012932	1285	51.04	0.1707	0.0000	0.231	750
B008942	ENSG00000127081	NNC	750	B007956	13904	60.50	0.5400	0.0120	0.399	750
B008948	ENSG00000065882	NNC	750	B007036	10453	68.75	0.5773	0.4520	0.571	750
B008955	ENSG00000101310	FSM	749	B013700	4477	85.80	0.8879	0.5474	0.833	749
B008962	ENSG00000248919	FSM	749	B013710	2738	68.17	0.6088	0.3298	0.634	749
B008977	ENSG00000153113	NIC	749	B012932	1281	50.61	0.1709	0.0000	0.236	749
B008985	ENSG00000181381	NNC	749	B014477	12176	79.10	0.7597	0.3578	0.756	749
B008999	ENSG00000139324	FSM	748	B007843	8352	92.59	0.9759	0.8128	0.812	748
B009024	ENSG00000187187	NIC	748	B010253	16610	67.27	0.6818	0.0000	0.32	748
B009058	ENSG00000177595	FSM	747	B009058	8554	70.58	0.6479	0.1232	0.449	747
B009109	ENSG00000168769	FSM	745	B012489	534	39.16	0.0000	0.0000	0.165	745
B009140	ENSG00000162378	FSM	744	B012016	2013	90.60	0.9462	0.7849	0.848	744
B009142	ENSG00000198521	FSM	744	B009593	4088	56.63	0.1788	0.0000	0.299	744
B009169	ENSG00000143190	FSM	743	B009250	10894	45.26	0.1736	0.0942	0.318	743
B009181	ENSG00000198826	NIC	743	B009181	817	43.62	0.0363	0.0000	0.24	743
B009196	ENSG00000006282	FSM	742	B011973	21873	92.69	0.9704	0.8221	0.929	742
B009209	ENSG00000151491	NIC	742	B009209	10822	70.32	0.5930	0.3437	0.464	742
B009319	ENSG00000122779	FSM	739	B009319	18127	59.21	0.4290	0.2815	0.387	739
B009321	ENSG00000164659	NIC	739	B005934	3010	81.61	0.8376	0.3139	0.584	739
B009339	ENSG00000174358	NNC	739	B009339	15686	76.43	0.7984	0.3234	0.762	739
B009349	ENSG00000135775	FSM	738	B016168	2427	78.29	0.8374	0.1192	0.598	738
B009366	ENSG00000048828	NIC	738	B006082	1958	59.35	0.4187	0.3211	0.525	738
B009495	ENSG00000053108	FSM	734	B009495	14899	81.54	0.8079	0.4741	0.704	734
B009570	ENSG00000140265	FSM	732	B006146	16220	57.19	0.4385	0.1052	0.346	732
B009613	ENSG00000163346	FSM	731	B010776	1062	54.96	0.3434	0.0793	0.336	731
B009745	ENSG00000103994	FSM	727	B005299	3659	65.28	0.5461	0.4457	0.574	727
B009750	ENSG00000115159	FSM	727	B015983	15899	83.44	0.8459	0.5131	0.791	727
B009768	ENSG00000159915	NIC	727	B011415	11624	45.38	0.2985	0.0000	0.325	727
B009795	ENSG00000159267	FSM	726	B009795	4150	76.07	0.7273	0.4518	0.711	726
B009798	ENSG00000158623	FSM	726	B007358	3582	85.54	0.9091	0.5634	0.651	726
B009841	ENSG00000135040	FSM	725	B011227	1460	88.37	0.9062	0.6676	0.849	725
B009844	ENSG00000151025	FSM	725	B009844	2546	71.20	0.6524	0.2248	0.513	725
B009874	ENSG00000196757	FSM	724	B016953	18775	66.48	0.6008	0.0000	0.323	724
B009876	ENSG00000096384	FSM	724	B015663	24439	81.36	0.7804	0.5000	0.668	724
B009934	ENSG00000122729	NIC	723	B007658	20424	93.37	1.0000	0.7842	0.895	723
B009992	ENSG00000160294	FSM	721	B009992	754	75.27	0.7393	0.2386	0.64	721
B010002	ENSG00000155275	NIC	721	B010002	3023	73.17	0.6838	0.3745	0.646	721
B010020	ENSG00000091039	FSM	720	B010020	9027	71.07	0.6042	0.4153	0.552	720
B010022	ENSG00000131115	FSM	720	B010022	16057	62.63	0.6292	0.0000	0.371	720
B010072	ENSG00000088038	NIC	719	B010098	5128	56.53	0.3588	0.1892	0.324	719
B010082	ENSG00000165731	NIC	719	B010082	20512	65.76	0.5480	0.3227	0.49	719
B010107	ENSG00000133059	FSM	718	B015416	7205	80.88	0.7953	0.3719	0.693	718
B010108	ENSG00000002822	FSM	718	B012160	1457	77.13	0.7535	0.1894	0.283	718
B010143	ENSG00000100242	FSM	717	B012158	5263	64.30	0.4895	0.1604	0.392	717
B010229	ENSG00000006747	FSM	715	B011721	9622	75.95	0.7329	0.2000	0.442	715
B010231	ENSG00000165732	FSM	715	B010863	24913	73.98	0.7245	0.3510	0.68	715
B010233	ENSG00000156599	FSM	715	B015234	15517	54.71	0.3287	0.2364	0.489	715
B010234	ENSG00000186185	FSM	715	B010234	22656	56.48	0.3888	0.2084	0.452	715
B010250	ENSG00000226763	NNC	715	B010250	177	35.62	0.0000	0.0000	0.155	715
B010251	ENSG00000143515	NNC	715	B010251	18795	77.15	0.7678	0.2434	0.644	715
B010261	ENSG00000221955	FSM	714	B017459	7987	65.59	0.5644	0.1429	0.655	714
B010262	ENSG00000075945	FSM	714	B010262	2660	79.64	0.7871	0.5826	0.743	714
B010286	ENSG00000126804	FSM	713	B013453	3512	56.59	0.4264	0.1024	0.304	713
B010289	ENSG00000283761	FSM	713	B017141	6673	75.24	0.7644	0.1108	0.563	713
B010338	ENSG00000166598	FSM	712	B010338	21027	82.39	0.7992	0.4663	0.696	712
B010387	ENSG00000248919	NIC	711	B013710	1733	69.54	0.6273	0.3966	0.67	711
B010472	ENSG00000162302	FSM	709	B008767	31712	73.72	0.6573	0.2835	0.511	709
B010477	ENSG00000162650	NIC	709	B011018	2424	48.68	0.1326	0.0592	0.268	709
B010480	ENSG00000177853	NIC	709	B006040	9471	45.10	0.2285	0.0000	0.276	709
B010497	ENSG00000055163	NNC	709	B010497	2100	85.49	0.8717	0.5402	0.582	709
B010499	ENSG00000108840	NNC	709	B011228	2143	50.77	0.2087	0.1269	0.314	709
B010504	ENSG00000176915	FSM	708	B005594	2672	60.45	0.4972	0.1384	0.523	708
B010515	ENSG00000198961	FSM	708	B010972	14632	43.31	0.1172	0.0099	0.299	708
B010562	ENSG00000135249	FSM	707	B011226	1178	88.50	0.9052	0.6874	0.752	707
B010563	ENSG00000106462	FSM	707	B011863	13804	68.73	0.5941	0.1528	0.57	707
B010597	ENSG00000054219	FSM	706	B010597	10933	83.31	0.8428	0.4703	0.784	706
B010622	ENSG00000147789	NIC	706	B011473	16599	60.52	0.5609	0.0127	0.31	706
B010634	ENSG00000140471	NNC	706	B013769	1359	63.81	0.5255	0.1926	0.655	706
B010658	ENSG00000262246	FSM	705	B006385	16513	84.45	0.8270	0.6908	0.63	705
B010735	ENSG00000165731	FSM	703	B012478	20476	76.75	0.7155	0.4552	0.485	703
B010754	ENSG00000135392	FSM	702	B015334	19696	57.70	0.3889	0.1396	0.349	702
B010764	ENSG00000118690	FSM	702	B010764	1748	83.39	0.8191	0.7179	0.793	702
B010791	ENSG00000147789	NNC	702	B011473	16468	60.47	0.5627	0.0071	0.313	702
B010807	ENSG00000100092	FSM	701	B015649	10030	68.54	0.5763	0.4123	0.411	701
B010854	ENSG00000106246	FSM	700	B013710	1709	69.43	0.6286	0.3329	0.664	700
B010941	ENSG00000119778	FSM	698	B015069	10852	61.38	0.5043	0.2464	0.419	698
B010992	ENSG00000115616	FSM	697	B010992	10447	64.37	0.5495	0.0760	0.609	697
B011018	ENSG00000162650	FSM	696	B011018	2799	49.31	0.1739	0.0445	0.246	696
B011036	ENSG00000119041	NIC	696	B008185	1662	86.39	0.9239	0.4943	0.661	696
B011114	ENSG00000123485	FSM	694	B013972	383	43.47	0.1455	0.0274	0.268	694
B011237	ENSG00000145191	NNC	692	B011237	6700	70.83	0.6618	0.0939	0.633	692
B011291	ENSG00000139517	FSM	690	B018212	17234	73.20	0.7232	0.2638	0.494	690
B011348	ENSG00000135424	NIC	689	B011348	2875	79.46	0.7707	0.4819	0.596	689
B011352	ENSG00000157741	NIC	689	B016612	628	41.67	0.0624	0.0000	0.272	689
B011421	ENSG00000152520	FSM	687	B011421	2133	51.67	0.3130	0.1557	0.44	687
B011457	ENSG00000088247	NNC	687	B018766	7844	60.19	0.4032	0.2038	0.254	687
B011473	ENSG00000147789	FSM	686	B011473	16560	60.56	0.5773	0.0044	0.305	686
B011474	ENSG00000197579	FSM	686	B011640	12834	50.90	0.2726	0.0671	0.344	686
B011482	ENSG00000130684	NIC	686	B011482	8171	63.64	0.5044	0.0000	0.326	686
B011498	ENSG00000187187	NNC	686	B011695	13756	69.40	0.7070	0.0219	0.347	686
B011549	ENSG00000167377	NNC	685	B017783	12042	65.39	0.6847	0.0000	0.382	685
B011564	ENSG00000119203	FSM	684	B013233	12948	87.25	0.9167	0.5424	0.709	684
B011611	ENSG00000100296	FSM	683	B016109	2267	80.94	0.8331	0.3748	0.601	683
B011622	ENSG00000262655	FSM	683	B007470	17024	76.97	0.7247	0.2621	0.436	683
B011623	ENSG00000141456	FSM	683	B016410	651	57.15	0.3031	0.1420	0.388	683
B011625	ENSG00000100991	FSM	683	B012930	950	82.89	0.8067	0.5988	0.821	683
B011833	ENSG00000055130	FSM	678	B013984	9961	81.60	0.8481	0.2419	0.585	678
B011884	ENSG00000166484	NIC	677	B011884	23389	59.22	0.4003	0.2009	0.48	677
B011886	ENSG00000085433	NIC	677	B012652	8157	60.05	0.4136	0.2747	0.498	677
B011967	ENSG00000114166	FSM	675	B007982	11972	79.97	0.8015	0.5081	0.428	675
B012045	ENSG00000163681	NNC	674	B012045	2207	74.30	0.6691	0.4466	0.285	674
B012052	ENSG00000129245	FSM	673	B012238	3445	65.56	0.5290	0.3150	0.43	673
B012062	ENSG00000079819	FSM	673	B012062	8342	65.43	0.5022	0.3804	0.57	673
B012086	ENSG00000065150	FSM	672	B015581	3853	91.21	0.9554	0.7619	0.842	672
B012109	ENSG00000163349	NIC	672	B013377	1347	37.65	0.0000	0.0000	0.165	672
B012170	ENSG00000108239	NIC	671	B010864	6184	56.36	0.3815	0.2817	0.476	671
B012192	ENSG00000131653	FSM	670	B018508	8273	79.32	0.7896	0.4672	0.488	670
B012193	ENSG00000102910	FSM	670	B011133	22821	76.24	0.7925	0.1194	0.635	670
B012201	ENSG00000152942	FSM	670	B016130	5906	65.81	0.5657	0.1179	0.581	670
B012233	ENSG00000100425	NNC	670	B012233	18964	77.72	0.7358	0.5224	0.444	670
B012322	ENSG00000198538	NNC	668	B015643	1882	32.57	0.0000	0.0000	0.193	668
B012328	ENSG00000127481	NNC	668	B012328	2222	82.21	0.8743	0.2695	0.601	668
B012330	ENSG00000005156	NNC	668	B012330	7655	79.41	0.7904	0.4760	0.53	668
B012349	ENSG00000047315	FSM	667	B012349	17815	88.23	0.9655	0.5382	0.771	667
B012350	ENSG00000197043	FSM	667	B012350	10416	90.11	0.9205	0.7586	0.597	667
B012353	ENSG00000147324	FSM	667	B013167	1108	83.64	0.8291	0.6012	0.845	667
B012360	ENSG00000163848	NIC	667	B012360	11653	47.67	0.2039	0.0135	0.292	667
B012365	ENSG00000185344	NIC	667	B008943	9175	69.51	0.5952	0.0360	0.467	667
B012382	ENSG00000131437	NNC	667	B014720	29280	76.80	0.7451	0.1934	0.707	667
B012399	ENSG00000073464	FSM	666	B010081	14584	84.66	0.8769	0.4219	0.806	666
B012449	ENSG00000198538	FSM	665	B015643	3436	33.06	0.0000	0.0000	0.205	665
B012454	ENSG00000173193	FSM	665	B012454	12258	84.24	0.8436	0.6301	0.387	665
B012542	ENSG00000146376	FSM	663	B017018	6782	74.30	0.6350	0.4691	0.749	663
B012546	ENSG00000076864	FSM	663	B012546	5583	66.66	0.5460	0.4721	0.623	663
B012587	ENSG00000157601	FSM	662	B013726	8577	82.70	0.8565	0.4366	0.606	662
B012600	ENSG00000118482	NIC	662	B012600	863	44.16	0.0211	0.0000	0.207	662
B012618	ENSG00000139116	NNC	662	B016203	6918	71.86	0.6163	0.4517	0.575	662
B012633	ENSG00000091127	FSM	661	B012633	5702	77.89	0.7640	0.5234	0.725	661
B012700	ENSG00000187672	NNC	660	B011172	1547	74.88	0.6803	0.4167	0.286	660
B012745	ENSG00000140598	NIC	659	B016605	20822	76.49	0.7527	0.2398	0.762	659
B012755	ENSG00000162607	FSM	658	B012755	6979	58.04	0.4179	0.2903	0.563	658
B012765	ENSG00000003989	FSM	658	B014230	18331	75.01	0.7325	0.1049	0.74	658
B012767	ENSG00000165209	FSM	658	B012767	12826	71.12	0.6307	0.5046	0.53	658
B012843	ENSG00000007402	NIC	657	B012843	2614	78.71	0.7641	0.4049	0.776	657
B012845	ENSG00000135048	NIC	657	B012845	2046	91.11	0.9680	0.7002	0.881	657
B012904	ENSG00000198919	FSM	655	B012904	716	64.46	0.5191	0.1466	0.448	655
B012905	ENSG00000118777	FSM	655	B017016	17032	82.23	0.8412	0.5099	0.781	655
B012932	ENSG00000153113	NNC	655	B012932	1287	52.31	0.2214	0.0000	0.223	655
B012951	ENSG00000149474	FSM	654	B013014	6652	63.91	0.5459	0.2278	0.473	654
B012957	ENSG00000044574	FSM	654	B013170	33314	85.84	0.8853	0.5657	0.786	654
B012991	ENSG00000100425	FSM	653	B020234	11835	71.29	0.6248	0.4196	0.471	653
B013023	ENSG00000115183	NNC	653	B013023	6676	88.40	0.9464	0.5651	0.725	653
B013045	ENSG00000135828	FSM	652	B016287	9281	88.12	0.8896	0.6779	0.665	652
B013047	ENSG00000117597	FSM	652	B013047	3704	83.03	0.8113	0.6350	0.85	652
B013049	ENSG00000154529	FSM	652	B017303	11734	80.29	0.7807	0.3865	0.654	652
B013050	ENSG00000058600	FSM	652	B013050	1453	75.00	0.7316	0.3328	0.372	652
B013098	ENSG00000099834	FSM	651	B009708	1762	75.38	0.6851	0.5422	0.545	651
B013152	ENSG00000177239	FSM	650	B013152	14523	78.69	0.7200	0.6369	0.718	650
B013184	ENSG00000135912	FSM	649	B013184	13594	78.46	0.7581	0.6302	0.789	649
B013280	ENSG00000044574	NNC	648	B013170	33076	85.81	0.8904	0.5633	0.781	648
B013297	ENSG00000102057	FSM	647	B015134	20029	67.04	0.5951	0.1978	0.475	647
B013329	ENSG00000162613	NNC	647	B018766	7834	61.34	0.4281	0.1685	0.25	647
B013334	ENSG00000143669	NNC	647	B013451	7699	76.05	0.7372	0.2643	0.51	647
B013363	ENSG00000151835	NIC	646	B011761	2878	86.98	0.9071	0.5882	0.791	646
B013368	ENSG00000106443	NIC	646	B019210	17879	69.44	0.6331	0.1796	0.48	646
B013447	ENSG00000107404	FSM	644	B011877	10396	51.73	0.2733	0.0140	0.277	644
B013453	ENSG00000126804	NIC	644	B013453	3924	54.31	0.3665	0.1211	0.324	644
B013454	ENSG00000167377	NIC	644	B017783	8940	59.65	0.5559	0.0000	0.352	644
B013490	ENSG00000167114	FSM	643	B017611	9075	87.96	0.9331	0.5583	0.829	643
B013508	ENSG00000131437	NIC	643	B014720	28989	77.45	0.7683	0.2177	0.725	643
B013517	ENSG00000111490	NNC	643	B013517	6495	55.80	0.3717	0.2006	0.495	643
B013528	ENSG00000204256	NNC	643	B012522	17483	62.12	0.4075	0.2815	0.344	643
B013553	ENSG00000197024	FSM	642	B013553	12714	57.82	0.4393	0.1090	0.333	642
B013566	ENSG00000166432	NIC	642	B013566	1887	50.19	0.2477	0.0545	0.232	642
B013607	ENSG00000080839	NIC	641	B017985	2731	66.79	0.5507	0.3651	0.621	641
B013650	ENSG00000256294	NIC	640	B014577	9827	58.97	0.3219	0.0000	0.321	640
B013671	ENSG00000148337	NNC	640	B013671	383	42.77	0.0719	0.0391	0.239	640
B013684	ENSG00000143079	FSM	639	B015848	2233	61.54	0.4022	0.3239	0.342	639
B013695	ENSG00000154162	FSM	639	B012714	12551	83.79	0.8654	0.5493	0.519	639
B013772	ENSG00000049618	NIC	638	B013772	5382	50.13	0.1897	0.1348	0.343	638
B013845	ENSG00000184939	FSM	636	B016409	17410	63.28	0.6116	0.0094	0.309	636
B013846	ENSG00000197863	FSM	636	B018822	13082	60.34	0.5708	0.0000	0.354	636
B013896	ENSG00000138074	FSM	635	B013896	12365	74.89	0.7087	0.3134	0.766	635
B013931	ENSG00000073417	NNC	635	B008906	10793	81.09	0.7906	0.5795	0.6	635
B013973	ENSG00000101191	NIC	634	B009963	11928	51.98	0.2114	0.1262	0.283	634
B014001	ENSG00000115339	FSM	633	B021043	12270	87.13	0.8673	0.7156	0.811	633
B014014	ENSG00000263002	NIC	633	B014577	6381	67.97	0.7314	0.0000	0.334	633
B014086	ENSG00000263002	NNC	632	B014577	6513	65.77	0.6266	0.0000	0.32	632
B014101	ENSG00000090621	FSM	631	B017882	23478	75.76	0.7147	0.4881	0.406	631
B014105	ENSG00000153815	FSM	631	B012264	7762	78.37	0.7718	0.4532	0.691	631
B014107	ENSG00000085760	FSM	631	B014107	23134	81.51	0.8558	0.2219	0.624	631
B014113	ENSG00000143324	FSM	631	B014113	7132	74.98	0.7116	0.2187	0.645	631
B014176	ENSG00000197150	FSM	630	B013812	21983	80.46	0.8683	0.2683	0.715	630
B014184	ENSG00000163521	FSM	630	B014534	14605	91.89	0.9222	0.8714	0.894	630
B014216	ENSG00000116580	NNC	630	B014216	1681	53.60	0.2460	0.0460	0.25	630
B014317	ENSG00000121417	NIC	628	B020564	20045	57.97	0.5143	0.0016	0.386	628
B014328	ENSG00000168172	NIC	628	B009819	2690	82.09	0.8137	0.4618	0.348	628
B014344	ENSG00000198231	NNC	628	B008089	24650	66.82	0.5287	0.4029	0.563	628
B014380	ENSG00000085552	NIC	627	B014380	2154	54.82	0.3429	0.1563	0.337	627
B014524	ENSG00000163346	NIC	624	B014524	1179	55.64	0.3510	0.1010	0.334	624
B014533	ENSG00000167595	NIC	624	B015062	446	48.47	0.2099	0.0449	0.278	624
B014536	ENSG00000266028	NIC	624	B014536	8933	84.40	0.8365	0.6026	0.558	624
B014541	ENSG00000134109	NNC	624	B017928	8009	74.08	0.6955	0.5657	0.725	624
B014543	ENSG00000094975	NNC	624	B014543	1879	50.47	0.2292	0.1330	0.294	624
B014580	ENSG00000128573	FSM	623	B011932	12088	58.12	0.3981	0.1252	0.283	623
B014600	ENSG00000214022	NIC	623	B018198	8633	60.00	0.5136	0.0000	0.29	623
B014624	ENSG00000084444	FSM	622	B022387	779	76.90	0.7186	0.4566	0.734	622
B014628	ENSG00000198909	FSM	622	B014628	17660	66.61	0.5450	0.3955	0.525	622
B014635	ENSG00000113494	FSM	622	B016186	3052	57.98	0.3794	0.2524	0.452	622
B014656	ENSG00000126012	FSM	622	B010379	18553	69.39	0.6463	0.1109	0.664	622
B014704	ENSG00000134215	FSM	621	B020885	9572	83.92	0.8438	0.6747	0.791	621
B014706	ENSG00000114416	FSM	621	B022820	3370	68.10	0.5620	0.3865	0.437	621
B014755	ENSG00000132128	FSM	620	B010755	684	66.54	0.5726	0.2403	0.654	620
B014820	ENSG00000141576	FSM	619	B014820	11548	58.46	0.4362	0.3005	0.559	619
B014853	ENSG00000140553	NNC	619	B014853	11357	85.77	0.8627	0.6139	0.725	619
B014874	ENSG00000126214	FSM	618	B016135	5266	71.37	0.6327	0.4417	0.49	618
B014951	ENSG00000131845	FSM	617	B018231	10529	57.77	0.5381	0.0000	0.374	617
B014998	ENSG00000163050	NNC	617	B014998	10957	66.78	0.5462	0.2820	0.635	617
B015020	ENSG00000176293	FSM	616	B015310	17454	66.50	0.7240	0.0000	0.361	616
B015030	ENSG00000162852	FSM	616	B009839	1317	47.87	0.1526	0.0682	0.291	616
B015051	ENSG00000103994	NIC	616	B008643	4205	57.57	0.4286	0.2614	0.529	616
B015125	ENSG00000135338	NNC	615	B016331	1460	62.47	0.4309	0.3041	0.289	615
B015148	ENSG00000198682	FSM	614	B019046	17914	90.80	0.9544	0.7410	0.75	614
B015194	ENSG00000167182	FSM	613	B015640	19193	45.82	0.1321	0.0000	0.244	613
B015244	ENSG00000142945	FSM	612	B009829	21531	74.59	0.7157	0.3382	0.67	612
B015303	ENSG00000147804	NNC	612	B019260	9135	69.59	0.6062	0.1062	0.479	612
B015325	ENSG00000164292	FSM	611	B025108	2774	80.65	0.7971	0.4714	0.596	611
B015333	ENSG00000023228	FSM	611	B015516	19000	91.79	0.9820	0.7480	0.895	611
B015377	ENSG00000051382	FSM	610	B015377	8223	87.60	0.8754	0.6262	0.875	610
B015378	ENSG00000085274	FSM	610	B021400	12906	60.24	0.5230	0.1426	0.32	610
B015455	ENSG00000153132	FSM	609	B016738	8930	75.25	0.7126	0.4187	0.618	609
B015550	ENSG00000102890	FSM	607	B015550	2363	88.18	0.9012	0.6672	0.662	607
B015560	ENSG00000166478	FSM	607	B018007	6522	51.50	0.3229	0.0132	0.327	607
B015582	ENSG00000189144	NIC	607	B017483	19072	65.88	0.5206	0.0000	0.321	607
B015631	ENSG00000149050	FSM	606	B021201	9027	53.81	0.4455	0.0050	0.363	606
B015678	ENSG00000182504	NNC	606	B015678	3709	63.71	0.5347	0.3581	0.535	606
B015702	ENSG00000066279	FSM	605	B015702	3804	79.64	0.8198	0.2926	0.759	605
B015827	ENSG00000076201	FSM	603	B022293	11044	69.22	0.5191	0.4677	0.594	603
B015882	ENSG00000169683	FSM	602	B015882	8692	78.74	0.7442	0.1960	0.373	602
B015886	ENSG00000180530	FSM	602	B010037	339	46.78	0.1030	0.0000	0.222	602
B015892	ENSG00000095787	FSM	602	B015892	5652	49.58	0.1944	0.1246	0.299	602
B015906	ENSG00000116141	NIC	602	B013367	24417	61.37	0.4502	0.3571	0.395	602
B015913	ENSG00000120756	NNC	602	B021592	9467	85.90	0.8322	0.7027	0.812	602
B015938	ENSG00000160803	FSM	601	B019056	10897	58.33	0.2562	0.0116	0.242	601
B015942	ENSG00000136643	FSM	601	B015942	10428	49.34	0.2762	0.0749	0.401	601
B015999	ENSG00000102996	FSM	600	B015999	16409	76.94	0.7100	0.4650	0.493	600
B016001	ENSG00000178229	FSM	600	B018116	13895	67.31	0.6683	0.0017	0.357	600
B016004	ENSG00000121892	FSM	600	B021246	2175	90.39	0.9467	0.7950	0.79	600
B016025	ENSG00000196757	NIC	600	B016953	21792	72.86	0.7000	0.0000	0.324	600
B016081	ENSG00000198569	FSM	599	B016081	13343	75.20	0.7028	0.2437	0.755	599
B016083	ENSG00000084463	FSM	599	B016083	1999	59.39	0.2671	0.1669	0.374	599
B016096	ENSG00000131778	NIC	599	B016096	22908	68.57	0.5810	0.1419	0.421	599
B016109	ENSG00000100296	NIC	599	B016109	2341	83.79	0.8798	0.3907	0.674	599
B016145	ENSG00000142149	FSM	598	B016145	18389	57.67	0.4130	0.3177	0.523	598
B016199	ENSG00000164169	NNC	598	B016199	1658	79.26	0.7793	0.4632	0.757	598
B016266	ENSG00000072736	FSM	596	B016266	2774	56.06	0.3725	0.2685	0.361	596
B016275	ENSG00000176853	FSM	596	B016275	1699	69.43	0.6393	0.1544	0.693	596
B016336	ENSG00000137842	FSM	595	B019035	2446	87.30	0.8538	0.7395	0.839	595
B016392	ENSG00000163655	FSM	594	B016862	20114	85.20	0.8889	0.4377	0.832	594
B016410	ENSG00000141456	NIC	594	B016410	1006	54.75	0.2391	0.0842	0.3	594
B016449	ENSG00000143614	FSM	593	B023668	2012	56.13	0.3086	0.0978	0.306	593
B016516	ENSG00000197121	FSM	592	B017199	6126	91.46	0.9645	0.7466	0.904	592
B016524	ENSG00000197863	NIC	592	B011695	13951	63.31	0.6047	0.0287	0.371	592
B016529	ENSG00000113580	NIC	592	B011940	13698	47.58	0.2534	0.1014	0.281	592
B016535	ENSG00000109944	NIC	592	B012692	262	42.39	0.0608	0.0000	0.207	592
B016573	ENSG00000103067	FSM	591	B024077	5325	69.73	0.6633	0.2809	0.534	591
B016575	ENSG00000162645	FSM	591	B017452	6009	85.50	0.9103	0.4298	0.789	591
B016646	ENSG00000173327	FSM	590	B011835	15861	55.98	0.3390	0.1644	0.4	590
B016673	ENSG00000006704	NNC	590	B014690	1450	67.19	0.5661	0.3542	0.279	590
B016700	ENSG00000147118	FSM	589	B013696	14335	67.76	0.7012	0.0000	0.39	589
B016703	ENSG00000127580	FSM	589	B011285	6365	71.11	0.6367	0.4380	0.555	589
B016804	ENSG00000106263	NNC	588	B016804	9655	63.46	0.5204	0.0034	0.448	588
B016812	ENSG00000151458	NNC	588	B016812	8724	58.98	0.4031	0.3265	0.502	588
B016844	ENSG00000186300	FSM	587	B016953	19265	66.95	0.6831	0.0000	0.348	587
B016912	ENSG00000113758	FSM	586	B020875	3478	55.99	0.3345	0.1672	0.278	586
B016914	ENSG00000092820	FSM	586	B020876	7338	84.70	0.8311	0.6314	0.741	586
B016917	ENSG00000148584	FSM	586	B021318	15639	65.52	0.5990	0.1297	0.476	586
B016922	ENSG00000117114	FSM	586	B016922	8266	53.21	0.2730	0.0085	0.495	586
B016967	ENSG00000088179	NNC	586	B024576	15950	73.90	0.6502	0.5444	0.561	586
B016998	ENSG00000185728	FSM	585	B023274	5943	55.49	0.3162	0.2735	0.443	585
B017016	ENSG00000118777	NIC	585	B017016	18660	85.44	0.8940	0.5487	0.807	585
B017041	ENSG00000204209	NNC	585	B014619	1438	54.22	0.3060	0.2205	0.417	585
B017098	ENSG00000197858	NNC	584	B017098	2483	85.08	0.8784	0.4229	0.825	584
B017109	ENSG00000048028	FSM	583	B017109	5262	70.97	0.6449	0.3877	0.59	583
B017111	ENSG00000136141	FSM	583	B020302	19313	65.89	0.5283	0.3756	0.395	583
B017175	ENSG00000197429	FSM	582	B017175	15826	84.54	0.8574	0.5464	0.672	582
B017188	ENSG00000004487	FSM	582	B018563	18326	72.21	0.6512	0.5498	0.57	582
B017205	ENSG00000133138	NIC	582	B017205	13601	77.54	0.7560	0.3333	0.62	582
B017228	ENSG00000120451	NNC	582	B017228	2944	50.24	0.3058	0.0000	0.327	582
B017246	ENSG00000176024	FSM	581	B027779	8017	61.51	0.5680	0.0310	0.401	581
B017335	ENSG00000143393	NIC	580	B012115	3578	69.24	0.5603	0.3759	0.633	580
B017360	ENSG00000133104	NNC	580	B017360	1484	58.00	0.3603	0.0741	0.377	580
B017372	ENSG00000117480	FSM	579	B017372	11811	93.48	0.9585	0.8912	0.912	579
B017388	ENSG00000198105	FSM	579	B023284	14166	54.34	0.4335	0.0846	0.377	579
B017394	ENSG00000118900	NIC	579	B014202	779	44.99	0.0777	0.0052	0.221	579
B017411	ENSG00000143951	NIC	579	B011637	1536	69.98	0.6079	0.3851	0.679	579
B017420	ENSG00000168172	NNC	579	B022305	2080	80.90	0.7686	0.4801	0.286	579
B017442	ENSG00000153975	FSM	578	B020285	4712	76.37	0.7405	0.4412	0.631	578
B017449	ENSG00000048471	NIC	578	B017449	1338	56.95	0.3287	0.2059	0.277	578
B017451	ENSG00000082641	NIC	578	B017451	4138	54.07	0.2837	0.1419	0.362	578
B017463	ENSG00000179950	NIC	578	B021178	13245	63.38	0.5156	0.1367	0.395	578
B017476	ENSG00000165240	NNC	578	B017476	28217	71.15	0.6834	0.1886	0.299	578
B017483	ENSG00000189144	FSM	577	B017483	11743	66.12	0.4575	0.0000	0.32	577
B017501	ENSG00000101811	FSM	577	B025357	18249	57.66	0.3432	0.1369	0.292	577
B017502	ENSG00000056277	FSM	577	B011727	2015	49.89	0.2392	0.0000	0.231	577
B017551	ENSG00000073711	NNC	577	B017551	3846	74.18	0.6534	0.5719	0.715	577
B017554	ENSG00000169131	NNC	577	B022153	15722	60.93	0.5251	0.0000	0.329	577
B017560	ENSG00000103365	FSM	576	B017560	4446	71.24	0.6632	0.3802	0.338	576
B017595	ENSG00000198492	NIC	576	B023274	5979	56.20	0.3299	0.2708	0.451	576
B017620	ENSG00000100784	NNC	576	B020694	21867	68.29	0.5486	0.2066	0.544	576
B017651	ENSG00000180479	FSM	575	B020961	12824	68.93	0.7061	0.0643	0.366	575
B017727	ENSG00000184381	FSM	574	B022292	9772	88.65	0.8815	0.7021	0.882	574
B017732	ENSG00000268750	NIC	574	B021005	12758	59.87	0.4599	0.0000	0.357	574
B017736	ENSG00000013374	NIC	574	B016787	1714	72.75	0.6672	0.0976	0.679	574
B017766	ENSG00000197535	NNC	574	B017766	17257	76.87	0.7648	0.4059	0.776	574
B017801	ENSG00000114541	NIC	573	B013429	1542	51.60	0.1780	0.1030	0.294	573
B017815	ENSG00000171456	NIC	573	B017815	2394	57.22	0.3368	0.1832	0.315	573
B017817	ENSG00000111859	NIC	573	B017817	11112	57.85	0.3630	0.2426	0.383	573
B017842	ENSG00000071205	NNC	573	B017842	9833	89.67	0.9511	0.7208	0.695	573
B017852	ENSG00000105726	FSM	572	B017852	11311	81.37	0.8357	0.3129	0.717	572
B017858	ENSG00000145901	FSM	572	B020399	1225	71.49	0.6136	0.4336	0.292	572
B017862	ENSG00000159840	FSM	572	B020296	12430	59.10	0.4038	0.1486	0.384	572
B017863	ENSG00000092964	FSM	572	B023142	15465	88.98	0.8636	0.8094	0.834	572
B017868	ENSG00000063046	FSM	572	B018350	2060	47.30	0.0524	0.0000	0.185	572
B017870	ENSG00000103546	FSM	572	B016035	19028	73.04	0.7517	0.0490	0.749	572
B017882	ENSG00000090621	NIC	572	B017882	23218	70.06	0.6276	0.3147	0.362	572
B017892	ENSG00000134697	NNC	572	B014012	14618	70.22	0.6259	0.3427	0.596	572
B017918	ENSG00000100722	FSM	571	B011876	3368	54.88	0.2960	0.0806	0.236	571
B017919	ENSG00000141076	FSM	571	B017919	2195	87.45	0.8932	0.6270	0.874	571
B017958	ENSG00000145901	NIC	571	B020399	1232	71.60	0.6112	0.4361	0.291	571
B017968	ENSG00000066557	NNC	571	B020455	5181	74.96	0.7741	0.1086	0.506	571
B018052	ENSG00000139517	NNC	570	B018212	16369	69.09	0.6193	0.3070	0.405	570
B018063	ENSG00000110330	FSM	569	B028342	20527	77.87	0.7750	0.3814	0.363	569
B018096	ENSG00000012211	NIC	569	B019767	10358	60.31	0.4429	0.1863	0.49	569
B018102	ENSG00000054267	NIC	569	B015105	5041	48.72	0.1002	0.0879	0.291	569
B018106	ENSG00000013364	NNC	569	B025325	2789	79.02	0.7627	0.3480	0.424	569
B018127	ENSG00000136040	FSM	568	B022431	2740	86.37	0.8662	0.6461	0.866	568
B018140	ENSG00000111880	FSM	568	B017593	7334	84.94	0.8627	0.6180	0.595	568
B018150	ENSG00000178229	NIC	568	B018116	14702	69.58	0.7025	0.0299	0.369	568
B018151	ENSG00000006607	NIC	568	B010478	4658	48.13	0.1866	0.1039	0.352	568
B018177	ENSG00000179941	FSM	567	B018177	1859	69.93	0.6526	0.3563	0.667	567
B018191	ENSG00000135637	FSM	567	B018191	694	74.59	0.7019	0.3439	0.68	567
B018198	ENSG00000214022	FSM	567	B018198	8613	62.94	0.5397	0.0000	0.288	567
B018231	ENSG00000131845	NIC	567	B018231	10565	57.82	0.5062	0.0000	0.343	567
B018240	ENSG00000092203	NNC	567	B020536	12497	48.08	0.1270	0.0899	0.287	567
B018262	ENSG00000027001	FSM	566	B016951	7012	93.17	0.9770	0.8604	0.911	566
B018264	ENSG00000154760	FSM	566	B027514	1968	85.49	0.8799	0.4700	0.851	566
B018342	ENSG00000030582	NIC	565	B018342	3947	73.08	0.6761	0.1469	0.264	565
B018349	ENSG00000166833	NIC	565	B010829	1311	41.40	0.0000	0.0000	0.147	565
B018356	ENSG00000135365	NIC	565	B018356	15253	54.75	0.3416	0.1858	0.241	565
B018370	ENSG00000075539	NNC	565	B018370	807	64.93	0.5327	0.2743	0.609	565
B018372	ENSG00000112659	NNC	565	B018372	9070	71.53	0.6637	0.2726	0.575	565
B018407	ENSG00000174358	FSM	564	B022512	13112	84.10	0.9273	0.2801	0.823	564
B018408	ENSG00000170959	FSM	564	B018408	944	72.43	0.6277	0.3617	0.669	564
B018410	ENSG00000204842	NIC	564	B018410	947	43.13	0.0372	0.0213	0.241	564
B018458	ENSG00000180263	FSM	563	B018458	18103	86.27	0.8792	0.6536	0.696	563
B018474	ENSG00000234284	FSM	563	B027342	13050	68.24	0.7318	0.0000	0.375	563
B018500	ENSG00000050405	NIC	563	B016065	11630	50.97	0.1670	0.0906	0.301	563
B018527	ENSG00000151491	FSM	562	B018527	10933	69.98	0.5819	0.3363	0.41	562
B018532	ENSG00000092470	FSM	562	B018532	2604	78.18	0.7206	0.5534	0.692	562
B018587	ENSG00000147324	NNC	562	B013167	5400	81.24	0.8345	0.4804	0.803	562
B018603	ENSG00000173064	FSM	561	B022190	528	73.83	0.6524	0.3369	0.481	561
B018636	ENSG00000146776	NIC	561	B018636	2216	45.49	0.0873	0.0089	0.22	561
B018670	ENSG00000181544	NNC	561	B018670	651	63.13	0.4742	0.0606	0.48	561
B018673	ENSG00000094804	FSM	560	B025587	5484	65.45	0.5571	0.1089	0.55	560
B018676	ENSG00000100350	FSM	560	B011566	4374	85.58	0.8661	0.6321	0.797	560
B018682	ENSG00000204560	FSM	560	B029719	19944	87.75	0.9286	0.5964	0.787	560
B018751	ENSG00000159259	FSM	559	B034345	13625	74.39	0.6369	0.5528	0.709	559
B018767	ENSG00000285547	FSM	559	B018767	14761	72.41	0.6225	0.5546	0.689	559
B018835	ENSG00000198342	FSM	558	B016953	13807	67.98	0.6326	0.0125	0.363	558
B018838	ENSG00000087074	FSM	558	B018838	1847	47.41	0.1326	0.0556	0.281	558
B018951	ENSG00000068354	NIC	557	B018951	6741	70.19	0.5835	0.5530	0.687	557
B019004	ENSG00000125686	FSM	556	B021121	1532	82.76	0.7986	0.4424	0.771	556
B019017	ENSG00000198742	FSM	556	B023292	18201	79.38	0.7914	0.4478	0.654	556
B019075	ENSG00000197959	FSM	555	B019075	10512	84.12	0.8703	0.4180	0.597	555
B019146	ENSG00000140598	FSM	554	B024925	10292	76.15	0.7383	0.2726	0.714	554
B019159	ENSG00000119912	FSM	554	B019159	7035	93.09	0.9675	0.8646	0.866	554
B019160	ENSG00000143951	FSM	554	B019883	1169	74.39	0.7058	0.4711	0.72	554
B019161	ENSG00000214367	FSM	554	B022312	1055	78.59	0.7726	0.2653	0.397	554
B019217	ENSG00000121316	FSM	553	B023820	4781	90.44	0.8951	0.8571	0.887	553
B019223	ENSG00000180488	FSM	553	B020381	9016	52.85	0.3743	0.0000	0.37	553
B019236	ENSG00000198799	FSM	553	B013497	10774	67.05	0.5407	0.4593	0.507	553
B019279	ENSG00000143624	NNC	553	B014149	3142	66.36	0.6136	0.0061	0.47	2298
B019305	ENSG00000162409	FSM	552	B028535	13342	78.29	0.8091	0.3507	0.556	1865
B019326	ENSG00000196943	FSM	552	B019326	6025	70.63	0.6483	0.3407	0.663	1726
B019397	ENSG00000055332	FSM	551	B019397	1462	50.83	0.3360	0.0689	0.46	1610
B019398	ENSG00000143258	FSM	551	B019371	4793	83.87	0.8981	0.4193	0.742	1531
B019401	ENSG00000122512	FSM	551	B019401	31867	80.16	0.8466	0.3135	0.462	1512
B019410	ENSG00000066135	NIC	551	B019410	18298	70.11	0.6586	0.1883	0.495	1482
B019430	ENSG00000187672	NIC	551	B019430	3909	65.28	0.5625	0.3570	0.687	1479
B019481	ENSG00000140543	FSM	550	B019481	3428	80.72	0.8185	0.4693	0.708	1449
B019490	ENSG00000057252	FSM	550	B019490	23267	66.28	0.6117	0.1899	0.531	1432
B019491	ENSG00000138767	FSM	550	B024484	27014	76.63	0.7601	0.3385	0.639	1430
B019500	ENSG00000129315	NIC	550	B019500	8303	72.86	0.7047	0.4374	0.499	1429
B019526	ENSG00000085274	NIC	550	B021400	1037	40.15	0.1477	0.0509	0.41	1395
B019570	ENSG00000141644	FSM	549	B015686	32685	57.07	0.4590	0.0223	0.541	1390
B019575	ENSG00000114933	FSM	549	B020018	26928	72.02	0.6657	0.1095	0.458	1388
B019667	ENSG00000176208	FSM	548	B019667	2976	75.29	0.7300	0.4840	0.512	1378
B019675	ENSG00000264522	FSM	548	B019675	3756	80.41	0.8505	0.2691	0.679	1371
B019680	ENSG00000161202	FSM	548	B026742	6324	81.53	0.8640	0.2895	0.341	1368
B019770	ENSG00000148702	FSM	547	B022584	8543	58.12	0.4507	0.2493	0.476	1340
B019803	ENSG00000111642	NNC	547	B019803	19959	76.35	0.7532	0.3031	0.388	1333
B019830	ENSG00000153132	NNC	547	B016738	6285	66.51	0.5950	0.3391	0.575	1321
B019855	ENSG00000082212	FSM	546	B015764	3486	61.93	0.4587	0.2777	0.541	1271
B019858	ENSG00000113595	FSM	546	B022294	4756	62.39	0.5134	0.2668	0.575	1233
B019901	ENSG00000108559	NNC	546	B015370	7150	69.05	0.6042	0.5142	0.691	1233
B019934	ENSG00000149269	FSM	545	B026322	2468	46.22	0.2090	0.1078	0.413	1225
B020009	ENSG00000149380	FSM	544	B025170	11428	87.56	0.8952	0.6912	0.822	544
B020010	ENSG00000029153	FSM	544	B020010	3637	63.83	0.5000	0.2500	0.369	544
B020046	ENSG00000062822	NNC	544	B024328	12735	88.20	0.9375	0.5827	0.749	544
B020059	ENSG00000100473	NNC	544	B020059	12730	86.26	0.8897	0.6691	0.684	544
B020084	ENSG00000154229	FSM	543	B016964	25110	85.72	0.8674	0.6354	0.822	543
B020085	ENSG00000176105	FSM	543	B026363	19952	78.11	0.7440	0.4936	0.728	543
B020094	ENSG00000143627	FSM	543	B021108	22661	91.29	0.9503	0.7993	0.885	543
B020125	ENSG00000103546	NIC	543	B016035	16772	75.11	0.7532	0.2855	0.759	543
B020172	ENSG00000169826	FSM	542	B020172	2702	85.68	0.8598	0.6218	0.754	542
B020177	ENSG00000099250	FSM	542	B020177	15689	87.72	0.8985	0.6531	0.739	542
B020193	ENSG00000100092	NIC	542	B015649	9948	74.02	0.6863	0.4834	0.463	542
B020196	ENSG00000173273	NIC	542	B020196	5436	71.24	0.6070	0.4262	0.613	542
B020206	ENSG00000056972	NIC	542	B020206	1549	48.02	0.2232	0.1384	0.383	542
B020253	ENSG00000108852	FSM	541	B020341	15154	82.83	0.8336	0.4861	0.65	541
B020268	ENSG00000197217	FSM	541	B020268	4461	86.79	0.8669	0.6396	0.83	541
B020295	ENSG00000284308	NIC	541	B022522	1149	42.00	0.1257	0.0203	0.252	541
B020297	ENSG00000073921	NIC	541	B020209	4888	59.07	0.4048	0.2033	0.447	541
B020352	ENSG00000154309	FSM	540	B020352	1271	64.66	0.5315	0.2333	0.543	540
B020353	ENSG00000166598	NIC	540	B020353	23396	76.67	0.7056	0.3296	0.496	540
B020369	ENSG00000188234	NIC	540	B014498	15149	69.52	0.5852	0.4667	0.5	540
B020374	ENSG00000133812	NIC	540	B024708	13465	79.05	0.7667	0.5148	0.662	540
B020383	ENSG00000168077	NIC	540	B020383	903	73.27	0.5944	0.4000	0.277	540
B020462	ENSG00000165271	NIC	539	B014693	2552	90.32	0.9647	0.6716	0.903	539
B020484	ENSG00000130175	NNC	539	B024432	12098	81.66	0.7996	0.5770	0.615	539
B020506	ENSG00000114030	FSM	538	B027014	7013	84.60	0.7937	0.7565	0.778	538
B020558	ENSG00000158828	NNC	538	B025564	1724	79.50	0.7305	0.5706	0.793	538
B020573	ENSG00000142765	NNC	538	B020573	10979	71.20	0.6413	0.4257	0.429	538
B020581	ENSG00000163161	FSM	537	B014169	6980	75.88	0.7058	0.2737	0.583	537
B020598	ENSG00000103932	NIC	537	B020598	2280	70.06	0.6257	0.2961	0.597	537
B020673	ENSG00000147649	FSM	536	B020769	886	49.57	0.1213	0.0000	0.229	536
B020734	ENSG00000135423	FSM	535	B015877	15390	88.75	0.9196	0.6729	0.78	535
B020741	ENSG00000131242	FSM	535	B020741	2025	69.39	0.5308	0.3963	0.333	535
B020748	ENSG00000071073	FSM	535	B025337	3390	83.46	0.7701	0.5645	0.596	535
B020772	ENSG00000026508	NIC	535	B020772	5489	56.80	0.3290	0.2860	0.427	535
B020809	ENSG00000005100	FSM	534	B023522	19123	90.40	0.9775	0.6479	0.831	534
B020821	ENSG00000133424	FSM	534	B020636	5875	91.34	0.9644	0.7266	0.839	534
B020831	ENSG00000122884	FSM	534	B025229	12519	87.34	0.8951	0.6610	0.794	534
B020833	ENSG00000162129	FSM	534	B013975	18155	79.25	0.7940	0.2172	0.732	534
B020866	ENSG00000185728	NIC	534	B023274	5882	57.76	0.3539	0.2978	0.459	534
B020876	ENSG00000092820	NNC	534	B020876	7446	86.06	0.8614	0.7135	0.75	534
B020920	ENSG00000147231	FSM	533	B020920	1169	69.59	0.6248	0.2720	0.629	533
B020950	ENSG00000242802	NIC	533	B020950	785	80.58	0.7580	0.5572	0.792	533
B021021	ENSG00000107779	FSM	532	B021021	7344	80.77	0.7594	0.5395	0.642	532
B021025	ENSG00000076685	FSM	532	B023059	7011	88.63	0.8835	0.7218	0.849	532
B021076	ENSG00000256223	FSM	531	B028228	21615	55.62	0.4633	0.0000	0.369	531
B021102	ENSG00000090674	FSM	531	B026782	3158	81.12	0.8154	0.4256	0.729	531
B021113	ENSG00000094975	NIC	531	B021113	4074	58.06	0.3465	0.2561	0.423	531
B021178	ENSG00000179950	FSM	530	B021178	14076	65.78	0.5660	0.1000	0.407	530
B021185	ENSG00000115486	FSM	530	B020925	2398	84.18	0.8736	0.5094	0.75	530
B021191	ENSG00000172006	NIC	530	B021191	8264	48.64	0.3547	0.0132	0.382	530
B021192	ENSG00000182013	NIC	530	B021192	1546	46.90	0.2000	0.0509	0.346	530
B021208	ENSG00000163694	NIC	530	B021318	16512	64.26	0.5434	0.2679	0.504	530
B021226	ENSG00000171365	NNC	530	B021226	11276	81.64	0.8170	0.3415	0.74	530
B021266	ENSG00000180938	FSM	529	B024105	16553	61.84	0.6011	0.0000	0.381	529
B021270	ENSG00000198492	FSM	529	B023274	5882	58.08	0.3478	0.3062	0.466	529
B021271	ENSG00000173599	FSM	529	B024685	22489	80.47	0.7902	0.6181	0.79	529
B021318	ENSG00000163694	NNC	529	B021318	16286	65.09	0.5463	0.3195	0.518	529
B021356	ENSG00000155275	FSM	528	B027022	3191	79.72	0.7803	0.4299	0.668	528
B021357	ENSG00000189308	FSM	528	B021357	5464	56.13	0.3542	0.2860	0.371	528
B021432	ENSG00000136161	FSM	527	B024896	18809	93.40	0.9848	0.8197	0.697	527
B021443	ENSG00000151726	FSM	527	B021443	13625	89.89	0.9412	0.6793	0.772	527
B021452	ENSG00000168172	FSM	527	B022923	2491	83.42	0.8425	0.5256	0.37	527
B021473	ENSG00000159363	NIC	527	B013927	11305	88.40	0.9431	0.6053	0.796	527
B021523	ENSG00000103342	FSM	526	B027428	17673	75.80	0.7985	0.2681	0.705	526
B021532	ENSG00000159374	FSM	526	B032618	866	71.83	0.6274	0.3441	0.701	526
B021540	ENSG00000198846	FSM	526	B024573	12855	49.25	0.1445	0.0989	0.296	526
B021544	ENSG00000109118	FSM	526	B021544	17968	58.82	0.3878	0.0152	0.321	526
B021609	ENSG00000156599	NNC	526	B015234	3700	46.91	0.1578	0.0285	0.255	526
B021642	ENSG00000163378	FSM	525	B030476	2558	90.70	0.9295	0.8286	0.895	525
B021681	ENSG00000145908	NNC	525	B021681	9287	62.15	0.6305	0.0000	0.405	525
B021715	ENSG00000163694	FSM	524	B021318	17428	65.39	0.5592	0.3473	0.524	524
B021724	ENSG00000197746	FSM	524	B027570	6347	70.83	0.6279	0.1679	0.345	524
B021734	ENSG00000174197	NIC	524	B021734	540	44.55	0.0038	0.0000	0.221	524
B021750	ENSG00000123485	NIC	524	B013972	201	43.46	0.0954	0.0210	0.202	524
B021831	ENSG00000170234	NIC	523	B022069	1045	51.77	0.1338	0.0516	0.271	523
B021855	ENSG00000173120	NIC	523	B021855	5885	68.43	0.5698	0.4455	0.564	523
B021888	ENSG00000196517	FSM	522	B018171	15497	80.25	0.8429	0.3410	0.797	522
B021889	ENSG00000111647	FSM	522	B031112	2431	78.83	0.7625	0.4100	0.768	522
B021901	ENSG00000197822	FSM	522	B029527	2129	62.89	0.4502	0.2318	0.419	522
B021969	ENSG00000112992	FSM	521	B025341	24596	79.77	0.7370	0.5605	0.731	521
B021970	ENSG00000065615	FSM	521	B033157	17352	85.80	0.8618	0.6891	0.693	521
B021982	ENSG00000125319	FSM	521	B017951	1971	46.92	0.1708	0.1036	0.33	521
B021984	ENSG00000173744	FSM	521	B021984	8106	46.83	0.1670	0.0422	0.297	521
B022029	ENSG00000147118	NNC	521	B013696	10323	67.83	0.7159	0.0000	0.389	521
B022039	ENSG00000197863	NNC	521	B033673	12289	60.04	0.5566	0.0000	0.39	521
B022058	ENSG00000284308	FSM	520	B022522	923	42.32	0.1173	0.0038	0.239	520
B022062	ENSG00000185404	FSM	520	B017314	10197	65.74	0.5000	0.3596	0.421	520
B022080	ENSG00000130821	FSM	520	B023058	16573	83.43	0.8673	0.4692	0.833	520
B022113	ENSG00000100129	NIC	520	B022113	2966	75.60	0.7673	0.0538	0.751	520
B022135	ENSG00000008083	NNC	520	B022135	4865	69.13	0.6250	0.3846	0.657	520
B022147	ENSG00000121417	NNC	520	B020564	15077	58.40	0.5615	0.0000	0.411	520
B022239	ENSG00000125304	FSM	518	B023852	8358	85.74	0.9151	0.4344	0.817	518
B022244	ENSG00000120784	FSM	518	B038371	17121	67.73	0.6950	0.0000	0.346	518
B022320	ENSG00000139154	NNC	518	B023681	11610	52.45	0.2162	0.0116	0.269	518
B022443	ENSG00000125651	FSM	516	B025118	2070	58.72	0.3275	0.0795	0.35	516
B022477	ENSG00000163681	NIC	516	B026688	1375	75.37	0.6550	0.5039	0.328	516
B022508	ENSG00000196705	NNC	516	B026536	10123	64.29	0.6260	0.0000	0.34	516
B022564	ENSG00000120738	FSM	515	B022564	14463	48.80	0.1728	0.0505	0.278	515
B022583	ENSG00000122359	NIC	515	B022583	10972	69.45	0.5670	0.4563	0.637	515
B022594	ENSG00000070961	NNC	515	B022594	16339	76.41	0.7612	0.2854	0.545	515
B022642	ENSG00000132640	FSM	514	B029814	9806	82.81	0.8191	0.7140	0.765	514
B022654	ENSG00000266412	FSM	514	B022654	764	43.24	0.0117	0.0000	0.229	514
B022662	ENSG00000177932	FSM	514	B027342	11757	63.60	0.6537	0.0097	0.343	514
B022808	ENSG00000176102	NNC	513	B014481	2569	80.14	0.7719	0.5497	0.662	513
B022820	ENSG00000114416	NNC	513	B022820	3314	75.21	0.6803	0.4698	0.463	513
B022822	ENSG00000117724	NNC	513	B023921	1169	70.89	0.5283	0.4327	0.36	513
B022825	ENSG00000140465	FSM	512	B033859	12095	89.29	0.9453	0.6270	0.888	512
B022829	ENSG00000104983	FSM	512	B031273	1382	69.33	0.5742	0.3867	0.392	512
B022858	ENSG00000056586	NIC	512	B022858	7190	70.05	0.5918	0.5020	0.553	512
B022903	ENSG00000142733	NNC	512	B022903	14018	78.66	0.7539	0.3379	0.574	512
B022920	ENSG00000095139	FSM	511	B025734	4144	83.40	0.8043	0.6947	0.524	511
B022943	ENSG00000111834	FSM	511	B022943	3434	79.00	0.7515	0.3659	0.705	511
B022999	ENSG00000143799	NNC	511	B022999	9647	78.30	0.7945	0.3249	0.645	511
B023018	ENSG00000100784	FSM	510	B023018	25373	74.51	0.6882	0.3686	0.648	510
B023032	ENSG00000186376	FSM	510	B023032	22267	59.47	0.4961	0.0686	0.332	510
B023062	ENSG00000139746	NIC	510	B028362	2373	49.74	0.1706	0.0000	0.241	510
B023070	ENSG00000135828	NIC	510	B016287	10169	87.30	0.8843	0.6059	0.727	510
B023098	ENSG00000126814	FSM	509	B025233	8846	80.13	0.7662	0.6562	0.735	509
B023123	ENSG00000165449	FSM	509	B033317	6656	75.88	0.7289	0.4303	0.73	509
B023177	ENSG00000063245	NNC	509	B019485	6764	60.82	0.3772	0.1827	0.389	509
B023204	ENSG00000144224	FSM	508	B023204	3646	71.47	0.6319	0.3839	0.309	508
B023212	ENSG00000072803	FSM	508	B023454	12990	87.89	0.8878	0.7795	0.781	508
B023263	ENSG00000104983	NNC	508	B031273	1365	69.00	0.5669	0.3661	0.393	508
B023280	ENSG00000256294	NNC	508	B014577	27558	68.76	0.7067	0.0000	0.329	508
B023288	ENSG00000061987	FSM	507	B023288	972	80.97	0.7890	0.4379	0.799	507
B023293	ENSG00000196628	FSM	507	B028070	3004	51.40	0.2071	0.1361	0.332	507
B023297	ENSG00000196236	FSM	507	B025716	13530	90.54	0.9053	0.8363	0.872	507
B023323	ENSG00000180530	NIC	507	B023323	340	49.33	0.1026	0.0000	0.216	507
B023348	ENSG00000145901	NNC	507	B020399	1205	71.45	0.6036	0.4655	0.307	507
B023369	ENSG00000029363	NNC	507	B023369	564	43.86	0.0671	0.0256	0.165	507
B023374	ENSG00000134294	FSM	506	B023374	4387	75.59	0.7332	0.3379	0.748	506
B023477	ENSG00000198826	FSM	505	B023477	591	47.68	0.0673	0.0059	0.218	505
B023499	ENSG00000122359	FSM	505	B035345	11602	74.15	0.6198	0.5901	0.666	505
B023500	ENSG00000080644	FSM	505	B023759	14628	74.58	0.6871	0.2792	0.622	505
B023506	ENSG00000021776	NIC	505	B023506	12768	85.72	0.8792	0.5208	0.855	505
B023555	ENSG00000162426	NNC	505	B015099	2418	61.45	0.5069	0.1267	0.586	505
B023578	ENSG00000188338	FSM	504	B023374	4310	75.86	0.7639	0.3036	0.759	504
B023592	ENSG00000166181	FSM	504	B024560	1675	86.04	0.8571	0.7877	0.795	504
B023618	ENSG00000198846	NIC	504	B024573	12742	50.64	0.1488	0.1190	0.303	504
B023619	ENSG00000122882	NIC	504	B023619	3032	83.17	0.8234	0.5635	0.8	504
B023635	ENSG00000119720	NNC	504	B023635	1170	80.12	0.8036	0.2302	0.795	504
B023658	ENSG00000177189	NNC	504	B031806	21010	78.45	0.7361	0.3690	0.662	504
B023670	ENSG00000118777	NNC	504	B017016	19480	84.65	0.8730	0.5258	0.774	504
B023673	ENSG00000137200	NNC	504	B023673	9353	79.93	0.7857	0.5238	0.746	504
B023690	ENSG00000121417	FSM	503	B020564	15094	60.02	0.5924	0.0000	0.417	503
B023732	ENSG00000133422	NIC	503	B020444	662	62.72	0.4235	0.2505	0.334	503
B023759	ENSG00000080644	NNC	503	B023759	14714	74.90	0.6859	0.3042	0.631	503
B023775	ENSG00000173826	FSM	502	B023775	13121	68.40	0.6155	0.0578	0.507	502
B023781	ENSG00000160716	FSM	502	B027377	14493	76.10	0.6972	0.3028	0.64	502
B023782	ENSG00000163933	FSM	502	B025391	2653	81.37	0.8227	0.3865	0.768	502
B023786	ENSG00000112200	FSM	502	B024438	177	49.82	0.2749	0.0000	0.429	502
B023809	ENSG00000106246	NIC	502	B023809	1472	79.85	0.7610	0.5817	0.763	502
B023820	ENSG00000121316	NNC	502	B023820	4789	88.40	0.8765	0.7809	0.871	502
B023887	ENSG00000189367	FSM	501	B017495	547	45.80	0.0619	0.0160	0.232	501
B023929	ENSG00000100150	NIC	501	B023929	2422	63.36	0.5309	0.1677	0.509	501
B023937	ENSG00000116560	NNC	501	B023937	1740	55.86	0.2176	0.1437	0.295	501
B023968	ENSG00000183044	FSM	500	B028582	8009	91.93	0.9240	0.9120	0.885	500
B023988	ENSG00000239306	FSM	500	B019404	703	38.64	0.0580	0.0160	0.214	500
B024031	ENSG00000166783	NNC	500	B024031	1781	63.16	0.5460	0.0020	0.479	500
B024058	ENSG00000129636	FSM	499	B024058	1780	89.25	0.9218	0.6894	0.862	499
B024105	ENSG00000180938	NIC	499	B024105	16776	63.60	0.6353	0.0000	0.384	499
B024124	ENSG00000132604	NNC	499	B033809	9256	67.15	0.5611	0.4068	0.47	499
B024163	ENSG00000110931	FSM	498	B024163	17787	68.35	0.5663	0.4398	0.639	498
B024173	ENSG00000163462	FSM	498	B026686	9230	73.53	0.6948	0.2851	0.483	498
B024184	ENSG00000081377	FSM	498	B028279	11154	78.24	0.7068	0.6124	0.743	498
B024214	ENSG00000154027	NIC	498	B024214	13974	71.58	0.6546	0.2651	0.438	498
B024221	ENSG00000198939	NIC	498	B019337	7099	67.30	0.7229	0.0000	0.412	498
B024238	ENSG00000162769	NNC	498	B026750	4510	73.28	0.6486	0.4177	0.728	498
B024307	ENSG00000123191	NIC	497	B024307	19991	65.87	0.5674	0.1529	0.269	497
B024410	ENSG00000136861	FSM	496	B028219	2069	80.72	0.7661	0.5484	0.281	496
B024413	ENSG00000107758	FSM	496	B024413	18599	82.33	0.7520	0.5968	0.789	496
B024422	ENSG00000051825	NIC	496	B024422	743	65.89	0.4597	0.3952	0.354	496
B024432	ENSG00000130175	NIC	496	B024432	12183	82.81	0.7984	0.6915	0.645	496
B024439	ENSG00000131831	NIC	496	B026082	958	44.42	0.0464	0.0000	0.178	496
B024447	ENSG00000188321	NIC	496	B024447	10000	58.54	0.4234	0.0121	0.393	496
B024465	ENSG00000085274	NNC	496	B021400	6668	54.29	0.4315	0.0000	0.36	496
B024474	ENSG00000079387	NNC	496	B024474	1795	46.36	0.1290	0.0383	0.235	496
B024509	ENSG00000158987	FSM	495	B024509	624	46.94	0.0990	0.0283	0.205	495
B024511	ENSG00000170260	FSM	495	B030905	15616	56.84	0.4081	0.1434	0.274	495
B024517	ENSG00000149480	FSM	495	B017073	3883	67.19	0.5717	0.2364	0.395	495
B024526	ENSG00000131848	NIC	495	B024526	8035	56.64	0.4485	0.1758	0.344	495
B024563	ENSG00000162415	NNC	495	B024563	1123	83.98	0.8303	0.6242	0.855	495
B024573	ENSG00000198846	NNC	495	B024573	12785	50.68	0.1535	0.1131	0.298	495
B024587	ENSG00000101557	FSM	494	B034143	9023	80.86	0.8219	0.3887	0.713	494
B024635	ENSG00000105855	NIC	494	B024635	4186	67.31	0.6215	0.1073	0.603	494
B024655	ENSG00000125651	NNC	494	B025118	1662	57.62	0.2976	0.0405	0.309	494
B024695	ENSG00000076003	FSM	493	B036236	17273	73.45	0.7505	0.0892	0.623	493
B024743	ENSG00000178028	NNC	493	B034443	3006	68.50	0.5659	0.2698	0.438	493
B024757	ENSG00000125744	NNC	493	B026929	3048	46.52	0.0568	0.0000	0.245	493
B024789	ENSG00000177054	FSM	492	B029539	11328	89.03	0.9390	0.6646	0.838	492
B024791	ENSG00000089199	FSM	492	B015082	1316	45.11	0.0549	0.0000	0.208	492
B024885	ENSG00000254087	FSM	491	B024885	19731	82.49	0.8167	0.5173	0.782	491
B024892	ENSG00000134802	FSM	491	B026977	2306	80.75	0.8228	0.4420	0.817	491
B024930	ENSG00000254004	NNC	491	B024930	19815	64.07	0.5560	0.0000	0.354	491
B024933	ENSG00000142197	NNC	491	B024933	2074	79.57	0.7475	0.5295	0.826	491
B024935	ENSG00000113494	NNC	491	B024935	3772	46.61	0.1690	0.0285	0.302	491
B024987	ENSG00000048740	FSM	490	B025281	16780	65.13	0.5367	0.2551	0.322	490
B025003	ENSG00000234284	NIC	490	B027342	6435	63.47	0.6755	0.0000	0.37	490
B025007	ENSG00000004948	NIC	490	B027009	7278	71.79	0.6102	0.1776	0.605	490
B025090	ENSG00000167703	FSM	489	B025090	2110	65.92	0.5890	0.2290	0.643	489
B025111	ENSG00000158106	NIC	489	B034537	14765	72.86	0.6708	0.3558	0.518	489
B025123	ENSG00000173041	NIC	489	B026536	10414	58.46	0.4029	0.0000	0.321	489
B025132	ENSG00000168807	NNC	489	B025132	12515	77.25	0.7219	0.4458	0.619	489
B025149	ENSG00000040341	NNC	489	B026179	9718	69.16	0.5706	0.3027	0.307	489
B025154	ENSG00000053254	NNC	489	B027373	12985	53.99	0.2168	0.1350	0.36	489
B025155	ENSG00000154832	NNC	489	B016301	5183	69.39	0.6217	0.3415	0.537	489
B025181	ENSG00000082258	FSM	488	B019112	3569	47.18	0.1393	0.0266	0.272	488
B025185	ENSG00000144736	FSM	488	B025185	2572	72.08	0.6025	0.4693	0.683	488
B025204	ENSG00000135127	FSM	488	B019497	1930	80.22	0.7582	0.5615	0.293	488
B025228	ENSG00000122884	NIC	488	B025229	12174	84.75	0.8627	0.5348	0.758	488
B025317	ENSG00000111371	FSM	487	B023374	4112	77.26	0.7618	0.3634	0.772	487
B025372	ENSG00000145390	NNC	487	B025372	600	46.51	0.0493	0.0000	0.212	487
B025421	ENSG00000088970	FSM	486	B018750	583	47.21	0.0412	0.0082	0.207	486
B025439	ENSG00000154330	FSM	486	B024386	7788	94.96	0.9897	0.9280	0.935	486
B025440	ENSG00000148358	FSM	486	B019323	3102	73.07	0.6337	0.2531	0.719	486
B025465	ENSG00000083544	NIC	486	B015785	7102	55.12	0.2551	0.1667	0.266	486
B025469	ENSG00000154743	NIC	486	B024099	12111	62.51	0.4938	0.2140	0.639	486
B025495	ENSG00000156858	NNC	486	B025495	448	45.56	0.0288	0.0000	0.183	486
B025521	ENSG00000115295	FSM	485	B025926	13451	72.17	0.6330	0.4928	0.539	485
B025527	ENSG00000121864	FSM	485	B030713	8474	52.50	0.3072	0.0000	0.287	485
B025540	ENSG00000137656	FSM	485	B017912	3549	62.14	0.4268	0.1608	0.313	485
B025542	ENSG00000048828	FSM	485	B023056	1357	58.50	0.4206	0.1897	0.518	485
B025545	ENSG00000180773	FSM	485	B025545	5335	80.30	0.8144	0.4990	0.789	485
B025576	ENSG00000158987	NIC	485	B016098	5207	73.62	0.7072	0.4268	0.576	485
B025627	ENSG00000039560	NNC	485	B025627	1342	80.26	0.7526	0.3588	0.299	485
B025635	ENSG00000111642	FSM	484	B025635	2511	68.49	0.5930	0.3492	0.632	484
B025646	ENSG00000143393	FSM	484	B025646	9282	79.53	0.7438	0.5496	0.759	484
B025666	ENSG00000032742	NIC	484	B025666	1876	84.09	0.8595	0.5289	0.704	484
B025684	ENSG00000116350	NIC	484	B030109	13209	50.40	0.2128	0.0145	0.294	484
B025743	ENSG00000181007	NNC	484	B038371	18332	70.60	0.7231	0.0000	0.359	484
B025761	ENSG00000123411	FSM	483	B025761	4966	56.10	0.3623	0.0932	0.257	483
B025773	ENSG00000115484	FSM	483	B027231	13114	89.87	0.9586	0.6749	0.836	483
B025774	ENSG00000142657	FSM	483	B036029	18314	95.04	0.9876	0.9130	0.918	483
B025778	ENSG00000135317	FSM	483	B025778	1843	73.36	0.7122	0.0186	0.556	483
B025782	ENSG00000153317	FSM	483	B025782	12172	57.57	0.3458	0.2236	0.331	483
B025792	ENSG00000175104	FSM	483	B030212	13102	83.99	0.8613	0.6729	0.416	483
B025809	ENSG00000135318	NIC	483	B020893	12412	88.90	0.8737	0.7536	0.871	483
B025844	ENSG00000103342	NNC	483	B020110	17020	61.80	0.4783	0.0952	0.533	483
B025846	ENSG00000091157	NNC	483	B025846	3437	58.70	0.4410	0.1781	0.404	483
B025860	ENSG00000178105	FSM	482	B035381	19694	87.65	0.9232	0.5975	0.801	482
B025882	ENSG00000135829	FSM	482	B025882	8625	78.99	0.7241	0.6494	0.743	482
B025890	ENSG00000152778	FSM	482	B034071	1979	90.98	0.9523	0.7365	0.849	482
B025937	ENSG00000066135	NNC	482	B017833	7206	65.03	0.5498	0.4419	0.605	482
B025942	ENSG00000160352	NNC	482	B026536	5181	64.15	0.6286	0.0000	0.36	482
B025960	ENSG00000188629	FSM	481	B025960	14511	62.10	0.5301	0.3264	0.432	481
B026000	ENSG00000196705	NIC	481	B026536	8856	73.35	0.7588	0.1019	0.408	481
B026048	ENSG00000141956	NNC	481	B026048	3383	61.74	0.4844	0.1767	0.382	481
B026050	ENSG00000144857	NNC	481	B026050	3355	68.96	0.6071	0.3597	0.381	481
B026082	ENSG00000131831	FSM	480	B026082	966	46.23	0.0729	0.0000	0.208	480
B026089	ENSG00000256294	FSM	480	B023086	14565	64.34	0.6312	0.0000	0.339	480
B026120	ENSG00000031698	NNC	480	B026120	14574	83.43	0.8208	0.5833	0.785	480
B026172	ENSG00000168564	FSM	479	B025751	1034	57.80	0.3507	0.2129	0.423	479
B026179	ENSG00000040341	FSM	479	B026179	8724	69.51	0.5720	0.3027	0.306	479
B026209	ENSG00000155629	NIC	479	B026209	2578	58.95	0.3570	0.1482	0.345	479
B026218	ENSG00000176293	NIC	479	B029717	16483	79.77	0.9311	0.0000	0.388	479
B026354	ENSG00000124422	NNC	478	B029274	14943	76.94	0.7469	0.4247	0.653	478
B026412	ENSG00000067177	NIC	477	B026412	2701	75.26	0.7170	0.5262	0.716	477
B026431	ENSG00000183054	NNC	477	B026431	10780	66.46	0.5157	0.3459	0.374	477
B026433	ENSG00000115368	NNC	477	B026433	2807	88.71	0.9161	0.7002	0.857	477
B026440	ENSG00000186318	FSM	476	B033221	4036	77.87	0.7479	0.4979	0.725	476
B026448	ENSG00000166006	FSM	476	B033610	17006	63.36	0.5273	0.1492	0.516	476
B026456	ENSG00000083799	FSM	476	B032345	6635	62.53	0.5357	0.1471	0.404	476
B026502	ENSG00000115170	NIC	476	B032312	8305	85.12	0.8424	0.6071	0.653	476
B026508	ENSG00000172748	NIC	476	B027270	14135	65.87	0.6218	0.0483	0.398	476
B026526	ENSG00000137845	NNC	476	B026526	9125	84.19	0.8487	0.5336	0.757	476
B026574	ENSG00000255561	FSM	475	B033630	2502	79.67	0.7832	0.4147	0.811	475
B026600	ENSG00000153721	FSM	475	B028238	6311	56.85	0.3789	0.0800	0.352	475
B026601	ENSG00000146433	FSM	475	B026601	1170	76.46	0.7368	0.1768	0.759	475
B026626	ENSG00000144031	NIC	475	B029949	1626	56.18	0.3705	0.0126	0.38	475
B026699	ENSG00000167925	FSM	474	B028105	1478	73.86	0.6646	0.3629	0.746	474
B026716	ENSG00000004948	FSM	474	B027009	7458	74.74	0.6835	0.2595	0.628	474
B026720	ENSG00000196152	FSM	474	B048364	18791	68.04	0.6456	0.0570	0.435	474
B026788	ENSG00000113812	NNC	474	B022747	2353	83.14	0.8165	0.6456	0.794	474
B026820	ENSG00000183785	FSM	473	B026820	12759	88.71	0.9006	0.7759	0.881	473
B026830	ENSG00000213588	FSM	473	B029576	14097	57.65	0.4017	0.2326	0.39	473
B026839	ENSG00000090054	FSM	473	B030725	13226	92.17	0.9556	0.7907	0.837	473
B026879	ENSG00000048028	NNC	473	B016788	11155	80.49	0.7949	0.4989	0.639	473
B026903	ENSG00000126214	NNC	473	B027367	6005	77.28	0.7273	0.5074	0.599	473
B026935	ENSG00000078070	FSM	472	B026935	21888	87.12	0.8771	0.7373	0.834	472
B026943	ENSG00000012779	FSM	472	B026943	8521	88.30	0.8877	0.6631	0.903	472
B026946	ENSG00000164169	FSM	472	B031291	1049	79.93	0.7839	0.4131	0.681	472
B027043	ENSG00000063244	FSM	471	B028788	10898	73.96	0.6794	0.3843	0.454	471
B027045	ENSG00000101191	FSM	471	B027045	12279	56.79	0.2590	0.1699	0.279	471
B027061	ENSG00000126107	NIC	471	B037917	6257	84.85	0.8641	0.5605	0.831	471
B027083	ENSG00000160551	NIC	471	B027083	1823	66.77	0.4628	0.3715	0.304	471
B027087	ENSG00000154162	NIC	471	B027087	10665	77.80	0.7134	0.4098	0.52	471
B027119	ENSG00000178229	NNC	471	B018116	12890	70.35	0.7643	0.0000	0.378	471
B027130	ENSG00000110171	NNC	471	B027130	11964	86.99	0.8769	0.7176	0.627	471
B027141	ENSG00000131778	FSM	470	B033077	24708	71.06	0.6277	0.2851	0.495	470
B027146	ENSG00000164176	FSM	470	B032433	17108	87.80	0.9021	0.6638	0.701	470
B027175	ENSG00000163166	NIC	470	B027175	360	42.43	0.0000	0.0000	0.139	470
B027215	ENSG00000100226	NNC	470	B027215	5948	74.00	0.7362	0.2936	0.739	470
B027263	ENSG00000138814	FSM	469	B031104	18759	79.10	0.6994	0.5586	0.748	469
B027288	ENSG00000168488	NIC	469	B027288	1290	42.36	0.0021	0.0000	0.147	469
B027316	ENSG00000198342	NIC	469	B034656	13350	40.58	0.0597	0.0000	0.244	469
B027335	ENSG00000152291	NNC	469	B037349	1752	46.02	0.0874	0.0000	0.221	469
B027374	ENSG00000104112	FSM	468	B037485	474	57.85	0.3761	0.0214	0.268	468
B027375	ENSG00000069667	FSM	468	B031844	12882	77.68	0.7201	0.5962	0.575	468
B027377	ENSG00000117971	FSM	468	B027377	14073	75.40	0.7244	0.2842	0.644	468
B027389	ENSG00000093000	FSM	468	B030855	2710	60.31	0.4017	0.2457	0.345	468
B027395	ENSG00000153560	FSM	468	B031309	3095	78.85	0.7479	0.6132	0.514	468
B027431	ENSG00000283761	NIC	468	B031789	3763	76.31	0.7756	0.2179	0.737	468
B027437	ENSG00000136828	NIC	468	B027437	2109	61.57	0.4850	0.2222	0.337	468
B027455	ENSG00000008277	NNC	468	B027455	14048	72.98	0.6709	0.3996	0.604	468
B027465	ENSG00000161914	NNC	468	B019727	10069	56.16	0.3953	0.0000	0.303	468
B027484	ENSG00000141524	FSM	467	B027484	2527	81.06	0.8223	0.2805	0.734	467
B027496	ENSG00000168216	FSM	467	B027496	1763	78.39	0.7944	0.2420	0.744	467
B027525	ENSG00000162702	NIC	467	B027525	12490	51.15	0.2355	0.0749	0.324	467
B027543	ENSG00000101310	NIC	467	B026197	4040	85.60	0.8844	0.5675	0.833	467
B027573	ENSG00000103037	NNC	467	B027573	3894	87.74	0.8801	0.7944	0.849	467
B027594	ENSG00000092847	FSM	466	B027594	6675	89.57	0.9464	0.7060	0.802	466
B027600	ENSG00000172831	FSM	466	B027600	19141	91.04	0.9356	0.7361	0.92	466
B027615	ENSG00000168077	FSM	466	B027615	760	76.23	0.7124	0.3090	0.281	466
B027637	ENSG00000184792	NIC	466	B027637	6734	78.81	0.7554	0.5343	0.585	466
B027659	ENSG00000082805	NNC	466	B027659	1402	83.41	0.8326	0.4142	0.289	466
B027669	ENSG00000188629	NNC	466	B039053	14295	60.16	0.5172	0.2511	0.439	466
B027679	ENSG00000118007	NNC	466	B027679	1885	68.16	0.5386	0.4163	0.6	466
B027702	ENSG00000152556	FSM	465	B023138	11411	91.38	0.9376	0.7548	0.896	465
B027721	ENSG00000047249	FSM	465	B032629	3124	88.17	0.9075	0.7333	0.759	465
B027722	ENSG00000015285	FSM	465	B023795	4034	66.73	0.4624	0.2065	0.346	465
B027730	ENSG00000048028	NIC	465	B039876	12510	81.24	0.8129	0.5333	0.648	465
B027749	ENSG00000168826	NIC	465	B027749	512	52.59	0.3226	0.0000	0.232	465
B027755	ENSG00000147642	NIC	465	B020006	1272	56.75	0.3204	0.2086	0.323	465
B027770	ENSG00000104112	NNC	465	B037485	474	58.28	0.3935	0.0323	0.27	465
B027809	ENSG00000221955	NNC	465	B027809	2029	57.32	0.3677	0.0301	0.482	465
B027889	ENSG00000099769	NNC	464	B027889	9702	84.60	0.8276	0.7220	0.816	464
B027894	ENSG00000152223	NNC	464	B027894	447	91.01	0.9440	0.7608	0.891	464
B027998	ENSG00000091409	NNC	463	B027998	13010	92.59	0.9330	0.8531	0.897	463
B028032	ENSG00000152942	NNC	463	B028032	1996	69.16	0.6112	0.3024	0.576	463
B028040	ENSG00000121741	FSM	462	B026328	2293	54.64	0.3290	0.0974	0.282	462
B028051	ENSG00000134109	FSM	462	B028051	10540	90.15	0.9242	0.8225	0.877	462
B028065	ENSG00000152779	FSM	462	B022457	8547	81.66	0.7835	0.5541	0.787	462
B028093	ENSG00000091157	NIC	462	B028093	1094	74.31	0.6710	0.4221	0.726	462
B028100	ENSG00000126777	NNC	462	B028100	1659	84.14	0.8398	0.5411	0.311	462
B028102	ENSG00000005339	NNC	462	B028102	734	49.88	0.1494	0.0000	0.244	462
B028108	ENSG00000169660	NNC	462	B031982	3412	92.11	0.9437	0.8485	0.888	462
B028127	ENSG00000012963	NNC	462	B032798	7496	72.46	0.6688	0.4567	0.64	462
B028136	ENSG00000189144	NNC	462	B028136	14313	40.92	0.0887	0.0000	0.288	462
B028167	ENSG00000073169	FSM	461	B028167	11844	90.77	0.9458	0.7375	0.902	461
B028170	ENSG00000138780	FSM	461	B021864	1116	74.41	0.7007	0.3297	0.709	461
B028173	ENSG00000120725	FSM	461	B037029	2449	80.18	0.7462	0.5683	0.652	461
B028174	ENSG00000198939	FSM	461	B019337	6747	71.75	0.7809	0.0022	0.427	461
B028181	ENSG00000104320	FSM	461	B028181	1111	51.41	0.2299	0.0651	0.236	461
B028195	ENSG00000184792	FSM	461	B028195	7787	85.23	0.7918	0.6399	0.874	461
B028197	ENSG00000117593	FSM	461	B028197	19926	91.16	0.9566	0.7679	0.883	461
B028225	ENSG00000092847	NIC	461	B024380	10682	80.11	0.7874	0.5076	0.827	461
B028228	ENSG00000256223	NIC	461	B028228	19866	57.34	0.5119	0.0000	0.373	461
B028241	ENSG00000178105	NNC	461	B028241	16449	64.78	0.5271	0.2538	0.547	461
B028310	ENSG00000257390	FSM	460	B028310	19139	68.66	0.5326	0.3500	0.397	460
B028312	ENSG00000182504	FSM	460	B028312	984	55.81	0.2630	0.2326	0.343	460
B028322	ENSG00000104164	NIC	460	B028322	13819	85.33	0.8891	0.4696	0.804	460
B028328	ENSG00000125651	NIC	460	B025118	1558	57.66	0.2826	0.0957	0.273	460
B028373	ENSG00000010256	NNC	460	B029409	11299	87.03	0.8913	0.7609	0.828	460
B028413	ENSG00000198431	FSM	459	B021668	13427	95.81	0.9935	0.9630	0.92	459
B028437	ENSG00000021645	FSM	459	B020693	2550	64.59	0.4357	0.3856	0.485	459
B028440	ENSG00000133961	NIC	459	B028809	1454	52.72	0.2375	0.0283	0.221	459
B028452	ENSG00000137221	NIC	459	B028452	1579	56.63	0.3094	0.1503	0.314	459
B028474	ENSG00000099821	NNC	459	B018720	7295	92.39	0.9412	0.8366	0.891	459
B028476	ENSG00000249115	NNC	459	B018025	613	73.78	0.6427	0.2048	0.346	459
B028491	ENSG00000183317	NNC	459	B026291	14693	78.66	0.7429	0.4793	0.648	459
B028514	ENSG00000151176	FSM	458	B028514	4774	94.40	0.9716	0.9061	0.929	458
B028517	ENSG00000069943	FSM	458	B040075	3899	92.42	0.9672	0.8581	0.892	458
B028525	ENSG00000188321	FSM	458	B024447	13772	63.21	0.4651	0.0415	0.41	458
B028532	ENSG00000183762	FSM	458	B034248	12669	74.69	0.6834	0.5349	0.636	458
B028533	ENSG00000054611	FSM	458	B033156	5930	77.53	0.6747	0.5939	0.696	458
B028536	ENSG00000196482	FSM	458	B030860	13664	74.60	0.6507	0.6048	0.54	458
B028537	ENSG00000196591	FSM	458	B044800	16340	84.95	0.8079	0.7052	0.813	458
B028540	ENSG00000077327	FSM	458	B032331	1795	93.30	0.9607	0.8777	0.878	458
B028601	ENSG00000127580	NNC	458	B032410	3109	85.69	0.8493	0.6397	0.768	458
B028606	ENSG00000163521	NNC	458	B028606	14983	85.27	0.8362	0.7271	0.827	458
B028625	ENSG00000157741	NNC	458	B028625	216	41.43	0.0000	0.0000	0.146	458
B028632	ENSG00000117399	FSM	457	B024053	16753	84.91	0.7790	0.6630	0.714	457
B028649	ENSG00000170085	FSM	457	B036748	916	80.82	0.7768	0.6236	0.789	457
B028674	ENSG00000159374	NIC	457	B028674	864	66.77	0.5602	0.2429	0.659	457
B028702	ENSG00000196497	NNC	457	B028702	1553	84.35	0.7877	0.6718	0.813	457
B028799	ENSG00000166145	NIC	456	B028495	16877	71.08	0.6228	0.1535	0.493	456
B028815	ENSG00000131781	NNC	456	B027196	14480	81.53	0.8070	0.7149	0.772	456
B028828	ENSG00000105808	NNC	456	B028828	19175	80.41	0.7763	0.4561	0.645	456
B028865	ENSG00000082641	FSM	455	B028865	3672	56.87	0.3209	0.2044	0.384	455
B028901	ENSG00000105136	NIC	455	B032984	11753	59.20	0.5582	0.0000	0.36	455
B028961	ENSG00000135451	NNC	455	B030695	489	46.25	0.1429	0.0352	0.258	455
B028990	ENSG00000226763	FSM	454	B028990	107	37.27	0.0000	0.0000	0.127	454
B029021	ENSG00000162378	NIC	454	B029021	2107	90.30	0.9185	0.8084	0.862	454
B029066	ENSG00000087263	NNC	454	B025292	6078	84.67	0.8414	0.6784	0.806	454
B029072	ENSG00000115548	NNC	454	B022993	5607	82.32	0.7974	0.6520	0.809	454
B029191	ENSG00000127720	NNC	453	B022462	2612	76.25	0.6976	0.5982	0.726	453
B029201	ENSG00000186017	NNC	453	B019672	13521	61.06	0.5453	0.0066	0.398	453
B029222	ENSG00000132749	NNC	453	B029222	4275	53.97	0.3157	0.1854	0.344	453
B029243	ENSG00000166035	FSM	452	B032703	9786	84.89	0.8230	0.6350	0.853	452
B029245	ENSG00000254685	FSM	452	B029245	923	89.95	0.9204	0.8009	0.852	452
B029256	ENSG00000070476	FSM	452	B029033	11432	53.11	0.4027	0.0000	0.285	452
B029285	ENSG00000169093	NIC	452	B029285	21144	83.38	0.8252	0.6261	0.715	452
B029320	ENSG00000172239	NNC	452	B029320	1196	64.37	0.5088	0.1482	0.442	452
B029373	ENSG00000145982	FSM	451	B035545	12904	86.79	0.8891	0.7450	0.826	451
B029387	ENSG00000146950	FSM	451	B029387	3377	68.13	0.5366	0.3703	0.56	451
B029391	ENSG00000187778	NIC	451	B029711	2740	69.82	0.5898	0.2971	0.385	451
B029404	ENSG00000138074	NIC	451	B029404	10337	71.16	0.6696	0.1729	0.671	451
B029433	ENSG00000170743	NIC	451	B029433	14733	71.06	0.5898	0.4213	0.404	451
B029495	ENSG00000175309	FSM	450	B031037	14696	95.77	0.9800	0.9578	0.923	450
B029497	ENSG00000066651	FSM	450	B036569	6743	87.62	0.8800	0.6200	0.878	450
B029505	ENSG00000019995	FSM	450	B029505	2303	87.49	0.8911	0.7067	0.777	450
B029506	ENSG00000173846	FSM	450	B029506	19205	78.92	0.7644	0.5467	0.529	450
B029507	ENSG00000213096	FSM	450	B026536	13078	58.54	0.5267	0.0333	0.369	450
B029515	ENSG00000291110	NIC	450	B036234	8553	78.79	0.7667	0.3578	0.533	450
B029585	ENSG00000140265	NNC	450	B025324	17373	57.89	0.4378	0.0467	0.386	450
B029589	ENSG00000064545	NNC	450	B037644	1689	70.01	0.5822	0.0511	0.684	450
B029618	ENSG00000177628	FSM	449	B029618	10631	96.65	0.9978	0.9577	0.934	449
B029630	ENSG00000120885	FSM	449	B029630	830	73.88	0.6927	0.2183	0.659	449
B029657	ENSG00000062650	NIC	449	B029657	1449	72.77	0.6637	0.1626	0.715	449
B029664	ENSG00000141013	NIC	449	B037855	2900	84.69	0.8664	0.4788	0.284	449
B029678	ENSG00000111530	NNC	449	B029678	3169	89.08	0.8664	0.7528	0.83	449
B029711	ENSG00000187778	NNC	449	B029711	2897	71.98	0.6281	0.2984	0.369	449
B029727	ENSG00000047188	NNC	449	B029727	19793	78.79	0.7973	0.2784	0.558	449
B029736	ENSG00000162341	NNC	449	B029736	3425	75.54	0.7439	0.0935	0.591	449
B029738	ENSG00000100813	FSM	448	B029738	86	47.00	0.0491	0.0000	0.185	448
B029744	ENSG00000063176	FSM	448	B041424	6901	76.33	0.6964	0.6562	0.716	448
B029748	ENSG00000143458	FSM	448	B039304	10255	62.00	0.4598	0.4040	0.424	448
B029751	ENSG00000152990	FSM	448	B029751	1894	52.73	0.2879	0.0647	0.395	448
B029774	ENSG00000241058	FSM	448	B041380	13861	92.26	0.9754	0.7857	0.904	448
B029809	ENSG00000112992	NIC	448	B029809	25508	88.32	0.9353	0.5982	0.542	448
B029856	ENSG00000137497	NNC	448	B029856	285	83.14	0.8438	0.5000	0.284	448
B029879	ENSG00000163946	FSM	447	B023976	1485	67.13	0.5414	0.4564	0.578	447
B029907	ENSG00000115317	NIC	447	B035846	19899	65.86	0.5145	0.1230	0.483	447
B029928	ENSG00000084710	NIC	447	B029928	1314	72.67	0.6734	0.3333	0.726	447
B029934	ENSG00000196586	NIC	447	B023722	1335	76.93	0.7673	0.2237	0.536	447
B029954	ENSG00000025708	NNC	447	B035175	14687	89.87	0.9172	0.7897	0.866	447
B029957	ENSG00000155275	NNC	447	B029957	2564	69.93	0.6286	0.3132	0.65	447
B029968	ENSG00000099834	NNC	447	B029968	1383	59.34	0.3691	0.2953	0.412	447
B029988	ENSG00000112874	NNC	447	B030275	15174	83.60	0.8076	0.5884	0.732	447
B030007	ENSG00000164221	FSM	446	B030007	1271	78.90	0.7466	0.3206	0.312	446
B030024	ENSG00000166133	NIC	446	B030024	10741	60.44	0.4731	0.2848	0.534	446
B030034	ENSG00000283189	NIC	446	B025894	13627	78.88	0.7556	0.4596	0.579	446
B030038	ENSG00000177932	NIC	446	B038371	8680	66.47	0.6659	0.0269	0.427	446
B030078	ENSG00000164114	NNC	446	B030078	828	56.25	0.2175	0.1637	0.299	446
B030099	ENSG00000119772	NNC	446	B030099	6335	74.34	0.6457	0.4193	0.524	446
B030109	ENSG00000116350	NNC	446	B030109	13353	49.54	0.1592	0.0000	0.319	446
B030115	ENSG00000120662	FSM	445	B040041	19539	78.16	0.8022	0.3461	0.674	445
B030118	ENSG00000159593	FSM	445	B029900	3369	94.59	1.0000	0.9011	0.857	445
B030125	ENSG00000115239	FSM	445	B022248	7185	91.76	0.9573	0.7708	0.848	445
B030131	ENSG00000113924	FSM	445	B031063	6587	94.61	0.9775	0.9393	0.933	445
B030158	ENSG00000178386	FSM	445	B023086	14866	55.88	0.3596	0.0000	0.325	445
B030225	ENSG00000176444	NNC	445	B030225	15057	80.55	0.7685	0.7191	0.778	445
B030275	ENSG00000112874	FSM	444	B030275	15070	84.57	0.8378	0.5878	0.739	444
B030279	ENSG00000149485	FSM	444	B041928	14456	94.03	0.9640	0.8851	0.9	444
B030281	ENSG00000214753	FSM	444	B030652	6748	74.54	0.6982	0.4527	0.691	444
B030284	ENSG00000111897	FSM	444	B032413	5543	76.67	0.6982	0.3739	0.787	444
B030320	ENSG00000107404	NIC	444	B021840	10417	56.58	0.3514	0.0000	0.329	444
B030360	ENSG00000151694	NNC	444	B030360	2142	77.41	0.7050	0.4189	0.828	444
B030365	ENSG00000072803	NNC	444	B023454	13696	91.71	0.9437	0.8266	0.853	444
B030400	ENSG00000104714	FSM	443	B030400	624	63.53	0.3679	0.2528	0.365	443
B030407	ENSG00000119977	FSM	443	B036040	1482	65.54	0.5372	0.2664	0.455	443
B030424	ENSG00000168259	NIC	443	B031080	24806	89.48	0.8804	0.7991	0.755	443
B030480	ENSG00000137269	NNC	443	B030480	12815	84.30	0.8104	0.7359	0.751	443
B030487	ENSG00000141738	NNC	443	B025828	2915	70.16	0.5892	0.3837	0.605	443
B030488	ENSG00000141994	NNC	443	B030488	13456	85.75	0.8420	0.7246	0.83	443
B030497	ENSG00000143224	NNC	443	B028845	3829	85.69	0.8758	0.5734	0.862	443
B030541	ENSG00000125703	FSM	442	B041265	5191	79.51	0.7127	0.5973	0.806	442
B030543	ENSG00000145191	FSM	442	B027049	3767	72.94	0.6900	0.1267	0.456	442
B030545	ENSG00000122515	FSM	442	B030545	5696	63.98	0.4683	0.3462	0.527	442
B030547	ENSG00000130558	FSM	442	B032770	4197	85.32	0.8303	0.5430	0.631	442
B030562	ENSG00000164638	NIC	442	B024808	1403	75.15	0.7217	0.4842	0.728	442
B030565	ENSG00000078674	NIC	442	B028572	697	63.13	0.3869	0.2172	0.266	442
B030580	ENSG00000168883	NIC	442	B025299	7505	82.53	0.8778	0.3552	0.803	442
B030611	ENSG00000187626	NNC	442	B023166	11286	53.42	0.4253	0.0271	0.38	442
B030622	ENSG00000285547	NNC	442	B041635	14406	85.69	0.8281	0.7692	0.832	442
B030631	ENSG00000141456	NNC	442	B030631	297	55.60	0.2217	0.0950	0.275	442
B030639	ENSG00000138821	NNC	442	B030639	7751	68.32	0.5973	0.1516	0.587	442
B030644	ENSG00000112584	NNC	442	B030644	1314	51.22	0.3145	0.1380	0.41	442
B030648	ENSG00000148516	NNC	442	B030648	11261	49.45	0.1652	0.0023	0.25	442
B030668	ENSG00000268750	FSM	441	B041842	13625	56.20	0.4444	0.0045	0.346	441
B030677	ENSG00000173320	FSM	441	B030677	193	46.53	0.0499	0.0204	0.225	441
B030740	ENSG00000095787	NIC	441	B030740	1326	49.36	0.1905	0.1224	0.299	441
B030780	ENSG00000101191	NNC	441	B027045	12381	56.47	0.2562	0.1859	0.278	441
B030782	ENSG00000100242	NNC	441	B030782	5485	75.90	0.6621	0.2494	0.46	441
B030793	ENSG00000134684	NNC	441	B030793	17979	87.97	0.9365	0.6122	0.472	441
B030797	ENSG00000198520	FSM	440	B030797	1056	87.12	0.8614	0.7614	0.821	440
B030810	ENSG00000080293	FSM	440	B041098	7586	70.53	0.5727	0.0932	0.61	440
B030814	ENSG00000004838	FSM	440	B030814	14540	86.73	0.8727	0.5636	0.832	440
B030827	ENSG00000126883	FSM	440	B031316	2460	91.69	0.9568	0.7977	0.905	440
B030828	ENSG00000121621	FSM	440	B030828	32973	68.45	0.6091	0.1750	0.558	440
B030844	ENSG00000033030	NIC	440	B030844	3037	58.27	0.3659	0.1318	0.342	440
B030857	ENSG00000174780	NIC	440	B030857	2300	74.82	0.6818	0.4136	0.566	440
B030865	ENSG00000196507	NIC	440	B034039	554	45.74	0.0182	0.0000	0.178	440
B030868	ENSG00000167257	NIC	440	B024915	10343	73.00	0.7000	0.2795	0.36	440
B030873	ENSG00000103226	NIC	440	B030873	2156	86.21	0.8659	0.6955	0.61	440
B030882	ENSG00000092964	NIC	440	B030882	15850	73.71	0.7000	0.4886	0.668	440
B030893	ENSG00000169180	NNC	440	B043525	631	88.04	0.9091	0.6591	0.786	440
B030903	ENSG00000155324	NNC	440	B031823	5554	60.02	0.3841	0.2273	0.383	440
B030938	ENSG00000140259	FSM	439	B031300	3673	66.80	0.5604	0.0683	0.337	439
B030944	ENSG00000127220	FSM	439	B036648	3511	77.08	0.6970	0.4943	0.769	439
B030948	ENSG00000130726	FSM	439	B030948	10582	51.96	0.2870	0.0000	0.388	439
B030952	ENSG00000183506	FSM	439	B028297	4195	79.35	0.8269	0.2528	0.678	439
B030965	ENSG00000105855	FSM	439	B038736	4641	82.46	0.8474	0.4305	0.748	439
B030971	ENSG00000142677	FSM	439	B030971	892	67.79	0.5353	0.4419	0.528	439
B030973	ENSG00000175220	FSM	439	B034597	10626	80.80	0.8087	0.4647	0.717	439
B030976	ENSG00000132740	FSM	439	B030976	16471	72.61	0.6355	0.4989	0.544	439
B031005	ENSG00000120526	NIC	439	B031005	3587	76.94	0.7540	0.1458	0.59	439
B031010	ENSG00000105568	NIC	439	B031010	2845	80.86	0.7745	0.4966	0.761	439
B031032	ENSG00000131845	NNC	439	B031581	11812	72.11	0.7631	0.0000	0.362	439
B031047	ENSG00000133812	NNC	439	B031047	1909	68.86	0.5604	0.3007	0.453	439
B031059	ENSG00000159915	NNC	439	B031059	13159	56.04	0.4510	0.0182	0.394	439
B031075	ENSG00000135090	FSM	438	B023254	1646	91.28	0.9589	0.7603	0.644	438
B031078	ENSG00000005187	FSM	438	B031078	6558	85.60	0.8516	0.7443	0.844	438
B031080	ENSG00000168259	FSM	438	B031080	20292	90.40	0.9132	0.8059	0.745	438
B031084	ENSG00000130669	FSM	438	B025017	17818	79.14	0.7169	0.5571	0.687	438
B031088	ENSG00000101210	FSM	438	B028057	20694	87.42	0.9087	0.5708	0.814	438
B031134	ENSG00000137145	NIC	438	B031134	2307	57.19	0.3767	0.2534	0.521	438
B031169	ENSG00000266028	NNC	438	B031169	10299	58.72	0.3447	0.2352	0.278	438
B031200	ENSG00000198730	NNC	438	B031200	1751	72.75	0.6438	0.4932	0.603	438
B031204	ENSG00000135451	FSM	437	B031204	308	46.31	0.1259	0.0458	0.251	437
B031217	ENSG00000143870	FSM	437	B038722	20305	85.28	0.8673	0.5927	0.51	437
B031233	ENSG00000172817	FSM	437	B027616	3080	92.64	0.9794	0.7963	0.923	437
B031235	ENSG00000147872	FSM	437	B036630	3261	61.44	0.4416	0.0000	0.402	437
B031240	ENSG00000105429	FSM	437	B031240	1027	69.45	0.6018	0.2883	0.525	437
B031293	ENSG00000120526	NNC	437	B031293	3640	77.05	0.7483	0.2563	0.611	437
B031329	ENSG00000030582	FSM	436	B031329	3957	71.51	0.6628	0.1101	0.269	436
B031335	ENSG00000115947	FSM	436	B032998	3290	86.99	0.9037	0.5803	0.769	436
B031360	ENSG00000172915	NIC	436	B031360	8208	79.90	0.7936	0.4908	0.744	436
B031381	ENSG00000196935	NIC	436	B032539	2579	77.03	0.7133	0.3945	0.551	436
B031382	ENSG00000196792	NIC	436	B024017	14216	57.70	0.3532	0.1927	0.289	436
B031388	ENSG00000186300	NIC	436	B036322	23805	77.58	0.8440	0.0000	0.371	436
B031410	ENSG00000128923	NNC	436	B033248	3852	57.09	0.3945	0.2156	0.489	436
B031444	ENSG00000198218	NNC	436	B031444	316	34.97	0.0757	0.0000	0.229	436
B031447	ENSG00000204569	NNC	436	B031447	2493	61.79	0.3555	0.3211	0.436	436
B031460	ENSG00000281991	FSM	435	B031460	559	50.23	0.0460	0.0000	0.184	435
B031475	ENSG00000145016	FSM	435	B031475	1283	52.93	0.2506	0.0000	0.407	435
B031503	ENSG00000138386	NIC	435	B035766	1630	58.39	0.3494	0.1839	0.391	435
B031508	ENSG00000157426	NIC	435	B031508	11085	66.93	0.6184	0.1793	0.386	435
B031520	ENSG00000023191	NIC	435	B031520	8669	95.64	0.9908	0.9172	0.917	435
B031579	ENSG00000141665	FSM	434	B033049	8392	83.98	0.8848	0.3779	0.775	434
B031592	ENSG00000068354	FSM	434	B031592	6310	72.06	0.6129	0.5714	0.68	434
B031628	ENSG00000102996	NIC	434	B031628	16779	72.29	0.5576	0.4332	0.622	434
B031631	ENSG00000188283	NIC	434	B033673	16582	65.59	0.6037	0.0184	0.435	434
B031671	ENSG00000256269	NNC	434	B031671	21969	78.56	0.7097	0.6406	0.758	434
B031687	ENSG00000189308	NNC	434	B031687	510	39.73	0.0138	0.0000	0.201	434
B031706	ENSG00000160753	FSM	433	B031706	9819	68.71	0.5658	0.4088	0.591	433
B031721	ENSG00000119688	FSM	433	B034191	8344	81.58	0.8776	0.2379	0.704	433
B031722	ENSG00000119596	FSM	433	B031248	2481	61.89	0.4088	0.1062	0.464	433
B031740	ENSG00000163376	NIC	433	B022934	10437	87.05	0.9007	0.5866	0.803	433
B031742	ENSG00000131844	NIC	433	B024118	22569	84.58	0.8776	0.4734	0.807	433
B031786	ENSG00000138650	NNC	433	B031786	13595	64.06	0.4642	0.3510	0.442	433
B031796	ENSG00000058272	NNC	433	B034985	10470	61.71	0.3949	0.2587	0.433	433
B031831	ENSG00000119969	FSM	432	B031831	25743	72.95	0.5602	0.2616	0.715	432
B031837	ENSG00000169919	FSM	432	B040349	8208	89.85	0.9097	0.8449	0.873	432
B031859	ENSG00000073464	NIC	432	B041724	11141	85.64	0.8889	0.5139	0.747	432
B031877	ENSG00000142920	NNC	432	B036269	8657	78.73	0.7639	0.4213	0.796	432
B031928	ENSG00000187796	NNC	432	B028404	1208	76.88	0.7037	0.5162	0.316	432
B031949	ENSG00000114767	FSM	431	B032853	9784	87.86	0.8306	0.7564	0.809	431
B032076	ENSG00000092850	FSM	430	B033899	3437	89.55	0.9023	0.7953	0.658	430
B032079	ENSG00000120693	FSM	430	B039819	5143	79.72	0.7465	0.5907	0.591	430
B032084	ENSG00000156858	FSM	430	B021557	1220	53.60	0.2116	0.0419	0.229	430
B032104	ENSG00000169249	FSM	430	B032104	7278	70.27	0.6000	0.1791	0.446	430
B032110	ENSG00000162341	FSM	430	B040538	3048	76.35	0.7535	0.1302	0.542	430
B032120	ENSG00000137656	NIC	430	B032120	859	48.80	0.0884	0.0093	0.203	430
B032162	ENSG00000064309	NNC	430	B032162	7510	62.35	0.4791	0.1837	0.37	430
B032171	ENSG00000241945	NNC	430	B035359	12431	79.80	0.7837	0.4070	0.584	430
B032211	ENSG00000014138	NNC	430	B024029	1975	76.30	0.7256	0.2419	0.545	430
B032212	ENSG00000149262	NNC	430	B032212	1348	83.41	0.7698	0.6186	0.743	430
B032219	ENSG00000140992	FSM	429	B032219	11848	64.95	0.5455	0.3473	0.431	429
B032239	ENSG00000119899	FSM	429	B032239	11433	86.99	0.8998	0.6387	0.867	429
B032244	ENSG00000120526	FSM	429	B021999	3800	81.64	0.8019	0.3660	0.636	429
B032276	ENSG00000136738	NIC	429	B034767	16114	59.06	0.3939	0.1655	0.261	429
B032298	ENSG00000159063	NNC	429	B035160	5171	89.32	0.9044	0.7273	0.887	429
B032329	ENSG00000164675	NNC	429	B032329	1349	64.14	0.4848	0.2191	0.326	429
B032331	ENSG00000077327	NNC	429	B032331	1749	89.54	0.9207	0.7576	0.549	429
B032371	ENSG00000174177	FSM	428	B032371	1467	75.43	0.7103	0.4159	0.735	428
B032395	ENSG00000126767	FSM	428	B035624	5455	53.31	0.2383	0.1799	0.323	428
B032399	ENSG00000136699	FSM	428	B032399	862	72.94	0.6612	0.2266	0.495	428
B032410	ENSG00000127580	NIC	428	B032410	3223	88.24	0.8925	0.6916	0.792	428
B032423	ENSG00000110047	NIC	428	B026155	11639	84.74	0.8668	0.4673	0.659	428
B032425	ENSG00000160062	NIC	428	B032425	23417	62.13	0.4790	0.2547	0.371	428
B032434	ENSG00000164292	NIC	428	B025108	4175	70.40	0.5981	0.1682	0.474	428
B032441	ENSG00000134900	NNC	428	B032441	2178	87.14	0.9159	0.5911	0.708	428
B032468	ENSG00000132275	NNC	428	B032468	10055	64.98	0.5093	0.3668	0.5	428
B032476	ENSG00000075413	NNC	428	B036972	27679	79.79	0.7407	0.7009	0.748	428
B032487	ENSG00000135299	NNC	428	B032487	1334	64.13	0.4439	0.3692	0.336	428
B032489	ENSG00000185189	NNC	428	B023889	3382	71.29	0.6519	0.0958	0.537	428
B032496	ENSG00000008405	FSM	427	B032496	13160	77.24	0.7400	0.5480	0.762	427
B032514	ENSG00000177409	FSM	427	B032514	4137	77.10	0.7354	0.5574	0.592	427
B032572	ENSG00000015479	NIC	427	B032572	2437	51.71	0.2342	0.1030	0.256	427
B032583	ENSG00000103671	NNC	427	B041669	6618	60.54	0.4426	0.0679	0.297	427
B032605	ENSG00000068323	NNC	427	B032605	8223	62.33	0.4052	0.1920	0.351	427
B032655	ENSG00000068745	FSM	426	B040874	5837	74.31	0.6643	0.4930	0.74	426
B032657	ENSG00000213047	FSM	426	B032657	5012	88.01	0.9014	0.7324	0.879	426
B032661	ENSG00000158458	FSM	426	B038267	9130	67.78	0.5446	0.2840	0.461	426
B032664	ENSG00000135537	FSM	426	B032664	13668	79.02	0.7770	0.2817	0.617	426
B032684	ENSG00000131653	NIC	426	B033041	5944	91.30	0.9601	0.7066	0.686	426
B032685	ENSG00000141076	NIC	426	B032685	2460	87.56	0.8662	0.6150	0.838	426
B032688	ENSG00000105655	NIC	426	B023573	6932	80.30	0.7582	0.4859	0.783	426
B032700	ENSG00000111602	NIC	426	B035646	1443	65.32	0.5094	0.2019	0.341	426
B032760	ENSG00000197056	NNC	426	B032760	2406	56.14	0.4390	0.1878	0.456	426
B032769	ENSG00000122483	NNC	426	B032769	555	81.15	0.7136	0.5023	0.29	426
B032772	ENSG00000204634	NNC	426	B032772	3148	71.55	0.6080	0.2746	0.653	426
B032812	ENSG00000136560	FSM	425	B032812	821	54.90	0.2871	0.2000	0.262	425
B032814	ENSG00000101194	FSM	425	B037703	6750	85.09	0.8988	0.4800	0.829	425
B032822	ENSG00000204592	FSM	425	B032822	10867	70.98	0.6518	0.5365	0.667	425
B032839	ENSG00000108848	NIC	425	B034781	4870	69.77	0.5835	0.1506	0.434	425
B032851	ENSG00000070371	NIC	425	B030874	3407	84.09	0.9247	0.2447	0.623	425
B032854	ENSG00000114626	NIC	425	B032854	4892	85.60	0.8282	0.6588	0.807	425
B032856	ENSG00000134987	NIC	425	B032856	7659	91.97	0.9412	0.8682	0.856	425
B032873	ENSG00000203326	NIC	425	B033167	9022	57.88	0.5271	0.0212	0.412	425
B032880	ENSG00000133424	NIC	425	B032880	4023	86.31	0.8612	0.5506	0.641	425
B032888	ENSG00000165240	NIC	425	B032888	20790	72.93	0.7153	0.0329	0.578	425
B032893	ENSG00000182199	NNC	425	B032899	18265	89.78	0.9035	0.8518	0.847	425
B032894	ENSG00000133116	NNC	425	B032894	11150	90.67	0.9129	0.7788	0.826	425
B032895	ENSG00000102786	NNC	425	B036435	1758	60.27	0.3624	0.1459	0.287	425
B032896	ENSG00000139974	NNC	425	B032896	3903	74.32	0.7129	0.0965	0.746	425
B032904	ENSG00000156304	NNC	425	B032904	2577	56.84	0.3271	0.1247	0.336	425
B032906	ENSG00000169220	NNC	425	B025374	7438	68.01	0.5859	0.2824	0.397	425
B032921	ENSG00000072134	NNC	425	B032921	2519	51.99	0.1671	0.0871	0.246	425
B032936	ENSG00000114491	NNC	425	B026072	14164	83.56	0.8353	0.6800	0.519	425
B032941	ENSG00000044459	NNC	425	B032941	10822	80.19	0.7553	0.5082	0.36	425
B032956	ENSG00000161558	FSM	424	B035992	537	73.98	0.7170	0.2358	0.634	424
B032961	ENSG00000025293	FSM	424	B032961	1358	49.54	0.0660	0.0542	0.238	424
B032962	ENSG00000143368	FSM	424	B039475	13661	69.09	0.4599	0.3137	0.482	424
B032968	ENSG00000197603	FSM	424	B045984	658	54.66	0.2476	0.0613	0.219	424
B032981	ENSG00000172732	FSM	424	B032981	3534	74.52	0.6910	0.3467	0.541	424
B032984	ENSG00000105136	FSM	424	B032984	11378	62.99	0.6297	0.0000	0.374	424
B032994	ENSG00000103540	NIC	424	B032994	1613	63.00	0.4057	0.2901	0.363	424
B033027	ENSG00000152291	NIC	424	B033027	112	44.66	0.0472	0.0000	0.172	424
B033041	ENSG00000131653	NNC	424	B033041	4936	90.13	0.9481	0.7005	0.691	424
B033062	ENSG00000118503	NNC	424	B033062	2494	72.81	0.6722	0.3396	0.58	424
B033074	ENSG00000087074	NNC	424	B036235	428	45.67	0.0000	0.0000	0.145	424
B033118	ENSG00000134575	FSM	423	B044860	7174	90.78	0.8794	0.8345	0.815	423
B033119	ENSG00000165916	FSM	423	B043564	28342	77.35	0.7967	0.0307	0.623	423
B033120	ENSG00000173153	FSM	423	B030860	12705	75.41	0.6761	0.5839	0.575	423
B033122	ENSG00000110888	FSM	423	B027911	1037	47.13	0.0544	0.0355	0.244	423
B033151	ENSG00000056291	NIC	423	B033540	10864	73.88	0.6950	0.2955	0.706	423
B033167	ENSG00000198538	NIC	423	B033167	19565	50.21	0.3239	0.0402	0.367	423
B033169	ENSG00000118655	NIC	423	B033169	6925	81.07	0.7660	0.6690	0.763	423
B033170	ENSG00000115616	NIC	423	B033170	9111	76.43	0.7305	0.2861	0.731	423
B033203	ENSG00000160803	NNC	423	B039062	5626	62.25	0.3901	0.0000	0.209	423
B033206	ENSG00000041880	NNC	423	B033206	6480	83.19	0.8085	0.6974	0.795	423
B033218	ENSG00000130695	NNC	423	B033218	974	73.18	0.5887	0.4303	0.351	423
B033227	ENSG00000141499	NNC	423	B023707	5452	72.93	0.6336	0.5626	0.655	423
B033233	ENSG00000011523	NNC	423	B033233	1878	53.20	0.2624	0.2080	0.335	423
B033236	ENSG00000114767	NNC	423	B032853	10943	70.18	0.6312	0.4492	0.608	423
B033250	ENSG00000125149	FSM	422	B045200	2360	86.16	0.8152	0.6517	0.863	422
B033255	ENSG00000121060	FSM	422	B033255	5843	83.06	0.8152	0.6706	0.514	422
B033258	ENSG00000179943	FSM	422	B033258	5508	53.68	0.2915	0.0000	0.243	422
B033260	ENSG00000007341	FSM	422	B025725	1326	81.71	0.8081	0.5900	0.729	422
B033261	ENSG00000198648	FSM	422	B030389	17809	78.46	0.7464	0.3910	0.62	422
B033295	ENSG00000117114	NIC	422	B033295	9521	62.27	0.4313	0.0284	0.576	422
B033324	ENSG00000176946	NIC	422	B033639	8259	53.36	0.2701	0.0711	0.27	422
B033350	ENSG00000182923	NNC	422	B028253	1427	88.31	0.8839	0.7773	0.311	422
B033353	ENSG00000138802	NNC	422	B023346	95	37.58	0.0000	0.0000	0.144	422
B033367	ENSG00000120693	NNC	422	B033367	4480	72.75	0.6445	0.4739	0.462	422
B033370	ENSG00000083799	NNC	422	B033370	1990	87.06	0.8791	0.7251	0.871	422
B033375	ENSG00000163029	NNC	422	B033375	1267	88.63	0.8981	0.6469	0.625	422
B033386	ENSG00000145246	NNC	422	B033386	12820	74.74	0.7062	0.2891	0.645	422
B033391	ENSG00000006576	NNC	422	B026466	2265	61.98	0.4052	0.0545	0.599	422
B033401	ENSG00000102580	FSM	421	B029556	17103	86.98	0.8884	0.6675	0.718	421
B033411	ENSG00000127831	FSM	421	B033411	8890	71.87	0.6770	0.1781	0.612	421
B033418	ENSG00000183780	FSM	421	B033922	1613	74.46	0.7316	0.2708	0.727	421
B033419	ENSG00000135269	FSM	421	B041175	10685	85.33	0.8432	0.6770	0.797	421
B033425	ENSG00000180198	FSM	421	B039501	8951	93.27	0.9382	0.9002	0.9	421
B033454	ENSG00000008382	NIC	421	B033454	4176	63.28	0.5012	0.1235	0.377	421
B033456	ENSG00000265590	NIC	421	B033456	2670	73.55	0.7363	0.2542	0.55	421
B033491	ENSG00000262246	NNC	421	B022795	15830	78.13	0.7411	0.5724	0.755	421
B033516	ENSG00000139531	FSM	420	B026424	18349	92.88	0.9381	0.8357	0.887	420
B033519	ENSG00000244754	FSM	420	B033519	473	46.19	0.0786	0.0310	0.216	420
B033529	ENSG00000124422	FSM	420	B041092	15388	83.35	0.8286	0.5119	0.803	420
B033530	ENSG00000137944	FSM	420	B040021	13566	94.88	0.9857	0.8952	0.929	420
B033531	ENSG00000130810	FSM	420	B037543	3858	70.74	0.6214	0.1952	0.583	420
B033533	ENSG00000115419	FSM	420	B039470	12576	88.45	0.8571	0.7024	0.825	420
B033534	ENSG00000138400	FSM	420	B033534	3092	84.88	0.8476	0.7190	0.802	420
B033553	ENSG00000130830	FSM	420	B033736	16667	84.39	0.8429	0.5952	0.744	420
B033561	ENSG00000147642	FSM	420	B033561	1264	58.89	0.3262	0.2357	0.328	420
B033595	ENSG00000058600	NIC	420	B031557	1144	75.60	0.6738	0.4738	0.475	420
B033623	ENSG00000038210	NNC	420	B026542	8979	78.87	0.7262	0.5548	0.783	420
B033625	ENSG00000078674	NNC	420	B033625	796	59.23	0.2738	0.1976	0.353	420
B033628	ENSG00000165449	NNC	420	B033628	3726	73.91	0.6905	0.2690	0.7	420
B033644	ENSG00000121210	NNC	420	B033644	536	42.70	0.0000	0.0000	0.151	420
B033658	ENSG00000197579	NNC	420	B033658	488	47.00	0.0071	0.0000	0.135	420
B033668	ENSG00000101574	FSM	419	B043142	4902	67.73	0.5823	0.2578	0.691	419
B033684	ENSG00000153767	FSM	419	B041235	1767	65.34	0.4916	0.0525	0.459	419
B033693	ENSG00000172728	FSM	419	B029415	6692	84.78	0.8186	0.7232	0.77	419
B033719	ENSG00000178904	NIC	419	B033719	2142	85.20	0.8807	0.5155	0.749	419
B033724	ENSG00000173193	NIC	419	B033724	9296	86.50	0.8950	0.6444	0.731	419
B033728	ENSG00000095951	NIC	419	B033728	1484	43.29	0.0788	0.0000	0.23	419
B033730	ENSG00000187554	NIC	419	B033730	1513	91.83	0.9284	0.8735	0.885	419
B033731	ENSG00000143502	NIC	419	B029214	7021	68.33	0.5585	0.3150	0.443	419
B033795	ENSG00000143393	NNC	419	B033795	2580	65.61	0.4845	0.3604	0.572	419
B033804	ENSG00000002016	FSM	418	B046814	3936	65.37	0.5048	0.4067	0.507	418
B033810	ENSG00000173805	FSM	418	B024059	1773	67.58	0.5072	0.3110	0.292	418
B033814	ENSG00000156875	FSM	418	B031789	5410	74.93	0.7536	0.1914	0.729	418
B033829	ENSG00000135338	FSM	418	B038754	1901	68.76	0.5167	0.3971	0.294	418
B033841	ENSG00000133138	FSM	418	B033850	3787	73.86	0.6890	0.2751	0.589	418
B033842	ENSG00000185009	FSM	418	B041016	5487	90.66	0.9306	0.7679	0.732	418
B033846	ENSG00000136044	FSM	418	B033846	1909	72.34	0.6053	0.3493	0.484	418
B033885	ENSG00000240771	NIC	418	B026724	5952	57.43	0.3900	0.0048	0.366	418
B033887	ENSG00000176915	NIC	418	B033887	2333	78.92	0.7392	0.5359	0.68	418
B033954	ENSG00000127863	FSM	417	B043812	5187	57.38	0.3693	0.2398	0.37	417
B033960	ENSG00000072134	FSM	417	B033960	6861	62.56	0.4365	0.2350	0.423	417
B033969	ENSG00000189362	FSM	417	B045370	1689	79.29	0.7890	0.2638	0.586	417
B033974	ENSG00000164038	FSM	417	B026745	3181	71.09	0.6882	0.1823	0.682	417
B033983	ENSG00000174106	FSM	417	B033983	4617	80.77	0.8129	0.3885	0.463	417
B033986	ENSG00000143228	FSM	417	B027832	531	87.17	0.8825	0.6930	0.462	417
B033989	ENSG00000100644	NIC	417	B033989	1056	49.79	0.1679	0.0000	0.2	417
B034036	ENSG00000263001	NIC	417	B022139	1755	70.45	0.5923	0.4173	0.306	417
B034084	ENSG00000130589	NNC	417	B034084	10856	87.79	0.8921	0.6739	0.831	417
B034098	ENSG00000196405	FSM	416	B036168	3618	65.79	0.4471	0.3197	0.373	416
B034140	ENSG00000068137	NIC	416	B034140	1393	73.30	0.6490	0.4014	0.706	416
B034143	ENSG00000101557	NIC	416	B034143	9769	81.88	0.8149	0.4375	0.746	416
B034145	ENSG00000178386	NIC	416	B023086	10294	53.18	0.3702	0.0000	0.301	416
B034148	ENSG00000155744	NIC	416	B027176	1290	52.62	0.2284	0.0817	0.367	416
B034171	ENSG00000154080	NIC	416	B043475	5176	78.90	0.7332	0.6130	0.702	416
B034213	ENSG00000197043	NNC	416	B034213	10469	87.58	0.8726	0.6755	0.774	416
B034223	ENSG00000136826	NNC	416	B032247	14854	46.46	0.0841	0.0553	0.224	416
B034225	ENSG00000159069	NNC	416	B034225	6706	76.54	0.7284	0.4062	0.737	416
B034233	ENSG00000184575	NNC	416	B034233	1945	89.03	0.8846	0.7596	0.86	416
B034247	ENSG00000118705	NNC	416	B034247	1740	86.26	0.8750	0.6322	0.556	416
B034269	ENSG00000110002	FSM	415	B037050	7871	82.19	0.8482	0.3928	0.724	415
B034272	ENSG00000134900	FSM	415	B034272	3620	92.05	0.9639	0.7687	0.876	415
B034274	ENSG00000135720	FSM	415	B025699	2951	56.30	0.3349	0.0000	0.414	415
B034292	ENSG00000148459	FSM	415	B039723	12976	75.76	0.7277	0.5012	0.76	415
B034294	ENSG00000156671	FSM	415	B026285	5953	78.46	0.7687	0.4651	0.624	415
B034295	ENSG00000165660	FSM	415	B035730	1063	68.01	0.5855	0.2867	0.58	415
B034306	ENSG00000213390	FSM	415	B034306	6257	69.30	0.5952	0.3470	0.553	415
B034343	ENSG00000264522	NIC	415	B034343	2875	52.34	0.2024	0.0964	0.246	415
B034348	ENSG00000092820	NIC	415	B034348	4754	75.03	0.6892	0.3711	0.44	415
B034363	ENSG00000125686	NNC	415	B034363	245	44.30	0.0313	0.0000	0.168	415
B034366	ENSG00000104805	NNC	415	B027058	4609	76.62	0.7398	0.4337	0.615	415
B034380	ENSG00000135315	NNC	415	B034380	643	53.99	0.2000	0.0386	0.224	415
B034389	ENSG00000118900	NNC	415	B034389	2313	59.38	0.3084	0.0289	0.237	415
B034395	ENSG00000165115	NNC	415	B034395	1329	74.53	0.6602	0.4289	0.257	415
B034412	ENSG00000138413	FSM	414	B036617	8410	94.90	0.9928	0.9155	0.898	414
B034418	ENSG00000073711	FSM	414	B034418	3857	86.83	0.8454	0.7512	0.853	414
B034434	ENSG00000004478	FSM	414	B034434	25632	91.76	0.9275	0.8575	0.766	414
B034439	ENSG00000134014	FSM	414	B034439	7661	88.52	0.9227	0.6498	0.807	414
B034442	ENSG00000167553	NIC	414	B040669	12311	90.48	0.9420	0.7681	0.876	414
B034457	ENSG00000145819	NIC	414	B034457	1987	80.45	0.7754	0.5628	0.647	414
B034464	ENSG00000172977	NIC	414	B034464	8973	75.67	0.6908	0.5338	0.703	414
B034472	ENSG00000101210	NIC	414	B028057	22486	72.16	0.7198	0.0000	0.652	414
B034476	ENSG00000143801	NIC	414	B029755	3690	68.21	0.6014	0.1932	0.639	414
B034486	ENSG00000135677	NNC	414	B034486	10216	90.61	0.9203	0.8357	0.866	414
B034488	ENSG00000136141	NNC	414	B034488	7254	56.11	0.3116	0.1763	0.333	414
B034524	ENSG00000174197	NNC	414	B034524	451	47.72	0.0024	0.0000	0.153	414
B034547	ENSG00000205250	FSM	413	B044132	6057	61.13	0.4092	0.0920	0.404	413
B034551	ENSG00000119041	FSM	413	B034551	1610	73.95	0.6392	0.4504	0.651	413
B034558	ENSG00000164855	FSM	413	B035428	6576	62.46	0.4092	0.0073	0.607	413
B034559	ENSG00000291080	FSM	413	B034559	1974	41.95	0.0581	0.0000	0.224	413
B034567	ENSG00000100897	FSM	413	B044129	4856	90.96	0.9177	0.8063	0.869	413
B034581	ENSG00000071073	NIC	413	B039191	3364	87.46	0.8935	0.7022	0.622	413
B034595	ENSG00000185803	NIC	413	B043706	2366	76.77	0.7506	0.2397	0.71	413
B034630	ENSG00000181982	NNC	413	B026744	1131	61.47	0.4019	0.2494	0.257	413
B034652	ENSG00000103194	NNC	413	B034652	380	47.35	0.0291	0.0000	0.189	413
B034658	ENSG00000129933	NNC	413	B034658	712	87.06	0.9056	0.5496	0.867	413
B034663	ENSG00000178917	NNC	413	B034608	13244	68.35	0.6683	0.0412	0.423	413
B034667	ENSG00000111897	NNC	413	B032413	5100	74.50	0.6659	0.2954	0.757	413
B034684	ENSG00000141101	FSM	412	B047798	6210	72.29	0.6262	0.2743	0.635	412
B034689	ENSG00000254004	FSM	412	B042310	21816	72.40	0.7112	0.0000	0.375	412
B034704	ENSG00000130707	FSM	412	B037661	19462	94.80	0.9806	0.8956	0.912	412
B034707	ENSG00000107882	FSM	412	B031718	2758	83.23	0.7840	0.6966	0.726	412
B034711	ENSG00000140740	FSM	412	B034711	2757	82.53	0.8325	0.5825	0.789	412
B034741	ENSG00000064270	NIC	412	B034741	20241	84.50	0.9417	0.2573	0.697	412
B034755	ENSG00000007516	NNC	412	B031911	8579	89.85	0.9320	0.7136	0.751	412
B034763	ENSG00000122779	NNC	412	B034763	17566	65.61	0.4393	0.3811	0.556	412
B034805	ENSG00000129534	FSM	411	B034805	4047	52.83	0.2628	0.0584	0.255	411
B034812	ENSG00000243943	FSM	411	B025541	1810	66.14	0.5791	0.0097	0.296	411
B034814	ENSG00000215440	FSM	411	B028210	12083	92.19	0.9343	0.8443	0.913	411
B034815	ENSG00000198951	FSM	411	B043735	14955	93.77	0.9367	0.9197	0.898	411
B034825	ENSG00000152465	FSM	411	B032436	4383	90.42	0.9343	0.7543	0.866	411
B034828	ENSG00000147140	FSM	411	B034828	13404	69.24	0.5572	0.3406	0.426	411
B034858	ENSG00000163521	NIC	411	B042661	8983	88.80	0.8954	0.8345	0.86	411
B034899	ENSG00000183621	NIC	411	B034899	679	51.82	0.1046	0.0316	0.221	411
B034920	ENSG00000083838	NNC	411	B036711	14145	54.31	0.2944	0.1484	0.37	411
B034921	ENSG00000085982	NNC	411	B036238	796	78.82	0.7445	0.4866	0.688	411
B034929	ENSG00000087206	NNC	411	B034929	1133	55.57	0.1922	0.1119	0.23	411
B034948	ENSG00000096384	NNC	411	B031899	21117	72.51	0.6837	0.1192	0.618	411
B034950	ENSG00000170260	NNC	411	B034950	10416	53.92	0.3066	0.1655	0.318	411
B034972	ENSG00000146872	FSM	410	B027652	11402	85.05	0.8561	0.6073	0.802	410
B034976	ENSG00000105568	FSM	410	B040487	4325	95.02	1.0000	0.8829	0.829	410
B034980	ENSG00000197635	FSM	410	B033675	9698	96.20	1.0000	0.9805	0.914	410
B034999	ENSG00000130766	FSM	410	B034999	3344	86.17	0.8415	0.7195	0.867	410
B035003	ENSG00000188283	FSM	410	B033673	11729	66.18	0.6220	0.0000	0.419	410
B035005	ENSG00000065665	FSM	410	B036560	6426	62.56	0.3146	0.0000	0.581	410
B035009	ENSG00000179941	NIC	410	B035009	693	74.89	0.6805	0.3146	0.693	410
B035047	ENSG00000196950	NIC	410	B035047	1718	53.77	0.2439	0.1854	0.405	410
B035071	ENSG00000133250	NNC	410	B038073	1614	53.28	0.2659	0.0366	0.21	410
B035081	ENSG00000109689	NNC	410	B035081	1918	55.02	0.2512	0.1878	0.298	410
B035083	ENSG00000058085	NNC	410	B035083	12811	77.48	0.7390	0.3317	0.355	410
B035123	ENSG00000187607	FSM	409	B027165	13518	65.98	0.6601	0.0000	0.424	409
B035128	ENSG00000263002	FSM	409	B023086	14933	64.75	0.5257	0.0000	0.395	409
B035161	ENSG00000067606	NIC	409	B025929	23440	82.98	0.8264	0.6822	0.811	409
B035173	ENSG00000215305	NIC	409	B026377	2886	89.82	0.9389	0.7971	0.744	409
B035183	ENSG00000004487	NIC	409	B035183	7804	93.12	0.9927	0.7946	0.844	409
B035185	ENSG00000150760	NIC	409	B035185	2686	65.80	0.4108	0.3765	0.469	409
B035193	ENSG00000159593	NIC	409	B029900	3182	93.39	0.9804	0.8900	0.849	409
B035220	ENSG00000105655	NNC	409	B035220	5550	79.57	0.8411	0.3032	0.763	409
B035225	ENSG00000185008	NNC	409	B034178	849	50.60	0.0807	0.0367	0.207	409
B035244	ENSG00000239306	NNC	409	B035244	16375	57.58	0.3423	0.1320	0.353	409
B035262	ENSG00000171316	NNC	409	B025857	347	40.24	0.0000	0.0000	0.13	409
B035286	ENSG00000174738	FSM	408	B035286	15136	55.22	0.2819	0.1961	0.344	408
B035337	ENSG00000167543	NIC	408	B037605	370	54.58	0.2696	0.0490	0.388	408
B035412	ENSG00000008128	FSM	407	B048157	366	56.37	0.2211	0.0762	0.238	407
B035439	ENSG00000187097	FSM	407	B039628	7153	83.58	0.8329	0.6560	0.824	407
B035472	ENSG00000122545	NIC	407	B042009	8562	71.88	0.6486	0.0442	0.576	407
B035478	ENSG00000095139	NIC	407	B035478	3879	75.09	0.6855	0.5037	0.449	407
B035536	ENSG00000105568	NNC	407	B035536	3556	91.15	0.9263	0.7322	0.841	407
B035584	ENSG00000173273	FSM	406	B035584	6022	92.04	0.9089	0.8842	0.846	406
B035591	ENSG00000196233	FSM	406	B035591	3520	52.57	0.1552	0.1158	0.264	406
B035593	ENSG00000168014	FSM	406	B035593	1199	62.06	0.4113	0.3325	0.448	406
B035602	ENSG00000090470	NIC	406	B035602	1068	70.67	0.5148	0.3793	0.399	406
B035606	ENSG00000170836	NIC	406	B035606	4815	54.34	0.3621	0.1872	0.443	406
B035631	ENSG00000108370	NIC	406	B035631	8705	65.38	0.5443	0.3670	0.536	406
B035634	ENSG00000149474	NIC	406	B035634	378	56.67	0.2783	0.0197	0.335	406
B035659	ENSG00000123983	NNC	406	B035659	13044	80.25	0.8374	0.2340	0.478	406
B035667	ENSG00000163689	NNC	406	B035667	833	51.36	0.1429	0.0320	0.218	406
B035675	ENSG00000087116	NNC	406	B035675	12688	67.37	0.5443	0.2882	0.384	406
B035677	ENSG00000111912	NNC	406	B035677	7677	60.02	0.4138	0.2488	0.4	406
B035684	ENSG00000122359	NNC	406	B035345	11693	82.93	0.7709	0.7340	0.771	406
B035749	ENSG00000100983	FSM	405	B035749	4656	94.62	0.9802	0.8864	0.927	405
B035760	ENSG00000117984	FSM	405	B041454	19491	80.93	0.7457	0.5407	0.823	405
B035800	ENSG00000136754	NIC	405	B030335	15547	67.64	0.4988	0.4049	0.343	405
B035811	ENSG00000167962	NIC	405	B035811	473	51.30	0.1210	0.0840	0.286	405
B035813	ENSG00000073969	NIC	405	B035813	13783	85.49	0.8790	0.5136	0.704	405
B035826	ENSG00000137494	NNC	405	B025029	7859	81.17	0.7753	0.5432	0.542	405
B035829	ENSG00000256223	NNC	405	B035829	19713	48.91	0.3160	0.0000	0.348	405
B035841	ENSG00000118160	NNC	405	B035841	9609	72.75	0.6074	0.4272	0.597	405
B035844	ENSG00000115355	NNC	405	B035844	1937	79.27	0.7136	0.5185	0.314	405
B035851	ENSG00000170017	NNC	405	B035851	1772	76.02	0.7136	0.5827	0.656	405
B035867	ENSG00000084070	NNC	405	B036668	15182	59.45	0.3259	0.2469	0.414	405
B035884	ENSG00000147231	NNC	405	B035884	1017	81.23	0.7654	0.4840	0.787	405
B035910	ENSG00000114302	FSM	404	B040970	14096	79.62	0.7574	0.4851	0.562	404
B035919	ENSG00000155629	FSM	404	B044309	1158	58.31	0.2797	0.1386	0.283	404
B035924	ENSG00000121774	FSM	404	B038631	3474	58.76	0.2896	0.1510	0.339	404
B035928	ENSG00000109576	FSM	404	B035928	10466	95.64	0.9975	0.9307	0.921	404
B035938	ENSG00000171574	NIC	404	B040293	20950	59.92	0.5149	0.0000	0.364	404
B035967	ENSG00000136603	NIC	404	B024436	2223	64.79	0.5124	0.3614	0.551	404
B035972	ENSG00000197779	NIC	404	B035972	12132	43.68	0.2723	0.0000	0.325	404
B035976	ENSG00000130695	NIC	404	B035976	1100	81.78	0.7970	0.4851	0.303	404
B035977	ENSG00000176102	NIC	404	B035977	2220	78.48	0.7203	0.4629	0.592	404
B036026	ENSG00000167925	NNC	404	B036026	1423	73.37	0.6856	0.3589	0.732	404
B036029	ENSG00000142657	NNC	404	B036029	18413	95.78	0.9950	0.9381	0.922	404
B036056	ENSG00000087586	FSM	403	B039260	16512	71.85	0.6154	0.5161	0.673	403
B036064	ENSG00000075539	FSM	403	B036064	781	77.61	0.7246	0.3995	0.743	403
B036065	ENSG00000132912	FSM	403	B039490	1334	76.18	0.7047	0.2159	0.434	403
B036071	ENSG00000172748	FSM	403	B027270	14978	68.42	0.6030	0.1886	0.422	403
B036082	ENSG00000162702	FSM	403	B027525	11588	52.39	0.2655	0.0124	0.316	403
B036107	ENSG00000131781	NIC	403	B027196	11038	89.00	0.9057	0.7370	0.834	403
B036114	ENSG00000112365	NIC	403	B028654	18544	61.11	0.4739	0.2457	0.402	403
B036134	ENSG00000056277	NIC	403	B040359	3304	50.37	0.2432	0.0000	0.212	403
B036135	ENSG00000172732	NIC	403	B026489	3313	75.58	0.7047	0.4491	0.605	403
B036148	ENSG00000101400	NNC	403	B036148	10821	75.49	0.7122	0.3648	0.627	403
B036158	ENSG00000171862	NNC	403	B036158	8284	80.94	0.7692	0.6452	0.803	403
B036181	ENSG00000100350	NNC	403	B036181	10631	82.19	0.7742	0.5707	0.797	403
B036190	ENSG00000175305	NNC	403	B034975	8124	76.78	0.6700	0.5360	0.7	403
B036193	ENSG00000020922	NNC	403	B036193	7370	58.01	0.3747	0.1538	0.349	403
B036196	ENSG00000118922	FSM	402	B040978	10824	52.13	0.2114	0.1219	0.298	402
B036205	ENSG00000167785	FSM	402	B048818	19189	71.99	0.6915	0.2015	0.435	402
B036209	ENSG00000205302	FSM	402	B042380	6845	84.83	0.8134	0.6741	0.783	402
B036214	ENSG00000064999	FSM	402	B036214	6901	69.08	0.5647	0.3035	0.445	402
B036216	ENSG00000135597	FSM	402	B039939	1437	53.48	0.1891	0.1095	0.281	402
B036218	ENSG00000054277	FSM	402	B036218	7948	77.27	0.7264	0.5498	0.724	402
B036227	ENSG00000087263	FSM	402	B025292	8211	86.17	0.8483	0.7338	0.811	402
B036260	ENSG00000003393	NIC	402	B033678	2208	81.55	0.8060	0.5124	0.808	402
B036267	ENSG00000177239	NIC	402	B047695	13315	96.32	0.9950	0.9577	0.936	402
B036273	ENSG00000165480	NNC	402	B038366	784	58.65	0.2910	0.2015	0.304	402
B036282	ENSG00000101577	NNC	402	B036282	3296	56.99	0.3433	0.1418	0.332	402
B036366	ENSG00000124786	FSM	401	B042839	3064	73.73	0.7082	0.2095	0.697	401
B036374	ENSG00000122545	FSM	401	B042009	8538	75.77	0.7032	0.1097	0.605	401
B036383	ENSG00000100473	FSM	401	B033930	7417	78.11	0.7681	0.3865	0.628	401
B036419	ENSG00000205531	NIC	401	B040483	7600	75.61	0.6284	0.4663	0.689	401
B036424	ENSG00000100749	NIC	401	B036863	6574	82.01	0.7880	0.7182	0.792	401
B036438	ENSG00000133121	NNC	401	B036438	7511	89.18	0.9077	0.7406	0.847	401
B036443	ENSG00000088035	NNC	401	B030165	5473	82.20	0.8254	0.3666	0.809	401
B036460	ENSG00000168818	NNC	401	B036460	1944	65.46	0.4938	0.0748	0.389	401
B036461	ENSG00000163995	NNC	401	B036461	11921	69.86	0.5935	0.4115	0.361	401
B036465	ENSG00000105339	NNC	401	B036465	780	80.55	0.8080	0.4339	0.769	401
B036470	ENSG00000205531	NNC	401	B040483	6620	74.17	0.6234	0.4214	0.655	401
B036488	ENSG00000125089	NNC	401	B036488	1134	70.51	0.6658	0.5112	0.64	401
B036491	ENSG00000025039	NNC	401	B036491	4287	63.79	0.5287	0.0025	0.592	401
B036515	ENSG00000170876	FSM	400	B048303	3382	88.70	0.8975	0.6950	0.781	400
B036528	ENSG00000166432	FSM	400	B036528	1673	49.35	0.1775	0.0175	0.206	400
B036531	ENSG00000062716	FSM	400	B046987	3455	77.19	0.7150	0.2900	0.719	400
B036537	ENSG00000172888	FSM	400	B030954	14458	56.56	0.4525	0.0000	0.355	400
B036551	ENSG00000160352	NIC	400	B036551	12121	81.11	0.8325	0.4800	0.483	400
B036585	ENSG00000031698	NIC	400	B040221	12641	87.78	0.9225	0.6150	0.812	400
B036594	ENSG00000198945	NIC	400	B036594	6200	69.83	0.5600	0.3425	0.508	400
B036596	ENSG00000127081	NIC	400	B036596	11093	46.35	0.2625	0.0425	0.344	400
B036600	ENSG00000110911	NNC	400	B036600	11880	81.19	0.9275	0.0975	0.79	400
B036603	ENSG00000197102	NNC	400	B036603	3343	83.44	0.8675	0.3600	0.769	400
B036610	ENSG00000141543	NNC	400	B036610	16748	84.40	0.8450	0.5550	0.783	400
B036635	ENSG00000172725	NNC	400	B029065	8228	92.30	0.9375	0.8950	0.896	400
B036636	ENSG00000110274	NNC	400	B036636	773	61.83	0.3375	0.3125	0.381	400
B036642	ENSG00000171759	NNC	400	B036642	15077	83.83	0.8525	0.5550	0.77	400
B036656	ENSG00000274523	NNC	400	B037172	5024	88.91	0.8900	0.8400	0.861	400
B036671	ENSG00000126226	FSM	399	B047168	3198	94.01	0.9900	0.8947	0.877	399
B036683	ENSG00000130175	FSM	399	B036683	5392	81.82	0.7920	0.5965	0.628	399
B036693	ENSG00000138496	FSM	399	B048032	1689	78.39	0.7494	0.5313	0.731	399
B036697	ENSG00000095951	FSM	399	B041656	400	48.59	0.0927	0.0075	0.209	399
B036699	ENSG00000204256	FSM	399	B036699	12324	62.66	0.4085	0.2481	0.281	399
B036713	ENSG00000148399	FSM	399	B036713	3240	79.27	0.7393	0.6241	0.788	399
B036719	ENSG00000156858	NIC	399	B036719	1250	55.26	0.2206	0.0426	0.227	399
B036723	ENSG00000138449	NIC	399	B026196	2473	76.24	0.6917	0.4236	0.705	399
B036731	ENSG00000164252	NIC	399	B036731	20433	66.18	0.5313	0.1504	0.403	399
B036762	ENSG00000141101	NNC	399	B038445	6392	70.29	0.6216	0.2080	0.614	399
B036763	ENSG00000167703	NNC	399	B036763	1629	68.30	0.6241	0.0226	0.635	399
B036766	ENSG00000067596	NNC	399	B036766	17247	64.66	0.4937	0.1805	0.333	399
B036779	ENSG00000172667	NNC	399	B036779	1806	53.33	0.2607	0.0150	0.219	399
B036827	ENSG00000076864	NNC	399	B036827	5084	56.42	0.3659	0.2932	0.445	399
B036835	ENSG00000183018	FSM	398	B036045	6818	88.55	0.9221	0.6482	0.868	398
B036846	ENSG00000149346	FSM	398	B036846	760	51.63	0.2663	0.0377	0.363	398
B036869	ENSG00000243232	FSM	398	B038121	11325	52.59	0.2487	0.1407	0.298	398
B036896	ENSG00000162302	NIC	398	B046681	16151	75.54	0.6834	0.3970	0.74	398
B036898	ENSG00000111581	NIC	398	B036898	1295	88.94	0.9347	0.6457	0.837	398
B036899	ENSG00000174177	NIC	398	B032371	1526	73.52	0.6683	0.3668	0.708	398
B036913	ENSG00000081985	NNC	398	B036913	693	85.45	0.8744	0.5779	0.739	398
B036921	ENSG00000138381	NNC	398	B036921	4930	82.23	0.7739	0.6759	0.807	398
B036928	ENSG00000164506	NNC	398	B036928	2578	75.98	0.6658	0.3920	0.596	398
B036931	ENSG00000130023	NNC	398	B036931	782	85.57	0.8794	0.4874	0.804	398
B036939	ENSG00000152779	NNC	398	B036939	11493	80.72	0.7864	0.5276	0.737	398
B036993	ENSG00000100056	FSM	397	B038652	2324	64.76	0.4232	0.1385	0.353	397
B037003	ENSG00000111206	FSM	397	B037003	630	48.79	0.0151	0.0000	0.155	397
B037004	ENSG00000117394	FSM	397	B029450	11840	88.44	0.9320	0.6952	0.858	397
B037006	ENSG00000129354	FSM	397	B035126	7197	87.36	0.8892	0.6272	0.735	397
B037012	ENSG00000131013	FSM	397	B026190	20929	63.26	0.5113	0.1436	0.367	397
B037041	ENSG00000105767	NIC	397	B037041	6832	82.53	0.7884	0.6524	0.625	397
B037052	ENSG00000129515	NNC	397	B038362	1830	84.75	0.8463	0.6171	0.81	397
B037056	ENSG00000121060	NNC	397	B037056	17854	83.34	0.8186	0.5768	0.493	397
B037060	ENSG00000196757	NNC	397	B042572	20504	76.28	0.8035	0.0428	0.39	397
B037064	ENSG00000197635	NNC	397	B037064	5544	91.24	0.9572	0.7305	0.837	397
B037096	ENSG00000145506	NNC	397	B037096	1069	51.06	0.1486	0.0101	0.221	397
B037104	ENSG00000169826	NNC	397	B037104	911	71.03	0.6247	0.1411	0.555	397
B037113	ENSG00000167840	FSM	396	B039094	17879	63.33	0.5606	0.2323	0.364	396
B037119	ENSG00000183054	FSM	396	B037119	8300	61.53	0.4722	0.2551	0.319	396
B037123	ENSG00000101400	FSM	396	B025132	11109	82.38	0.8207	0.5152	0.676	396
B037125	ENSG00000184402	FSM	396	B029945	2529	47.04	0.1288	0.0657	0.284	396
B037156	ENSG00000140995	NIC	396	B037156	3320	73.36	0.6566	0.4621	0.603	396
B037162	ENSG00000170364	NIC	396	B046271	9882	82.10	0.8131	0.5379	0.605	396
B037170	ENSG00000111877	NIC	396	B037170	139	51.44	0.1439	0.0025	0.196	396
B037203	ENSG00000030582	NNC	396	B031329	4255	77.60	0.8005	0.2298	0.311	396
B037223	ENSG00000242802	NNC	396	B037223	732	82.41	0.8081	0.4747	0.808	396
B037235	ENSG00000179941	NNC	396	B037235	1013	56.70	0.4141	0.1465	0.449	396
B037251	ENSG00000164190	NNC	396	B037251	153	46.73	0.0783	0.0379	0.238	396
B037256	ENSG00000165359	NNC	396	B037256	4956	79.64	0.8005	0.4141	0.803	396
B037272	ENSG00000065268	FSM	395	B037272	4905	81.00	0.7443	0.4000	0.731	395
B037278	ENSG00000135929	FSM	395	B037278	7641	83.46	0.8456	0.7013	0.779	395
B037282	ENSG00000100429	FSM	395	B039236	2656	81.61	0.8304	0.4835	0.815	395
B037288	ENSG00000113580	FSM	395	B028510	309	47.33	0.0734	0.0051	0.197	395
B037290	ENSG00000111859	FSM	395	B037290	1361	65.42	0.4101	0.3392	0.477	395
B037309	ENSG00000110844	NIC	395	B034189	1964	64.03	0.4278	0.3468	0.428	395
B037324	ENSG00000163468	NIC	395	B029051	12301	86.78	0.8987	0.6228	0.757	395
B037329	ENSG00000071539	NIC	395	B037329	3560	83.09	0.8127	0.4152	0.806	395
B037336	ENSG00000123908	NIC	395	B037336	4860	85.99	0.9038	0.5013	0.722	395
B037373	ENSG00000005884	NNC	395	B037373	12954	90.19	0.9291	0.7215	0.855	395
B037384	ENSG00000119812	NNC	395	B045169	2217	58.19	0.4481	0.2354	0.445	395
B037389	ENSG00000144736	NNC	395	B037389	2814	83.57	0.8430	0.5013	0.738	395
B037400	ENSG00000102172	NNC	395	B037400	2281	84.37	0.8481	0.6076	0.815	395
B037406	ENSG00000050405	NNC	395	B037406	11631	53.79	0.2253	0.1089	0.289	395
B037412	ENSG00000104731	NNC	395	B037412	5773	71.06	0.6127	0.4582	0.674	395
B037414	ENSG00000006744	NNC	395	B037414	5199	74.01	0.7013	0.3696	0.72	395
B037416	ENSG00000087191	NNC	395	B041831	28735	81.33	0.8608	0.1899	0.639	395
B037434	ENSG00000160957	NNC	395	B037434	1471	81.83	0.7924	0.5570	0.797	395
B037445	ENSG00000010539	FSM	394	B045846	20062	49.42	0.2995	0.0000	0.293	394
B037450	ENSG00000167315	FSM	394	B046550	22366	96.99	0.9949	0.9848	0.941	394
B037460	ENSG00000164902	FSM	394	B047688	2816	63.28	0.4239	0.1929	0.407	394
B037485	ENSG00000104112	NIC	394	B037485	470	53.27	0.2107	0.0000	0.242	394
B037492	ENSG00000124831	NIC	394	B031686	3038	75.92	0.6904	0.3731	0.307	394
B037515	ENSG00000176444	NIC	394	B043416	14410	70.84	0.6117	0.5609	0.65	394
B037525	ENSG00000196152	NIC	394	B048364	13329	73.42	0.7766	0.0279	0.432	394
B037558	ENSG00000145632	NNC	394	B042624	11896	73.66	0.6599	0.4061	0.626	394
B037564	ENSG00000025796	NNC	394	B031448	3738	72.00	0.5838	0.4467	0.616	394
B037569	ENSG00000176896	NNC	394	B049042	9192	67.41	0.5787	0.2538	0.415	394
B037639	ENSG00000085644	NIC	393	B028418	20133	67.36	0.5776	0.2595	0.368	393
B037660	ENSG00000171097	NIC	393	B033276	14071	93.42	0.9644	0.8499	0.906	393
B037667	ENSG00000083520	NIC	393	B037667	8633	85.85	0.8677	0.6158	0.81	393
B037675	ENSG00000204438	NIC	393	B043879	6400	66.30	0.5394	0.1730	0.344	393
B037684	ENSG00000110076	NIC	393	B037684	2238	69.83	0.5064	0.4504	0.531	393
B037704	ENSG00000072756	NNC	393	B037704	11628	82.23	0.8142	0.5852	0.738	393
B037731	ENSG00000076242	NNC	393	B034304	3380	66.37	0.4987	0.4326	0.581	393
B037739	ENSG00000187391	NNC	393	B037739	13429	63.99	0.4504	0.2875	0.341	393
B037745	ENSG00000149557	FSM	392	B042601	2038	65.77	0.4719	0.1964	0.428	392
B037757	ENSG00000105483	FSM	392	B037757	1190	60.51	0.4515	0.2117	0.608	392
B037770	ENSG00000163608	FSM	392	B036518	690	57.16	0.3673	0.1097	0.34	392
B037779	ENSG00000183621	FSM	392	B037779	10145	56.49	0.3878	0.1709	0.296	392
B037781	ENSG00000158006	FSM	392	B038331	6360	89.25	0.8980	0.7398	0.906	392
B037786	ENSG00000140092	FSM	392	B035483	19057	85.55	0.8673	0.6633	0.586	392
B037797	ENSG00000171365	FSM	392	B041724	9517	80.05	0.7908	0.3138	0.635	392
B037803	ENSG00000166455	NIC	392	B038372	317	43.41	0.0051	0.0000	0.169	392
B037818	ENSG00000106105	NIC	392	B049330	11240	91.98	0.9770	0.7628	0.811	392
B037835	ENSG00000183765	NIC	392	B037835	8090	70.30	0.5867	0.3571	0.588	392
B037836	ENSG00000128242	NIC	392	B038941	4676	89.01	0.8903	0.7857	0.864	392
B037844	ENSG00000085719	NIC	392	B043600	12897	89.70	0.9439	0.6760	0.78	392
B037847	ENSG00000151640	NIC	392	B038332	13552	86.92	0.8367	0.7832	0.782	392
B037855	ENSG00000141013	NNC	392	B037855	2808	81.78	0.8189	0.4464	0.309	392
B037882	ENSG00000130640	NNC	392	B037882	3176	78.00	0.7347	0.2908	0.771	392
B037895	ENSG00000189164	NNC	392	B037895	12651	48.92	0.3597	0.0663	0.329	392
B037920	ENSG00000103852	FSM	391	B039365	727	87.64	0.8619	0.7340	0.796	391
B037924	ENSG00000197563	FSM	391	B037924	3724	92.11	0.9463	0.7801	0.912	391
B037926	ENSG00000130202	FSM	391	B045167	2727	78.06	0.7008	0.4757	0.583	391
B037934	ENSG00000111877	FSM	391	B038436	5772	81.62	0.8721	0.2097	0.687	391
B037938	ENSG00000102054	FSM	391	B038151	8176	90.88	0.9003	0.8286	0.875	391
B037951	ENSG00000187815	NIC	391	B037951	13364	66.49	0.6292	0.0128	0.448	391
B037956	ENSG00000187994	NIC	391	B037956	1268	61.13	0.4066	0.2199	0.527	391
B037975	ENSG00000148672	NIC	391	B037975	22441	92.22	0.9872	0.7724	0.852	391
B037977	ENSG00000165868	NIC	391	B036906	4201	81.72	0.8005	0.3811	0.629	391
B037980	ENSG00000150990	NIC	391	B037980	15617	70.14	0.6113	0.3095	0.623	391
B037984	ENSG00000182087	NIC	391	B037984	1993	64.75	0.5422	0.0537	0.526	391
B037994	ENSG00000135597	NIC	391	B039939	1364	54.85	0.1918	0.1125	0.276	391
B038007	ENSG00000198720	NNC	391	B025741	2703	62.20	0.4629	0.0460	0.375	391
B038012	ENSG00000141452	NNC	391	B038012	1011	77.95	0.7417	0.4348	0.793	391
B038054	ENSG00000164164	NNC	391	B038054	1449	59.45	0.3734	0.2276	0.442	391
B038075	ENSG00000181007	FSM	390	B038371	13901	70.92	0.6667	0.0000	0.362	390
B038078	ENSG00000028116	FSM	390	B038078	9935	70.23	0.5872	0.4949	0.579	390
B038091	ENSG00000131018	FSM	390	B038091	900	76.39	0.7026	0.3744	0.543	390
B038097	ENSG00000170743	FSM	390	B040015	14155	77.30	0.6795	0.5410	0.463	390
B038100	ENSG00000103148	FSM	390	B027629	1349	65.08	0.4872	0.0000	0.59	390
B038107	ENSG00000177119	NIC	390	B038801	5456	83.43	0.8410	0.6205	0.769	390
B038175	ENSG00000133059	NNC	390	B038175	7113	88.44	0.9128	0.6282	0.77	390
B038184	ENSG00000158106	NNC	390	B038184	3913	77.22	0.7026	0.4897	0.71	390
B038190	ENSG00000177595	NNC	390	B038190	2315	68.05	0.6154	0.0795	0.35	390
B038228	ENSG00000138375	FSM	389	B038228	12404	75.87	0.7352	0.2982	0.75	389
B038234	ENSG00000187987	FSM	389	B053704	20423	66.48	0.5938	0.3445	0.356	389
B038236	ENSG00000104756	FSM	389	B045790	9881	90.42	0.9357	0.7815	0.597	389
B038242	ENSG00000105186	FSM	389	B040219	1934	76.00	0.7712	0.1440	0.568	389
B038252	ENSG00000198920	NIC	389	B038252	885	66.36	0.4524	0.2931	0.289	389
B038307	ENSG00000070495	NNC	389	B038307	7434	81.03	0.7686	0.7121	0.768	389
B038342	ENSG00000108424	NNC	389	B038342	3347	92.95	0.9512	0.8535	0.894	389
B038363	ENSG00000137513	NNC	389	B038363	13610	87.82	0.9023	0.6787	0.83	389
B038371	ENSG00000167377	FSM	388	B038371	24410	80.33	0.9691	0.0000	0.419	388
B038376	ENSG00000172006	FSM	388	B026735	12795	60.62	0.5515	0.2784	0.469	388
B038390	ENSG00000183741	FSM	388	B038390	11645	54.30	0.2113	0.1289	0.307	388
B038395	ENSG00000116691	FSM	388	B044388	1126	52.49	0.2526	0.0928	0.259	388
B038405	ENSG00000123575	FSM	388	B047413	278	55.09	0.2809	0.1624	0.293	388
B038408	ENSG00000138162	FSM	388	B026225	3392	69.91	0.5077	0.4639	0.374	388
B038437	ENSG00000160293	NIC	388	B038485	17787	78.83	0.7912	0.3119	0.388	388
B038487	ENSG00000186376	NNC	388	B043754	24220	57.46	0.4665	0.1031	0.335	388
B038495	ENSG00000129250	NNC	388	B038495	22567	72.10	0.6237	0.1804	0.488	388
B038517	ENSG00000053770	FSM	387	B038517	953	83.77	0.8450	0.4548	0.74	387
B038543	ENSG00000179526	FSM	387	B043429	2776	70.87	0.6227	0.3850	0.404	387
B038557	ENSG00000196497	NIC	387	B038557	1856	94.34	0.9664	0.9147	0.904	387
B038559	ENSG00000166164	NIC	387	B038559	1308	66.34	0.4987	0.1189	0.372	387
B038583	ENSG00000111596	NIC	387	B026952	3110	54.36	0.3514	0.0155	0.305	387
B038590	ENSG00000068489	NIC	387	B038590	712	58.60	0.3256	0.0362	0.203	387
B038593	ENSG00000143337	NIC	387	B038593	1560	71.08	0.5788	0.4832	0.606	387
B038617	ENSG00000158458	NNC	387	B038617	1434	42.88	0.0801	0.0000	0.206	387
B038621	ENSG00000066777	NNC	387	B038621	3760	82.23	0.7804	0.6382	0.784	387
B038660	ENSG00000173253	NNC	387	B038660	839	51.51	0.1628	0.0620	0.252	387
B038669	ENSG00000162066	FSM	386	B040491	14004	89.47	0.9041	0.7617	0.898	386
B038705	ENSG00000214517	FSM	386	B036529	5091	82.24	0.7746	0.6736	0.793	386
B038707	ENSG00000160352	FSM	386	B040239	17033	81.87	0.8601	0.3938	0.464	386
B038715	ENSG00000070961	NIC	386	B038715	15577	70.43	0.6218	0.2358	0.41	386
B038724	ENSG00000239474	NIC	386	B038724	5096	88.21	0.8964	0.7306	0.782	386
B038747	ENSG00000140386	NIC	386	B038747	1614	80.21	0.7513	0.4093	0.313	386
B038796	ENSG00000133135	NNC	386	B041755	17424	71.57	0.5829	0.4378	0.52	386
B038807	ENSG00000104064	NNC	386	B039304	8976	67.82	0.5466	0.4793	0.474	386
B038855	ENSG00000114126	FSM	385	B036652	3934	67.26	0.5558	0.3974	0.47	385
B038856	ENSG00000038210	FSM	385	B048117	3294	82.90	0.8026	0.6078	0.828	385
B038858	ENSG00000152684	FSM	385	B043235	3975	86.11	0.9299	0.4909	0.728	385
B038861	ENSG00000113645	FSM	385	B038861	1509	66.12	0.4831	0.2260	0.298	385
B038863	ENSG00000047932	FSM	385	B040913	10048	68.34	0.6026	0.1584	0.509	385
B038894	ENSG00000001036	NIC	385	B032146	14742	92.89	0.9195	0.8727	0.88	385
B038896	ENSG00000106069	NIC	385	B034462	17496	78.12	0.7455	0.4416	0.617	385
B038915	ENSG00000079785	NIC	385	B038915	13948	82.14	0.7506	0.5325	0.528	385
B038921	ENSG00000204231	NIC	385	B038921	14897	55.82	0.2390	0.1870	0.34	385
B038962	ENSG00000196632	NNC	385	B038962	7613	51.29	0.1351	0.1013	0.27	385
B038975	ENSG00000006695	NNC	385	B038975	11791	80.18	0.7481	0.6987	0.733	385
B038976	ENSG00000037042	NNC	385	B041053	12441	74.34	0.6831	0.5065	0.731	385
B038999	ENSG00000157837	FSM	384	B041042	4514	75.08	0.6641	0.1745	0.756	384
B039003	ENSG00000078304	FSM	384	B038000	6024	89.60	0.9062	0.7995	0.858	384
B039004	ENSG00000066557	FSM	384	B043213	11959	80.76	0.8802	0.1771	0.519	384
B039007	ENSG00000090006	FSM	384	B039007	14680	67.93	0.5703	0.2005	0.306	384
B039015	ENSG00000239713	FSM	384	B040780	2159	85.83	0.8906	0.5130	0.813	384
B039017	ENSG00000162736	FSM	384	B040845	1442	91.23	0.9714	0.7812	0.812	384
B039028	ENSG00000137145	FSM	384	B050622	2114	49.47	0.1536	0.1328	0.305	384
B039030	ENSG00000136828	FSM	384	B039030	8120	72.42	0.6380	0.5703	0.677	384
B039033	ENSG00000130829	FSM	384	B039033	12859	75.09	0.6693	0.4427	0.492	384
B039034	ENSG00000138166	FSM	384	B046249	13072	77.75	0.7266	0.5052	0.663	384
B039039	ENSG00000106692	FSM	384	B032117	5060	88.69	0.9010	0.7474	0.787	384
B039040	ENSG00000002016	NIC	384	B039040	3981	67.77	0.5469	0.4427	0.529	384
B039047	ENSG00000104731	NIC	384	B028782	3878	74.27	0.6771	0.4271	0.633	384
B039050	ENSG00000173786	NIC	384	B037696	1916	86.32	0.9036	0.5729	0.848	384
B039056	ENSG00000118705	NIC	384	B041958	653	79.28	0.7526	0.6120	0.789	384
B039071	ENSG00000133401	NIC	384	B039071	11235	69.75	0.5833	0.4401	0.438	384
B039146	ENSG00000104064	FSM	383	B039304	9221	66.78	0.5483	0.4700	0.471	383
B039191	ENSG00000161013	NIC	383	B039191	3405	83.24	0.8407	0.6319	0.554	383
B039218	ENSG00000132128	NNC	383	B039218	1255	81.43	0.8146	0.4804	0.8	383
B039222	ENSG00000196123	NNC	383	B028469	1749	66.09	0.5431	0.3603	0.627	383
B039277	ENSG00000132950	FSM	382	B039277	1515	49.60	0.1806	0.0707	0.24	382
B039295	ENSG00000064489	FSM	382	B042207	12641	55.52	0.2382	0.2094	0.344	382
B039302	ENSG00000149554	NIC	382	B031522	14991	73.55	0.6832	0.4529	0.619	382
B039310	ENSG00000159409	NIC	382	B027709	18828	65.94	0.5026	0.2487	0.325	382
B039321	ENSG00000189367	NIC	382	B045864	331	50.87	0.1361	0.0602	0.214	382
B039323	ENSG00000164506	NIC	382	B039323	2964	68.98	0.5183	0.2592	0.508	382
B039331	ENSG00000148702	NIC	382	B039331	25090	78.52	0.7723	0.5026	0.562	382
B039332	ENSG00000213782	NIC	382	B039332	26772	79.20	0.7618	0.4267	0.657	382
B039352	ENSG00000164114	NIC	382	B048100	383	51.19	0.0524	0.0236	0.207	382
B039384	ENSG00000104221	NNC	382	B039384	743	74.69	0.7042	0.2749	0.52	382
B039418	ENSG00000111615	FSM	381	B045483	3630	78.57	0.7165	0.4199	0.577	381
B039422	ENSG00000166165	FSM	381	B040334	10618	93.94	0.9633	0.8793	0.905	381
B039437	ENSG00000150995	FSM	381	B039437	5286	78.36	0.7664	0.3648	0.547	381
B039439	ENSG00000153015	FSM	381	B039439	20928	64.27	0.4698	0.1312	0.492	381
B039451	ENSG00000023041	FSM	381	B040852	12218	87.15	0.8871	0.6719	0.816	381
B039460	ENSG00000167196	NIC	381	B045315	1872	83.33	0.8241	0.5459	0.824	381
B039471	ENSG00000197121	NIC	381	B042874	6130	83.65	0.7795	0.5774	0.765	381
B039476	ENSG00000157617	NIC	381	B039476	1397	56.98	0.2625	0.0184	0.281	381
B039493	ENSG00000113758	NIC	381	B039493	1245	51.70	0.1601	0.0000	0.203	381
B039509	ENSG00000176014	NIC	381	B040788	12966	83.58	0.8530	0.5801	0.85	381
B039518	ENSG00000112941	NIC	381	B031564	6454	62.57	0.4567	0.3150	0.551	381
B039522	ENSG00000104044	NNC	381	B039522	6754	76.07	0.6903	0.1286	0.623	381
B039553	ENSG00000122512	NNC	381	B039553	13918	80.88	0.7480	0.5407	0.791	381
B039566	ENSG00000167978	NNC	381	B039566	99	43.87	0.0000	0.0000	0.122	381
B039584	ENSG00000197746	NNC	381	B039584	5017	71.94	0.6247	0.1942	0.389	381
B039587	ENSG00000005812	FSM	380	B051008	2938	81.55	0.7789	0.5684	0.716	380
B039599	ENSG00000143418	FSM	380	B039599	7740	83.58	0.8658	0.5816	0.775	380
B039608	ENSG00000164463	FSM	380	B039608	273	48.80	0.0579	0.0000	0.195	380
B039625	ENSG00000188786	NIC	380	B039625	449	41.51	0.0079	0.0000	0.172	380
B039626	ENSG00000084112	NIC	380	B039626	14983	53.63	0.3184	0.2763	0.447	380
B039627	ENSG00000032219	NIC	380	B039627	5362	70.24	0.5368	0.2711	0.599	380
B039661	ENSG00000120738	NIC	380	B039661	15003	54.45	0.2342	0.0816	0.286	380
B039667	ENSG00000198908	NIC	380	B039667	1092	47.37	0.1763	0.0000	0.278	380
B039679	ENSG00000063244	NIC	380	B039679	11140	78.57	0.7737	0.4553	0.579	380
B039689	ENSG00000008128	NNC	380	B039689	11402	70.78	0.5921	0.3763	0.457	380
B039691	ENSG00000197429	NNC	380	B027283	8959	91.28	0.9395	0.7447	0.811	380
B039692	ENSG00000100644	NNC	380	B039692	1021	51.68	0.1684	0.0000	0.212	380
B039739	ENSG00000156875	NNC	380	B034020	3272	72.46	0.7421	0.0053	0.664	380
B039762	ENSG00000092203	FSM	379	B039762	1038	47.09	0.1319	0.1082	0.265	379
B039770	ENSG00000132589	FSM	379	B033342	7979	77.81	0.7625	0.0844	0.368	379
B039778	ENSG00000152291	FSM	379	B037349	1896	49.03	0.0950	0.0185	0.218	379
B039785	ENSG00000164031	FSM	379	B041237	29227	73.66	0.6807	0.3430	0.368	379
B039796	ENSG00000104549	FSM	379	B052603	3532	90.58	0.9894	0.6016	0.844	379
B039812	ENSG00000047621	NIC	379	B039812	1242	83.36	0.7995	0.5620	0.821	379
B039815	ENSG00000119596	NIC	379	B053943	2493	68.83	0.5092	0.1398	0.498	379
B039834	ENSG00000285793	NIC	379	B054342	3267	74.94	0.7177	0.0554	0.752	379
B039855	ENSG00000006118	NIC	379	B045480	1586	59.19	0.3298	0.0660	0.328	379
B039871	ENSG00000147316	NIC	379	B039871	4460	67.91	0.5488	0.3272	0.334	379
B039872	ENSG00000197694	NIC	379	B039872	7958	85.71	0.8417	0.7230	0.656	379
B039878	ENSG00000135473	NNC	379	B039878	3425	79.89	0.7916	0.4248	0.686	379
B039887	ENSG00000126456	NNC	379	B030359	2056	72.60	0.6755	0.2744	0.625	379
B039896	ENSG00000070476	NNC	379	B039896	8349	50.64	0.2559	0.0000	0.249	379
B039952	ENSG00000177082	FSM	378	B043212	1024	86.79	0.8624	0.6270	0.877	378
B039958	ENSG00000182013	FSM	378	B039958	1358	60.13	0.4206	0.2143	0.4	378
B039968	ENSG00000026950	FSM	378	B039968	7071	81.98	0.7857	0.5132	0.594	378
B039969	ENSG00000001036	FSM	378	B039969	13549	96.07	0.9974	0.9524	0.923	378
B039981	ENSG00000173988	FSM	378	B047661	418	46.99	0.1958	0.0450	0.303	378
B039985	ENSG00000152256	FSM	378	B041542	5342	86.51	0.8439	0.6270	0.858	378
B039995	ENSG00000013364	NIC	378	B039995	3426	80.71	0.7857	0.6508	0.671	378
B040010	ENSG00000161057	NIC	378	B040010	19490	73.14	0.6508	0.0767	0.491	378
B040016	ENSG00000174791	NIC	378	B040016	1918	71.66	0.6164	0.4286	0.694	378
B040039	ENSG00000196510	NNC	378	B040039	717	84.83	0.8492	0.6825	0.771	378
B040053	ENSG00000155755	NNC	378	B042060	888	61.19	0.3307	0.0661	0.483	378
B040071	ENSG00000066117	NNC	378	B040071	9017	72.34	0.6032	0.4392	0.557	378
B040087	ENSG00000105357	NNC	378	B040087	4423	81.90	0.8042	0.4233	0.309	378
B040118	ENSG00000213996	FSM	377	B040118	1375	86.52	0.8886	0.5385	0.861	377
B040123	ENSG00000082146	FSM	377	B043732	4699	76.50	0.7082	0.5544	0.754	377
B040132	ENSG00000164291	FSM	377	B040132	10176	89.49	0.9045	0.7560	0.877	377
B040137	ENSG00000122642	FSM	377	B045673	19880	84.12	0.8090	0.5782	0.724	377
B040145	ENSG00000047849	FSM	377	B040145	920	49.40	0.1353	0.0451	0.248	377
B040150	ENSG00000213903	NIC	377	B044582	7316	74.86	0.7268	0.3050	0.736	377
B040196	ENSG00000134186	NIC	377	B029847	3300	65.45	0.5252	0.0000	0.404	377
B040197	ENSG00000153107	NIC	377	B040197	2849	77.44	0.7613	0.1353	0.654	377
B040215	ENSG00000135686	NNC	377	B040215	9848	69.36	0.5782	0.3369	0.632	377
B040225	ENSG00000196588	NNC	377	B040225	2138	53.16	0.2308	0.0796	0.238	377
B040226	ENSG00000163462	NNC	377	B040226	9677	79.05	0.7639	0.3793	0.519	377
B040240	ENSG00000131269	NNC	377	B040240	22421	85.52	0.8886	0.5676	0.736	377
B040282	ENSG00000064726	FSM	376	B037312	9002	92.35	0.9707	0.8112	0.595	376
B040312	ENSG00000124570	FSM	376	B039242	15488	89.11	0.9335	0.7500	0.871	376
B040321	ENSG00000068308	FSM	376	B052160	7219	73.60	0.6463	0.4814	0.537	376
B040339	ENSG00000131242	NIC	376	B040339	1973	78.48	0.6862	0.5372	0.366	376
B040355	ENSG00000152778	NIC	376	B041255	1904	91.47	0.9574	0.7553	0.84	376
B040399	ENSG00000135318	NNC	376	B040399	13095	92.02	0.9255	0.8138	0.881	376
B040406	ENSG00000165688	NNC	376	B040406	9538	77.18	0.7713	0.2926	0.698	376
B040412	ENSG00000111371	NNC	376	B040412	4902	75.54	0.7154	0.2207	0.727	376
B040415	ENSG00000125319	NNC	376	B040415	1722	55.58	0.2660	0.1489	0.336	376
B040425	ENSG00000196562	NNC	376	B041079	10503	86.86	0.8404	0.8032	0.839	376
B040465	ENSG00000159346	FSM	375	B053098	7492	81.16	0.7680	0.6213	0.743	375
B040467	ENSG00000197208	FSM	375	B044831	9392	78.18	0.8133	0.1680	0.752	375
B040473	ENSG00000164850	FSM	375	B040473	5359	75.21	0.6453	0.3307	0.73	375
B040479	ENSG00000148719	FSM	375	B043290	29070	74.30	0.6853	0.3813	0.364	375
B040483	ENSG00000205531	FSM	375	B040483	7732	79.12	0.6827	0.5147	0.704	375
B040539	ENSG00000149380	NIC	375	B040539	1662	71.16	0.6267	0.1040	0.606	375
B040556	ENSG00000143970	NNC	375	B040556	2707	51.29	0.2027	0.0107	0.243	375
B040563	ENSG00000163946	NNC	375	B040563	584	42.02	0.0587	0.0000	0.239	375
B040583	ENSG00000142945	NNC	375	B041708	17789	70.95	0.6293	0.1013	0.63	375
B040593	ENSG00000144535	NNC	375	B040593	3769	72.94	0.6080	0.5307	0.622	375
B040598	ENSG00000129071	NNC	375	B027861	7627	54.10	0.3040	0.2480	0.38	375
B040612	ENSG00000116478	NNC	375	B044800	16945	79.34	0.7253	0.5653	0.725	375
B040616	ENSG00000159322	FSM	374	B044487	1623	90.95	0.9840	0.6738	0.885	374
B040617	ENSG00000166965	FSM	374	B040617	8443	86.96	0.8449	0.7219	0.861	374
B040635	ENSG00000137221	FSM	374	B040635	762	54.05	0.1952	0.0080	0.222	374
B040638	ENSG00000175305	FSM	374	B047934	8096	79.27	0.7112	0.5909	0.728	374
B040653	ENSG00000119547	FSM	374	B040653	6604	58.41	0.3342	0.2353	0.372	374
B040658	ENSG00000111490	NIC	374	B040658	6632	69.01	0.5989	0.2888	0.702	374
B040677	ENSG00000148634	NIC	374	B030508	12762	90.12	0.9251	0.7112	0.837	374
B040685	ENSG00000027001	NIC	374	B040685	2945	82.33	0.8155	0.7299	0.734	374
B040702	ENSG00000149564	NNC	374	B040702	3531	72.53	0.5802	0.4091	0.473	374
B040705	ENSG00000135424	NNC	374	B040705	2392	82.71	0.8235	0.5401	0.681	374
B040712	ENSG00000102908	NNC	374	B040712	50	41.06	0.0160	0.0000	0.195	374
B040744	ENSG00000105197	NNC	374	B040744	9788	76.73	0.7299	0.4679	0.64	374
B040771	ENSG00000158805	FSM	373	B040771	9214	57.29	0.3619	0.0027	0.277	373
B040775	ENSG00000105767	FSM	373	B045938	7194	85.64	0.8418	0.7105	0.646	373
B040789	ENSG00000137285	FSM	373	B040788	12941	89.72	0.9383	0.7399	0.876	373
B040800	ENSG00000198728	FSM	373	B034830	1330	70.56	0.5684	0.3646	0.559	373
B040813	ENSG00000019144	NIC	373	B040813	4240	63.88	0.4772	0.2252	0.317	373
B040823	ENSG00000197114	NIC	373	B040823	10200	74.17	0.6997	0.3324	0.366	373
B040835	ENSG00000110171	NIC	373	B052510	4612	77.58	0.6783	0.5523	0.558	373
B040836	ENSG00000133104	NIC	373	B040836	1304	61.60	0.4531	0.0643	0.499	373
B040843	ENSG00000184402	NIC	373	B054881	2595	43.24	0.1314	0.0000	0.284	373
B040855	ENSG00000121741	NNC	373	B040855	2187	57.16	0.2815	0.0000	0.34	373
B040861	ENSG00000276234	NNC	373	B037005	11038	79.22	0.8016	0.3378	0.452	373
B040867	ENSG00000180530	NNC	373	B040867	337	51.86	0.1555	0.0000	0.201	373
B040873	ENSG00000143258	NNC	373	B040873	11004	56.45	0.2788	0.2252	0.424	373
B040876	ENSG00000154162	NNC	373	B040876	11261	78.81	0.7319	0.4987	0.667	373
B040879	ENSG00000153015	NNC	373	B042119	9025	69.00	0.5523	0.0483	0.297	373
B040884	ENSG00000127914	NNC	373	B040884	1334	87.83	0.8713	0.6702	0.318	373
B040889	ENSG00000133731	NNC	373	B047777	10946	76.02	0.6863	0.5496	0.726	373
B040893	ENSG00000198105	NNC	373	B040893	16485	70.08	0.6676	0.3351	0.465	373
B040895	ENSG00000177685	NNC	373	B040895	6670	74.54	0.6542	0.3780	0.305	373
B040904	ENSG00000115525	NNC	373	B040904	3728	73.25	0.6434	0.3968	0.663	373
B040914	ENSG00000079819	NNC	373	B040914	1924	54.32	0.2306	0.0000	0.302	373
B040923	ENSG00000120451	FSM	372	B040923	1308	61.02	0.4785	0.0000	0.347	372
B040926	ENSG00000185344	FSM	372	B055728	4250	78.62	0.7849	0.2849	0.677	372
B040927	ENSG00000139668	FSM	372	B040927	5795	95.27	1.0000	0.9435	0.898	372
B040930	ENSG00000100600	FSM	372	B040279	6984	87.88	0.8468	0.7823	0.855	372
B040938	ENSG00000257591	FSM	372	B055925	16068	70.30	0.6909	0.2043	0.456	372
B040947	ENSG00000100106	FSM	372	B040947	5593	60.44	0.4194	0.1667	0.358	372
B040952	ENSG00000117595	FSM	372	B045764	2273	70.55	0.5726	0.3871	0.574	372
B040962	ENSG00000005302	FSM	372	B048317	2210	63.05	0.4624	0.2070	0.568	372
B040965	ENSG00000156860	FSM	372	B040965	1472	47.34	0.0457	0.0323	0.185	372
B040968	ENSG00000144847	FSM	372	B036060	5022	67.04	0.5108	0.3226	0.498	372
B040983	ENSG00000103599	NIC	372	B040983	1765	88.13	0.8790	0.8226	0.819	372
B040988	ENSG00000078328	NIC	372	B040302	14693	53.64	0.2151	0.2043	0.357	372
B041001	ENSG00000163462	NIC	372	B041001	2827	76.95	0.7608	0.3656	0.49	372
B041008	ENSG00000198961	NIC	372	B041008	782	53.05	0.1425	0.0188	0.206	372
B041085	ENSG00000130766	NNC	372	B034999	2588	77.31	0.7446	0.3145	0.791	372
B041112	ENSG00000162374	FSM	371	B045720	21942	71.33	0.6388	0.4016	0.443	371
B041119	ENSG00000136451	FSM	371	B054618	13081	58.16	0.3639	0.0997	0.345	371
B041125	ENSG00000138381	FSM	371	B041125	3173	84.56	0.8113	0.5741	0.84	371
B041133	ENSG00000163435	FSM	371	B048830	4984	59.99	0.4151	0.1294	0.339	371
B041138	ENSG00000147813	FSM	371	B041138	10014	93.47	0.9919	0.8437	0.838	371
B041161	ENSG00000141524	NIC	371	B041161	1832	68.89	0.5687	0.0243	0.45	371
B041180	ENSG00000146021	NIC	371	B047523	11490	90.14	0.9245	0.7682	0.705	371
B041184	ENSG00000146233	NIC	371	B036624	969	85.62	0.8976	0.4259	0.815	371
B041188	ENSG00000138279	NIC	371	B036575	12590	70.03	0.5687	0.4555	0.496	371
B041202	ENSG00000163714	NIC	371	B041202	1921	57.00	0.2264	0.0243	0.259	371
B041214	ENSG00000083544	NNC	371	B041214	6942	53.12	0.1725	0.1375	0.318	371
B041219	ENSG00000076351	NNC	371	B041219	1384	66.49	0.4420	0.0458	0.642	371
B041224	ENSG00000186204	NNC	371	B041224	10311	73.52	0.6658	0.2534	0.659	371
B041236	ENSG00000136518	NNC	371	B041236	9862	83.33	0.8194	0.5903	0.812	371
B041239	ENSG00000145740	NNC	371	B034252	11323	65.25	0.4663	0.0943	0.573	371
B041244	ENSG00000172748	NNC	371	B036322	12567	77.32	0.7898	0.2534	0.456	371
B041247	ENSG00000023318	NNC	371	B041247	10735	82.66	0.8032	0.5364	0.718	371
B041256	ENSG00000107581	NNC	371	B041256	2397	78.69	0.7116	0.4447	0.325	371
B041283	ENSG00000105939	NNC	371	B041283	2384	69.81	0.5741	0.4340	0.609	371
B041285	ENSG00000003989	NNC	371	B041285	13601	63.82	0.5094	0.0943	0.573	371
B041301	ENSG00000035664	FSM	370	B041301	18388	82.33	0.8135	0.5946	0.794	370
B041306	ENSG00000276293	FSM	370	B046178	9486	83.58	0.7865	0.6297	0.817	370
B041309	ENSG00000074657	FSM	370	B032872	4470	61.53	0.4432	0.1919	0.279	370
B041310	ENSG00000072958	FSM	370	B035126	7607	86.56	0.8649	0.6081	0.693	370
B041316	ENSG00000134072	FSM	370	B050653	23449	75.93	0.6919	0.4162	0.758	370
B041324	ENSG00000123684	FSM	370	B047527	1828	90.96	0.9297	0.8189	0.879	370
B041328	ENSG00000241685	FSM	370	B041328	5188	91.89	0.9135	0.8135	0.891	370
B041334	ENSG00000152601	FSM	370	B041334	9694	63.68	0.4838	0.1622	0.312	370
B041351	ENSG00000276234	NIC	370	B037005	7183	76.35	0.7243	0.1324	0.352	370
B041386	ENSG00000197056	NIC	370	B041386	1503	57.41	0.4000	0.0162	0.32	370
B041398	ENSG00000240038	NIC	370	B041398	6906	93.10	0.9351	0.8730	0.905	370
B041418	ENSG00000132199	NNC	370	B042277	9975	85.32	0.8351	0.6189	0.836	370
B041422	ENSG00000141837	NNC	370	B041422	2887	55.53	0.2676	0.1919	0.371	370
B041437	ENSG00000204356	NNC	370	B041437	9191	64.81	0.4703	0.0432	0.332	370
B041442	ENSG00000214338	NNC	370	B041442	2109	63.82	0.4676	0.3297	0.311	370
B041444	ENSG00000158623	NNC	370	B045583	3168	80.12	0.7919	0.4432	0.722	370
B041460	ENSG00000126790	NNC	370	B041460	2701	65.62	0.5162	0.1811	0.652	370
B041472	ENSG00000068654	NNC	370	B038982	8686	68.45	0.5838	0.3108	0.535	370
B041479	ENSG00000114544	NNC	370	B044173	3712	88.38	0.9622	0.5486	0.852	370
B041486	ENSG00000148481	NNC	370	B041486	3784	83.84	0.8378	0.5865	0.771	370
B041488	ENSG00000095787	NNC	370	B041488	1333	48.75	0.1892	0.0676	0.299	370
B041512	ENSG00000109775	FSM	369	B041512	3341	92.44	0.9675	0.8211	0.891	369
B041521	ENSG00000148334	FSM	369	B051955	8752	80.84	0.7832	0.5637	0.752	369
B041527	ENSG00000146013	FSM	369	B046569	1837	77.39	0.7073	0.5366	0.626	369
B041536	ENSG00000100897	NIC	369	B041536	5717	86.94	0.8564	0.6992	0.842	369
B041537	ENSG00000129515	NIC	369	B038362	1416	78.68	0.7100	0.4905	0.707	369
B041554	ENSG00000100335	NIC	369	B041554	921	88.64	0.8835	0.7669	0.838	369
B041558	ENSG00000172493	NIC	369	B041558	1882	56.32	0.2141	0.1003	0.244	369
B041563	ENSG00000120256	NIC	369	B036368	16317	72.17	0.6423	0.3659	0.375	369
B041566	ENSG00000130226	NIC	369	B041566	7021	76.35	0.7236	0.4553	0.677	369
B041609	ENSG00000102763	NNC	369	B041609	2501	86.49	0.8997	0.5827	0.818	369
B041618	ENSG00000163349	NNC	369	B041618	1471	45.12	0.0461	0.0000	0.172	369
B041640	ENSG00000168000	NNC	369	B041640	2251	69.68	0.5935	0.2981	0.509	369
B041648	ENSG00000072958	NNC	369	B035126	6986	84.43	0.8482	0.5312	0.662	369
B041658	ENSG00000122545	NNC	369	B050900	8984	77.73	0.7832	0.1491	0.642	369
B041667	ENSG00000157470	FSM	368	B041667	785	82.87	0.8043	0.5435	0.383	368
B041679	ENSG00000285793	FSM	368	B057059	3278	77.90	0.7799	0.0734	0.768	368
B041682	ENSG00000130706	FSM	368	B041682	2537	55.25	0.1848	0.0000	0.267	368
B041686	ENSG00000138641	FSM	368	B041686	16525	88.28	0.8804	0.7609	0.874	368
B041690	ENSG00000163050	FSM	368	B038076	10800	87.42	0.9158	0.5870	0.847	368
B041727	ENSG00000205339	NIC	368	B045876	2475	84.06	0.7880	0.6440	0.812	368
B041730	ENSG00000111142	NIC	368	B041730	6652	74.33	0.6712	0.5000	0.694	368
B041761	ENSG00000111666	NNC	368	B034108	7209	84.67	0.8478	0.6223	0.835	368
B041777	ENSG00000100056	NNC	368	B041777	2448	67.90	0.5054	0.1929	0.453	368
B041793	ENSG00000136935	NNC	368	B041793	1158	80.73	0.7446	0.5353	0.35	368
B041819	ENSG00000112200	NNC	368	B041819	178	61.94	0.4864	0.0163	0.556	368
B041822	ENSG00000241058	NNC	368	B044659	11400	90.36	0.9348	0.7527	0.856	368
B041830	ENSG00000119689	FSM	367	B039393	18802	79.79	0.6948	0.5695	0.647	367
B041834	ENSG00000103264	FSM	367	B041834	1919	80.57	0.8093	0.5014	0.775	367
B041835	ENSG00000040531	FSM	367	B044189	4166	87.13	0.9019	0.6894	0.823	367
B041838	ENSG00000078142	FSM	367	B041838	11107	92.68	0.9591	0.8038	0.889	367
B041857	ENSG00000172239	FSM	367	B047398	1378	80.96	0.7493	0.5313	0.641	367
B041883	ENSG00000173575	NIC	367	B041930	6265	74.22	0.6158	0.4632	0.596	367
B041898	ENSG00000011523	NIC	367	B042179	771	55.38	0.2807	0.1471	0.335	367
B041914	ENSG00000196482	NIC	367	B030860	16632	72.69	0.6512	0.5259	0.564	367
B041919	ENSG00000162923	NIC	367	B029431	11394	92.29	0.9455	0.8147	0.888	367
B041921	ENSG00000105928	NIC	367	B041921	1202	67.84	0.5422	0.1907	0.604	367
B041932	ENSG00000072736	NIC	367	B040692	297	43.00	0.0191	0.0000	0.156	367
B041942	ENSG00000120798	NNC	367	B044560	11446	64.80	0.5422	0.1499	0.637	367
B041945	ENSG00000214013	NNC	367	B043686	3859	81.30	0.7875	0.5150	0.817	367
B041964	ENSG00000138750	NNC	367	B031094	1287	72.84	0.6649	0.5177	0.604	367
B041971	ENSG00000105821	NNC	367	B041971	8497	81.84	0.8065	0.4877	0.412	367
B041995	ENSG00000125863	NNC	367	B041995	636	85.50	0.8638	0.5177	0.784	367
B042000	ENSG00000113838	NNC	367	B042000	1115	80.74	0.8038	0.4196	0.686	367
B042021	ENSG00000139880	FSM	366	B042021	5427	67.18	0.4317	0.1803	0.413	366
B042025	ENSG00000171241	FSM	366	B042025	911	77.80	0.7322	0.4836	0.708	366
B042029	ENSG00000108799	FSM	366	B042029	13637	70.97	0.6202	0.4016	0.538	366
B042030	ENSG00000171634	FSM	366	B030977	1411	59.32	0.3852	0.2186	0.288	366
B042038	ENSG00000109736	FSM	366	B042038	8369	66.45	0.5383	0.0464	0.622	366
B042040	ENSG00000198055	FSM	366	B048705	17312	88.46	0.8770	0.7541	0.834	366
B042045	ENSG00000148339	FSM	366	B039006	12774	70.34	0.5929	0.0000	0.646	366
B042046	ENSG00000187796	FSM	366	B042046	1683	86.65	0.8798	0.6038	0.388	366
B042058	ENSG00000131848	FSM	366	B042279	14547	55.05	0.3798	0.3361	0.425	366
B042060	ENSG00000155755	FSM	366	B042060	881	62.29	0.4208	0.1339	0.506	366
B042087	ENSG00000112511	NIC	366	B043282	2016	60.95	0.4372	0.2705	0.472	366
B042113	ENSG00000073169	NIC	366	B044200	10940	89.55	0.9208	0.7158	0.877	366
B042121	ENSG00000146376	NIC	366	B031171	7944	77.72	0.7240	0.4727	0.728	366
B042141	ENSG00000109113	NNC	366	B042141	9453	45.96	0.2814	0.0792	0.41	366
B042216	ENSG00000010256	FSM	365	B029409	7541	92.27	0.9945	0.8000	0.875	365
B042221	ENSG00000132424	FSM	365	B045459	218	51.04	0.1288	0.0000	0.197	365
B042224	ENSG00000176273	FSM	365	B050474	3760	78.78	0.7781	0.4548	0.75	365
B042231	ENSG00000142920	FSM	365	B054799	7782	81.14	0.7918	0.5479	0.769	365
B042243	ENSG00000005156	NIC	365	B042243	13273	72.70	0.6740	0.3699	0.548	365
B042270	ENSG00000198730	NIC	365	B042270	2059	95.27	0.9836	0.9616	0.841	365
B042272	ENSG00000149557	NIC	365	B044515	2058	68.27	0.5178	0.2164	0.446	365
B042274	ENSG00000165792	NIC	365	B034881	3914	88.96	0.9151	0.7288	0.876	365
B042287	ENSG00000153147	NIC	365	B034664	3723	79.21	0.7260	0.4822	0.632	365
B042294	ENSG00000020922	NIC	365	B042294	2533	61.98	0.4274	0.0904	0.342	365
B042298	ENSG00000165821	NNC	365	B042298	5427	53.19	0.2301	0.0000	0.235	365
B042302	ENSG00000124067	NNC	365	B042302	8033	52.09	0.1890	0.0000	0.414	365
B042304	ENSG00000108666	NNC	365	B037114	589	70.93	0.6548	0.0575	0.519	365
B042305	ENSG00000154760	NNC	365	B042305	2089	86.67	0.9014	0.5945	0.837	365
B042313	ENSG00000115414	NNC	365	B042313	4607	82.63	0.8411	0.5616	0.606	365
B042314	ENSG00000131778	NNC	365	B033077	20331	77.77	0.7534	0.4384	0.583	365
B042316	ENSG00000118849	NNC	365	B042316	1030	68.07	0.5425	0.4000	0.622	365
B042318	ENSG00000197712	NNC	365	B042318	1480	76.67	0.6904	0.5151	0.714	365
B042357	ENSG00000075043	NNC	365	B042357	2010	56.89	0.2904	0.1863	0.347	365
B042372	ENSG00000138835	NNC	365	B042372	10071	65.20	0.3644	0.3315	0.448	365
B042374	ENSG00000151151	NNC	365	B043126	3840	73.44	0.6438	0.5863	0.704	365
B042386	ENSG00000141570	FSM	364	B049924	12572	57.22	0.2775	0.0824	0.239	364
B042390	ENSG00000163159	FSM	364	B054484	3735	67.64	0.4863	0.2280	0.313	364
B042408	ENSG00000248098	FSM	364	B047675	14912	96.13	1.0000	0.9890	0.922	364
B042425	ENSG00000169683	NIC	364	B037375	562	84.91	0.8352	0.5659	0.342	364
B042441	ENSG00000204344	NIC	364	B042441	1188	70.55	0.6016	0.5412	0.615	364
B042448	ENSG00000186376	NIC	364	B042448	21374	58.11	0.4753	0.1181	0.376	364
B042453	ENSG00000111206	NIC	364	B042453	11243	58.08	0.3516	0.1676	0.348	364
B042462	ENSG00000183785	NIC	364	B042462	10699	72.21	0.6648	0.3104	0.731	364
B042470	ENSG00000147649	NIC	364	B045302	870	51.03	0.1676	0.0000	0.211	364
B042479	ENSG00000102580	NNC	364	B042479	17139	82.85	0.8104	0.6209	0.67	364
B042490	ENSG00000090006	NNC	364	B042490	14086	65.11	0.4808	0.2060	0.423	364
B042493	ENSG00000083817	NNC	364	B042493	13515	42.56	0.1374	0.0852	0.325	364
B042495	ENSG00000085760	NNC	364	B037209	9962	84.24	0.8599	0.5247	0.529	364
B042521	ENSG00000089916	NNC	364	B039457	833	51.68	0.0797	0.0055	0.19	364
B042542	ENSG00000049167	NNC	364	B033479	3914	83.96	0.7940	0.6401	0.837	364
B042551	ENSG00000135249	NNC	364	B042551	1093	88.32	0.8956	0.6621	0.849	364
B042557	ENSG00000172732	NNC	364	B042557	3239	80.44	0.7802	0.5220	0.657	364
B042576	ENSG00000101079	FSM	363	B042576	4096	80.51	0.7328	0.6391	0.787	363
B042580	ENSG00000087266	FSM	363	B042580	2212	62.54	0.3416	0.2590	0.412	363
B042589	ENSG00000132434	FSM	363	B032203	3599	95.83	0.9862	0.9642	0.938	363
B042593	ENSG00000167792	FSM	363	B032866	21231	95.03	0.9945	0.9256	0.899	363
B042594	ENSG00000174326	FSM	363	B029867	9196	83.86	0.8567	0.5923	0.802	363
B042602	ENSG00000120647	NIC	363	B037308	1260	79.48	0.7052	0.5289	0.476	363
B042604	ENSG00000063046	NIC	363	B042855	2817	51.34	0.0716	0.0000	0.164	363
B042633	ENSG00000140265	NIC	363	B043955	16861	60.14	0.4683	0.1377	0.464	363
B042637	ENSG00000198951	NIC	363	B040322	16236	86.85	0.8182	0.7686	0.832	363
B042652	ENSG00000132849	NNC	363	B042652	11429	59.53	0.3251	0.2397	0.383	363
B042658	ENSG00000119760	NNC	363	B042658	579	63.40	0.4435	0.3196	0.505	363
B042681	ENSG00000167588	NNC	363	B042681	12950	85.28	0.8623	0.6529	0.847	363
B042692	ENSG00000101076	NNC	363	B042692	13618	66.01	0.5620	0.3196	0.484	363
B042693	ENSG00000141959	NNC	363	B044305	13816	84.52	0.8347	0.4821	0.792	363
B042714	ENSG00000135097	FSM	362	B057243	20462	61.17	0.4309	0.2762	0.333	362
B042715	ENSG00000092098	FSM	362	B048875	4725	84.21	0.8785	0.3840	0.714	362
B042724	ENSG00000196705	FSM	362	B040239	24114	87.87	0.9503	0.5552	0.499	362
B042744	ENSG00000188234	FSM	362	B042744	2485	48.58	0.1685	0.1133	0.311	362
B042746	ENSG00000107679	FSM	362	B042746	9144	65.43	0.4917	0.2845	0.433	362
B042752	ENSG00000073008	FSM	362	B042752	2369	83.58	0.8398	0.5829	0.65	362
B042759	ENSG00000081985	NIC	362	B042759	1109	84.47	0.8425	0.5856	0.69	362
B042761	ENSG00000167536	NIC	362	B042761	10627	58.91	0.4061	0.2265	0.528	362
B042764	ENSG00000130159	NIC	362	B042764	1327	58.96	0.4586	0.2293	0.531	362
B042766	ENSG00000104852	NIC	362	B041166	16461	67.44	0.5055	0.1215	0.417	362
B042778	ENSG00000054611	NIC	362	B042778	5451	65.33	0.4613	0.2790	0.475	362
B042779	ENSG00000145014	NIC	362	B042779	446	44.95	0.0000	0.0000	0.219	362
B042780	ENSG00000065882	NIC	362	B042780	1957	60.82	0.4033	0.2127	0.4	362
B042782	ENSG00000137171	NIC	362	B042782	3067	58.14	0.3702	0.0691	0.505	362
B042794	ENSG00000257390	NIC	362	B042794	6216	67.03	0.4586	0.2845	0.344	362
B042813	ENSG00000170322	NNC	362	B042813	5695	55.73	0.2873	0.1215	0.386	362
B042819	ENSG00000100604	NNC	362	B042136	1576	60.38	0.3646	0.1215	0.273	362
B042837	ENSG00000151725	NNC	362	B042837	766	65.07	0.4641	0.3039	0.393	362
B042855	ENSG00000063046	NNC	362	B042855	2674	51.89	0.0884	0.0000	0.168	362
B042871	ENSG00000187994	NNC	362	B042871	1149	57.57	0.4392	0.0000	0.369	362
B042918	ENSG00000001084	FSM	361	B036567	3849	89.20	0.8975	0.8172	0.858	361
B042923	ENSG00000148296	FSM	361	B042923	2166	71.79	0.6205	0.3795	0.42	361
B042925	ENSG00000138138	FSM	361	B048839	18815	79.22	0.7618	0.2078	0.707	361
B042927	ENSG00000116350	FSM	361	B046086	16733	58.46	0.3795	0.0028	0.283	361
B042929	ENSG00000026508	FSM	361	B032915	5526	68.33	0.4903	0.4238	0.51	361
B042936	ENSG00000014138	FSM	361	B046064	3298	88.74	0.8947	0.7922	0.864	361
B042943	ENSG00000183044	NIC	361	B042943	7432	91.59	0.9280	0.8310	0.91	361
B042961	ENSG00000153015	NIC	361	B033826	20213	72.57	0.6676	0.1773	0.51	361
B042966	ENSG00000106263	NIC	361	B051465	3918	86.83	0.9252	0.5042	0.703	361
B042973	ENSG00000131269	NIC	361	B042973	12897	78.90	0.8476	0.1662	0.612	361
B042986	ENSG00000127837	NIC	361	B043479	8101	93.65	0.9418	0.9141	0.903	361
B042990	ENSG00000114767	NIC	361	B042990	9300	93.97	0.9335	0.9086	0.914	361
B043012	ENSG00000141298	NNC	361	B043012	15173	51.12	0.2050	0.1357	0.291	361
B043080	ENSG00000198569	NNC	361	B043080	9886	64.96	0.4709	0.0305	0.564	361
B043083	ENSG00000132740	NNC	361	B043083	14110	85.72	0.8476	0.7535	0.796	361
B043093	ENSG00000103194	FSM	360	B052843	10639	81.51	0.8028	0.5000	0.818	360
B043096	ENSG00000068489	FSM	360	B051697	718	60.45	0.3611	0.0444	0.206	360
B043101	ENSG00000196361	FSM	360	B045720	22040	70.39	0.6444	0.2889	0.422	360
B043104	ENSG00000116874	FSM	360	B043104	18491	88.05	0.8889	0.7500	0.832	360
B043105	ENSG00000119004	FSM	360	B030336	2599	92.07	0.9694	0.7694	0.918	360
B043106	ENSG00000188760	FSM	360	B043106	1352	73.23	0.6361	0.3278	0.612	360
B043134	ENSG00000164823	FSM	360	B043134	2743	83.10	0.8111	0.5028	0.799	360
B043154	ENSG00000075043	NIC	360	B043154	14867	69.94	0.6306	0.1750	0.549	360
B043166	ENSG00000157168	NIC	360	B043166	7577	53.30	0.2611	0.1000	0.255	360
B043179	ENSG00000070269	NIC	360	B045082	2161	93.22	0.9806	0.8667	0.869	360
B043181	ENSG00000073417	NIC	360	B029642	11884	94.17	0.9500	0.9083	0.921	360
B043188	ENSG00000132640	NIC	360	B043188	4569	89.61	0.9194	0.7389	0.832	360
B043193	ENSG00000163605	NIC	360	B033973	2262	53.15	0.1750	0.0278	0.271	360
B043216	ENSG00000166164	NNC	360	B038559	1475	69.47	0.4833	0.1778	0.413	360
B043233	ENSG00000256043	NNC	360	B043233	14541	67.42	0.6083	0.2444	0.714	360
B043256	ENSG00000137710	NNC	360	B043256	9582	77.36	0.7472	0.3056	0.306	360
B043274	ENSG00000159110	NNC	360	B030391	477	56.02	0.2778	0.1500	0.365	360
B043313	ENSG00000163681	FSM	359	B043661	1255	80.35	0.6936	0.5320	0.369	359
B043318	ENSG00000050393	FSM	359	B043318	2265	66.21	0.5376	0.3343	0.323	359
B043328	ENSG00000099194	FSM	359	B043328	15354	85.86	0.8607	0.7604	0.833	359
B043331	ENSG00000008382	FSM	359	B044011	3469	76.38	0.7298	0.4011	0.562	359
B043343	ENSG00000095906	NIC	359	B047244	19355	71.93	0.6852	0.3788	0.715	359
B043361	ENSG00000100220	NIC	359	B031988	11970	94.71	1.0000	0.8607	0.917	359
B043364	ENSG00000082701	NIC	359	B036356	16787	83.85	0.8273	0.6518	0.818	359
B043370	ENSG00000168394	NIC	359	B043370	17759	85.00	0.8496	0.5125	0.812	359
B043399	ENSG00000119899	NIC	359	B032239	11608	89.78	0.9694	0.6713	0.871	359
B043401	ENSG00000151240	NIC	359	B033038	1418	55.01	0.2479	0.0056	0.255	359
B043451	ENSG00000082781	NNC	359	B043451	1046	50.21	0.2368	0.0836	0.31	359
B043454	ENSG00000214944	NNC	359	B043454	2399	76.22	0.7354	0.4930	0.706	359
B043456	ENSG00000136636	NNC	359	B043456	1209	58.33	0.3454	0.2117	0.441	359
B043465	ENSG00000047249	NNC	359	B032629	3356	82.04	0.8217	0.4401	0.547	359
B043469	ENSG00000015285	NNC	359	B043469	3492	65.31	0.4652	0.2368	0.406	359
B043475	ENSG00000154080	FSM	358	B043475	5166	81.51	0.7682	0.7011	0.783	358
B043477	ENSG00000126249	FSM	358	B044913	2990	74.71	0.6453	0.3911	0.696	358
B043480	ENSG00000101255	FSM	358	B043480	8464	77.05	0.7011	0.6145	0.723	358
B043495	ENSG00000135315	FSM	358	B034425	891	84.45	0.8212	0.6257	0.315	358
B043505	ENSG00000183943	FSM	358	B058673	23052	87.82	0.8687	0.8073	0.84	358
B043512	ENSG00000185946	FSM	358	B043829	8018	67.69	0.4860	0.3184	0.401	358
B043529	ENSG00000134030	NIC	358	B043529	1770	64.78	0.4413	0.3045	0.483	358
B043533	ENSG00000197872	NIC	358	B043533	1551	77.53	0.6899	0.4693	0.78	358
B043542	ENSG00000164190	NIC	358	B043542	1264	71.85	0.6453	0.2011	0.435	358
B043560	ENSG00000133135	NIC	358	B056306	7657	74.39	0.6453	0.4385	0.549	358
B043566	ENSG00000102763	NIC	358	B043566	514	70.64	0.6089	0.3771	0.721	358
B043568	ENSG00000134871	NIC	358	B043568	6197	77.48	0.6201	0.4637	0.625	358
B043572	ENSG00000160602	NIC	358	B042422	11882	84.09	0.8184	0.7095	0.812	358
B043578	ENSG00000089639	NIC	358	B043578	10159	70.77	0.5698	0.4246	0.642	358
B043586	ENSG00000002822	NIC	358	B048751	555	82.88	0.7486	0.5335	0.343	358
B043588	ENSG00000155252	NIC	358	B043588	3222	68.88	0.5559	0.3073	0.579	358
B043589	ENSG00000137504	NIC	358	B047444	1346	57.24	0.3352	0.1173	0.324	358
B043608	ENSG00000143384	NNC	358	B043608	1307	56.15	0.3352	0.0810	0.493	358
B043615	ENSG00000163635	NNC	358	B043615	1674	52.06	0.1760	0.0335	0.23	358
B043620	ENSG00000056291	NNC	358	B043620	8010	66.35	0.5642	0.1313	0.623	358
B043631	ENSG00000123130	NNC	358	B039848	4332	87.13	0.9330	0.5615	0.839	358
B043637	ENSG00000139618	NNC	358	B043637	168	42.23	0.0084	0.0000	0.143	358
B043648	ENSG00000198521	NNC	358	B038708	15108	60.72	0.4665	0.0000	0.323	358
B043660	ENSG00000164077	NNC	358	B043660	3129	92.13	0.9777	0.8128	0.894	358
B043671	ENSG00000105854	NNC	358	B044273	2720	89.68	0.9134	0.7598	0.864	358
B043709	ENSG00000151116	FSM	357	B051606	9733	76.52	0.6919	0.3109	0.52	357
B043719	ENSG00000159322	NIC	357	B043719	1601	85.54	0.8179	0.5854	0.664	357
B043738	ENSG00000163635	NIC	357	B040095	2603	57.25	0.2605	0.1457	0.262	357
B043741	ENSG00000170390	NIC	357	B054026	3773	65.85	0.5266	0.1120	0.352	357
B043753	ENSG00000064309	NIC	357	B043753	7577	67.87	0.5714	0.3557	0.379	357
B043756	ENSG00000079999	NIC	357	B043756	14443	87.79	0.8908	0.6807	0.863	357
B043758	ENSG00000160688	NIC	357	B043311	9106	87.66	0.9216	0.5798	0.709	357
B043762	ENSG00000175309	NIC	357	B043762	16047	91.33	0.9272	0.8487	0.886	357
B043763	ENSG00000087116	NIC	357	B043763	17733	85.52	0.8936	0.6134	0.714	357
B043768	ENSG00000015285	NIC	357	B051309	3482	68.26	0.5210	0.3249	0.447	357
B043831	ENSG00000123600	NNC	357	B052690	5533	81.76	0.7535	0.6975	0.764	357
B043838	ENSG00000132879	NNC	357	B043838	7308	75.66	0.7003	0.5742	0.688	357
B043843	ENSG00000179091	NNC	357	B043843	9072	71.25	0.6246	0.4678	0.618	357
B043846	ENSG00000149091	NNC	357	B040764	6435	73.42	0.6779	0.2269	0.388	357
B043851	ENSG00000196792	FSM	356	B043851	9827	88.96	0.8708	0.8034	0.862	356
B043853	ENSG00000132376	FSM	356	B040932	9519	87.32	0.8792	0.6994	0.839	356
B043854	ENSG00000108848	FSM	356	B034781	4002	66.46	0.5140	0.3118	0.384	356
B043856	ENSG00000073350	FSM	356	B054870	2550	86.38	0.8483	0.6545	0.827	356
B043860	ENSG00000105655	FSM	356	B043860	7079	86.51	0.8652	0.7697	0.804	356
B043861	ENSG00000121289	FSM	356	B043861	764	62.64	0.3399	0.2303	0.279	356
B043864	ENSG00000115526	FSM	356	B057387	3538	85.35	0.8371	0.7135	0.767	356
B043871	ENSG00000117477	FSM	356	B043871	634	58.98	0.2669	0.1011	0.208	356
B043873	ENSG00000197712	FSM	356	B058091	1487	75.75	0.6517	0.5112	0.725	356
B043876	ENSG00000145569	FSM	356	B043876	1126	86.34	0.8736	0.6348	0.755	356
B043879	ENSG00000204438	FSM	356	B043879	6915	70.73	0.6152	0.2051	0.363	356
B043892	ENSG00000102225	FSM	356	B051736	8058	52.93	0.2640	0.0449	0.434	356
B043896	ENSG00000110925	NIC	356	B054800	1685	49.08	0.1461	0.0646	0.212	356
B043924	ENSG00000254087	NIC	356	B043924	15730	77.45	0.7584	0.3511	0.572	356
B043936	ENSG00000082212	NIC	356	B043936	15597	85.44	0.9101	0.5506	0.568	356
B043939	ENSG00000115355	NIC	356	B043939	2634	85.26	0.8287	0.6713	0.369	356
B043947	ENSG00000107331	NIC	356	B043947	19235	75.38	0.7331	0.4101	0.596	356
B043954	ENSG00000116198	NNC	356	B043954	2094	63.70	0.4944	0.2191	0.546	356
B043956	ENSG00000069869	NNC	356	B043859	14581	88.87	0.9326	0.6264	0.808	356
B043994	ENSG00000105983	NNC	356	B043994	1664	74.94	0.6826	0.0478	0.609	356
B044020	ENSG00000154174	NNC	356	B044020	10455	73.93	0.6264	0.4157	0.524	356
B044027	ENSG00000091127	NNC	356	B044027	6061	85.02	0.8202	0.5730	0.795	356
B044036	ENSG00000158195	NNC	356	B054757	3075	67.60	0.5253	0.3399	0.465	356
B044059	ENSG00000138757	FSM	355	B037966	9927	59.77	0.3352	0.1211	0.336	355
B044061	ENSG00000174720	FSM	355	B044061	1309	65.11	0.4845	0.2958	0.418	355
B044068	ENSG00000277462	FSM	355	B044068	18768	49.24	0.2028	0.0000	0.278	355
B044079	ENSG00000102879	FSM	355	B044079	11808	90.82	0.9268	0.8028	0.805	355
B044104	ENSG00000130202	NIC	355	B044104	2629	79.92	0.7380	0.4930	0.612	355
B044127	ENSG00000167612	NIC	355	B044127	3731	72.88	0.6676	0.3324	0.6	355
B044134	ENSG00000115808	NIC	355	B044134	2884	64.21	0.4479	0.2254	0.323	355
B044135	ENSG00000115290	NIC	355	B031682	2946	73.92	0.6845	0.3014	0.628	355
B044137	ENSG00000143190	NIC	355	B044137	4132	50.86	0.2085	0.1324	0.303	355
B044138	ENSG00000135862	NIC	355	B044138	461	72.13	0.6761	0.2141	0.285	355
B044147	ENSG00000240771	NNC	355	B044147	6229	68.05	0.5803	0.2930	0.521	355
B044162	ENSG00000082438	NNC	355	B044162	758	54.29	0.1606	0.0592	0.22	355
B044167	ENSG00000159409	NNC	355	B044167	12364	56.17	0.2394	0.1606	0.352	355
B044196	ENSG00000115282	NNC	355	B044196	8120	67.42	0.5296	0.4141	0.45	355
B044218	ENSG00000166575	FSM	354	B044218	1381	77.30	0.7486	0.1384	0.652	354
B044224	ENSG00000126790	FSM	354	B047635	10866	95.39	0.9774	0.9435	0.919	354
B044226	ENSG00000174197	FSM	354	B044226	5072	68.79	0.5424	0.4802	0.603	354
B044238	ENSG00000137996	FSM	354	B053606	8718	94.99	0.9746	0.9124	0.925	354
B044239	ENSG00000065135	FSM	354	B055455	14655	90.61	0.9350	0.7175	0.863	354
B044240	ENSG00000079785	FSM	354	B044240	14197	84.14	0.8701	0.4605	0.758	354
B044241	ENSG00000138018	FSM	354	B053902	5363	93.53	0.9887	0.8531	0.909	354
B044247	ENSG00000185909	FSM	354	B053230	4819	94.03	0.9605	0.9096	0.902	354
B044265	ENSG00000186660	FSM	354	B044265	9409	57.83	0.3729	0.0621	0.31	354
B044268	ENSG00000104177	FSM	354	B044268	16903	63.29	0.4463	0.0932	0.343	354
B044270	ENSG00000072210	FSM	354	B044270	17039	90.49	0.9237	0.8333	0.859	354
B044276	ENSG00000165915	FSM	354	B049596	7025	66.49	0.5565	0.0847	0.637	354
B044282	ENSG00000166949	NIC	354	B039819	4325	75.48	0.6949	0.4887	0.46	354
B044293	ENSG00000115866	NIC	354	B036399	13746	91.27	0.9379	0.7655	0.857	354
B044298	ENSG00000182923	NIC	354	B044298	1234	85.67	0.8164	0.7034	0.344	354
B044300	ENSG00000145332	NIC	354	B044300	12138	93.40	0.9689	0.8446	0.882	354
B044318	ENSG00000275066	NIC	354	B044318	890	49.39	0.1299	0.0000	0.205	354
B044321	ENSG00000085760	NIC	354	B037209	10509	80.10	0.7768	0.4040	0.557	354
B044324	ENSG00000143458	NIC	354	B039304	7095	57.80	0.3729	0.2090	0.354	354
B044341	ENSG00000006432	NNC	354	B044341	16490	67.10	0.5226	0.3842	0.506	354
B044360	ENSG00000168769	NNC	354	B044360	468	44.48	0.0000	0.0000	0.131	354
B044372	ENSG00000180198	NNC	354	B044372	7061	84.74	0.8249	0.6864	0.808	354
B044384	ENSG00000115239	NNC	354	B044384	8102	89.79	0.8898	0.7373	0.852	354
B044419	ENSG00000105197	FSM	353	B059853	9770	79.52	0.7762	0.4731	0.648	353
B044441	ENSG00000072135	FSM	353	B058328	9991	59.93	0.4249	0.2295	0.564	353
B044442	ENSG00000171456	FSM	353	B044442	2981	55.55	0.3173	0.0000	0.348	353
B044455	ENSG00000100241	NIC	353	B044455	8914	60.52	0.4193	0.0000	0.395	353
B044456	ENSG00000161204	NIC	353	B046052	16977	85.56	0.9348	0.3909	0.711	353
B044473	ENSG00000290921	NIC	353	B044473	266	48.91	0.0283	0.0000	0.145	353
B044480	ENSG00000239306	NIC	353	B044480	285	31.69	0.0000	0.0000	0.122	353
B044489	ENSG00000180448	NIC	353	B044489	9632	64.33	0.4816	0.3853	0.571	353
B044490	ENSG00000008441	NIC	353	B033439	2110	61.34	0.4363	0.2720	0.522	353
B044493	ENSG00000185630	NIC	353	B056452	12384	69.33	0.5836	0.1898	0.445	353
B044522	ENSG00000184381	NNC	353	B044522	5883	87.99	0.9405	0.6119	0.788	353
B044535	ENSG00000119139	NNC	353	B044535	7384	60.05	0.3314	0.1218	0.292	353
B044558	ENSG00000188130	NNC	353	B044558	23086	69.21	0.6317	0.3031	0.696	353
B044559	ENSG00000163468	NNC	353	B044559	11545	84.78	0.8725	0.5241	0.675	353
B044561	ENSG00000183763	NNC	353	B044561	664	75.02	0.5807	0.4901	0.369	353
B044578	ENSG00000110400	FSM	352	B052612	3355	86.48	0.8722	0.7131	0.712	352
B044582	ENSG00000213903	FSM	352	B044582	6966	79.31	0.7869	0.4062	0.77	352
B044589	ENSG00000068903	FSM	352	B041505	15641	82.72	0.8011	0.5767	0.796	352
B044611	ENSG00000006576	FSM	352	B044611	2063	49.92	0.0994	0.0000	0.281	352
B044618	ENSG00000108239	FSM	352	B034072	8100	89.85	0.9062	0.7585	0.858	352
B044619	ENSG00000110076	FSM	352	B044619	1682	49.64	0.0881	0.0568	0.225	352
B044635	ENSG00000205517	NIC	352	B044635	4657	79.16	0.7528	0.4347	0.727	352
B044637	ENSG00000248098	NIC	352	B040362	14903	75.69	0.7159	0.4943	0.74	352
B044642	ENSG00000125637	NIC	352	B044642	8222	65.57	0.5881	0.1960	0.503	352
B044645	ENSG00000160190	NIC	352	B044645	3862	68.93	0.5881	0.2756	0.625	352
B044646	ENSG00000153560	NIC	352	B031309	3007	76.54	0.7301	0.4688	0.41	352
B044664	ENSG00000147274	NIC	352	B043289	20250	49.65	0.1278	0.0000	0.226	352
B044682	ENSG00000122674	NIC	352	B037817	2232	80.40	0.8068	0.3920	0.512	352
B044689	ENSG00000102710	NNC	352	B044689	722	43.98	0.0625	0.0000	0.168	352
B044703	ENSG00000174306	NNC	352	B044703	6771	67.79	0.4943	0.2585	0.377	352
B044713	ENSG00000164292	NNC	352	B044713	766	77.33	0.6903	0.3920	0.532	352
B044726	ENSG00000213619	NNC	352	B044726	21669	62.43	0.5398	0.2983	0.544	352
B044736	ENSG00000124177	NNC	352	B044736	4789	66.31	0.4631	0.1705	0.464	352
B044745	ENSG00000102057	NNC	352	B044745	16415	61.37	0.4233	0.1562	0.444	352
B044746	ENSG00000102078	NNC	352	B044746	16386	54.49	0.1989	0.0000	0.522	352
B044749	ENSG00000116560	FSM	351	B053512	11494	76.57	0.6553	0.5157	0.544	351
B044752	ENSG00000198056	FSM	351	B033517	4431	89.81	0.9259	0.7123	0.886	351
B044759	ENSG00000103671	FSM	351	B056258	5308	73.47	0.6467	0.2849	0.484	351
B044761	ENSG00000167513	FSM	351	B047173	1904	83.31	0.7920	0.5157	0.628	351
B044762	ENSG00000275700	FSM	351	B044762	2694	74.75	0.6239	0.3675	0.589	351
B044770	ENSG00000188493	FSM	351	B044770	1424	83.00	0.7692	0.6211	0.757	351
B044771	ENSG00000138029	FSM	351	B044771	21423	83.78	0.8348	0.6296	0.811	351
B044776	ENSG00000130294	FSM	351	B044776	2324	64.40	0.5242	0.2080	0.412	351
B044785	ENSG00000146083	FSM	351	B031825	17893	55.72	0.2764	0.2023	0.358	351
B044788	ENSG00000008256	FSM	351	B040992	12081	85.72	0.8632	0.5726	0.599	351
B044789	ENSG00000106415	FSM	351	B044789	1594	52.36	0.1225	0.0142	0.172	351
B044792	ENSG00000176896	FSM	351	B049042	3289	71.34	0.6496	0.2877	0.452	351
B044799	ENSG00000101464	FSM	351	B031470	2631	90.60	0.9573	0.7379	0.881	351
B044801	ENSG00000214338	FSM	351	B044801	1898	68.22	0.5413	0.3561	0.288	351
B044805	ENSG00000183735	NIC	351	B044805	6785	84.31	0.8348	0.6467	0.833	351
B044830	ENSG00000113369	NIC	351	B034421	4766	85.63	0.8262	0.7350	0.786	351
B044841	ENSG00000149091	NIC	351	B055168	4295	70.73	0.6296	0.4188	0.47	351
B044846	ENSG00000012048	NIC	351	B044846	367	53.55	0.1510	0.0741	0.232	351
B044856	ENSG00000156475	NIC	351	B044024	4488	88.73	0.9088	0.6980	0.827	351
B044861	ENSG00000173599	NIC	351	B044861	14265	89.46	0.9658	0.6268	0.641	351
B044862	ENSG00000054118	NNC	351	B045194	709	43.64	0.0000	0.0000	0.113	351
B044865	ENSG00000081014	NNC	351	B044865	4169	81.68	0.8376	0.3533	0.76	351
B044869	ENSG00000171105	NNC	351	B044869	15338	77.50	0.7066	0.5185	0.757	351
B044872	ENSG00000116035	NNC	351	B044872	8924	87.35	0.9145	0.6781	0.842	351
B044875	ENSG00000100330	NNC	351	B044875	11998	58.25	0.3162	0.2450	0.334	351
B044876	ENSG00000185386	NNC	351	B043696	23513	85.54	0.8632	0.5869	0.857	351
B044903	ENSG00000151176	NNC	351	B044903	11408	68.86	0.6154	0.3704	0.681	351
B044904	ENSG00000110931	NNC	351	B045156	16063	78.90	0.7179	0.5556	0.756	351
B044908	ENSG00000103319	NNC	351	B044908	5549	67.64	0.5413	0.4302	0.63	351
B044919	ENSG00000116406	NNC	351	B044919	9161	71.17	0.5840	0.4786	0.538	351
B044933	ENSG00000135473	FSM	350	B057696	4185	87.72	0.9057	0.6714	0.808	350
B044936	ENSG00000116151	FSM	350	B049917	11040	79.63	0.7486	0.5886	0.67	350
B044938	ENSG00000088451	FSM	350	B056251	14547	93.39	0.9514	0.8914	0.903	350
B044939	ENSG00000128908	FSM	350	B045224	17616	55.91	0.2457	0.0943	0.263	350
B044947	ENSG00000004142	FSM	350	B049887	7779	69.92	0.6400	0.2886	0.702	350
B044950	ENSG00000065911	FSM	350	B043649	18557	87.64	0.8429	0.7629	0.827	350
B044951	ENSG00000196290	FSM	350	B054823	7137	95.62	1.0000	0.9143	0.865	350
B044964	ENSG00000106261	FSM	350	B047406	13830	60.86	0.4714	0.1486	0.445	350
B044973	ENSG00000115525	FSM	350	B047640	4110	79.09	0.7371	0.5171	0.74	350
B044987	ENSG00000146872	NIC	350	B044987	7703	77.74	0.7286	0.4714	0.75	350
B044991	ENSG00000154832	NIC	350	B044991	2588	79.17	0.7457	0.5000	0.676	350
B044996	ENSG00000126457	NIC	350	B045628	15349	90.33	0.9057	0.8257	0.846	350
B044997	ENSG00000134321	NIC	350	B052362	3792	77.40	0.7143	0.5000	0.739	350
B045003	ENSG00000109339	NIC	350	B032517	19001	79.45	0.7543	0.5514	0.771	350
B045009	ENSG00000181544	NIC	350	B045009	541	57.96	0.3514	0.0429	0.393	350
B045013	ENSG00000091039	NIC	350	B045013	2801	64.46	0.4371	0.2829	0.517	350
B045029	ENSG00000174371	NIC	350	B045029	5744	93.40	0.9771	0.8714	0.912	350
B045034	ENSG00000166130	NNC	350	B045034	564	78.84	0.6771	0.4486	0.323	350
B045043	ENSG00000102890	NNC	350	B040199	2398	86.39	0.8829	0.5771	0.57	350
B045076	ENSG00000056586	NNC	350	B045076	7015	75.30	0.6771	0.5400	0.555	350
B045100	ENSG00000143479	NNC	350	B045100	18044	84.19	0.8171	0.7571	0.801	350
B045111	ENSG00000084070	FSM	349	B036668	4793	50.53	0.1576	0.0000	0.246	349
B045117	ENSG00000103876	FSM	349	B036800	10776	96.43	0.9971	0.9713	0.929	349
B045118	ENSG00000078328	FSM	349	B040302	14067	55.32	0.2264	0.2178	0.362	349
B045120	ENSG00000197943	FSM	349	B045120	8384	86.43	0.8854	0.5759	0.78	349
B045137	ENSG00000087206	FSM	349	B045137	1142	57.58	0.2264	0.1318	0.234	349
B045144	ENSG00000166135	FSM	349	B052342	7114	91.31	0.9255	0.8539	0.879	349
B045150	ENSG00000112118	FSM	349	B045150	9086	54.21	0.3009	0.1289	0.431	349
B045151	ENSG00000159363	FSM	349	B045151	13681	65.12	0.5874	0.2264	0.58	349
B045184	ENSG00000077585	NIC	349	B045184	1123	54.91	0.1547	0.0000	0.417	349
B045185	ENSG00000104714	NIC	349	B045185	687	66.15	0.3754	0.2636	0.403	349
B045201	ENSG00000122417	NIC	349	B033438	1365	87.71	0.8682	0.6905	0.364	349
B045233	ENSG00000105447	NNC	349	B045233	4100	72.07	0.6504	0.4699	0.692	349
B045241	ENSG00000100095	NNC	349	B045241	2135	42.95	0.0315	0.0000	0.229	349
B045245	ENSG00000119231	NNC	349	B045245	9145	53.21	0.3926	0.1433	0.433	349
B045255	ENSG00000168255	NNC	349	B045299	6365	80.63	0.7765	0.5673	0.499	349
B045267	ENSG00000170743	NNC	349	B045309	13039	69.06	0.5186	0.3696	0.459	349
B045271	ENSG00000111271	NNC	349	B045271	20972	78.53	0.7679	0.3725	0.693	349
B045279	ENSG00000177380	NNC	349	B045279	10014	70.37	0.5616	0.4527	0.302	349
B045280	ENSG00000104946	NNC	349	B045280	6192	74.34	0.6705	0.4613	0.61	349
B045283	ENSG00000155367	NNC	349	B045283	4927	77.27	0.7049	0.5817	0.706	349
B045291	ENSG00000157014	NNC	349	B045291	122	49.60	0.0372	0.0000	0.186	349
B045303	ENSG00000180938	NNC	349	B056130	24574	70.07	0.7564	0.0000	0.404	349
B045307	ENSG00000148672	NNC	349	B045307	22143	69.89	0.6905	0.2378	0.628	349
B045318	ENSG00000291110	FSM	348	B036234	8369	82.52	0.8276	0.4598	0.575	348
B045320	ENSG00000198356	FSM	348	B057007	14062	75.21	0.5891	0.4253	0.743	348
B045322	ENSG00000198522	FSM	348	B052080	7290	78.08	0.7989	0.2701	0.68	348
B045336	ENSG00000151657	FSM	348	B045336	3552	75.01	0.6609	0.2874	0.396	348
B045339	ENSG00000204219	FSM	348	B058038	11116	71.05	0.6897	0.1983	0.403	348
B045349	ENSG00000112996	FSM	348	B038233	675	88.01	0.8937	0.7069	0.886	348
B045350	ENSG00000213347	FSM	348	B045350	2282	50.99	0.2328	0.0977	0.306	348
B045351	ENSG00000204304	FSM	348	B040606	11825	68.96	0.5632	0.3017	0.485	348
B045355	ENSG00000108001	FSM	348	B045355	9692	85.12	0.8276	0.5977	0.603	348
B045362	ENSG00000104064	NIC	348	B039304	10236	64.06	0.4655	0.4368	0.491	348
B045373	ENSG00000142149	NIC	348	B045373	506	51.75	0.1580	0.0575	0.212	348
B045382	ENSG00000189308	NIC	348	B035339	5426	68.69	0.5402	0.4397	0.439	348
B045407	ENSG00000062822	NIC	348	B047917	7336	83.23	0.9080	0.2328	0.72	348
B045412	ENSG00000188338	NIC	348	B036739	3469	79.18	0.8391	0.1782	0.739	348
B045418	ENSG00000083168	NIC	348	B053211	16183	79.35	0.7759	0.4138	0.455	348
B045424	ENSG00000139531	NNC	348	B045424	16182	77.26	0.7270	0.5374	0.63	348
B045425	ENSG00000084112	NNC	348	B045425	2368	69.21	0.6006	0.3362	0.519	348
B045449	ENSG00000176095	NNC	348	B045449	5491	70.05	0.6063	0.3851	0.663	348
B045450	ENSG00000163939	NNC	348	B045450	8318	83.79	0.8448	0.5920	0.407	348
B045465	ENSG00000162852	NNC	348	B045465	5659	51.51	0.2270	0.0661	0.344	348
B045467	ENSG00000176853	NNC	348	B045467	1636	86.63	0.8477	0.6925	0.85	348
B045469	ENSG00000148356	NNC	348	B045469	5125	84.49	0.8362	0.5230	0.629	348
B045472	ENSG00000266412	NNC	348	B045472	782	47.15	0.0316	0.0000	0.223	348
B045481	ENSG00000084444	NNC	348	B045481	863	71.18	0.5833	0.3506	0.61	348
B045484	ENSG00000204842	NNC	348	B045484	968	40.91	0.0000	0.0000	0.115	348
B045485	ENSG00000165516	NNC	348	B042564	2662	88.75	0.8764	0.8103	0.865	348
B045486	ENSG00000100811	NNC	348	B048571	17461	59.06	0.3879	0.2615	0.384	348
B045499	ENSG00000138768	NNC	348	B045499	1025	81.91	0.8075	0.4856	0.529	348
B045518	ENSG00000139323	FSM	347	B045518	22139	87.96	0.8530	0.8040	0.843	347
B045523	ENSG00000140093	FSM	347	B061144	10410	87.28	0.9308	0.5821	0.842	347
B045525	ENSG00000140382	FSM	347	B056816	11738	71.54	0.6254	0.3545	0.36	347
B045531	ENSG00000117528	FSM	347	B045531	11155	85.02	0.9107	0.4899	0.696	347
B045534	ENSG00000083838	FSM	347	B054339	7955	48.72	0.2248	0.0173	0.28	347
B045537	ENSG00000123983	FSM	347	B055537	11299	86.26	0.9827	0.3228	0.711	347
B045538	ENSG00000101138	FSM	347	B033055	7280	88.53	0.8905	0.7003	0.725	347
B045553	ENSG00000119965	FSM	347	B045553	630	60.48	0.4352	0.1354	0.261	347
B045566	ENSG00000257365	NIC	347	B037365	6879	86.41	0.8415	0.6657	0.856	347
B045574	ENSG00000154229	NIC	347	B045574	17796	79.11	0.7320	0.6110	0.729	347
B045576	ENSG00000171105	NIC	347	B058461	16238	80.02	0.7579	0.5850	0.771	347
B045588	ENSG00000138802	NIC	347	B052636	127	38.55	0.0173	0.0000	0.137	347
B045611	ENSG00000147130	NIC	347	B045611	81	46.37	0.0115	0.0000	0.148	347
B045613	ENSG00000111596	NNC	347	B045613	2154	51.71	0.2104	0.0000	0.26	347
B045627	ENSG00000141665	NNC	347	B033049	8392	73.15	0.7176	0.0807	0.613	347
B045632	ENSG00000138363	NNC	347	B045632	10942	92.73	0.9539	0.8732	0.891	347
B045633	ENSG00000160688	NNC	347	B051113	6735	92.96	0.9914	0.7867	0.866	347
B045660	ENSG00000005187	NNC	347	B045660	14361	87.39	0.9251	0.5994	0.784	347
B045666	ENSG00000141524	NNC	347	B045666	3499	82.82	0.8761	0.3862	0.714	347
B045676	ENSG00000148339	NNC	347	B045676	21449	75.28	0.7291	0.1931	0.512	347
B045696	ENSG00000105357	FSM	346	B059762	5139	81.80	0.7688	0.5896	0.336	346
B045698	ENSG00000144339	FSM	346	B059569	9441	67.95	0.5202	0.2110	0.289	346
B045703	ENSG00000163864	FSM	346	B057681	4794	75.27	0.6098	0.5260	0.696	346
B045709	ENSG00000117335	FSM	346	B047195	7748	85.35	0.8237	0.7023	0.6	346
B045716	ENSG00000136193	FSM	346	B039940	5755	91.62	0.9538	0.7659	0.906	346
B045720	ENSG00000107105	FSM	346	B045720	19734	73.15	0.6792	0.3266	0.439	346
B045740	ENSG00000139613	NIC	346	B060836	2999	59.23	0.2832	0.2168	0.312	346
B045761	ENSG00000169220	NIC	346	B034423	4325	61.97	0.4624	0.0838	0.346	346
B045775	ENSG00000127328	NIC	346	B038277	3070	62.94	0.4191	0.3064	0.311	346
B045783	ENSG00000164088	NIC	346	B045783	7533	78.74	0.7341	0.4682	0.75	346
B045797	ENSG00000140259	NNC	346	B045797	3352	71.44	0.6416	0.1329	0.36	346
B045804	ENSG00000105499	NNC	346	B045804	8856	75.03	0.6503	0.4566	0.738	346
B045827	ENSG00000146833	NNC	346	B045827	16835	76.81	0.7110	0.3526	0.441	346
B045836	ENSG00000095539	NNC	346	B045836	6546	88.53	0.8931	0.7543	0.867	346
B045839	ENSG00000084623	NNC	346	B045839	8673	83.29	0.8121	0.7052	0.808	346
B045848	ENSG00000174177	NNC	346	B032371	1842	66.69	0.5578	0.2514	0.614	346
B045858	ENSG00000159267	NNC	346	B045858	895	76.12	0.6676	0.5058	0.646	346
B045859	ENSG00000239282	NNC	346	B045859	1370	69.88	0.6329	0.4104	0.679	346
B045879	ENSG00000139546	FSM	345	B044804	12385	73.78	0.6754	0.4319	0.357	345
B045889	ENSG00000073605	FSM	345	B042142	436	64.25	0.4319	0.0203	0.521	345
B045892	ENSG00000101247	FSM	345	B051842	11194	82.69	0.8377	0.6464	0.749	345
B045897	ENSG00000109787	FSM	345	B058737	19869	57.70	0.2522	0.1942	0.3	345
B045898	ENSG00000151806	FSM	345	B053698	13452	82.78	0.8754	0.3072	0.708	345
B045899	ENSG00000137198	FSM	345	B054503	14302	94.82	0.9913	0.8493	0.928	345
B045901	ENSG00000133740	FSM	345	B055806	6389	68.03	0.5275	0.2290	0.424	345
B045921	ENSG00000126091	NIC	345	B043294	5502	83.08	0.8609	0.4174	0.789	345
B045930	ENSG00000006744	NIC	345	B045930	2988	82.40	0.8174	0.5884	0.778	345
B045963	ENSG00000083223	NIC	345	B045963	7800	74.80	0.6986	0.4986	0.626	345
B045967	ENSG00000102241	NIC	345	B045967	164	46.50	0.0000	0.0000	0.137	345
B045979	ENSG00000115548	NIC	345	B061102	5662	92.20	0.9681	0.7942	0.894	345
B045991	ENSG00000158828	NIC	345	B045991	1518	88.90	0.9275	0.6261	0.893	345
B046049	ENSG00000138376	NNC	345	B046049	11283	87.74	0.8986	0.7159	0.847	345
B046054	ENSG00000116141	NNC	345	B046054	22153	79.60	0.7478	0.6783	0.748	345
B046059	ENSG00000158290	NNC	345	B046059	3992	64.92	0.4522	0.3826	0.492	345
B046069	ENSG00000174373	FSM	344	B046069	1481	52.31	0.1250	0.0407	0.196	344
B046072	ENSG00000185634	FSM	344	B046072	9629	58.24	0.4360	0.0436	0.384	344
B046073	ENSG00000260916	FSM	344	B046073	567	61.53	0.3983	0.0407	0.265	344
B046082	ENSG00000134186	FSM	344	B045126	1268	57.12	0.3198	0.0145	0.242	344
B046087	ENSG00000080189	FSM	344	B047880	3982	74.86	0.6860	0.2500	0.733	344
B046088	ENSG00000158470	FSM	344	B038388	9330	83.81	0.8256	0.6860	0.811	344
B046095	ENSG00000164190	FSM	344	B046377	1429	74.11	0.6802	0.3227	0.707	344
B046105	ENSG00000165487	FSM	344	B046621	4038	78.14	0.7762	0.3547	0.766	344
B046108	ENSG00000073969	FSM	344	B046108	24554	73.18	0.6890	0.0000	0.579	344
B046110	ENSG00000145725	FSM	344	B046110	2591	53.99	0.2471	0.1279	0.393	344
B046125	ENSG00000249115	NIC	344	B046125	262	75.94	0.6570	0.2413	0.365	344
B046127	ENSG00000068784	NIC	344	B046127	22910	76.96	0.7762	0.1366	0.607	344
B046137	ENSG00000136643	NIC	344	B046137	4636	70.36	0.5756	0.3605	0.417	344
B046173	ENSG00000119383	NIC	344	B035326	4830	81.14	0.7587	0.6366	0.73	344
B046196	ENSG00000073969	NNC	344	B046196	13668	80.93	0.7384	0.4448	0.636	344
B046203	ENSG00000143379	NNC	344	B043654	1865	77.08	0.7064	0.5233	0.445	344
B046216	ENSG00000117298	NNC	344	B046216	9591	90.07	0.9651	0.6424	0.836	344
B046227	ENSG00000196155	NNC	344	B046227	5324	66.26	0.5494	0.0233	0.452	344
B046243	ENSG00000126883	NNC	344	B046243	2550	92.64	0.9826	0.7994	0.903	344
B046253	ENSG00000182199	FSM	343	B049490	16293	95.44	0.9942	0.9359	0.908	343
B046256	ENSG00000136381	FSM	343	B059068	17631	78.43	0.7347	0.5889	0.727	343
B046263	ENSG00000099864	FSM	343	B038524	2380	63.40	0.3965	0.2362	0.383	343
B046265	ENSG00000105520	FSM	343	B046265	2785	75.47	0.6706	0.4257	0.727	343
B046266	ENSG00000142039	FSM	343	B060911	2026	74.68	0.6793	0.3120	0.587	343
B046271	ENSG00000170364	FSM	343	B046271	10014	89.27	0.9388	0.6414	0.668	343
B046276	ENSG00000163635	FSM	343	B046373	449	45.44	0.0058	0.0000	0.143	343
B046287	ENSG00000067167	FSM	343	B040637	2100	82.58	0.8134	0.5539	0.786	343
B046288	ENSG00000165688	FSM	343	B046288	5084	90.39	0.9271	0.7668	0.883	343
B046289	ENSG00000012211	FSM	343	B042268	9276	57.86	0.3178	0.2595	0.364	343
B046293	ENSG00000138592	FSM	343	B046293	2102	73.28	0.6239	0.4519	0.449	343
B046294	ENSG00000072310	FSM	343	B046294	2628	49.39	0.1137	0.0583	0.228	343
B046295	ENSG00000105447	FSM	343	B046295	10268	91.74	0.9213	0.8251	0.888	343
B046299	ENSG00000112033	FSM	343	B051450	2677	82.18	0.7638	0.5948	0.76	343
B046301	ENSG00000122882	FSM	343	B038741	2044	68.75	0.5948	0.0408	0.378	343
B046304	ENSG00000139364	NIC	343	B046304	2129	74.64	0.7172	0.2128	0.732	343
B046312	ENSG00000102871	NIC	343	B046312	558	44.84	0.1574	0.0000	0.371	343
B046313	ENSG00000172824	NIC	343	B046313	20886	78.80	0.7114	0.5073	0.792	343
B046315	ENSG00000131899	NIC	343	B055075	1543	69.98	0.6064	0.4315	0.646	343
B046324	ENSG00000183054	NIC	343	B052180	1726	87.05	0.8834	0.6676	0.772	343
B046332	ENSG00000182504	NIC	343	B046332	9099	65.90	0.5073	0.3965	0.522	343
B046338	ENSG00000133059	NIC	343	B035022	795	76.17	0.6939	0.2099	0.506	343
B046342	ENSG00000072803	NIC	343	B039492	10675	89.64	0.9213	0.7114	0.831	343
B046375	ENSG00000138814	NIC	343	B051819	14027	81.10	0.8076	0.4577	0.642	343
B046376	ENSG00000164074	NIC	343	B039070	2220	70.39	0.5918	0.4257	0.656	343
B046382	ENSG00000173852	NIC	343	B058435	1909	77.60	0.7668	0.1603	0.656	343
B046403	ENSG00000141349	NNC	343	B046403	2594	91.13	0.9592	0.7405	0.895	343
B046413	ENSG00000173744	NNC	343	B046413	793	43.35	0.0175	0.0000	0.166	343
B046438	ENSG00000147912	NNC	343	B046438	1009	85.13	0.8134	0.7755	0.83	343
B046461	ENSG00000184640	NNC	343	B046461	4997	53.53	0.2099	0.1283	0.265	343
B046477	ENSG00000113361	NNC	343	B054886	13245	81.53	0.7988	0.6181	0.66	343
B046482	ENSG00000070669	NNC	343	B046482	14114	81.64	0.8192	0.3469	0.719	343
B046492	ENSG00000170222	FSM	342	B046492	3108	93.72	0.9415	0.9035	0.907	342
B046498	ENSG00000178078	FSM	342	B046498	15687	63.47	0.4971	0.2749	0.414	342
B046509	ENSG00000143376	FSM	342	B046509	8140	89.68	0.9181	0.7251	0.729	342
B046512	ENSG00000138669	FSM	342	B060144	18991	94.24	0.9737	0.9035	0.92	342
B046521	ENSG00000157693	FSM	342	B046521	727	67.29	0.4971	0.0322	0.626	342
B046532	ENSG00000127054	FSM	342	B046532	10066	86.41	0.9298	0.4503	0.562	342
B046544	ENSG00000141027	NIC	342	B046544	1324	52.90	0.1433	0.0468	0.203	342
B046560	ENSG00000089199	NIC	342	B046560	661	50.19	0.0292	0.0000	0.192	342
B046562	ENSG00000154767	NIC	342	B046562	1100	65.10	0.4649	0.3947	0.495	342
B046564	ENSG00000157796	NIC	342	B046564	2042	92.72	0.9649	0.8421	0.87	342
B046586	ENSG00000165916	NIC	342	B043564	27066	77.93	0.7924	0.0643	0.487	342
B046596	ENSG00000171103	NIC	342	B046596	8892	81.25	0.7602	0.6433	0.774	342
B046599	ENSG00000173692	NIC	342	B046599	3527	76.95	0.8070	0.0789	0.654	342
B046600	ENSG00000168393	NIC	342	B046600	22239	66.24	0.5409	0.4064	0.617	342
B046604	ENSG00000164078	NIC	342	B046604	9593	67.87	0.5409	0.1433	0.558	342
B046612	ENSG00000014138	NIC	342	B046612	1394	71.94	0.6082	0.2251	0.427	342
B046614	ENSG00000074266	NNC	342	B046614	6693	79.62	0.7339	0.6520	0.752	342
B046617	ENSG00000028203	NNC	342	B046617	541	68.51	0.5643	0.0731	0.383	342
B046620	ENSG00000111358	NNC	342	B046620	2611	70.36	0.6257	0.0789	0.687	342
B046636	ENSG00000063176	NNC	342	B046636	7407	59.92	0.5117	0.0292	0.575	342
B046640	ENSG00000085978	NNC	342	B046640	12150	88.82	0.8801	0.8392	0.843	342
B046648	ENSG00000121879	NNC	342	B046648	6646	83.08	0.8304	0.5175	0.823	342
B046649	ENSG00000145016	NNC	342	B046649	4480	85.82	0.7865	0.6930	0.727	342
B046650	ENSG00000214367	NNC	342	B046650	974	83.63	0.8333	0.3977	0.38	342
B046674	ENSG00000084463	NNC	342	B046674	2188	69.24	0.4591	0.2982	0.417	342
B046689	ENSG00000108848	NNC	342	B046689	5892	66.98	0.5351	0.2105	0.367	342
B046694	ENSG00000132024	NNC	342	B046694	2253	70.52	0.5702	0.3567	0.523	342
B046704	ENSG00000057252	NNC	342	B046704	1878	69.92	0.6345	0.2164	0.538	342
B046712	ENSG00000122884	NNC	342	B050163	3311	80.53	0.6930	0.6228	0.672	342
B046714	ENSG00000010295	FSM	341	B046714	3886	61.75	0.3783	0.2698	0.276	341
B046718	ENSG00000180008	FSM	341	B039880	7385	53.99	0.2903	0.0997	0.287	341
B046725	ENSG00000104852	FSM	341	B060375	3858	57.36	0.2933	0.1642	0.281	341
B046730	ENSG00000135932	FSM	341	B052267	3845	94.14	0.9589	0.9208	0.891	341
B046732	ENSG00000100997	FSM	341	B046732	6800	89.74	0.9384	0.6950	0.868	341
B046735	ENSG00000160818	FSM	341	B050994	7277	54.97	0.3519	0.0704	0.261	341
B046743	ENSG00000145687	FSM	341	B042574	3378	49.91	0.1613	0.0616	0.301	341
B046755	ENSG00000077713	FSM	341	B049592	8142	86.53	0.9326	0.5015	0.808	341
B046761	ENSG00000163960	FSM	341	B034027	3745	73.70	0.6276	0.5073	0.434	341
B046766	ENSG00000018236	NIC	341	B051867	2428	89.98	0.9355	0.7771	0.645	341
B046774	ENSG00000179889	NIC	341	B055549	1148	70.18	0.5806	0.3021	0.564	341
B046780	ENSG00000090339	NIC	341	B036142	1606	87.74	0.8798	0.7595	0.627	341
B046783	ENSG00000063245	NIC	341	B046783	5498	63.40	0.3578	0.3167	0.405	341
B046810	ENSG00000107672	NIC	341	B046810	1539	64.79	0.4575	0.1935	0.394	341
B046821	ENSG00000005339	NIC	341	B046821	12708	64.17	0.3490	0.3314	0.432	341
B046831	ENSG00000177000	NIC	341	B046831	3447	67.44	0.6217	0.1496	0.671	341
B046833	ENSG00000135299	NIC	341	B046833	12536	74.19	0.6686	0.4545	0.438	341
B046834	ENSG00000163050	NIC	341	B053006	11852	90.95	0.9912	0.6657	0.867	341
B046839	ENSG00000102057	NIC	341	B046839	15162	57.23	0.3431	0.2229	0.36	341
B046840	ENSG00000151376	NNC	341	B048149	12876	93.91	0.9971	0.8387	0.896	341
B046841	ENSG00000182359	NNC	341	B033629	854	88.76	0.9091	0.6540	0.896	341
B046844	ENSG00000154114	NNC	341	B046844	2314	85.75	0.8211	0.7302	0.82	341
B046850	ENSG00000072110	NNC	341	B046850	4287	75.31	0.7155	0.4370	0.547	341
B046858	ENSG00000188176	NNC	341	B038046	9894	65.06	0.4457	0.3666	0.409	341
B046860	ENSG00000099326	NNC	341	B056130	18134	74.97	0.8065	0.0000	0.413	341
B046866	ENSG00000177628	NNC	341	B051114	9931	95.94	1.0000	0.9413	0.918	341
B046870	ENSG00000011376	NNC	341	B046870	20438	82.64	0.8299	0.5455	0.712	341
B046880	ENSG00000117335	NNC	341	B047195	7673	83.78	0.8065	0.7097	0.588	341
B046888	ENSG00000106785	NNC	341	B035031	3067	79.11	0.7595	0.5132	0.507	341
B046890	ENSG00000005889	NNC	341	B037743	398	52.21	0.0674	0.0000	0.151	341
B046907	ENSG00000167595	NNC	341	B046907	697	52.72	0.2141	0.0587	0.237	341
B046908	ENSG00000104825	NNC	341	B046908	1322	66.20	0.5191	0.2434	0.434	341
B046918	ENSG00000151876	NNC	341	B044529	7238	58.59	0.2581	0.0000	0.454	341
B046925	ENSG00000101811	NNC	341	B046925	2016	52.57	0.0733	0.0000	0.177	341
B046941	ENSG00000140367	FSM	340	B053811	4722	82.37	0.8088	0.5706	0.621	340
B046950	ENSG00000100206	FSM	340	B047122	8227	88.73	0.8941	0.7647	0.872	340
B046954	ENSG00000114450	FSM	340	B055408	13447	95.56	0.9882	0.9324	0.91	340
B046966	ENSG00000197601	FSM	340	B046966	12626	90.54	0.9588	0.7324	0.894	340
B046967	ENSG00000160062	FSM	340	B060808	22858	66.61	0.5206	0.3529	0.43	340
B046971	ENSG00000132199	FSM	340	B034103	8550	86.35	0.8471	0.6824	0.844	340
B046973	ENSG00000115282	FSM	340	B046973	849	64.60	0.4735	0.2029	0.255	340
B046977	ENSG00000105819	FSM	340	B057738	13132	80.00	0.7618	0.6265	0.744	340
B046992	ENSG00000105223	NIC	340	B046992	3750	80.80	0.7559	0.4471	0.715	340
B047001	ENSG00000247596	NIC	340	B047001	3369	70.70	0.6471	0.3735	0.482	340
B047014	ENSG00000130830	NIC	340	B060893	16930	84.09	0.7971	0.7353	0.779	340
B047028	ENSG00000117593	NIC	340	B047028	16599	90.36	0.9294	0.7353	0.88	340
B047051	ENSG00000163166	NNC	340	B047051	3594	64.69	0.4147	0.1618	0.423	340
B047061	ENSG00000109790	NNC	340	B047061	12698	81.80	0.8206	0.5794	0.719	340
B047091	ENSG00000160633	NNC	340	B047091	1431	59.50	0.2735	0.1971	0.286	340
B047098	ENSG00000048991	NNC	340	B047098	1404	46.09	0.0529	0.0000	0.156	340
B047100	ENSG00000101210	NNC	340	B047100	21208	74.44	0.6647	0.2647	0.732	340
B047106	ENSG00000121864	NNC	340	B047106	9509	51.99	0.3500	0.0000	0.262	340
B047115	ENSG00000198932	NNC	340	B047115	315	47.26	0.0000	0.0000	0.127	340
B047117	ENSG00000082175	FSM	339	B047117	5346	83.92	0.8201	0.6814	0.724	339
B047119	ENSG00000152749	FSM	339	B038555	517	74.38	0.7198	0.1032	0.708	339
B047135	ENSG00000159409	FSM	339	B047135	20016	68.90	0.4926	0.3982	0.346	339
B047143	ENSG00000204427	FSM	339	B057505	1679	95.83	0.9971	0.9410	0.928	339
B047146	ENSG00000122674	FSM	339	B060098	1234	86.30	0.8850	0.6106	0.859	339
B047147	ENSG00000164733	FSM	339	B058749	18149	92.36	0.9381	0.8024	0.898	339
B047151	ENSG00000148218	FSM	339	B057887	18802	94.65	0.9735	0.8879	0.908	339
B047153	ENSG00000134602	FSM	339	B045128	19706	75.00	0.6932	0.4513	0.647	339
B047155	ENSG00000204179	FSM	339	B047155	12910	88.25	0.8850	0.7758	0.871	339
B047157	ENSG00000067606	FSM	339	B047157	18718	67.70	0.5664	0.2035	0.678	339
B047160	ENSG00000168228	FSM	339	B047160	5095	84.45	0.8378	0.6283	0.839	339
B047171	ENSG00000248905	NIC	339	B047171	4652	61.12	0.3599	0.0442	0.283	339
B047177	ENSG00000138029	NIC	339	B037698	18129	91.68	0.9440	0.7640	0.859	339
B047194	ENSG00000213047	NIC	339	B047194	873	53.31	0.1298	0.0383	0.191	339
B047203	ENSG00000277462	NIC	339	B036322	19925	66.47	0.5664	0.1976	0.471	339
B047218	ENSG00000141699	NIC	339	B033573	1521	57.38	0.2212	0.0029	0.225	339
B047220	ENSG00000122483	NIC	339	B047220	572	85.64	0.7876	0.6283	0.343	339
B047227	ENSG00000184307	NIC	339	B034697	11075	79.74	0.7404	0.5900	0.759	339
B047228	ENSG00000174358	NIC	339	B047228	14862	89.29	0.9882	0.5693	0.82	339
B047241	ENSG00000126804	NNC	339	B047241	5385	60.87	0.4071	0.2625	0.434	339
B047249	ENSG00000131242	NNC	339	B047249	1762	64.33	0.3746	0.3038	0.327	339
B047256	ENSG00000159128	NNC	339	B049899	660	80.80	0.7109	0.5575	0.641	339
B047266	ENSG00000136750	NNC	339	B047266	13884	91.99	0.9469	0.8289	0.871	339
B047276	ENSG00000006118	NNC	339	B047276	2904	66.64	0.4631	0.3274	0.396	339
B047282	ENSG00000180488	NNC	339	B047282	700	55.20	0.2301	0.0885	0.206	339
B047297	ENSG00000072274	NNC	339	B047297	2324	68.52	0.5782	0.0885	0.477	339
B047300	ENSG00000168826	NNC	339	B047300	10738	49.14	0.1829	0.1416	0.212	339
B047301	ENSG00000112941	NNC	339	B047301	7096	61.27	0.4484	0.1917	0.55	339
B047310	ENSG00000149050	NNC	339	B047310	11305	35.17	0.0059	0.0000	0.31	339
B047313	ENSG00000134574	NNC	339	B047313	3152	78.27	0.7847	0.5162	0.781	339
B047325	ENSG00000118276	FSM	338	B038388	9183	84.42	0.8254	0.7012	0.822	338
B047327	ENSG00000171606	FSM	338	B047327	10076	52.98	0.4053	0.1154	0.417	338
B047332	ENSG00000184470	FSM	338	B047386	12394	83.17	0.8225	0.7101	0.774	338
B047340	ENSG00000183474	FSM	338	B037871	4261	85.19	0.9024	0.4379	0.76	338
B047342	ENSG00000204525	FSM	338	B057504	12109	87.27	0.8669	0.7515	0.722	338
B047352	ENSG00000177853	FSM	338	B047352	9637	58.51	0.4320	0.0000	0.297	338
B047353	ENSG00000171307	FSM	338	B047353	1736	75.72	0.6657	0.2456	0.63	338
B047354	ENSG00000170242	FSM	338	B047354	489	48.56	0.1331	0.0000	0.274	338
B047355	ENSG00000155367	FSM	338	B063067	4005	89.75	0.9024	0.7840	0.859	338
B047356	ENSG00000162819	FSM	338	B036712	901	90.64	0.9556	0.6923	0.886	338
B047357	ENSG00000105983	FSM	338	B047357	1577	74.16	0.6864	0.0680	0.627	338
B047374	ENSG00000105397	NIC	338	B047374	6472	79.74	0.7692	0.4053	0.731	338
B047379	ENSG00000048991	NIC	338	B047379	1830	51.49	0.1479	0.0237	0.194	338
B047387	ENSG00000100324	NIC	338	B056773	3898	73.85	0.6598	0.5533	0.593	338
B047396	ENSG00000109775	NIC	338	B034180	2399	87.33	0.9024	0.6864	0.827	338
B047403	ENSG00000137269	NIC	338	B048954	13040	94.63	0.9497	0.9201	0.895	338
B047412	ENSG00000136861	NIC	338	B047412	2122	70.30	0.5473	0.4615	0.363	338
B047421	ENSG00000180998	NIC	338	B047421	1106	49.74	0.0089	0.0000	0.367	338
B047425	ENSG00000005884	NIC	338	B047425	2175	79.85	0.7396	0.4349	0.656	338
B047429	ENSG00000009307	NIC	338	B047429	9393	73.29	0.5888	0.3432	0.534	338
B047435	ENSG00000168216	NIC	338	B049551	1410	69.41	0.5296	0.0000	0.551	338
B047456	ENSG00000140718	NNC	338	B061389	3744	80.56	0.7722	0.5533	0.539	338
B047467	ENSG00000115170	NNC	338	B047467	8987	76.34	0.6272	0.3195	0.597	338
B047504	ENSG00000168096	NNC	338	B042071	8146	71.23	0.5828	0.4260	0.456	338
B047506	ENSG00000170836	NNC	338	B047506	3535	61.01	0.4882	0.2781	0.573	338
B047526	ENSG00000113758	NNC	338	B047526	3501	69.18	0.5828	0.2337	0.291	338
B047533	ENSG00000197024	NNC	338	B047533	13083	52.34	0.2544	0.2071	0.289	338
B047534	ENSG00000104442	NNC	338	B047534	18881	66.93	0.5473	0.1006	0.439	338
B047537	ENSG00000136937	NNC	338	B047537	1498	91.46	0.9320	0.8254	0.909	338
B047550	ENSG00000120688	FSM	337	B053886	4673	62.82	0.4303	0.2433	0.33	337
B047558	ENSG00000271601	FSM	337	B054825	912	77.07	0.7418	0.4866	0.708	337
B047559	ENSG00000159128	FSM	337	B049899	656	81.07	0.7122	0.5786	0.645	337
B047566	ENSG00000113712	FSM	337	B057650	16287	90.66	0.9021	0.8457	0.858	337
B047567	ENSG00000169220	FSM	337	B047567	1882	66.55	0.5193	0.2700	0.452	337
B047573	ENSG00000136754	FSM	337	B050870	14983	62.82	0.3561	0.2344	0.292	337
B047578	ENSG00000177156	FSM	337	B055509	9650	94.64	0.9555	0.9347	0.904	337
B047592	ENSG00000092148	NIC	337	B047592	8452	81.94	0.7953	0.6053	0.654	337
B047602	ENSG00000176105	NIC	337	B039530	20769	84.67	0.8665	0.5430	0.75	337
B047618	ENSG00000178917	NIC	337	B034608	12995	62.95	0.5312	0.2878	0.491	337
B047619	ENSG00000145246	NIC	337	B047619	16063	68.63	0.6053	0.2582	0.602	337
B047625	ENSG00000197024	NIC	337	B047625	15473	64.91	0.5579	0.1484	0.464	337
B047628	ENSG00000185825	NIC	337	B047628	2210	58.10	0.3976	0.0267	0.392	337
B047632	ENSG00000117399	NIC	337	B047632	14358	91.65	0.9228	0.8220	0.88	337
B047633	ENSG00000139324	NIC	337	B047633	2287	94.12	0.9733	0.8665	0.836	337
B047634	ENSG00000244754	NIC	337	B047634	467	48.86	0.1068	0.0445	0.21	337
B047647	ENSG00000057252	NIC	337	B047647	3789	77.17	0.7478	0.3175	0.665	337
B047666	ENSG00000129244	NNC	337	B047666	4678	80.87	0.8279	0.3947	0.688	337
B047669	ENSG00000176208	NNC	337	B047669	1786	50.72	0.0801	0.0208	0.195	337
B047671	ENSG00000088256	NNC	337	B055455	14001	86.07	0.8724	0.6083	0.84	337
B047684	ENSG00000290920	NNC	337	B047684	417	45.88	0.0801	0.0297	0.231	337
B047687	ENSG00000114030	NNC	337	B047687	5793	92.03	0.8991	0.8605	0.856	337
B047706	ENSG00000172830	NNC	337	B047706	10509	60.61	0.3976	0.2849	0.477	337
B047744	ENSG00000174791	NNC	337	B047744	1844	75.48	0.6944	0.5312	0.719	337
B047748	ENSG00000139291	FSM	336	B056170	6062	89.68	0.9732	0.5952	0.852	336
B047754	ENSG00000013306	FSM	336	B056027	8365	72.74	0.6935	0.0268	0.703	336
B047760	ENSG00000115290	FSM	336	B052963	2762	66.30	0.5714	0.2589	0.596	336
B047766	ENSG00000114626	FSM	336	B056436	3573	87.86	0.9048	0.6399	0.822	336
B047773	ENSG00000204356	FSM	336	B041437	7241	63.44	0.4494	0.0149	0.293	336
B047779	ENSG00000198917	FSM	336	B040319	4076	89.93	0.9107	0.7500	0.872	336
B047785	ENSG00000140553	FSM	336	B047785	2531	93.45	0.9554	0.8810	0.882	336
B047791	ENSG00000060237	NIC	336	B047791	2514	54.18	0.1905	0.1518	0.273	336
B047796	ENSG00000103326	NIC	336	B047796	11705	83.80	0.8542	0.5119	0.779	336
B047799	ENSG00000135686	NIC	336	B047799	4553	85.70	0.8869	0.6101	0.769	336
B047801	ENSG00000153944	NIC	336	B057243	18875	62.99	0.4643	0.2500	0.34	336
B047803	ENSG00000188641	NIC	336	B049075	16849	84.94	0.8661	0.5298	0.745	336
B047811	ENSG00000183762	NIC	336	B047811	6922	66.07	0.5476	0.2946	0.551	336
B047821	ENSG00000105819	NIC	336	B047821	13022	86.61	0.9107	0.5744	0.801	336
B047829	ENSG00000148737	NIC	336	B053070	10400	55.62	0.2262	0.1577	0.327	336
B047838	ENSG00000111647	NIC	336	B047838	1640	76.05	0.6815	0.3631	0.726	336
B047841	ENSG00000165533	NIC	336	B047841	1303	91.85	0.9256	0.8810	0.801	336
B047855	ENSG00000117595	NIC	336	B047855	3855	62.67	0.4554	0.2292	0.4	336
B047865	ENSG00000149927	NNC	336	B047865	13732	76.35	0.6696	0.5298	0.716	336
B047867	ENSG00000108370	NNC	336	B047867	8679	81.41	0.7560	0.4732	0.622	336
B047875	ENSG00000115616	NNC	336	B047875	9714	83.66	0.9018	0.2500	0.806	336
B047899	ENSG00000179526	NNC	336	B043429	3304	67.66	0.5744	0.2679	0.388	336
B047901	ENSG00000166432	NNC	336	B047901	3372	56.42	0.3512	0.1190	0.231	336
B047925	ENSG00000158220	NNC	336	B047925	8562	63.38	0.4732	0.3036	0.43	336
B047932	ENSG00000105875	NNC	336	B047932	4751	89.18	0.9256	0.7411	0.888	336
B047945	ENSG00000189057	NNC	336	B047945	1126	77.42	0.7321	0.3423	0.733	336
B047952	ENSG00000128923	FSM	335	B062755	4481	74.29	0.6955	0.2597	0.593	335
B047955	ENSG00000140545	FSM	335	B047955	10490	84.65	0.8657	0.4925	0.727	335
B047959	ENSG00000141499	FSM	335	B047959	4883	86.93	0.8537	0.7403	0.829	335
B047961	ENSG00000133195	FSM	335	B047961	10393	75.82	0.7313	0.4299	0.731	335
B047963	ENSG00000184640	FSM	335	B043645	11010	82.52	0.8149	0.4985	0.785	335
B047964	ENSG00000185813	FSM	335	B047964	16636	81.64	0.7970	0.4746	0.799	335
B047969	ENSG00000172878	FSM	335	B047969	18663	88.56	0.8567	0.8239	0.84	335
B047970	ENSG00000117262	FSM	335	B056000	2378	74.74	0.6299	0.1254	0.639	335
B047974	ENSG00000072756	FSM	335	B047974	11583	93.05	0.9821	0.8149	0.865	335
B047975	ENSG00000152382	FSM	335	B047975	991	76.81	0.7164	0.4060	0.523	335
B047983	ENSG00000077063	FSM	335	B047983	2055	76.33	0.6269	0.4896	0.398	335
B047997	ENSG00000172890	FSM	335	B047997	4609	93.51	0.9761	0.9045	0.864	335
B048001	ENSG00000103507	FSM	335	B048001	6011	76.85	0.7224	0.4597	0.704	335
B048015	ENSG00000140740	NIC	335	B040492	2827	91.25	0.9910	0.7075	0.87	335
B048031	ENSG00000130638	NIC	335	B034816	2056	83.44	0.8418	0.4985	0.756	335
B048044	ENSG00000086619	NIC	335	B048044	3905	83.34	0.8209	0.4746	0.834	335
B048058	ENSG00000105409	NIC	335	B048058	15552	84.01	0.8806	0.3403	0.548	335
B048062	ENSG00000132182	NIC	335	B049134	375	72.90	0.6358	0.3104	0.589	335
B048064	ENSG00000121892	NIC	335	B048064	1727	66.92	0.4806	0.4060	0.536	335
B048065	ENSG00000075391	NIC	335	B048065	3037	73.57	0.6507	0.4269	0.665	335
B048075	ENSG00000137509	NIC	335	B037996	6753	88.05	0.9343	0.6687	0.829	335
B048085	ENSG00000156860	NNC	335	B048085	1504	49.35	0.0478	0.0358	0.181	335
B048140	ENSG00000090520	NNC	335	B048141	21557	80.86	0.8090	0.4209	0.498	335
B048144	ENSG00000132906	NNC	335	B043919	4772	76.36	0.7104	0.5194	0.667	335
B048160	ENSG00000111716	FSM	334	B050836	11298	94.67	0.9850	0.8862	0.913	334
B048171	ENSG00000104808	FSM	334	B048171	10650	96.67	0.9910	0.9671	0.934	334
B048177	ENSG00000203880	FSM	334	B043704	5433	80.45	0.7515	0.6467	0.783	334
B048181	ENSG00000114745	FSM	334	B041852	6622	53.73	0.2335	0.0629	0.338	334
B048185	ENSG00000038274	FSM	334	B051036	9460	92.04	0.9222	0.8443	0.877	334
B048187	ENSG00000112242	FSM	334	B039580	5930	67.61	0.5120	0.2335	0.365	334
B048195	ENSG00000269313	FSM	334	B056358	11264	55.83	0.2545	0.0958	0.351	334
B048206	ENSG00000136603	FSM	334	B048206	648	67.86	0.4701	0.3743	0.306	334
B048228	ENSG00000072134	NIC	334	B048228	6329	68.71	0.5449	0.2695	0.477	334
B048230	ENSG00000186204	NIC	334	B048230	14222	89.76	0.9431	0.6467	0.881	334
B048236	ENSG00000076201	NIC	334	B048236	10484	75.61	0.7036	0.5240	0.698	334
B048240	ENSG00000120756	NIC	334	B048240	12164	77.08	0.6916	0.3982	0.595	334
B048245	ENSG00000186625	NIC	334	B048245	19863	64.81	0.5150	0.1377	0.398	334
B048254	ENSG00000134569	NIC	334	B048254	14944	93.64	0.9641	0.8982	0.893	334
B048255	ENSG00000171241	NIC	334	B042301	1591	75.17	0.6677	0.5000	0.697	334
B048295	ENSG00000065413	NNC	334	B048295	9761	90.58	0.9042	0.8892	0.836	334
B048296	ENSG00000114933	NNC	334	B048296	2018	58.71	0.2964	0.1407	0.3	334
B048310	ENSG00000124608	NNC	334	B048310	14535	86.64	0.8922	0.6916	0.685	334
B048321	ENSG00000007372	NNC	334	B048321	18655	60.27	0.3204	0.1587	0.34	334
B048354	ENSG00000197822	NNC	334	B042543	1153	57.20	0.2904	0.0000	0.48	334
B048363	ENSG00000151025	NNC	334	B048363	2090	62.60	0.4641	0.1138	0.443	334
B048374	ENSG00000174444	FSM	333	B048374	8092	78.63	0.7748	0.4985	0.599	333
B048379	ENSG00000186496	FSM	333	B048379	11244	58.30	0.4174	0.2102	0.362	333
B048394	ENSG00000041880	FSM	333	B048394	6877	90.82	0.9489	0.6937	0.869	333
B048397	ENSG00000109705	FSM	333	B048397	18479	55.63	0.2312	0.1562	0.353	333
B048400	ENSG00000065308	FSM	333	B058703	2103	84.83	0.8589	0.5706	0.8	333
B048401	ENSG00000025039	FSM	333	B048401	3151	76.14	0.6937	0.0871	0.71	333
B048403	ENSG00000143799	FSM	333	B048403	7350	92.83	0.9760	0.7808	0.892	333
B048417	ENSG00000143443	FSM	333	B049672	1652	47.91	0.1652	0.0000	0.268	333
B048420	ENSG00000166575	NIC	333	B039624	1256	73.46	0.6066	0.4084	0.671	333
B048431	ENSG00000142546	NIC	333	B048431	3559	75.56	0.6907	0.3934	0.612	333
B048453	ENSG00000157657	NIC	333	B048453	2382	49.98	0.2222	0.0000	0.24	333
B048532	ENSG00000135392	NNC	333	B034773	7106	67.88	0.5375	0.2673	0.439	333
B048541	ENSG00000159842	NNC	333	B048541	3475	74.59	0.6727	0.1742	0.605	333
B048558	ENSG00000204386	NNC	333	B048558	5165	83.47	0.7928	0.5916	0.791	333
B048571	ENSG00000100811	FSM	332	B048571	17419	58.21	0.4036	0.0361	0.382	332
B048581	ENSG00000115073	FSM	332	B049193	18870	92.96	0.9639	0.8434	0.896	332
B048583	ENSG00000135900	FSM	332	B048583	1856	83.24	0.8313	0.5693	0.737	332
B048584	ENSG00000143319	FSM	332	B044425	9367	64.21	0.4819	0.3283	0.485	332
B048591	ENSG00000120438	FSM	332	B048591	11265	87.91	0.9187	0.6386	0.686	332
B048593	ENSG00000105928	FSM	332	B048593	838	72.43	0.6054	0.3584	0.686	332
B048596	ENSG00000104408	FSM	332	B037227	3438	68.91	0.5030	0.0090	0.522	332
B048601	ENSG00000138107	FSM	332	B048601	17267	88.24	0.8735	0.7861	0.867	332
B048602	ENSG00000107960	FSM	332	B049565	1031	85.02	0.8373	0.6024	0.509	332
B048619	ENSG00000119772	NIC	332	B048619	4600	73.64	0.6777	0.3645	0.507	332
B048626	ENSG00000160716	NIC	332	B048626	11463	63.11	0.3735	0.0000	0.419	332
B048628	ENSG00000291055	NIC	332	B048628	4348	77.93	0.7590	0.2560	0.541	332
B048631	ENSG00000006747	NIC	332	B048631	9892	91.54	0.9488	0.7922	0.889	332
B048636	ENSG00000136937	NIC	332	B058487	1339	90.23	0.9187	0.7560	0.873	332
B048638	ENSG00000215301	NIC	332	B045105	27297	75.76	0.7349	0.4096	0.661	332
B048653	ENSG00000129245	NIC	332	B053251	1323	55.99	0.2078	0.1084	0.253	332
B048658	ENSG00000117724	NIC	332	B048658	837	80.87	0.7169	0.6355	0.387	332
B048659	ENSG00000213676	NIC	332	B048659	8583	66.90	0.5301	0.2470	0.376	332
B048665	ENSG00000071553	NIC	332	B051469	2240	76.22	0.7470	0.2229	0.475	332
B048669	ENSG00000175467	NIC	332	B049145	2958	60.53	0.3795	0.0542	0.284	332
B048671	ENSG00000116863	NNC	332	B048671	6001	86.07	0.8675	0.6446	0.867	332
B048679	ENSG00000134871	NNC	332	B048679	1682	57.05	0.1235	0.0000	0.158	332
B048684	ENSG00000102871	NNC	332	B063666	1788	79.11	0.7651	0.5663	0.505	332
B048689	ENSG00000172175	NNC	332	B048689	9216	79.57	0.7440	0.4759	0.575	332
B048716	ENSG00000196968	NNC	332	B048716	6423	85.86	0.8675	0.6265	0.852	332
B048731	ENSG00000171475	NNC	332	B048731	3027	57.79	0.2470	0.0181	0.219	332
B048742	ENSG00000172888	NNC	332	B039058	17472	66.45	0.6386	0.0120	0.386	332
B048744	ENSG00000163848	NNC	332	B048744	13209	52.62	0.2620	0.0181	0.282	332
B048760	ENSG00000168067	NNC	332	B048760	16085	77.07	0.7229	0.5542	0.778	332
B048771	ENSG00000006007	FSM	331	B048771	14082	94.23	0.9698	0.9094	0.903	331
B048784	ENSG00000170234	FSM	331	B055000	934	55.23	0.1239	0.0000	0.161	331
B048786	ENSG00000274523	FSM	331	B048786	6703	95.54	1.0000	0.9335	0.921	331
B048787	ENSG00000205060	FSM	331	B060551	3355	82.58	0.8520	0.4260	0.775	331
B048791	ENSG00000198954	FSM	331	B044071	1534	79.73	0.7251	0.4955	0.779	331
B048795	ENSG00000015413	FSM	331	B048795	15086	80.87	0.7553	0.6526	0.794	331
B048803	ENSG00000142920	NIC	331	B048803	8272	82.61	0.7855	0.5921	0.805	331
B048804	ENSG00000197798	NIC	331	B041174	787	84.76	0.8489	0.6073	0.832	331
B048805	ENSG00000183317	NIC	331	B048805	11611	83.57	0.8550	0.4804	0.687	331
B048811	ENSG00000103249	NIC	331	B035740	10573	71.25	0.6435	0.2961	0.65	331
B048812	ENSG00000065057	NIC	331	B048812	12216	65.87	0.5710	0.4320	0.62	331
B048818	ENSG00000167785	NIC	331	B048818	14790	73.03	0.7402	0.2236	0.46	331
B048822	ENSG00000082258	NIC	331	B048822	766	50.41	0.0997	0.0211	0.214	331
B048837	ENSG00000215126	NIC	331	B040318	13334	61.01	0.3776	0.0423	0.505	331
B048848	ENSG00000080644	NIC	331	B048848	12001	64.76	0.4320	0.0574	0.428	331
B048859	ENSG00000164291	NIC	331	B048859	13761	81.13	0.7764	0.5166	0.788	331
B048871	ENSG00000126107	NNC	331	B048871	6812	81.18	0.8157	0.6042	0.721	331
B048873	ENSG00000092094	NNC	331	B049445	12934	95.18	0.9849	0.9154	0.909	331
B048891	ENSG00000163159	NNC	331	B054484	3382	67.22	0.4924	0.1843	0.284	331
B048914	ENSG00000136044	NNC	331	B048915	1378	68.02	0.5891	0.1903	0.43	331
B048916	ENSG00000127863	NNC	331	B048916	4007	57.92	0.3656	0.2568	0.417	331
B048923	ENSG00000137871	NNC	331	B063611	15680	44.73	0.0967	0.0000	0.19	331
B048960	ENSG00000071859	NNC	331	B047154	3245	71.65	0.6586	0.0121	0.414	331
B048965	ENSG00000165480	FSM	330	B048965	773	56.87	0.2424	0.0515	0.208	330
B048975	ENSG00000170264	FSM	330	B048975	1635	71.36	0.5848	0.2394	0.304	330
B048980	ENSG00000177000	FSM	330	B048980	3156	87.07	0.8667	0.6455	0.853	330
B048981	ENSG00000114544	FSM	330	B053910	3296	80.13	0.8636	0.2394	0.787	330
B048985	ENSG00000112763	FSM	330	B048985	8010	87.05	0.8697	0.5909	0.636	330
B048988	ENSG00000055211	FSM	330	B061021	512	69.11	0.5667	0.3697	0.474	330
B048992	ENSG00000156017	FSM	330	B035147	4842	93.83	0.9485	0.8788	0.908	330
B048993	ENSG00000119487	FSM	330	B062802	1234	78.80	0.7636	0.3000	0.586	330
B048996	ENSG00000214063	FSM	330	B055870	9106	74.29	0.6667	0.3576	0.615	330
B049001	ENSG00000162032	FSM	330	B049001	2231	78.33	0.7091	0.5909	0.732	330
B049016	ENSG00000105255	NIC	330	B051822	2124	80.88	0.7818	0.6364	0.586	330
B049029	ENSG00000138496	NIC	330	B049029	3701	75.62	0.7000	0.3727	0.451	330
B049030	ENSG00000164463	NIC	330	B039608	272	50.48	0.0758	0.0000	0.192	330
B049041	ENSG00000187796	NIC	330	B049041	1199	82.70	0.8000	0.5455	0.346	330
B049054	ENSG00000124228	NIC	330	B049054	20545	77.04	0.6939	0.3273	0.526	330
B049055	ENSG00000099910	NIC	330	B049055	6952	82.23	0.8364	0.5515	0.799	330
B049058	ENSG00000170017	NIC	330	B049058	2188	90.25	0.9182	0.8515	0.766	330
B049061	ENSG00000074266	NIC	330	B053543	5692	72.90	0.6879	0.4000	0.65	330
B049082	ENSG00000123607	NNC	330	B049082	1888	92.86	0.9667	0.8697	0.893	330
B049087	ENSG00000100429	NNC	330	B049087	2819	87.90	0.9636	0.4970	0.693	330
B049090	ENSG00000163608	NNC	330	B049090	795	62.27	0.4758	0.0121	0.416	330
B049093	ENSG00000137171	NNC	330	B049093	6034	75.54	0.6515	0.5091	0.697	330
B049098	ENSG00000064393	NNC	330	B049098	13373	81.68	0.7727	0.6303	0.813	330
B049103	ENSG00000123575	NNC	330	B049103	3243	53.39	0.2758	0.0242	0.31	330
B049123	ENSG00000079999	NNC	330	B049123	11034	79.00	0.7242	0.4788	0.693	330
B049138	ENSG00000213588	NNC	330	B049138	10794	54.29	0.2939	0.0182	0.294	330
B049143	ENSG00000198954	NNC	330	B049143	990	88.65	0.8727	0.7909	0.852	330
B049153	ENSG00000214575	FSM	329	B049153	3814	82.30	0.8024	0.6140	0.781	329
B049166	ENSG00000130204	FSM	329	B051155	2813	71.97	0.7234	0.2675	0.62	329
B049167	ENSG00000009307	FSM	329	B049167	14421	79.61	0.7903	0.4316	0.53	329
B049168	ENSG00000088340	FSM	329	B049168	3458	80.75	0.8146	0.2584	0.708	329
B049174	ENSG00000114698	FSM	329	B052505	4629	68.24	0.5410	0.3435	0.686	329
B049176	ENSG00000072274	FSM	329	B037127	4557	91.46	0.9696	0.7812	0.882	329
B049180	ENSG00000133606	FSM	329	B064289	6314	64.05	0.4802	0.2188	0.392	329
B049185	ENSG00000148300	FSM	329	B036010	11435	75.37	0.6079	0.5258	0.599	329
B049195	ENSG00000113812	FSM	329	B049195	2556	73.67	0.6687	0.3191	0.688	329
B049198	ENSG00000166266	NIC	329	B049198	4492	84.15	0.8602	0.4316	0.783	329
B049208	ENSG00000149927	NIC	329	B060117	12841	84.61	0.8116	0.7082	0.787	329
B049214	ENSG00000177380	NIC	329	B049214	1950	61.52	0.3617	0.3161	0.298	329
B049223	ENSG00000152332	NIC	329	B046090	2356	86.73	0.8693	0.6748	0.87	329
B049229	ENSG00000163623	NIC	329	B049229	7514	50.04	0.1216	0.0334	0.256	329
B049230	ENSG00000138821	NIC	329	B060441	4158	65.49	0.4985	0.1033	0.463	329
B049232	ENSG00000197208	NIC	329	B049232	8369	77.87	0.7690	0.2705	0.598	329
B049239	ENSG00000197858	NIC	329	B049239	1765	84.40	0.8480	0.4985	0.823	329
B049244	ENSG00000188649	NIC	329	B049244	1078	53.40	0.2857	0.0091	0.327	329
B049245	ENSG00000138107	NIC	329	B049193	19170	93.76	0.9757	0.8693	0.904	329
B049265	ENSG00000051382	NIC	329	B049265	7744	88.49	0.8632	0.6869	0.884	329
B049270	ENSG00000072786	NIC	329	B049270	2661	79.86	0.7173	0.5593	0.55	329
B049280	ENSG00000165591	NIC	329	B049280	10717	80.22	0.7416	0.4620	0.788	329
B049291	ENSG00000100591	NNC	329	B062753	10025	81.68	0.7994	0.5562	0.49	329
B049294	ENSG00000128731	NNC	329	B049294	4492	73.47	0.6930	0.3495	0.542	329
B049296	ENSG00000064270	NNC	329	B049296	20538	83.37	0.8906	0.2371	0.714	329
B049304	ENSG00000007341	NNC	329	B049304	2172	75.72	0.7204	0.4164	0.73	329
B049305	ENSG00000116127	NNC	329	B049305	1749	61.51	0.3191	0.2310	0.278	329
B049316	ENSG00000157601	NNC	329	B049316	9048	76.58	0.7416	0.2918	0.592	329
B049318	ENSG00000168291	NNC	329	B049318	20268	88.49	0.8602	0.7964	0.838	329
B049320	ENSG00000114127	NNC	329	B049320	1048	85.01	0.8480	0.4772	0.706	329
B049325	ENSG00000151611	NNC	329	B049325	16125	68.74	0.5805	0.2948	0.693	329
B049333	ENSG00000197217	NNC	329	B046661	6399	80.29	0.7112	0.4590	0.71	329
B049348	ENSG00000167553	NNC	329	B049348	11886	89.56	0.9453	0.6960	0.865	329
B049371	ENSG00000010165	NNC	329	B049371	7886	75.34	0.7629	0.2766	0.56	329
B049387	ENSG00000067992	NNC	329	B049387	4995	80.53	0.7538	0.3587	0.753	329
B049397	ENSG00000123472	FSM	328	B056911	2515	70.71	0.6159	0.3415	0.567	328
B049399	ENSG00000042088	FSM	328	B049399	2363	60.97	0.4146	0.2774	0.511	328
B049404	ENSG00000157349	FSM	328	B049740	14516	89.43	0.9543	0.6159	0.815	328
B049406	ENSG00000166579	FSM	328	B046824	3022	76.88	0.6677	0.5488	0.38	328
B049416	ENSG00000142552	FSM	328	B048793	4228	79.90	0.8079	0.4268	0.722	328
B049428	ENSG00000173253	FSM	328	B058610	710	50.74	0.1372	0.0183	0.201	328
B049433	ENSG00000036672	FSM	328	B049433	13448	90.36	0.9390	0.7409	0.9	328
B049444	ENSG00000253710	NIC	328	B035649	3530	90.87	0.9085	0.8018	0.872	328
B049445	ENSG00000092094	NIC	328	B049445	12394	94.92	1.0000	0.9085	0.901	328
B049450	ENSG00000132589	NIC	328	B049450	7650	79.88	0.7805	0.3841	0.299	328
B049461	ENSG00000101052	NIC	328	B049461	2176	80.36	0.8354	0.1921	0.496	328
B049466	ENSG00000170638	NIC	328	B049466	4187	81.66	0.7744	0.3567	0.757	328
B049474	ENSG00000136628	NIC	328	B049474	4296	66.18	0.5244	0.1463	0.271	328
B049488	ENSG00000019505	NIC	328	B049488	3105	66.56	0.5213	0.2500	0.476	328
B049495	ENSG00000065054	NIC	328	B049495	14342	58.54	0.3110	0.0854	0.37	328
B049501	ENSG00000291117	NIC	328	B049501	829	70.37	0.5823	0.2957	0.395	328
B049512	ENSG00000096384	NIC	328	B049512	17388	90.47	0.9055	0.7530	0.877	328
B049518	ENSG00000164823	NIC	328	B049518	1643	84.85	0.8415	0.6006	0.791	328
B049519	ENSG00000008056	NIC	328	B049519	280	48.22	0.0610	0.0122	0.219	328
B049522	ENSG00000152578	NNC	328	B049522	5261	85.70	0.9024	0.5152	0.681	328
B049523	ENSG00000111261	NNC	328	B049523	1283	56.41	0.3476	0.1982	0.418	328
B049535	ENSG00000141574	NNC	328	B049535	370	59.53	0.3780	0.1921	0.381	328
B049565	ENSG00000107960	NNC	328	B049565	1029	80.66	0.7409	0.5000	0.557	328
B049567	ENSG00000019144	NNC	328	B049567	6123	85.75	0.8171	0.7317	0.471	328
B049569	ENSG00000173988	NNC	328	B047661	434	49.13	0.2378	0.0610	0.311	328
B049570	ENSG00000072121	NNC	328	B049570	926	71.14	0.6189	0.3567	0.605	328
B049573	ENSG00000260643	NNC	328	B038372	187	42.80	0.0000	0.0000	0.148	328
B049603	ENSG00000129226	FSM	327	B052484	1143	72.40	0.5719	0.5199	0.582	327
B049605	ENSG00000087191	FSM	327	B041831	27457	79.41	0.8257	0.1162	0.682	327
B049613	ENSG00000115216	FSM	327	B053450	4561	72.04	0.6758	0.1070	0.438	327
B049616	ENSG00000143409	FSM	327	B049616	4427	79.30	0.7370	0.4557	0.679	327
B049622	ENSG00000138750	FSM	327	B049622	1753	88.79	0.9174	0.6972	0.607	327
B049624	ENSG00000112941	FSM	327	B063937	3290	51.86	0.2171	0.1101	0.333	327
B049634	ENSG00000004766	FSM	327	B063172	1001	71.57	0.6208	0.1101	0.414	327
B049641	ENSG00000068438	FSM	327	B054149	13020	81.91	0.7890	0.5076	0.786	327
B049643	ENSG00000122958	FSM	327	B062671	3429	86.36	0.8716	0.6667	0.795	327
B049659	ENSG00000182327	NIC	327	B057807	1460	76.99	0.6789	0.5076	0.676	327
B049672	ENSG00000143443	NIC	327	B049672	1648	51.86	0.2355	0.0214	0.298	327
B049674	ENSG00000100106	NIC	327	B049674	2628	69.02	0.4985	0.2905	0.321	327
B049690	ENSG00000187391	NIC	327	B049690	10063	63.14	0.5229	0.0336	0.377	327
B049694	ENSG00000147364	NIC	327	B048152	2026	68.12	0.5994	0.1101	0.566	327
B049698	ENSG00000241058	NIC	327	B049698	13256	85.30	0.8318	0.5719	0.858	327
B049704	ENSG00000204219	NIC	327	B058038	9188	68.02	0.6116	0.2049	0.423	327
B049707	ENSG00000167552	NIC	327	B040669	11423	91.40	0.9633	0.7951	0.87	327
B049713	ENSG00000197535	NIC	327	B063292	14010	88.82	0.9450	0.6055	0.824	327
B049723	ENSG00000163960	NIC	327	B049723	3894	72.48	0.6024	0.4740	0.402	327
B049727	ENSG00000124615	NIC	327	B038862	18967	82.17	0.7737	0.5413	0.784	327
B049728	ENSG00000009954	NIC	327	B049728	18364	67.35	0.5076	0.3425	0.456	327
B049737	ENSG00000175634	NIC	327	B049737	26893	88.03	0.9144	0.6636	0.838	327
B049751	ENSG00000127220	NNC	327	B043268	3617	81.65	0.7615	0.5474	0.782	327
B049754	ENSG00000196235	NNC	327	B037545	1611	59.76	0.3394	0.3211	0.408	327
B049757	ENSG00000075292	NNC	327	B049757	415	53.51	0.1162	0.0031	0.173	327
B049764	ENSG00000117593	NNC	327	B049764	15928	90.46	0.9358	0.7798	0.834	327
B049769	ENSG00000124508	NNC	327	B048985	8092	86.79	0.8654	0.6147	0.643	327
B049772	ENSG00000105963	NNC	327	B049772	3474	63.57	0.5321	0.3547	0.561	327
B049775	ENSG00000147316	NNC	327	B049775	2925	62.01	0.4067	0.2661	0.382	327
B049787	ENSG00000110076	NNC	327	B049787	2302	64.17	0.4220	0.2905	0.505	327
B049788	ENSG00000173327	NNC	327	B049788	9191	70.42	0.6514	0.3394	0.584	327
B049791	ENSG00000171723	NNC	327	B049791	16368	68.68	0.4832	0.4740	0.555	327
B049793	ENSG00000291307	NNC	327	B049793	4001	70.36	0.6453	0.2783	0.56	327
B049797	ENSG00000005882	NNC	327	B041542	7207	86.70	0.8807	0.6330	0.83	327
B049799	ENSG00000168813	NNC	327	B049799	6101	53.48	0.3028	0.0031	0.262	327
B049807	ENSG00000071539	NNC	327	B060736	3837	77.51	0.7431	0.2416	0.728	327
B049829	ENSG00000135677	FSM	326	B058069	10343	90.88	0.9294	0.8313	0.862	326
B049834	ENSG00000069869	FSM	326	B054809	7875	51.53	0.1687	0.0000	0.376	326
B049836	ENSG00000065054	FSM	326	B057152	15477	67.64	0.5644	0.0521	0.426	326
B049840	ENSG00000125107	FSM	326	B052536	3672	92.88	0.9663	0.8221	0.914	326
B049848	ENSG00000105223	FSM	326	B045735	5862	82.41	0.7577	0.5828	0.715	326
B049850	ENSG00000162694	FSM	326	B052713	3079	86.40	0.8221	0.6626	0.777	326
B049855	ENSG00000159147	FSM	326	B061110	1521	82.25	0.7822	0.5552	0.791	326
B049858	ENSG00000061938	FSM	326	B050458	1874	60.39	0.3037	0.1994	0.322	326
B049865	ENSG00000130023	FSM	326	B049865	614	84.85	0.8865	0.3988	0.837	326
B049868	ENSG00000104325	FSM	326	B059349	9656	89.75	0.9049	0.8221	0.856	326
B049870	ENSG00000154473	FSM	326	B049870	7675	96.18	0.9877	0.9571	0.925	326
B049873	ENSG00000174684	FSM	326	B037783	2806	89.50	0.9172	0.6595	0.895	326
B049874	ENSG00000167588	FSM	326	B052939	13436	90.41	0.9663	0.6994	0.879	326
B049884	ENSG00000066557	NIC	326	B049884	10371	88.85	0.8834	0.7914	0.841	326
B049896	ENSG00000054356	NIC	326	B049896	12904	79.24	0.7699	0.4571	0.765	326
B049898	ENSG00000101266	NIC	326	B049898	14479	81.59	0.8006	0.6503	0.752	326
B049910	ENSG00000198569	NIC	326	B049910	12579	76.96	0.7147	0.3098	0.65	326
B049924	ENSG00000141570	NIC	326	B049924	1427	55.25	0.1963	0.0521	0.197	326
B049926	ENSG00000085982	NIC	326	B049926	722	80.08	0.8098	0.4785	0.632	326
B049941	ENSG00000122965	NNC	326	B049941	19214	62.26	0.3896	0.2239	0.371	326
B049950	ENSG00000250021	NNC	326	B049950	5227	62.47	0.4356	0.0000	0.474	326
B049951	ENSG00000132485	NNC	326	B052481	10755	55.95	0.1840	0.0061	0.246	326
B049968	ENSG00000163346	NNC	326	B049968	986	59.21	0.3098	0.1503	0.236	326
B049975	ENSG00000062194	NNC	326	B058852	833	53.80	0.1503	0.0031	0.235	326
B049977	ENSG00000164855	NNC	326	B049977	7137	58.82	0.3160	0.0000	0.512	326
B050001	ENSG00000119688	NNC	326	B050001	7318	77.59	0.7607	0.2669	0.625	326
B050008	ENSG00000108883	NNC	326	B050008	11455	71.61	0.6810	0.1227	0.597	326
B050010	ENSG00000186300	NNC	326	B056130	23017	79.65	0.8221	0.3252	0.453	326
B050017	ENSG00000176946	NNC	326	B050017	5686	47.38	0.1043	0.0000	0.277	326
B050018	ENSG00000100092	NNC	326	B050018	2469	76.08	0.7362	0.4110	0.547	326
B050023	ENSG00000164175	NNC	326	B050023	4510	68.60	0.6258	0.0000	0.624	326
B050026	ENSG00000197721	NNC	326	B050026	7965	84.38	0.8865	0.4264	0.54	326
B050028	ENSG00000077080	NNC	326	B038536	11288	92.89	0.9540	0.8988	0.888	326
B050038	ENSG00000162236	NNC	326	B050929	13675	67.21	0.5031	0.1779	0.527	326
B050047	ENSG00000100580	FSM	325	B064171	1883	66.11	0.4523	0.3815	0.503	325
B050058	ENSG00000118961	FSM	325	B048819	1787	87.63	0.8923	0.6062	0.893	325
B050060	ENSG00000115457	FSM	325	B053306	8897	65.10	0.4554	0.1231	0.43	325
B050061	ENSG00000101146	FSM	325	B041681	9759	91.66	0.9138	0.8800	0.871	325
B050075	ENSG00000198874	FSM	325	B057267	6827	90.15	0.9231	0.7415	0.882	325
B050077	ENSG00000106484	FSM	325	B052152	7631	86.14	0.8585	0.5385	0.847	325
B050079	ENSG00000104427	FSM	325	B058393	4816	61.52	0.3600	0.1938	0.245	325
B050080	ENSG00000179091	FSM	325	B064041	9066	82.79	0.8154	0.6092	0.708	325
B050083	ENSG00000156345	FSM	325	B056703	9364	83.24	0.8000	0.5846	0.813	325
B050092	ENSG00000151151	FSM	325	B050092	3899	72.95	0.6462	0.5569	0.681	325
B050096	ENSG00000133315	FSM	325	B054856	21016	79.81	0.7200	0.6585	0.726	325
B050099	ENSG00000139496	FSM	325	B057662	1463	61.12	0.3969	0.1846	0.273	325
B050101	ENSG00000145014	FSM	325	B063110	650	52.52	0.1169	0.0000	0.306	325
B050131	ENSG00000168564	NIC	325	B053097	1021	65.38	0.4400	0.3354	0.492	325
B050140	ENSG00000106290	NIC	325	B050140	2948	63.18	0.4738	0.1938	0.402	325
B050142	ENSG00000117868	NIC	325	B050142	8132	69.46	0.5723	0.3569	0.387	325
B050146	ENSG00000146950	NIC	325	B043170	2217	65.93	0.4554	0.2769	0.362	325
B050152	ENSG00000250021	NIC	325	B049950	4088	61.61	0.4000	0.0000	0.47	325
B050156	ENSG00000105220	NIC	325	B050156	14740	93.48	0.9662	0.8800	0.898	325
B050161	ENSG00000038382	NIC	325	B044139	10943	76.07	0.7015	0.4523	0.456	325
B050162	ENSG00000039560	NIC	325	B050162	7986	67.61	0.5785	0.3169	0.59	325
B050184	ENSG00000090447	NNC	325	B060953	9477	69.35	0.5046	0.2862	0.318	325
B050187	ENSG00000130159	NNC	325	B052219	1490	72.56	0.6154	0.2492	0.608	325
B050190	ENSG00000143891	NNC	325	B050190	14628	68.04	0.5877	0.3415	0.739	325
B050204	ENSG00000113369	NNC	325	B055682	5097	77.42	0.6431	0.5046	0.637	325
B050206	ENSG00000204348	NNC	325	B039244	2787	87.50	0.8708	0.7046	0.845	325
B050222	ENSG00000157399	NNC	325	B050222	12922	91.91	0.9785	0.7815	0.854	325
B050227	ENSG00000019505	NNC	325	B050227	1529	60.52	0.4215	0.2800	0.493	325
B050229	ENSG00000196323	NNC	325	B050229	10568	51.91	0.1723	0.1600	0.286	325
B050232	ENSG00000176915	NNC	325	B050232	2260	72.47	0.6462	0.4892	0.587	325
B050263	ENSG00000117868	NNC	325	B050263	11159	63.49	0.4862	0.2246	0.396	325
B050270	ENSG00000149476	NNC	325	B050270	14434	88.66	0.9231	0.6185	0.541	325
B050275	ENSG00000089916	FSM	324	B065625	841	49.89	0.0031	0.0000	0.139	324
B050277	ENSG00000273749	FSM	324	B050277	1202	90.27	0.9167	0.7346	0.827	324
B050279	ENSG00000103035	FSM	324	B050279	4488	83.65	0.8889	0.3241	0.632	324
B050282	ENSG00000219626	FSM	324	B059175	950	67.77	0.5833	0.2284	0.428	324
B050288	ENSG00000080819	FSM	324	B051848	12165	94.83	1.0000	0.8488	0.918	324
B050301	ENSG00000135069	FSM	324	B050301	11955	95.26	0.9784	0.9198	0.926	324
B050303	ENSG00000104805	FSM	324	B050303	2769	78.25	0.7747	0.4136	0.578	324
B050307	ENSG00000152556	NIC	324	B050307	12061	84.63	0.8580	0.5247	0.769	324
B050309	ENSG00000135097	NIC	324	B050309	21158	54.84	0.2469	0.1512	0.343	324
B050318	ENSG00000178607	NIC	324	B050318	2839	78.74	0.7099	0.4444	0.787	324
B050323	ENSG00000066422	NIC	324	B050323	8542	54.58	0.3673	0.0000	0.354	324
B050327	ENSG00000138670	NIC	324	B050327	2377	79.51	0.7438	0.5216	0.749	324
B050329	ENSG00000137312	NIC	324	B061521	5796	79.49	0.7716	0.3519	0.297	324
B050332	ENSG00000026652	NIC	324	B040299	5096	90.26	0.9475	0.7531	0.844	324
B050344	ENSG00000068323	NIC	324	B065798	9267	66.01	0.4815	0.2438	0.37	324
B050346	ENSG00000077279	NIC	324	B054026	3681	64.46	0.4691	0.0463	0.359	324
B050351	ENSG00000130766	NIC	324	B062032	3228	78.72	0.7253	0.4167	0.766	324
B050353	ENSG00000157077	NIC	324	B050353	1623	80.17	0.7840	0.2963	0.639	324
B050356	ENSG00000100764	NIC	324	B041831	26372	71.64	0.6080	0.0000	0.565	324
B050363	ENSG00000073350	NIC	324	B050363	1231	71.53	0.5802	0.3920	0.615	324
B050367	ENSG00000104825	NIC	324	B050367	3465	71.60	0.5401	0.4753	0.631	324
B050376	ENSG00000087266	NIC	324	B050376	4886	74.91	0.6759	0.4599	0.516	324
B050383	ENSG00000128573	NIC	324	B056103	722	55.97	0.3086	0.0185	0.26	324
B050392	ENSG00000151491	NNC	324	B050392	2752	76.24	0.6451	0.4846	0.523	324
B050400	ENSG00000116176	NNC	324	B050885	18483	67.98	0.5957	0.2284	0.657	324
B050401	ENSG00000065054	NNC	324	B050401	13773	59.28	0.3148	0.1636	0.384	324
B050407	ENSG00000123136	NNC	324	B039494	12660	83.20	0.8457	0.4198	0.729	324
B050423	ENSG00000077585	NNC	324	B046219	1097	73.49	0.6667	0.2284	0.727	324
B050434	ENSG00000119636	NNC	324	B038249	1140	79.70	0.7346	0.5370	0.448	324
B050461	ENSG00000164291	NNC	324	B050461	5860	84.26	0.8395	0.5525	0.828	324
B050465	ENSG00000112118	NNC	324	B050465	6944	66.95	0.5370	0.1389	0.448	324
B050476	ENSG00000134686	FSM	323	B050476	9364	60.51	0.3684	0.2105	0.297	323
B050477	ENSG00000213782	FSM	323	B050477	19706	85.63	0.8793	0.5913	0.775	323
B050480	ENSG00000186298	FSM	323	B053436	23242	91.70	0.9102	0.8514	0.885	323
B050491	ENSG00000169733	FSM	323	B063796	2867	55.91	0.4087	0.1796	0.507	323
B050496	ENSG00000197872	FSM	323	B054851	1633	90.95	0.9288	0.8390	0.882	323
B050500	ENSG00000090097	FSM	323	B048625	10414	67.76	0.6006	0.0124	0.465	323
B050507	ENSG00000135299	FSM	323	B050507	1440	68.81	0.5418	0.4520	0.346	323
B050520	ENSG00000182378	FSM	323	B062855	3144	91.86	0.9412	0.8514	0.896	323
B050521	ENSG00000158290	FSM	323	B064056	9623	86.46	0.9226	0.5139	0.712	323
B050522	ENSG00000138172	FSM	323	B055288	1603	75.67	0.6873	0.2105	0.682	323
B050527	ENSG00000103021	FSM	323	B046822	1903	83.63	0.8328	0.5170	0.347	323
B050541	ENSG00000103227	NIC	323	B050541	8804	78.76	0.7771	0.4303	0.745	323
B050544	ENSG00000182149	NIC	323	B050544	3940	65.18	0.5108	0.0310	0.479	323
B050545	ENSG00000125686	NIC	323	B050545	1340	81.76	0.8545	0.3901	0.766	323
B050553	ENSG00000144354	NIC	323	B050553	4807	66.44	0.5015	0.3839	0.482	323
B050561	ENSG00000187626	NIC	323	B047197	13748	61.90	0.5759	0.0495	0.427	323
B050566	ENSG00000182484	NIC	323	B051861	1119	57.32	0.2384	0.0186	0.189	323
B050568	ENSG00000117984	NIC	323	B050568	15860	83.03	0.8297	0.5573	0.828	323
B050585	ENSG00000177595	NIC	323	B050585	2313	63.99	0.4644	0.1176	0.397	323
B050586	ENSG00000172500	NIC	323	B050586	1253	87.08	0.8762	0.6966	0.845	323
B050587	ENSG00000151376	NIC	323	B050587	11494	83.23	0.8050	0.7430	0.766	323
B050591	ENSG00000257365	NNC	323	B050591	7164	86.29	0.8297	0.6378	0.847	323
B050592	ENSG00000165533	NNC	323	B050592	1152	77.99	0.7399	0.5944	0.699	323
B050597	ENSG00000168259	NNC	323	B050597	10048	96.53	0.9876	0.9721	0.869	323
B050612	ENSG00000112972	NNC	323	B050612	4130	85.85	0.8514	0.7616	0.792	323
B050615	ENSG00000120738	NNC	323	B050615	17079	57.75	0.3282	0.0495	0.29	323
B050618	ENSG00000105856	NNC	323	B050618	8300	71.33	0.5944	0.3189	0.486	323
B050619	ENSG00000173273	NNC	323	B050619	10758	93.69	0.9412	0.9040	0.87	323
B050631	ENSG00000082175	NNC	323	B050631	9844	45.60	0.1146	0.0650	0.246	323
B050639	ENSG00000123472	NNC	323	B056911	8950	60.56	0.4954	0.0619	0.518	323
B050643	ENSG00000064726	NNC	323	B050643	11749	78.22	0.7059	0.5542	0.681	323
B050644	ENSG00000140563	NNC	323	B050644	11948	85.83	0.9257	0.4458	0.617	323
B050649	ENSG00000264522	NNC	323	B050649	3478	56.24	0.2879	0.1393	0.235	323
B050653	ENSG00000134072	NNC	323	B050653	22288	73.50	0.6378	0.3808	0.731	323
B050655	ENSG00000124588	NNC	323	B050655	18239	77.37	0.7059	0.6811	0.731	323
B050667	ENSG00000062650	NNC	323	B050667	176	46.18	0.0124	0.0000	0.15	323
B050675	ENSG00000138617	FSM	322	B066138	1936	87.50	0.8882	0.6366	0.794	322
B050676	ENSG00000182054	FSM	322	B065970	7853	93.31	0.9814	0.8634	0.871	322
B050686	ENSG00000184702	FSM	322	B050900	8620	75.95	0.7702	0.0466	0.68	322
B050687	ENSG00000183765	FSM	322	B053195	19080	78.53	0.7205	0.4472	0.789	322
B050692	ENSG00000145708	FSM	322	B065667	1022	81.54	0.7329	0.6615	0.762	322
B050693	ENSG00000158615	FSM	322	B039607	1877	59.21	0.3292	0.1025	0.275	322
B050705	ENSG00000104219	FSM	322	B044220	16286	80.73	0.7764	0.6584	0.749	322
B050709	ENSG00000181544	FSM	322	B050709	723	83.54	0.8509	0.5311	0.759	322
B050714	ENSG00000205758	FSM	322	B050714	1399	83.53	0.8385	0.5745	0.82	322
B050715	ENSG00000117724	FSM	322	B050715	998	74.83	0.6273	0.5311	0.354	322
B050721	ENSG00000132768	NIC	322	B050721	4050	81.17	0.8416	0.3354	0.76	322
B050729	ENSG00000097096	NIC	322	B050729	2751	68.05	0.5124	0.2950	0.494	322
B050734	ENSG00000115687	NIC	322	B061264	13731	83.36	0.7981	0.6988	0.793	322
B050738	ENSG00000070950	NIC	322	B050738	11397	67.69	0.5404	0.3478	0.548	322
B050757	ENSG00000107882	NIC	322	B050757	2530	82.40	0.7578	0.7112	0.749	322
B050765	ENSG00000275700	NIC	322	B050765	1622	60.59	0.3292	0.0994	0.328	322
B050766	ENSG00000167925	NIC	322	B050766	1566	70.99	0.5528	0.1615	0.517	322
B050768	ENSG00000130669	NIC	322	B050768	14590	63.95	0.5311	0.3416	0.599	322
B050771	ENSG00000135912	NIC	322	B045238	12024	64.84	0.5373	0.3758	0.601	322
B050773	ENSG00000181982	NIC	322	B042465	1150	79.67	0.7267	0.4286	0.273	322
B050780	ENSG00000269556	NIC	322	B044537	1354	66.84	0.4814	0.0901	0.632	322
B050787	ENSG00000091039	NNC	322	B050787	4751	80.31	0.7919	0.4969	0.548	322
B050796	ENSG00000078142	NNC	322	B050796	4361	74.70	0.7050	0.2547	0.599	322
B050803	ENSG00000003400	NNC	322	B050803	6586	72.45	0.6584	0.2422	0.638	322
B050805	ENSG00000088340	NNC	322	B050805	1244	71.26	0.6087	0.3012	0.577	322
B050808	ENSG00000128242	NNC	322	B038941	3614	80.74	0.7826	0.5839	0.728	322
B050810	ENSG00000130638	NNC	322	B050810	660	86.61	0.8292	0.7143	0.809	322
B050823	ENSG00000118690	NNC	322	B050823	979	53.26	0.1180	0.0155	0.21	322
B050827	ENSG00000106069	NNC	322	B050827	12257	84.05	0.7857	0.7174	0.761	322
B050836	ENSG00000111716	NNC	322	B050836	11374	91.43	0.9627	0.7205	0.882	322
B050849	ENSG00000117528	NNC	322	B050849	9763	80.35	0.8199	0.2547	0.653	322
B050851	ENSG00000105409	NNC	322	B050851	14773	76.55	0.7112	0.2174	0.617	322
B050870	ENSG00000136754	NNC	322	B050870	14792	57.85	0.2733	0.1832	0.333	322
B050883	ENSG00000248905	FSM	321	B050883	1081	53.18	0.1713	0.0436	0.219	321
B050885	ENSG00000116176	FSM	321	B050885	18764	82.80	0.7850	0.6168	0.752	321
B050894	ENSG00000079385	FSM	321	B041677	8755	89.92	0.8941	0.8442	0.729	321
B050895	ENSG00000083817	FSM	321	B050895	15884	48.97	0.2928	0.0685	0.319	321
B050896	ENSG00000115392	FSM	321	B050896	8048	84.76	0.8193	0.6480	0.77	321
B050897	ENSG00000196975	FSM	321	B052143	11729	95.32	0.9875	0.9252	0.916	321
B050898	ENSG00000171612	FSM	321	B059912	9577	75.57	0.7227	0.1184	0.736	321
B050911	ENSG00000204344	FSM	321	B050911	1176	75.59	0.6822	0.6168	0.667	321
B050913	ENSG00000155792	FSM	321	B039615	11016	77.86	0.7632	0.5109	0.493	321
B050916	ENSG00000095380	FSM	321	B056797	10303	95.19	0.9782	0.9564	0.853	321
B050917	ENSG00000136933	FSM	321	B054509	8841	87.44	0.8785	0.7539	0.82	321
B050918	ENSG00000160404	FSM	321	B050918	3956	85.87	0.8505	0.7259	0.826	321
B050930	ENSG00000197299	FSM	321	B037752	3677	66.12	0.5202	0.2087	0.383	321
B050933	ENSG00000144354	FSM	321	B036586	2496	58.15	0.3084	0.0966	0.325	321
B050935	ENSG00000164074	FSM	321	B057030	2890	75.79	0.6885	0.5888	0.685	321
B050946	ENSG00000007516	NIC	321	B064173	8701	89.10	0.9221	0.6480	0.725	321
B050951	ENSG00000076351	NIC	321	B050951	2071	70.90	0.6480	0.0654	0.691	321
B050953	ENSG00000188629	NIC	321	B050953	20318	72.68	0.6511	0.4673	0.523	321
B050958	ENSG00000115947	NIC	321	B050958	3447	86.63	0.9065	0.5763	0.813	321
B050970	ENSG00000197721	NIC	321	B050970	7630	86.23	0.8941	0.4922	0.6	321
B050988	ENSG00000171634	NIC	321	B050988	14223	73.65	0.6573	0.3458	0.451	321
B050996	ENSG00000175054	NIC	321	B050996	9283	87.53	0.8629	0.6947	0.874	321
B051007	ENSG00000253710	NNC	321	B051007	3590	86.19	0.8069	0.6012	0.768	321
B051010	ENSG00000100601	NNC	321	B040042	6406	85.49	0.8255	0.7134	0.851	321
B051020	ENSG00000169733	NNC	321	B050902	2696	78.92	0.7227	0.5234	0.779	321
B051022	ENSG00000130734	NNC	321	B051022	4899	78.75	0.7321	0.5701	0.771	321
B051045	ENSG00000168090	NNC	321	B060309	3551	81.53	0.7944	0.5296	0.614	321
B051053	ENSG00000135069	NNC	321	B050301	10466	89.05	0.8910	0.7352	0.882	321
B051065	ENSG00000196517	NNC	321	B051065	14824	78.78	0.8162	0.2804	0.721	321
B051067	ENSG00000136161	NNC	321	B051067	15602	87.42	0.9003	0.7913	0.633	321
B051079	ENSG00000160716	NNC	321	B051079	11394	82.20	0.8006	0.4361	0.728	321
B051082	ENSG00000151806	NNC	321	B051082	21506	70.50	0.6480	0.1526	0.66	321
B051084	ENSG00000120725	NNC	321	B048702	2472	65.08	0.5234	0.1651	0.395	321
B051096	ENSG00000180776	FSM	320	B044220	17472	91.14	0.9031	0.8281	0.862	320
B051099	ENSG00000166949	FSM	320	B056465	4481	78.60	0.7000	0.5656	0.679	320
B051102	ENSG00000132485	FSM	320	B052481	10429	55.73	0.1875	0.0063	0.25	320
B051106	ENSG00000125454	FSM	320	B051877	9262	80.96	0.8406	0.1375	0.781	320
B051111	ENSG00000163093	FSM	320	B051111	1401	86.36	0.8375	0.6875	0.719	320
B051115	ENSG00000198715	FSM	320	B051115	847	77.60	0.7250	0.3344	0.742	320
B051117	ENSG00000158864	FSM	320	B051117	21715	86.16	0.9969	0.1375	0.826	320
B051122	ENSG00000151718	FSM	320	B066211	1453	64.37	0.4031	0.1812	0.321	320
B051123	ENSG00000151725	FSM	320	B044111	493	58.65	0.2281	0.1531	0.303	320
B051124	ENSG00000043143	FSM	320	B051124	13377	67.21	0.5938	0.2406	0.39	320
B051129	ENSG00000049541	FSM	320	B055340	12629	80.74	0.8594	0.3375	0.687	320
B051136	ENSG00000166340	FSM	320	B051136	13971	92.20	0.9719	0.7937	0.911	320
B051140	ENSG00000283189	FSM	320	B051140	12577	96.64	1.0000	0.9750	0.917	320
B051141	ENSG00000215114	FSM	320	B061294	5328	68.34	0.5531	0.0156	0.39	320
B051148	ENSG00000164011	NIC	320	B059489	15257	64.23	0.5906	0.0094	0.442	320
B051150	ENSG00000151176	NIC	320	B051150	4345	96.10	1.0000	0.9656	0.914	320
B051167	ENSG00000138760	NIC	320	B051167	6878	90.70	0.9406	0.7406	0.817	320
B051180	ENSG00000147804	NIC	320	B051180	3682	72.23	0.6469	0.2437	0.612	320
B051194	ENSG00000134574	NIC	320	B051194	1271	66.88	0.5875	0.1562	0.579	320
B051200	ENSG00000108424	NIC	320	B063298	2948	88.14	0.8594	0.7188	0.852	320
B051201	ENSG00000162613	NIC	320	B044992	4282	49.07	0.1313	0.0000	0.248	320
B051202	ENSG00000078142	NIC	320	B063569	3803	76.58	0.7562	0.1906	0.547	320
B051205	ENSG00000159131	NIC	320	B066083	17291	94.23	0.9531	0.9000	0.888	320
B051206	ENSG00000100242	NIC	320	B051206	5249	74.79	0.5906	0.3312	0.574	320
B051215	ENSG00000164733	NIC	320	B051215	11152	76.43	0.7656	0.3563	0.761	320
B051220	ENSG00000120458	NNC	320	B051220	2735	50.55	0.1656	0.0156	0.355	320
B051224	ENSG00000166133	NNC	320	B051224	9641	68.86	0.5813	0.5062	0.6	320
B051229	ENSG00000183018	NNC	320	B066532	4048	88.13	0.9156	0.6875	0.848	320
B051239	ENSG00000275052	NNC	320	B051239	3193	63.96	0.4094	0.2469	0.466	320
B051249	ENSG00000109680	NNC	320	B051249	861	85.65	0.8719	0.5094	0.758	320
B051251	ENSG00000158987	NNC	320	B051251	2005	68.89	0.5687	0.2219	0.421	320
B051256	ENSG00000081377	NNC	320	B051256	12138	72.89	0.5938	0.4625	0.672	320
B051259	ENSG00000215301	NNC	320	B057965	27758	77.01	0.7594	0.4031	0.677	320
B051263	ENSG00000197136	NNC	320	B051263	1580	67.84	0.6094	0.1750	0.495	320
B051282	ENSG00000189362	NNC	320	B061508	1615	60.20	0.3125	0.0000	0.38	320
B051291	ENSG00000247596	NNC	320	B051291	2501	67.81	0.5344	0.1906	0.483	320
B051293	ENSG00000082701	NNC	320	B058177	18155	89.90	0.8969	0.8438	0.86	320
B051300	ENSG00000145332	NNC	320	B051300	9535	72.63	0.6375	0.3875	0.562	320
B051310	ENSG00000188234	NNC	320	B042445	14834	84.25	0.8156	0.6844	0.695	320
B051317	ENSG00000032742	FSM	319	B051317	1987	88.26	0.9875	0.5235	0.697	319
B051334	ENSG00000109339	FSM	319	B063429	20104	76.32	0.7022	0.4451	0.7	319
B051337	ENSG00000164117	FSM	319	B060963	8917	79.10	0.7806	0.5266	0.688	319
B051339	ENSG00000130348	FSM	319	B053868	20810	87.02	0.8401	0.7304	0.867	319
B051342	ENSG00000105976	FSM	319	B051342	1416	83.90	0.8056	0.6301	0.777	319
B051343	ENSG00000196814	FSM	319	B054765	1554	72.98	0.5799	0.3793	0.518	319
B051353	ENSG00000147144	FSM	319	B051353	198	47.37	0.0533	0.0251	0.238	319
B051355	ENSG00000160094	FSM	319	B051355	493	43.89	0.0533	0.0000	0.191	319
B051372	ENSG00000118160	NIC	319	B051372	13056	71.45	0.7022	0.0658	0.388	319
B051380	ENSG00000143156	NIC	319	B051380	12420	88.86	0.9436	0.5925	0.797	319
B051381	ENSG00000197959	NIC	319	B051381	4647	73.31	0.6082	0.4232	0.429	319
B051382	ENSG00000109680	NIC	319	B051382	1139	90.53	0.9342	0.7304	0.897	319
B051385	ENSG00000135315	NIC	319	B050420	635	55.82	0.2006	0.0345	0.226	319
B051393	ENSG00000147144	NIC	319	B051393	1470	61.86	0.3229	0.2226	0.32	319
B051398	ENSG00000139323	NIC	319	B061743	18331	76.47	0.6614	0.5737	0.69	319
B051414	ENSG00000146457	NIC	319	B051414	2061	67.08	0.4859	0.3386	0.302	319
B051422	ENSG00000173327	NIC	319	B051422	16055	72.97	0.6050	0.3636	0.56	319
B051427	ENSG00000134874	NNC	319	B051427	557	58.20	0.2226	0.1599	0.291	319
B051451	ENSG00000116584	NNC	319	B051451	7281	64.59	0.4201	0.1912	0.302	319
B051461	ENSG00000146109	NNC	319	B051461	4207	66.79	0.5172	0.3448	0.516	319
B051462	ENSG00000196812	NNC	319	B051462	24897	65.91	0.5549	0.4295	0.369	319
B051482	ENSG00000178904	NNC	319	B051482	1116	77.04	0.7492	0.1661	0.72	319
B051485	ENSG00000159079	NNC	319	B066207	2152	80.10	0.8339	0.2759	0.699	319
B051493	ENSG00000145241	NNC	319	B051493	221	47.11	0.0564	0.0000	0.183	319
B051504	ENSG00000139182	FSM	318	B051504	3829	73.78	0.5818	0.3302	0.523	318
B051506	ENSG00000135437	FSM	318	B051743	12041	94.82	0.9969	0.8836	0.914	318
B051507	ENSG00000033030	FSM	318	B066313	579	58.03	0.2736	0.1164	0.209	318
B051509	ENSG00000182957	FSM	318	B051509	469	51.69	0.0629	0.0000	0.152	318
B051518	ENSG00000013275	FSM	318	B060057	26334	69.99	0.6761	0.0786	0.506	318
B051521	ENSG00000197114	FSM	318	B051521	4277	76.59	0.6792	0.5126	0.476	318
B051525	ENSG00000247596	FSM	318	B051525	3750	77.38	0.7579	0.3396	0.479	318
B051528	ENSG00000163069	FSM	318	B052635	583	74.73	0.6981	0.0912	0.386	318
B051540	ENSG00000101911	FSM	318	B056802	18576	92.83	0.9497	0.8868	0.892	318
B051549	ENSG00000141738	FSM	318	B051549	2872	74.61	0.6541	0.3836	0.715	318
B051550	ENSG00000136492	FSM	318	B051550	8078	71.77	0.6509	0.4591	0.671	318
B051552	ENSG00000196505	FSM	318	B039538	12851	83.52	0.7704	0.6478	0.747	318
B051554	ENSG00000085382	FSM	318	B051554	12315	88.35	0.9497	0.5566	0.767	318
B051560	ENSG00000254685	NIC	318	B051560	2544	89.68	0.9245	0.7484	0.731	318
B051573	ENSG00000196562	NIC	318	B051573	11606	78.21	0.7138	0.6101	0.681	318
B051578	ENSG00000182983	NIC	318	B037987	10869	67.96	0.5943	0.2704	0.476	318
B051584	ENSG00000173545	NIC	318	B051584	4255	61.88	0.4182	0.2264	0.475	318
B051586	ENSG00000164176	NIC	318	B051586	22698	85.94	0.8428	0.6321	0.644	318
B051589	ENSG00000116786	NIC	318	B042264	1403	80.19	0.7736	0.4623	0.591	318
B051596	ENSG00000155816	NIC	318	B051596	3184	90.36	0.8962	0.7201	0.8	318
B051601	ENSG00000136933	NIC	318	B051601	4636	84.34	0.8711	0.6321	0.796	318
B051613	ENSG00000187531	NIC	318	B039930	12875	92.06	0.9560	0.7390	0.852	318
B051621	ENSG00000159147	NIC	318	B061619	1337	61.48	0.4119	0.1384	0.489	318
B051623	ENSG00000114491	NIC	318	B051623	15446	86.06	0.8648	0.6918	0.594	318
B051646	ENSG00000185324	NNC	318	B051646	18803	75.36	0.6604	0.4528	0.691	318
B051669	ENSG00000135587	NNC	318	B042290	1988	86.15	0.8774	0.6604	0.809	318
B051673	ENSG00000105976	NNC	318	B051673	15352	82.60	0.7925	0.5535	0.839	318
B051691	ENSG00000166145	NNC	318	B051691	2427	66.76	0.5283	0.2327	0.428	318
B051712	ENSG00000100324	NNC	318	B051712	3559	66.25	0.6289	0.1038	0.618	318
B051718	ENSG00000138670	NNC	318	B051718	3888	88.10	0.8836	0.6667	0.867	318
B051737	ENSG00000008130	NNC	318	B043847	8526	78.79	0.7233	0.4403	0.771	318
B051739	ENSG00000149564	FSM	317	B058870	3611	75.25	0.6278	0.4606	0.551	317
B051740	ENSG00000111261	FSM	317	B044970	846	45.53	0.1009	0.0662	0.254	317
B051742	ENSG00000181852	FSM	317	B052346	13113	91.45	0.9464	0.7950	0.468	317
B051743	ENSG00000025423	FSM	317	B051743	12216	94.89	1.0000	0.8896	0.912	317
B051745	ENSG00000102796	FSM	317	B051745	11820	94.95	0.9874	0.8833	0.93	317
B051747	ENSG00000133961	FSM	317	B051747	1119	50.95	0.1577	0.0063	0.215	317
B051750	ENSG00000166734	FSM	317	B065359	949	59.68	0.2650	0.2114	0.312	317
B051751	ENSG00000117906	FSM	317	B053030	4904	71.57	0.6845	0.1167	0.635	317
B051756	ENSG00000188176	FSM	317	B051756	9600	63.50	0.3596	0.3375	0.427	317
B051759	ENSG00000064961	FSM	317	B053896	11382	74.61	0.7003	0.3186	0.375	317
B051762	ENSG00000265590	FSM	317	B048437	2113	72.59	0.7035	0.2681	0.624	317
B051769	ENSG00000168291	FSM	317	B049318	20623	96.88	1.0000	0.9937	0.928	317
B051771	ENSG00000172493	FSM	317	B051771	1278	52.70	0.0883	0.0000	0.144	317
B051778	ENSG00000138303	FSM	317	B054410	2806	82.73	0.7918	0.5300	0.711	317
B051787	ENSG00000137509	FSM	317	B041491	8681	84.07	0.8328	0.7098	0.787	317
B051790	ENSG00000196954	NIC	317	B064805	3078	72.98	0.5962	0.3975	0.589	317
B051800	ENSG00000088247	NIC	317	B044992	8016	53.44	0.1987	0.0978	0.303	317
B051805	ENSG00000134324	NIC	317	B051805	1947	54.09	0.1546	0.0032	0.214	317
B051811	ENSG00000239713	NIC	317	B051811	2630	87.33	0.9338	0.5142	0.813	317
B051817	ENSG00000111817	NIC	317	B051817	658	84.64	0.8265	0.7066	0.823	317
B051831	ENSG00000174684	NIC	317	B051831	2198	73.61	0.6877	0.2429	0.793	317
B051833	ENSG00000139645	NIC	317	B052547	8018	85.08	0.8328	0.7950	0.771	317
B051836	ENSG00000137871	NIC	317	B051836	752	53.52	0.1830	0.0946	0.261	317
B051837	ENSG00000140553	NIC	317	B051837	11223	81.23	0.7918	0.6278	0.587	317
B051838	ENSG00000103037	NIC	317	B051838	3709	91.27	0.9401	0.8044	0.871	317
B051839	ENSG00000129219	NIC	317	B051839	9104	87.78	0.8707	0.6972	0.787	317
B051840	ENSG00000006740	NIC	317	B051840	1033	50.36	0.0883	0.0000	0.204	317
B051856	ENSG00000135341	NIC	317	B046138	2492	63.90	0.4511	0.3628	0.357	317
B051864	ENSG00000172273	NNC	317	B062974	12407	62.09	0.5268	0.1703	0.516	317
B051866	ENSG00000133687	NNC	317	B051866	11079	91.90	0.9558	0.8139	0.849	317
B051869	ENSG00000061936	NNC	317	B051869	637	56.56	0.2240	0.1041	0.218	317
B051882	ENSG00000101361	NNC	317	B051882	6581	61.66	0.5016	0.1577	0.479	317
B051891	ENSG00000145569	NNC	317	B065326	1087	80.95	0.7950	0.4953	0.673	317
B051896	ENSG00000132912	NNC	317	B039490	1420	75.96	0.7508	0.2019	0.573	317
B051900	ENSG00000161057	NNC	317	B051900	26301	68.27	0.6246	0.0095	0.485	317
B051928	ENSG00000083635	NNC	317	B051928	4467	56.79	0.2997	0.0631	0.318	317
B051941	ENSG00000119203	NNC	317	B065528	9047	83.32	0.8707	0.3722	0.491	317
B051947	ENSG00000070010	NNC	317	B051947	5544	70.47	0.5615	0.2902	0.542	317
B051955	ENSG00000148334	NNC	317	B051955	9479	86.24	0.8738	0.6909	0.834	317
B051960	ENSG00000151640	NNC	317	B038332	14028	84.69	0.7950	0.7382	0.727	317
B051969	ENSG00000103855	FSM	316	B042821	6990	83.78	0.7722	0.6361	0.648	316
B051974	ENSG00000170291	FSM	316	B064430	881	75.77	0.7152	0.1804	0.631	316
B051976	ENSG00000108423	FSM	316	B044765	7114	89.91	0.9399	0.6930	0.883	316
B051979	ENSG00000130733	FSM	316	B062097	3612	72.55	0.5886	0.3101	0.645	316
B051981	ENSG00000132664	FSM	316	B051981	3016	84.98	0.9177	0.4620	0.57	316
B051983	ENSG00000141959	FSM	316	B051983	10408	90.71	0.9019	0.7753	0.859	316
B051984	ENSG00000184979	FSM	316	B053616	11828	78.53	0.7437	0.5570	0.756	316
B051985	ENSG00000143624	FSM	316	B060251	995	81.56	0.7437	0.6677	0.728	316
B051995	ENSG00000104738	FSM	316	B057509	17052	75.71	0.7373	0.0791	0.61	316
B052000	ENSG00000165322	FSM	316	B058140	12337	83.18	0.7785	0.6203	0.649	316
B052002	ENSG00000107672	FSM	316	B053721	12496	62.04	0.3956	0.1329	0.403	316
B052003	ENSG00000177106	FSM	316	B053072	10833	65.15	0.4873	0.0728	0.299	316
B052007	ENSG00000151575	FSM	316	B037919	1725	78.74	0.6646	0.5601	0.381	316
B052009	ENSG00000187741	FSM	316	B052009	651	63.64	0.5000	0.0000	0.535	316
B052021	ENSG00000165807	NIC	316	B045925	974	61.31	0.4272	0.0475	0.444	316
B052024	ENSG00000035664	NIC	316	B055230	13752	81.42	0.8070	0.5665	0.8	316
B052025	ENSG00000140465	NIC	316	B055074	7406	79.56	0.8165	0.3070	0.679	316
B052026	ENSG00000117971	NIC	316	B062927	10655	58.93	0.2120	0.0000	0.363	316
B052036	ENSG00000181896	NIC	316	B058777	16758	61.34	0.4272	0.0000	0.332	316
B052039	ENSG00000115275	NIC	316	B052039	4116	96.21	1.0000	0.9557	0.923	316
B052047	ENSG00000053108	NIC	316	B052047	9330	84.82	0.8323	0.5316	0.699	316
B052050	ENSG00000034693	NIC	316	B052050	2097	85.06	0.8513	0.6234	0.771	316
B052052	ENSG00000049541	NIC	316	B055340	14250	77.78	0.7278	0.4146	0.695	316
B052056	ENSG00000044574	NIC	316	B052056	27036	85.07	0.8987	0.4430	0.717	316
B052057	ENSG00000288701	NIC	316	B053284	876	44.40	0.0380	0.0000	0.146	316
B052060	ENSG00000071859	NIC	316	B052060	2974	67.89	0.5601	0.0854	0.497	316
B052061	ENSG00000198728	NIC	316	B052061	1203	71.98	0.6076	0.3956	0.619	316
B052063	ENSG00000110497	NIC	316	B056310	661	46.65	0.1899	0.0095	0.342	316
B052069	ENSG00000119636	NIC	316	B052069	1508	76.27	0.6329	0.5316	0.373	316
B052074	ENSG00000094804	NIC	316	B052074	5667	60.37	0.4335	0.1297	0.483	316
B052075	ENSG00000046604	NIC	316	B046405	9743	75.18	0.6930	0.4146	0.534	316
B052078	ENSG00000064545	NIC	316	B052078	1645	76.04	0.7373	0.0633	0.493	316
B052081	ENSG00000065911	NIC	316	B052081	25344	59.66	0.4747	0.3196	0.571	316
B052083	ENSG00000124177	NIC	316	B052083	1503	52.90	0.1108	0.0316	0.237	316
B052090	ENSG00000164024	NIC	316	B047395	19343	87.73	0.9335	0.5032	0.676	316
B052093	ENSG00000127980	NIC	316	B052093	3899	59.09	0.3481	0.1741	0.439	316
B052100	ENSG00000023734	NNC	316	B058871	11636	92.39	0.9209	0.8956	0.882	316
B052102	ENSG00000183735	NNC	316	B052102	304	86.64	0.8639	0.6361	0.679	316
B052105	ENSG00000139364	NNC	316	B045840	1960	53.22	0.1867	0.0665	0.24	316
B052122	ENSG00000137996	NNC	316	B053606	17485	88.19	0.8892	0.7373	0.861	316
B052131	ENSG00000101194	NNC	316	B052131	7071	85.06	0.8987	0.4146	0.812	316
B052132	ENSG00000157617	NNC	316	B052132	1542	66.63	0.4715	0.2247	0.449	316
B052143	ENSG00000164111	NNC	316	B052143	10553	94.28	0.9652	0.8797	0.915	316
B052153	ENSG00000159840	NNC	316	B052153	293	55.65	0.1741	0.0475	0.224	316
B052159	ENSG00000048828	NNC	316	B052159	1765	57.42	0.2785	0.1171	0.387	316
B052165	ENSG00000107949	NNC	316	B057607	2305	77.66	0.6772	0.5728	0.738	316
B052166	ENSG00000149554	NNC	316	B052166	13496	84.56	0.8354	0.7247	0.816	316
B052188	ENSG00000070950	NNC	316	B052188	2816	65.36	0.4462	0.2437	0.443	316
B052193	ENSG00000204351	NNC	316	B052193	4497	89.92	0.9557	0.6456	0.688	316
B052196	ENSG00000146776	NNC	316	B052196	422	45.76	0.0000	0.0000	0.113	316
B052197	ENSG00000054277	NNC	316	B052197	8069	86.77	0.8861	0.7342	0.834	316
B052203	ENSG00000110060	FSM	315	B052203	11383	86.57	0.8286	0.6667	0.741	315
B052205	ENSG00000127328	FSM	315	B052205	2844	63.85	0.3778	0.3016	0.374	315
B052209	ENSG00000215883	FSM	315	B060212	7126	89.95	0.9397	0.7206	0.805	315
B052210	ENSG00000134001	FSM	315	B062086	10556	71.01	0.5841	0.0000	0.503	315
B052211	ENSG00000128872	FSM	315	B046027	8502	76.82	0.7333	0.1841	0.435	315
B052212	ENSG00000103591	FSM	315	B061085	1035	79.11	0.7492	0.4762	0.587	315
B052215	ENSG00000006695	FSM	315	B052215	12760	69.10	0.5841	0.3206	0.605	315
B052220	ENSG00000123154	FSM	315	B052220	8720	94.51	0.9524	0.9302	0.892	315
B052221	ENSG00000177380	FSM	315	B052221	4378	74.46	0.6254	0.5238	0.663	315
B052222	ENSG00000167555	FSM	315	B052222	14000	57.54	0.4286	0.2032	0.381	315
B052227	ENSG00000144468	FSM	315	B053692	2242	70.38	0.5714	0.1460	0.63	315
B052228	ENSG00000089195	FSM	315	B057940	1928	76.89	0.6889	0.5937	0.689	315
B052229	ENSG00000143224	FSM	315	B049368	5026	90.34	0.9365	0.7175	0.852	315
B052232	ENSG00000131844	FSM	315	B052232	20197	93.86	0.9937	0.8444	0.893	315
B052235	ENSG00000204564	FSM	315	B055153	1214	56.76	0.3651	0.0032	0.436	315
B052236	ENSG00000213676	FSM	315	B052236	10502	43.06	0.0095	0.0000	0.134	315
B052237	ENSG00000137171	FSM	315	B053945	5365	72.39	0.6635	0.3302	0.385	315
B052240	ENSG00000128595	FSM	315	B048793	6270	72.65	0.6635	0.1302	0.621	315
B052245	ENSG00000165113	FSM	315	B058396	1074	69.99	0.5111	0.3460	0.282	315
B052249	ENSG00000148690	FSM	315	B076621	2573	72.15	0.5968	0.2476	0.443	315
B052258	ENSG00000178026	FSM	315	B056367	1207	70.92	0.6127	0.1937	0.663	315
B052266	ENSG00000136143	NIC	315	B057461	18351	88.08	0.9175	0.7111	0.765	315
B052270	ENSG00000103707	NIC	315	B048010	10940	82.43	0.8000	0.7048	0.776	315
B052275	ENSG00000152223	NIC	315	B052275	392	85.66	0.8762	0.5460	0.846	315
B052282	ENSG00000135905	NIC	315	B052282	4529	69.68	0.5714	0.2127	0.426	315
B052284	ENSG00000174306	NIC	315	B052284	2124	50.34	0.1905	0.0095	0.269	315
B052287	ENSG00000183763	NIC	315	B052287	11740	84.28	0.8317	0.5556	0.345	315
B052305	ENSG00000104361	NIC	315	B052305	5702	78.35	0.8032	0.2159	0.736	315
B052320	ENSG00000108510	NIC	315	B052320	898	59.26	0.3333	0.0000	0.287	315
B052322	ENSG00000141994	NIC	315	B052322	12820	93.41	0.9714	0.8444	0.888	315
B052323	ENSG00000130810	NIC	315	B058175	3454	66.46	0.5175	0.1683	0.433	315
B052324	ENSG00000126254	NIC	315	B052324	12425	69.02	0.4825	0.2667	0.433	315
B052340	ENSG00000048740	NIC	315	B048069	14372	65.13	0.4698	0.1270	0.321	315
B052358	ENSG00000134508	NNC	315	B054983	12268	56.84	0.3587	0.0000	0.434	315
B052360	ENSG00000064489	NNC	315	B067080	12933	57.37	0.2857	0.2349	0.378	315
B052364	ENSG00000132300	NNC	315	B061260	1420	89.55	0.9333	0.6381	0.851	315
B052369	ENSG00000239713	NNC	315	B052369	2246	81.61	0.8286	0.3175	0.805	315
B052371	ENSG00000111834	NNC	315	B052371	3481	77.79	0.7492	0.3841	0.622	315
B052380	ENSG00000110844	NNC	315	B052380	9099	61.96	0.3333	0.0635	0.26	315
B052384	ENSG00000126226	NNC	315	B052384	2791	90.08	0.9206	0.7587	0.861	315
B052399	ENSG00000159733	NNC	315	B052399	1423	68.27	0.5714	0.3587	0.606	315
B052405	ENSG00000065029	NNC	315	B041439	14163	52.40	0.3206	0.0000	0.333	315
B052413	ENSG00000123908	NNC	315	B052413	6847	87.25	0.8540	0.6063	0.835	315
B052426	ENSG00000103227	FSM	314	B051013	8193	82.08	0.8312	0.4745	0.745	314
B052427	ENSG00000103316	FSM	314	B062485	12899	95.32	0.9745	0.9140	0.93	314
B052428	ENSG00000108528	FSM	314	B060421	11493	79.38	0.8790	0.0287	0.738	314
B052430	ENSG00000109066	FSM	314	B057156	2056	59.31	0.4172	0.0255	0.488	314
B052432	ENSG00000186204	FSM	314	B062205	13677	83.47	0.8503	0.4554	0.806	314
B052433	ENSG00000186017	FSM	314	B040743	9803	68.03	0.6178	0.2293	0.51	314
B052437	ENSG00000179915	FSM	314	B052437	12054	85.10	0.8567	0.5637	0.746	314
B052440	ENSG00000144199	FSM	314	B058726	21902	91.40	0.9140	0.8790	0.886	314
B052441	ENSG00000152076	FSM	314	B043223	614	54.64	0.2452	0.1369	0.228	314
B052447	ENSG00000081721	FSM	314	B056977	10719	87.28	0.8471	0.7006	0.813	314
B052456	ENSG00000176623	FSM	314	B066114	3679	81.74	0.8025	0.6338	0.737	314
B052457	ENSG00000023318	FSM	314	B046102	6816	85.32	0.8694	0.5478	0.748	314
B052471	ENSG00000127914	FSM	314	B052471	844	73.55	0.5987	0.4713	0.358	314
B052476	ENSG00000135451	NIC	314	B052476	578	51.85	0.2038	0.0828	0.283	314
B052486	ENSG00000070495	NIC	314	B052486	7580	96.09	1.0000	0.9522	0.923	314
B052490	ENSG00000007080	NIC	314	B052490	1424	55.64	0.1815	0.0414	0.179	314
B052496	ENSG00000127831	NIC	314	B052496	5534	73.85	0.6783	0.4841	0.674	314
B052499	ENSG00000156261	NIC	314	B051076	10474	80.70	0.8312	0.3599	0.626	314
B052506	ENSG00000214367	NIC	314	B052506	1085	80.47	0.7611	0.3535	0.322	314
B052509	ENSG00000151458	NIC	314	B059631	241	48.30	0.0637	0.0000	0.164	314
B052518	ENSG00000008256	NIC	314	B052518	9872	67.09	0.6051	0.2166	0.475	314
B052519	ENSG00000146530	NIC	314	B052519	8037	82.18	0.8981	0.2389	0.405	314
B052520	ENSG00000070669	NIC	314	B052520	16921	92.71	0.9459	0.8631	0.896	314
B052538	ENSG00000105429	NIC	314	B052538	1704	59.42	0.4968	0.2229	0.624	314
B052550	ENSG00000112902	NIC	314	B052550	6537	88.06	0.8726	0.7452	0.816	314
B052553	ENSG00000170606	NIC	314	B054834	13100	94.33	0.9586	0.8917	0.889	314
B052555	ENSG00000131018	NIC	314	B052555	633	76.52	0.6624	0.4904	0.512	314
B052558	ENSG00000160957	NIC	314	B052558	1454	86.26	0.8631	0.6242	0.809	314
B052560	ENSG00000187609	NIC	314	B060655	7737	74.21	0.7166	0.3439	0.463	314
B052561	ENSG00000089289	NIC	314	B052561	1814	76.40	0.7038	0.4713	0.658	314
B052562	ENSG00000119977	NIC	314	B052562	1804	78.49	0.7580	0.2962	0.608	314
B052568	ENSG00000151413	NNC	314	B058298	19039	85.38	0.8217	0.6752	0.807	314
B052575	ENSG00000184009	NNC	314	B061287	21296	76.96	0.7643	0.4809	0.733	314
B052577	ENSG00000121289	NNC	314	B052577	761	82.69	0.7771	0.6083	0.375	314
B052578	ENSG00000130758	NNC	314	B052578	16256	71.36	0.5732	0.4936	0.541	314
B052580	ENSG00000240038	NNC	314	B052580	6916	96.81	1.0000	0.9777	0.932	314
B052584	ENSG00000160710	NNC	314	B052584	8194	67.83	0.5223	0.4204	0.372	314
B052596	ENSG00000213722	NNC	314	B060069	2831	71.29	0.6879	0.3471	0.752	314
B052599	ENSG00000263001	NNC	314	B061959	1917	71.39	0.5064	0.4299	0.362	314
B052602	ENSG00000171163	NNC	314	B052602	8410	61.44	0.4268	0.1019	0.315	314
B052603	ENSG00000104549	NNC	314	B052603	3516	88.27	0.9841	0.4299	0.798	314
B052630	ENSG00000115290	NNC	314	B052630	8213	81.08	0.7866	0.4841	0.445	314
B052632	ENSG00000100116	NNC	314	B052632	16427	89.20	0.9268	0.6847	0.868	314
B052639	ENSG00000204231	NNC	314	B052639	14776	62.58	0.2739	0.2293	0.355	314
B052641	ENSG00000196586	NNC	314	B052641	3365	81.70	0.8758	0.2866	0.504	314
B052645	ENSG00000156802	NNC	314	B052645	448	53.72	0.1274	0.0191	0.207	314
B052648	ENSG00000136813	NNC	314	B052648	1070	88.32	0.8917	0.6879	0.858	314
B052649	ENSG00000148300	NNC	314	B052649	11113	77.40	0.6338	0.5510	0.617	314
B052655	ENSG00000110906	FSM	313	B059545	10587	80.88	0.7412	0.5623	0.567	313
B052657	ENSG00000119703	FSM	313	B052657	4277	63.45	0.4409	0.2332	0.269	313
B052666	ENSG00000156304	FSM	313	B052666	2185	65.09	0.4824	0.3514	0.495	313
B052669	ENSG00000164091	FSM	313	B059821	5370	95.95	0.9904	0.9521	0.914	313
B052670	ENSG00000170390	FSM	313	B057308	21292	71.08	0.6230	0.4121	0.671	313
B052675	ENSG00000111846	FSM	313	B049234	4533	90.04	0.8914	0.7316	0.802	313
B052684	ENSG00000148337	FSM	313	B064644	2397	65.03	0.4441	0.1118	0.273	313
B052685	ENSG00000102172	FSM	313	B052685	2409	88.86	0.8690	0.6933	0.812	313
B052688	ENSG00000071553	FSM	313	B052688	979	77.22	0.7252	0.3962	0.611	313
B052694	ENSG00000137494	NIC	313	B052694	8213	84.21	0.8051	0.6901	0.7	313
B052698	ENSG00000117394	NIC	313	B052698	11077	87.62	0.9169	0.6933	0.813	313
B052701	ENSG00000120662	NIC	313	B052701	10190	71.99	0.6933	0.3706	0.595	313
B052704	ENSG00000132376	NIC	313	B066765	7968	74.91	0.6869	0.3674	0.627	313
B052705	ENSG00000108666	NIC	313	B052705	526	69.93	0.5751	0.2907	0.645	313
B052710	ENSG00000172175	NIC	313	B058415	1175	71.55	0.6486	0.4249	0.59	313
B052712	ENSG00000196235	NIC	313	B052712	1376	49.01	0.2045	0.0351	0.226	313
B052742	ENSG00000133619	NIC	313	B052742	9755	39.47	0.0128	0.0000	0.264	313
B052760	ENSG00000137845	NIC	313	B050943	11597	80.75	0.7380	0.5463	0.554	313
B052764	ENSG00000144290	NIC	313	B052764	3824	58.24	0.3770	0.0927	0.464	313
B052766	ENSG00000093000	NIC	313	B052766	1220	54.85	0.2045	0.1406	0.284	313
B052772	ENSG00000055163	NIC	313	B052772	1588	92.15	0.9521	0.8243	0.87	313
B052775	ENSG00000012817	NIC	313	B052775	7390	90.74	0.9297	0.7604	0.83	313
B052776	ENSG00000119969	NIC	313	B052776	17790	66.12	0.4856	0.1502	0.476	313
B052778	ENSG00000110768	NIC	313	B052778	1123	66.76	0.4633	0.0032	0.319	313
B052781	ENSG00000180008	NNC	313	B052781	3904	71.00	0.6070	0.4441	0.546	313
B052783	ENSG00000198826	NNC	313	B052783	415	50.12	0.0927	0.0096	0.19	313
B052785	ENSG00000159322	NNC	313	B052785	1502	87.99	0.8786	0.6390	0.751	313
B052812	ENSG00000164221	NNC	313	B052812	1289	73.66	0.6709	0.2875	0.448	313
B052819	ENSG00000104219	NNC	313	B052819	16418	82.19	0.7987	0.6773	0.775	313
B052825	ENSG00000146950	NNC	313	B063891	3456	80.36	0.7284	0.5272	0.712	313
B052827	ENSG00000148737	NNC	313	B052827	10621	60.77	0.3227	0.1757	0.339	313
B052835	ENSG00000123066	NNC	313	B052835	1286	58.26	0.3770	0.0096	0.48	313
B052844	ENSG00000173786	NNC	313	B052844	1663	74.48	0.7157	0.3163	0.702	313
B052849	ENSG00000138050	NNC	313	B052849	6927	71.03	0.6422	0.4058	0.653	313
B052852	ENSG00000080839	NNC	313	B052852	2540	58.67	0.3195	0.1757	0.414	313
B052856	ENSG00000099910	NNC	313	B052856	4156	86.32	0.8594	0.6933	0.756	313
B052860	ENSG00000076201	NNC	313	B052860	1811	67.97	0.4728	0.4569	0.397	313
B052864	ENSG00000143337	NNC	313	B059679	9921	47.54	0.1534	0.0064	0.249	313
B052866	ENSG00000085382	NNC	313	B052866	8576	71.85	0.6006	0.3514	0.642	313
B052872	ENSG00000182378	NNC	313	B052872	3597	74.73	0.7188	0.4505	0.747	313
B052885	ENSG00000168904	FSM	312	B056177	10573	84.07	0.7532	0.6795	0.73	312
B052886	ENSG00000007376	FSM	312	B060268	10863	84.59	0.8301	0.7147	0.815	312
B052887	ENSG00000007520	FSM	312	B063401	5185	74.44	0.6122	0.5513	0.673	312
B052889	ENSG00000102871	FSM	312	B067759	1911	81.67	0.8141	0.5769	0.519	312
B052894	ENSG00000133250	FSM	312	B054089	1579	55.82	0.2532	0.0449	0.24	312
B052896	ENSG00000005007	FSM	312	B040774	18637	55.63	0.2917	0.0321	0.363	312
B052898	ENSG00000119812	FSM	312	B052898	2020	85.26	0.8686	0.6026	0.468	312
B052901	ENSG00000075292	FSM	312	B052901	2414	59.55	0.1923	0.1538	0.278	312
B052902	ENSG00000163166	FSM	312	B064939	354	49.50	0.0545	0.0000	0.162	312
B052911	ENSG00000185008	FSM	312	B052911	972	51.49	0.1346	0.0288	0.168	312
B052918	ENSG00000183323	FSM	312	B054499	678	69.03	0.4744	0.4071	0.375	312
B052925	ENSG00000128915	FSM	312	B045911	639	55.39	0.2179	0.0641	0.235	312
B052929	ENSG00000101294	FSM	312	B064897	6004	85.13	0.9006	0.4776	0.801	312
B052935	ENSG00000071859	FSM	312	B047154	3225	74.51	0.6891	0.1699	0.486	312
B052936	ENSG00000159063	FSM	312	B052936	5370	90.20	0.8878	0.7853	0.845	312
B052937	ENSG00000010626	NIC	312	B052937	2937	76.67	0.6795	0.5673	0.703	312
B052945	ENSG00000069869	NIC	312	B052945	12663	54.21	0.2436	0.0128	0.27	312
B052961	ENSG00000204634	NIC	312	B052961	4092	69.27	0.5801	0.2756	0.649	312
B052978	ENSG00000112659	NIC	312	B064109	12437	64.96	0.5064	0.2212	0.51	312
B052988	ENSG00000196632	NIC	312	B052988	13117	65.52	0.5032	0.3237	0.557	312
B052992	ENSG00000148690	NIC	312	B052992	2453	65.92	0.5321	0.0994	0.441	312
B052996	ENSG00000042088	NIC	312	B065967	876	54.23	0.3173	0.0897	0.424	312
B052999	ENSG00000166165	NIC	312	B040334	10169	94.44	0.9744	0.8782	0.911	312
B053000	ENSG00000140543	NIC	312	B063561	1047	84.26	0.8397	0.4840	0.804	312
B053001	ENSG00000196547	NIC	312	B053001	6499	81.80	0.8205	0.5192	0.794	312
B053004	ENSG00000254858	NIC	312	B053004	1793	53.78	0.3429	0.0449	0.427	312
B053009	ENSG00000213672	NIC	312	B053009	1113	89.00	0.9006	0.7147	0.838	312
B053013	ENSG00000285547	NIC	312	B053013	6330	52.70	0.3205	0.2019	0.394	312
B053025	ENSG00000053770	NNC	312	B053025	10496	69.29	0.6122	0.2468	0.573	312
B053032	ENSG00000182327	NNC	312	B057807	1446	79.74	0.7340	0.5000	0.71	312
B053040	ENSG00000168883	NNC	312	B059899	15553	72.98	0.6923	0.2308	0.703	312
B053041	ENSG00000100991	NNC	312	B053041	495	67.71	0.5224	0.2147	0.633	312
B053044	ENSG00000117477	NNC	312	B053044	889	70.96	0.4936	0.3429	0.359	312
B053046	ENSG00000038002	NNC	312	B053046	10720	85.15	0.8301	0.7115	0.839	312
B053049	ENSG00000145725	NNC	312	B053049	3736	75.94	0.6891	0.2051	0.648	312
B053062	ENSG00000167700	NNC	312	B053062	4591	73.84	0.6635	0.2724	0.716	312
B053074	ENSG00000026508	NNC	312	B053074	1606	47.24	0.0865	0.0449	0.21	312
B053075	ENSG00000149480	NNC	312	B053954	2729	86.74	0.9391	0.4840	0.543	312
B053102	ENSG00000172354	NNC	312	B055408	14543	93.90	0.9679	0.8910	0.891	312
B053104	ENSG00000127054	NNC	312	B053104	10314	85.46	0.8494	0.6538	0.829	312
B053112	ENSG00000158006	NNC	312	B053112	8679	87.79	0.8910	0.6346	0.886	312
B053118	ENSG00000172766	FSM	311	B053118	2747	92.50	0.9518	0.8682	0.826	311
B053120	ENSG00000162407	FSM	311	B066492	7200	81.93	0.7717	0.6238	0.773	311
B053121	ENSG00000128973	FSM	311	B059617	630	85.56	0.8585	0.6592	0.805	311
B053122	ENSG00000070423	FSM	311	B062393	18581	57.44	0.3248	0.0161	0.338	311
B053125	ENSG00000116455	FSM	311	B056561	3959	92.36	0.9357	0.8585	0.888	311
B053134	ENSG00000163291	FSM	311	B063474	5168	88.74	0.8971	0.8296	0.849	311
B053135	ENSG00000145506	FSM	311	B053135	2294	53.95	0.1833	0.0611	0.287	311
B053137	ENSG00000164209	FSM	311	B053137	2360	80.00	0.8103	0.2669	0.822	311
B053140	ENSG00000145819	FSM	311	B053140	1759	75.02	0.6913	0.4309	0.464	311
B053147	ENSG00000015676	FSM	311	B052738	6073	79.38	0.7653	0.5209	0.564	311
B053151	ENSG00000291316	FSM	311	B053151	3182	87.40	0.9035	0.6367	0.753	311
B053152	ENSG00000160563	FSM	311	B061730	1106	81.73	0.7942	0.4727	0.555	311
B053153	ENSG00000102096	FSM	311	B056692	13435	88.90	0.8778	0.7942	0.851	311
B053164	ENSG00000185825	FSM	311	B052687	2440	70.34	0.6077	0.1479	0.42	311
B053169	ENSG00000066084	NIC	311	B051843	2050	62.51	0.3859	0.0997	0.233	311
B053176	ENSG00000176715	NIC	311	B058222	14451	89.08	0.9582	0.6495	0.776	311
B053186	ENSG00000105186	NIC	311	B053186	2081	64.08	0.3473	0.0000	0.5	311
B053188	ENSG00000254004	NIC	311	B056130	22695	72.79	0.6495	0.0547	0.465	311
B053199	ENSG00000151726	NIC	311	B053199	12114	80.38	0.7846	0.3666	0.547	311
B053209	ENSG00000055118	NIC	311	B053209	10298	49.82	0.1383	0.0000	0.353	311
B053212	ENSG00000198682	NIC	311	B053212	17801	83.51	0.8521	0.5531	0.698	311
B053213	ENSG00000165660	NIC	311	B053213	948	63.09	0.4566	0.1833	0.344	311
B053214	ENSG00000009780	NIC	311	B059645	2983	76.56	0.7074	0.4695	0.427	311
B053217	ENSG00000275023	NIC	311	B053217	1000	42.42	0.0354	0.0000	0.151	311
B053220	ENSG00000078043	NIC	311	B053220	7386	62.45	0.3183	0.2637	0.417	311
B053222	ENSG00000127220	NIC	311	B053222	7687	69.63	0.5498	0.3441	0.592	311
B053231	ENSG00000163939	NIC	311	B048063	8149	71.84	0.6045	0.3794	0.438	311
B053236	ENSG00000152942	NIC	311	B053236	6937	67.82	0.5595	0.2251	0.61	311
B053237	ENSG00000205302	NIC	311	B053237	9014	61.24	0.3312	0.0643	0.413	311
B053238	ENSG00000146013	NIC	311	B046569	1902	82.17	0.7910	0.5627	0.638	311
B053242	ENSG00000166181	NIC	311	B067694	1635	89.87	0.9068	0.7395	0.811	311
B053248	ENSG00000179889	NNC	311	B065517	1161	75.83	0.6945	0.4373	0.641	311
B053258	ENSG00000161671	NNC	311	B053258	914	67.29	0.4984	0.3601	0.532	311
B053261	ENSG00000054356	NNC	311	B053261	4599	59.12	0.4277	0.0354	0.311	311
B053269	ENSG00000150961	NNC	311	B053269	1732	55.22	0.1865	0.1286	0.311	311
B053271	ENSG00000171444	NNC	311	B061172	651	79.36	0.7138	0.4984	0.287	311
B053293	ENSG00000139880	NNC	311	B053293	11117	89.38	0.9486	0.6238	0.668	311
B053297	ENSG00000182054	NNC	311	B053297	8022	92.34	0.9743	0.8071	0.856	311
B053306	ENSG00000115457	NNC	311	B053306	9008	64.45	0.4566	0.1125	0.422	311
B053314	ENSG00000120885	NNC	311	B059199	1080	72.65	0.5981	0.2669	0.571	311
B053320	ENSG00000166086	FSM	310	B053320	5274	84.15	0.7742	0.6935	0.669	310
B053322	ENSG00000179476	FSM	310	B059652	196	77.74	0.6871	0.2677	0.798	310
B053325	ENSG00000185559	FSM	310	B053888	15770	75.44	0.6903	0.1323	0.357	310
B053327	ENSG00000067221	FSM	310	B044047	17221	79.05	0.7774	0.3903	0.463	310
B053329	ENSG00000157045	FSM	310	B049402	1933	94.41	0.9710	0.9097	0.924	310
B053336	ENSG00000144233	FSM	310	B054476	6469	73.59	0.6161	0.5903	0.616	310
B053337	ENSG00000115183	FSM	310	B053337	415	47.30	0.0226	0.0000	0.132	310
B053338	ENSG00000115233	FSM	310	B063579	6481	78.53	0.7742	0.2097	0.655	310
B053339	ENSG00000082438	FSM	310	B066203	1417	53.86	0.1387	0.0419	0.227	310
B053341	ENSG00000136068	FSM	310	B053341	7848	83.09	0.8613	0.4548	0.439	310
B053343	ENSG00000182923	FSM	310	B053311	1575	86.82	0.8452	0.7097	0.381	310
B053344	ENSG00000138231	FSM	310	B053344	2900	65.85	0.4903	0.3129	0.514	310
B053345	ENSG00000158220	FSM	310	B053345	3160	67.87	0.5323	0.0097	0.511	310
B053356	ENSG00000166925	FSM	310	B039324	1717	48.88	0.0903	0.0000	0.18	310
B053357	ENSG00000105982	FSM	310	B053357	11760	74.98	0.6710	0.4226	0.521	310
B053362	ENSG00000101850	FSM	310	B058358	1014	69.15	0.6161	0.1484	0.622	310
B053367	ENSG00000171466	FSM	310	B044236	14359	58.54	0.4000	0.1935	0.455	310
B053370	ENSG00000159208	FSM	310	B053370	920	53.54	0.2742	0.1806	0.369	310
B053372	ENSG00000106331	FSM	310	B053372	15234	61.41	0.4387	0.2419	0.368	310
B053373	ENSG00000164896	FSM	310	B039910	1179	88.64	0.9129	0.7129	0.86	310
B053374	ENSG00000168496	FSM	310	B045729	12035	92.06	0.9548	0.7903	0.864	310
B053379	ENSG00000104044	NIC	310	B053379	7344	77.92	0.8000	0.1613	0.707	310
B053383	ENSG00000064726	NIC	310	B053383	8773	88.36	0.9032	0.6484	0.539	310
B053389	ENSG00000006695	NIC	310	B066767	1019	45.00	0.1323	0.0000	0.292	310
B053399	ENSG00000184979	NIC	310	B053399	5881	77.09	0.7387	0.5226	0.724	310
B053401	ENSG00000187045	NIC	310	B044387	769	86.89	0.8677	0.6484	0.781	310
B053421	ENSG00000077063	NIC	310	B053421	398	54.00	0.2387	0.0419	0.329	310
B053424	ENSG00000147813	NIC	310	B065187	7997	92.82	0.9839	0.8097	0.773	310
B053428	ENSG00000123130	NIC	310	B039848	3908	86.22	0.9161	0.5903	0.825	310
B053431	ENSG00000117308	NIC	310	B050756	18204	89.71	0.9290	0.7323	0.884	310
B053434	ENSG00000135387	NIC	310	B053434	900	47.47	0.0548	0.0000	0.156	310
B053442	ENSG00000015413	NIC	310	B043602	16789	94.84	0.9548	0.9161	0.898	310
B053444	ENSG00000068097	NIC	310	B053444	1024	65.98	0.5161	0.2032	0.586	310
B053451	ENSG00000119812	NIC	310	B063876	1916	46.76	0.0774	0.0000	0.17	310
B053452	ENSG00000185513	NIC	310	B053452	8497	57.98	0.3258	0.2000	0.42	310
B053454	ENSG00000176095	NIC	310	B053454	6576	79.05	0.7742	0.4065	0.751	310
B053461	ENSG00000012822	NNC	310	B053461	875	77.23	0.6161	0.5387	0.412	310
B053468	ENSG00000174373	NNC	310	B053468	5017	82.27	0.8032	0.6774	0.751	310
B053507	ENSG00000035681	NNC	310	B053507	7246	89.16	0.9194	0.6613	0.846	310
B053511	ENSG00000121680	NNC	310	B053511	1357	69.85	0.6000	0.0000	0.52	310
B053523	ENSG00000006282	NNC	310	B053523	10026	85.81	0.8613	0.7452	0.813	310
B053524	ENSG00000062716	NNC	310	B053524	3625	76.06	0.6677	0.1516	0.708	310
B053525	ENSG00000132005	NNC	310	B053525	583	41.57	0.0323	0.0000	0.128	310
B053530	ENSG00000115275	NNC	310	B053530	2573	83.18	0.7871	0.5742	0.817	310
B053533	ENSG00000117479	NNC	310	B062841	3018	75.06	0.7548	0.2032	0.692	310
B053537	ENSG00000106479	NNC	310	B040067	8489	51.03	0.2065	0.0000	0.314	310
B053538	ENSG00000147364	NNC	310	B048152	2636	70.08	0.6097	0.2355	0.64	310
B053544	ENSG00000149313	FSM	309	B055058	4503	87.04	0.8673	0.7573	0.845	309
B053545	ENSG00000023734	FSM	309	B058871	11451	87.51	0.8511	0.7994	0.807	309
B053547	ENSG00000134744	FSM	309	B053547	730	53.18	0.1586	0.0485	0.228	309
B053549	ENSG00000116198	FSM	309	B061407	2424	84.74	0.7896	0.7314	0.776	309
B053560	ENSG00000105255	FSM	309	B053560	6603	83.72	0.7929	0.6570	0.765	309
B053561	ENSG00000008441	FSM	309	B055081	1955	44.83	0.0388	0.0000	0.196	309
B053571	ENSG00000128408	FSM	309	B041065	2309	86.69	0.9126	0.3883	0.364	309
B053572	ENSG00000184164	FSM	309	B053572	12967	88.04	0.8964	0.7346	0.609	309
B053575	ENSG00000134058	FSM	309	B058692	21963	79.00	0.7476	0.4369	0.77	309
B053586	ENSG00000132274	FSM	309	B053586	5633	82.75	0.8155	0.4110	0.661	309
B053589	ENSG00000151835	FSM	309	B061745	2011	87.04	0.9029	0.6149	0.815	309
B053590	ENSG00000136104	FSM	309	B067125	1602	73.36	0.6828	0.1003	0.609	309
B053591	ENSG00000140471	FSM	309	B060715	1438	64.25	0.4563	0.3430	0.523	309
B053594	ENSG00000120451	NIC	309	B053594	821	50.61	0.1812	0.0129	0.365	309
B053596	ENSG00000120688	NIC	309	B055294	7193	58.73	0.3107	0.1100	0.234	309
B053608	ENSG00000119778	NIC	309	B043579	10935	71.30	0.6214	0.3107	0.464	309
B053615	ENSG00000159086	NIC	309	B053615	2131	83.05	0.8576	0.5340	0.771	309
B053617	ENSG00000143515	NIC	309	B062523	4963	66.21	0.4531	0.0356	0.577	309
B053621	ENSG00000120725	NIC	309	B062611	2466	63.01	0.4272	0.0874	0.257	309
B053622	ENSG00000196923	NIC	309	B053622	12341	74.21	0.6311	0.4207	0.539	309
B053625	ENSG00000131013	NIC	309	B053625	16798	80.67	0.7314	0.5469	0.653	309
B053630	ENSG00000067167	NIC	309	B064116	2075	80.87	0.7961	0.2492	0.8	309
B053639	ENSG00000178105	NIC	309	B053639	17311	83.76	0.8511	0.5987	0.77	309
B053643	ENSG00000118922	NIC	309	B061828	627	50.40	0.0356	0.0000	0.149	309
B053648	ENSG00000011304	NIC	309	B053648	11580	71.85	0.6149	0.3398	0.402	309
B053652	ENSG00000134072	NIC	309	B050653	18140	85.30	0.8317	0.5987	0.866	309
B053653	ENSG00000163808	NIC	309	B053653	1252	79.96	0.7476	0.5146	0.282	309
B053654	ENSG00000163660	NIC	309	B057027	5095	55.95	0.3074	0.0388	0.316	309
B053657	ENSG00000204569	NIC	309	B053657	1476	62.65	0.4045	0.0971	0.239	309
B053664	ENSG00000244038	NIC	309	B053664	2896	80.19	0.7638	0.5146	0.736	309
B053666	ENSG00000023041	NIC	309	B068448	9869	82.52	0.8220	0.5275	0.719	309
B053676	ENSG00000119698	NNC	309	B053676	906	73.53	0.5858	0.5340	0.63	309
B053678	ENSG00000103245	NNC	309	B042861	7965	77.78	0.6893	0.4498	0.714	309
B053689	ENSG00000134030	NNC	309	B053689	892	59.14	0.3236	0.0291	0.36	309
B053707	ENSG00000136240	NNC	309	B053707	1518	70.94	0.5469	0.0971	0.567	309
B053718	ENSG00000099250	NNC	309	B053718	6909	79.84	0.7476	0.5178	0.726	309
B053721	ENSG00000107672	NNC	309	B053721	4451	63.99	0.3916	0.1586	0.37	309
B053725	ENSG00000139324	NNC	309	B053725	926	84.75	0.7929	0.7767	0.781	309
B053730	ENSG00000142039	NNC	309	B053730	1446	72.76	0.6408	0.2783	0.547	309
B053731	ENSG00000104859	NNC	309	B047874	2308	71.62	0.6019	0.2136	0.527	309
B053734	ENSG00000152076	NNC	309	B043223	1207	57.66	0.2816	0.1812	0.245	309
B053739	ENSG00000170606	NNC	309	B053739	7863	74.96	0.6796	0.3236	0.529	309
B053740	ENSG00000112763	NNC	309	B053740	10705	74.11	0.6828	0.2362	0.497	309
B053742	ENSG00000176248	NNC	309	B053742	2935	60.97	0.4757	0.0097	0.565	309
B053744	ENSG00000138134	NNC	309	B053744	2245	77.33	0.6731	0.6052	0.539	309
B053746	ENSG00000111358	FSM	308	B064260	3013	81.65	0.8117	0.4286	0.774	308
B053749	ENSG00000033170	FSM	308	B056322	1886	78.00	0.7208	0.3701	0.55	308
B053753	ENSG00000153786	FSM	308	B053753	14216	80.98	0.8117	0.5162	0.779	308
B053755	ENSG00000161526	FSM	308	B047251	2901	61.39	0.3961	0.1688	0.338	308
B053760	ENSG00000144031	FSM	308	B058578	2625	70.82	0.6136	0.4318	0.582	308
B053767	ENSG00000011198	FSM	308	B053767	6157	87.38	0.8409	0.6526	0.874	308
B053770	ENSG00000168818	FSM	308	B059863	1639	71.46	0.6136	0.1981	0.432	308
B053771	ENSG00000152061	FSM	308	B064453	1624	81.74	0.7792	0.5065	0.383	308
B053772	ENSG00000153029	FSM	308	B068601	7560	82.23	0.7825	0.5032	0.655	308
B053773	ENSG00000138650	FSM	308	B053773	1287	48.27	0.0519	0.0000	0.172	308
B053778	ENSG00000146151	FSM	308	B046959	17998	85.10	0.8117	0.7240	0.838	308
B053779	ENSG00000162813	FSM	308	B057073	3908	95.61	0.9903	0.9058	0.933	308
B053781	ENSG00000106077	FSM	308	B062538	10449	84.85	0.8279	0.7760	0.819	308
B053788	ENSG00000130956	FSM	308	B046664	1809	60.34	0.2922	0.0584	0.213	308
B053800	ENSG00000168090	FSM	308	B060309	3430	85.47	0.8571	0.6006	0.665	308
B053809	ENSG00000196405	NIC	308	B059550	1697	61.80	0.3669	0.1623	0.232	308
B053810	ENSG00000138617	NIC	308	B066138	1898	88.06	0.8864	0.6721	0.82	308
B053812	ENSG00000172831	NIC	308	B060273	10098	89.78	0.9513	0.6721	0.875	308
B053823	ENSG00000168291	NIC	308	B049318	21978	92.53	0.9253	0.8896	0.893	308
B053826	ENSG00000121897	NIC	308	B053826	11925	86.14	0.8182	0.6331	0.853	308
B053828	ENSG00000145506	NIC	308	B053828	1083	56.44	0.2305	0.0260	0.198	308
B053833	ENSG00000006704	NIC	308	B042512	2099	68.45	0.5325	0.2792	0.348	308
B053835	ENSG00000104738	NIC	308	B066339	3495	66.77	0.5227	0.2955	0.567	308
B053837	ENSG00000104408	NIC	308	B053837	3443	65.87	0.4416	0.0000	0.603	308
B053839	ENSG00000167114	NIC	308	B053839	8708	86.81	0.9481	0.5097	0.641	308
B053842	ENSG00000169249	NIC	308	B061026	3574	75.93	0.6916	0.2370	0.405	308
B053850	ENSG00000140829	NIC	308	B060049	12634	85.90	0.8571	0.5844	0.755	308
B053865	ENSG00000197894	NIC	308	B047030	17096	92.93	0.9513	0.8994	0.904	308
B053867	ENSG00000137200	NIC	308	B055802	3424	90.29	0.9578	0.7208	0.812	308
B053871	ENSG00000077080	NIC	308	B053871	12543	93.94	0.9740	0.9188	0.882	308
B053876	ENSG00000121774	NIC	308	B053876	5607	67.22	0.4773	0.1591	0.425	308
B053880	ENSG00000135655	NNC	308	B053880	5156	78.29	0.7110	0.6039	0.661	308
B053887	ENSG00000134001	NNC	308	B062086	10314	70.59	0.6006	0.0000	0.497	308
B053895	ENSG00000187531	NNC	308	B039930	12434	86.05	0.8864	0.6234	0.768	308
B053901	ENSG00000162650	NNC	308	B052179	2417	55.22	0.2825	0.0097	0.231	308
B053902	ENSG00000138018	NNC	308	B053902	7443	90.28	0.9481	0.7175	0.868	308
B053909	ENSG00000173193	NNC	308	B053909	1724	77.47	0.6916	0.4708	0.644	308
B053916	ENSG00000002822	NNC	308	B053916	1989	82.82	0.8182	0.4123	0.395	308
B053926	ENSG00000138279	NNC	308	B063012	12045	66.71	0.4838	0.4481	0.507	308
B053928	ENSG00000177156	NNC	308	B055509	9720	96.00	0.9805	0.9578	0.917	308
B053932	ENSG00000160062	NNC	308	B053932	17096	55.96	0.2825	0.1299	0.327	308
B053948	ENSG00000174943	NNC	308	B065139	10059	72.28	0.6104	0.4773	0.465	308
B053957	ENSG00000130684	NNC	308	B053957	11002	53.81	0.3344	0.0130	0.457	308
B053962	ENSG00000112992	NNC	308	B053962	10640	84.76	0.8669	0.5714	0.75	308
B053975	ENSG00000130821	NNC	308	B053975	15993	83.54	0.8474	0.4773	0.806	308
B053976	ENSG00000176986	NNC	308	B053976	286	44.95	0.0649	0.0000	0.192	308
B053979	ENSG00000109944	FSM	307	B053979	356	51.68	0.0814	0.0000	0.203	307
B053981	ENSG00000133106	FSM	307	B061746	935	74.71	0.6417	0.4886	0.334	307
B053983	ENSG00000291307	FSM	307	B044809	2572	74.33	0.6710	0.4235	0.626	307
B053991	ENSG00000144182	FSM	307	B047254	6537	90.09	0.9055	0.8599	0.856	307
B053993	ENSG00000239474	FSM	307	B053993	3032	95.84	0.9967	0.9446	0.915	307
B053996	ENSG00000070010	FSM	307	B065715	5805	73.72	0.6026	0.2801	0.55	307
B053998	ENSG00000100372	FSM	307	B066380	7814	76.62	0.7915	0.0293	0.725	307
B053999	ENSG00000100243	FSM	307	B061170	12242	90.79	0.9023	0.8176	0.84	307
B054002	ENSG00000121542	FSM	307	B060962	2846	82.03	0.8143	0.5342	0.55	307
B054005	ENSG00000157064	FSM	307	B064354	6310	79.19	0.7296	0.6254	0.747	307
B054006	ENSG00000155324	FSM	307	B054006	5471	62.13	0.3550	0.2215	0.425	307
B054007	ENSG00000162889	FSM	307	B065596	18396	82.83	0.8013	0.5505	0.786	307
B054008	ENSG00000187626	FSM	307	B054008	11256	59.74	0.3029	0.2378	0.42	307
B054010	ENSG00000009844	FSM	307	B060482	3883	76.29	0.6743	0.6156	0.558	307
B054011	ENSG00000034693	FSM	307	B054011	1606	85.43	0.8176	0.6547	0.865	307
B054014	ENSG00000009780	FSM	307	B059645	1218	78.24	0.7134	0.5179	0.442	307
B054016	ENSG00000132604	FSM	307	B054016	1294	64.20	0.4788	0.1661	0.448	307
B054017	ENSG00000182087	FSM	307	B054017	1799	49.29	0.0033	0.0000	0.308	307
B054019	ENSG00000138376	FSM	307	B054019	2263	79.27	0.7329	0.5049	0.718	307
B054020	ENSG00000159110	FSM	307	B054020	421	75.43	0.6352	0.3648	0.581	307
B054022	ENSG00000075651	FSM	307	B054022	2309	75.31	0.6254	0.3811	0.711	307
B054023	ENSG00000151466	FSM	307	B054023	984	84.43	0.8111	0.6189	0.373	307
B054031	ENSG00000139531	NIC	307	B061982	14921	93.44	0.9511	0.8893	0.896	307
B054040	ENSG00000103064	NIC	307	B054040	12892	78.31	0.8339	0.0228	0.713	307
B054043	ENSG00000079313	NIC	307	B054043	8932	54.78	0.3746	0.2150	0.438	307
B054054	ENSG00000196236	NIC	307	B054054	10778	94.71	0.9739	0.8697	0.905	307
B054059	ENSG00000132906	NIC	307	B054059	6819	76.52	0.6710	0.4984	0.743	307
B054073	ENSG00000029153	NIC	307	B057919	4821	65.73	0.4821	0.3355	0.483	307
B054076	ENSG00000196943	NIC	307	B054076	505	72.03	0.5603	0.3844	0.686	307
B054085	ENSG00000141665	NIC	307	B054085	8663	76.40	0.7720	0.0065	0.65	307
B054088	ENSG00000087903	NIC	307	B054507	2688	75.45	0.6645	0.5407	0.667	307
B054096	ENSG00000185008	NIC	307	B054096	544	55.55	0.1661	0.0423	0.187	307
B054100	ENSG00000113621	NIC	307	B054100	7381	61.84	0.4039	0.3355	0.484	307
B054103	ENSG00000136193	NIC	307	B054103	5131	90.66	0.9283	0.7524	0.908	307
B054108	ENSG00000170242	NIC	307	B054108	997	83.92	0.8534	0.4756	0.719	307
B054112	ENSG00000074603	NNC	307	B062090	2042	79.16	0.7362	0.4463	0.734	307
B054118	ENSG00000182149	NNC	307	B054118	4280	70.29	0.5700	0.2997	0.553	307
B054121	ENSG00000141576	NNC	307	B054121	207	48.01	0.0358	0.0000	0.149	307
B054132	ENSG00000177311	NNC	307	B054132	950	48.05	0.0749	0.0000	0.15	307
B054145	ENSG00000147872	NNC	307	B054145	3130	56.96	0.2573	0.0000	0.259	307
B054149	ENSG00000068438	NNC	307	B054149	12976	85.12	0.8436	0.5440	0.829	307
B054151	ENSG00000198682	NNC	307	B054151	15160	77.53	0.7883	0.4235	0.756	307
B054156	ENSG00000171811	NNC	307	B054156	990	85.54	0.8502	0.6743	0.815	307
B054158	ENSG00000177054	NNC	307	B043000	7005	86.68	0.9186	0.5049	0.718	307
B054165	ENSG00000100603	NNC	307	B073853	3307	77.12	0.8013	0.0554	0.345	307
B054179	ENSG00000088876	NNC	307	B044015	28945	65.10	0.3876	0.0326	0.3	307
B054186	ENSG00000198055	NNC	307	B048705	16256	69.57	0.5993	0.2508	0.595	307
B054196	ENSG00000102181	NNC	307	B054196	1401	49.40	0.1173	0.0000	0.206	307
B054199	ENSG00000182985	FSM	306	B065127	7537	80.79	0.7255	0.6144	0.569	306
B054203	ENSG00000164011	FSM	306	B059489	15841	62.87	0.6078	0.0000	0.414	306
B054210	ENSG00000058799	FSM	306	B055546	3827	76.57	0.6765	0.4510	0.674	306
B054211	ENSG00000100604	FSM	306	B042136	1331	62.50	0.4020	0.1176	0.229	306
B054213	ENSG00000278845	FSM	306	B056025	1842	77.15	0.7484	0.3856	0.685	306
B054216	ENSG00000198231	FSM	306	B065636	708	48.02	0.0784	0.0000	0.194	306
B054218	ENSG00000134508	FSM	306	B054218	349	48.43	0.1078	0.0163	0.191	306
B054221	ENSG00000161914	FSM	306	B063411	10094	58.86	0.4412	0.0000	0.349	306
B054222	ENSG00000104825	FSM	306	B069118	3300	72.50	0.5686	0.4935	0.64	306
B054229	ENSG00000183624	FSM	306	B054229	9978	74.20	0.6471	0.4739	0.681	306
B054232	ENSG00000186063	FSM	306	B069361	907	84.83	0.8529	0.6634	0.554	306
B054236	ENSG00000110063	FSM	306	B059289	3420	90.72	0.9575	0.7059	0.783	306
B054238	ENSG00000153944	FSM	306	B057243	19987	64.03	0.5000	0.2712	0.347	306
B054241	ENSG00000177685	FSM	306	B054241	1740	79.00	0.7157	0.5098	0.34	306
B054244	ENSG00000084070	NIC	306	B069762	1287	49.17	0.0621	0.0000	0.173	306
B054245	ENSG00000150967	NIC	306	B053021	11069	77.95	0.8399	0.2614	0.542	306
B054251	ENSG00000178802	NIC	306	B054251	10047	95.05	0.9869	0.9248	0.901	306
B054259	ENSG00000104823	NIC	306	B054259	14079	83.18	0.8137	0.6732	0.787	306
B054262	ENSG00000132300	NIC	306	B061562	4898	68.55	0.6340	0.1765	0.546	306
B054265	ENSG00000115414	NIC	306	B060060	2052	72.06	0.6830	0.2647	0.432	306
B054272	ENSG00000162736	NIC	306	B054272	1352	81.56	0.8105	0.4477	0.785	306
B054278	ENSG00000204209	NIC	306	B054278	548	58.78	0.1928	0.1438	0.301	306
B054279	ENSG00000085382	NIC	306	B054279	12256	75.04	0.6765	0.2908	0.57	306
B054288	ENSG00000148225	NIC	306	B048755	6029	95.41	0.9869	0.9412	0.913	306
B054297	ENSG00000021645	NIC	306	B054297	2281	73.99	0.5752	0.5490	0.609	306
B054298	ENSG00000100722	NIC	306	B054298	9680	55.98	0.2386	0.1765	0.323	306
B054305	ENSG00000163618	NIC	306	B054305	1370	89.01	0.9444	0.6046	0.84	306
B054306	ENSG00000114030	NIC	306	B054306	6625	84.80	0.7974	0.6732	0.801	306
B054309	ENSG00000113048	NIC	306	B048629	1064	76.09	0.7582	0.2941	0.678	306
B054312	ENSG00000167112	NIC	306	B054312	2350	74.05	0.7222	0.3072	0.682	306
B054313	ENSG00000147140	NIC	306	B054313	13023	86.01	0.8987	0.5752	0.636	306
B054317	ENSG00000090621	NNC	306	B054317	19446	64.47	0.4412	0.1699	0.297	306
B054319	ENSG00000173846	NNC	306	B054319	19963	74.56	0.6601	0.4052	0.521	306
B054324	ENSG00000117906	NNC	306	B053030	4412	64.30	0.5163	0.0817	0.585	306
B054330	ENSG00000182087	NNC	306	B054330	1783	60.15	0.4444	0.0000	0.396	306
B054354	ENSG00000162736	NNC	306	B054354	1193	88.96	0.9346	0.6765	0.808	306
B054356	ENSG00000058866	NNC	306	B064000	4339	73.15	0.6732	0.3137	0.595	306
B054365	ENSG00000254087	NNC	306	B054365	15446	85.81	0.8366	0.6242	0.823	306
B054371	ENSG00000149016	NNC	306	B054371	2238	69.01	0.5425	0.3464	0.507	306
B054376	ENSG00000136104	NNC	306	B067125	1547	73.14	0.6536	0.2647	0.625	306
B054378	ENSG00000166035	NNC	306	B054378	8846	73.30	0.6242	0.4673	0.732	306
B054380	ENSG00000167840	NNC	306	B054380	14293	56.69	0.4444	0.1111	0.451	306
B054383	ENSG00000049759	NNC	306	B054383	12345	51.24	0.2484	0.0458	0.275	306
B054384	ENSG00000105520	NNC	306	B054384	3645	46.60	0.0327	0.0000	0.229	306
B054390	ENSG00000118655	NNC	306	B054390	6320	79.57	0.7974	0.5229	0.79	306
B054393	ENSG00000184470	NNC	306	B054393	17101	65.64	0.5915	0.3366	0.589	306
B054398	ENSG00000112983	NNC	306	B054398	1971	68.20	0.4739	0.4281	0.503	306
B054420	ENSG00000103599	FSM	305	B054420	1493	74.33	0.6197	0.5443	0.518	305
B054421	ENSG00000140395	FSM	305	B063046	13906	95.80	0.9902	0.9344	0.925	305
B054430	ENSG00000276234	FSM	305	B059311	6943	80.18	0.8066	0.3148	0.425	305
B054435	ENSG00000169660	FSM	305	B054435	3369	77.39	0.7082	0.6262	0.765	305
B054438	ENSG00000144320	FSM	305	B045496	2726	59.97	0.2820	0.1311	0.322	305
B054442	ENSG00000173540	FSM	305	B043982	14354	95.13	0.9934	0.9016	0.874	305
B054447	ENSG00000151876	FSM	305	B044529	7438	66.26	0.4787	0.0426	0.495	305
B054452	ENSG00000123505	FSM	305	B056351	4648	90.25	0.9148	0.7475	0.894	305
B054455	ENSG00000160959	FSM	305	B054455	1046	85.03	0.8721	0.5639	0.835	305
B054458	ENSG00000156110	FSM	305	B054458	8620	89.39	0.9115	0.7344	0.861	305
B054459	ENSG00000187079	FSM	305	B041638	1803	78.52	0.7016	0.6000	0.712	305
B054461	ENSG00000241484	FSM	305	B057140	9804	81.96	0.8262	0.4262	0.654	305
B054462	ENSG00000165283	FSM	305	B054462	17938	79.68	0.7508	0.5148	0.514	305
B054464	ENSG00000134627	NIC	305	B054464	7158	93.43	0.9902	0.8361	0.913	305
B054468	ENSG00000140395	NIC	305	B063046	14053	94.50	0.9705	0.9049	0.913	305
B054469	ENSG00000167703	NIC	305	B061664	1269	60.74	0.4230	0.0000	0.491	305
B054470	ENSG00000124422	NIC	305	B054470	11029	80.60	0.8197	0.4820	0.577	305
B054478	ENSG00000138400	NIC	305	B054478	3492	78.07	0.7574	0.4820	0.486	305
B054480	ENSG00000101076	NIC	305	B054480	4750	77.03	0.7016	0.5475	0.738	305
B054491	ENSG00000071794	NIC	305	B054491	12106	69.70	0.6361	0.3344	0.604	305
B054493	ENSG00000125089	NIC	305	B054493	1098	86.95	0.8787	0.7672	0.787	305
B054495	ENSG00000138768	NIC	305	B054495	510	79.69	0.7246	0.5311	0.322	305
B054505	ENSG00000122642	NIC	305	B054505	27849	80.32	0.8164	0.5246	0.693	305
B054513	ENSG00000110697	NIC	305	B057050	3175	76.92	0.7082	0.5639	0.733	305
B054515	ENSG00000151503	NIC	305	B054515	1639	62.72	0.4230	0.1049	0.351	305
B054518	ENSG00000100784	NIC	305	B054518	17985	69.29	0.6066	0.1148	0.743	305
B054524	ENSG00000102879	NIC	305	B061985	10884	90.03	0.9148	0.7836	0.777	305
B054529	ENSG00000138363	NIC	305	B054529	10203	95.07	1.0000	0.9344	0.901	305
B054533	ENSG00000144736	NIC	305	B050250	2430	75.44	0.7574	0.1279	0.496	305
B054534	ENSG00000161202	NIC	305	B060449	4901	59.33	0.2787	0.2098	0.36	305
B054536	ENSG00000138757	NIC	305	B054536	5741	67.96	0.4459	0.3738	0.515	305
B054541	ENSG00000179526	NIC	305	B054541	824	67.24	0.5213	0.2590	0.394	305
B054542	ENSG00000065665	NIC	305	B054542	7076	69.47	0.5279	0.0033	0.597	305
B054543	ENSG00000147912	NIC	305	B054543	1697	72.77	0.6230	0.4885	0.722	305
B054552	ENSG00000139291	NNC	305	B056170	6303	86.48	0.9377	0.5246	0.812	305
B054559	ENSG00000162409	NNC	305	B054559	5183	68.38	0.5639	0.2852	0.395	305
B054561	ENSG00000196547	NNC	305	B054561	3687	91.08	0.9279	0.7443	0.89	305
B054563	ENSG00000261740	NNC	305	B054563	11800	69.74	0.6000	0.2984	0.659	305
B054564	ENSG00000166455	NNC	305	B054564	346	48.83	0.0557	0.0000	0.192	305
B054567	ENSG00000132522	NNC	305	B054567	1061	59.59	0.3672	0.1443	0.282	305
B054568	ENSG00000173805	NNC	305	B068732	753	59.59	0.3639	0.1377	0.26	305
B054580	ENSG00000188760	NNC	305	B061423	1381	76.36	0.7016	0.3344	0.67	305
B054582	ENSG00000143368	NNC	305	B039475	12396	64.68	0.3049	0.2262	0.364	305
B054595	ENSG00000172817	NNC	305	B054595	1547	85.67	0.8918	0.5213	0.826	305
B054599	ENSG00000171843	NNC	305	B041633	824	52.05	0.0098	0.0000	0.12	305
B054602	ENSG00000129824	NNC	305	B054602	6110	82.91	0.8459	0.5803	0.732	305
B054615	ENSG00000103264	NNC	305	B054615	8392	71.61	0.6656	0.2885	0.667	305
B054619	ENSG00000178607	NNC	305	B054619	2184	67.31	0.5115	0.1443	0.624	305
B054627	ENSG00000159374	NNC	305	B054627	729	64.74	0.5049	0.1869	0.621	305
B054628	ENSG00000144224	NNC	305	B054628	1409	65.91	0.5148	0.2918	0.351	305
B054629	ENSG00000155744	NNC	305	B057299	565	48.30	0.0262	0.0000	0.141	305
B054632	ENSG00000143363	NNC	305	B054632	2664	83.36	0.8033	0.5902	0.815	305
B054653	ENSG00000110047	NNC	305	B053599	10921	83.62	0.8557	0.4295	0.524	305
B054659	ENSG00000092010	FSM	304	B069864	2495	80.72	0.7204	0.5658	0.694	304
B054663	ENSG00000095906	FSM	304	B054663	14455	46.99	0.2730	0.0757	0.384	304
B054664	ENSG00000065057	FSM	304	B054664	13856	80.76	0.7500	0.7237	0.734	304
B054670	ENSG00000144048	FSM	304	B054670	5095	72.83	0.5888	0.5724	0.673	304
B054678	ENSG00000056291	FSM	304	B066787	9381	71.24	0.5987	0.1546	0.642	304
B054683	ENSG00000143801	FSM	304	B062796	3997	69.61	0.6250	0.1217	0.624	304
B054686	ENSG00000106025	FSM	304	B060550	2033	76.91	0.7270	0.4211	0.626	304
B054694	ENSG00000256269	FSM	304	B055019	20041	89.63	0.9145	0.6974	0.857	304
B054695	ENSG00000050426	FSM	304	B057523	1267	84.86	0.7763	0.6250	0.805	304
B054697	ENSG00000103707	FSM	304	B054697	11105	88.59	0.8947	0.7467	0.842	304
B054700	ENSG00000055118	FSM	304	B054700	11223	67.90	0.5230	0.1776	0.515	304
B054702	ENSG00000157399	FSM	304	B054702	22410	86.23	0.8618	0.7039	0.783	304
B054715	ENSG00000162607	NIC	304	B054715	4414	66.77	0.5395	0.3586	0.572	304
B054720	ENSG00000140718	NIC	304	B054720	874	83.00	0.8520	0.4770	0.814	304
B054721	ENSG00000140943	NIC	304	B054721	2247	90.37	0.9375	0.7763	0.835	304
B054729	ENSG00000049759	NIC	304	B054729	12106	79.27	0.8158	0.3191	0.73	304
B054732	ENSG00000141837	NIC	304	B054732	12100	77.54	0.7336	0.2336	0.603	304
B054733	ENSG00000213996	NIC	304	B058324	1357	79.92	0.7599	0.2862	0.773	304
B054738	ENSG00000115457	NIC	304	B054738	3700	56.98	0.3092	0.2204	0.376	304
B054741	ENSG00000143614	NIC	304	B054741	1157	60.66	0.3059	0.1776	0.285	304
B054745	ENSG00000113924	NIC	304	B054745	6175	92.97	0.9605	0.8882	0.902	304
B054750	ENSG00000152061	NIC	304	B054750	2383	75.00	0.6382	0.3487	0.369	304
B054756	ENSG00000132424	NIC	304	B054756	1130	60.67	0.3783	0.1678	0.256	304
B054759	ENSG00000105875	NIC	304	B054759	5510	49.83	0.3618	0.0789	0.512	304
B054764	ENSG00000165630	NIC	304	B052748	3371	70.74	0.6151	0.1184	0.573	304
B054768	ENSG00000012779	NIC	304	B054768	8148	81.07	0.7599	0.4605	0.641	304
B054769	ENSG00000148584	NIC	304	B054769	11241	75.68	0.7270	0.4737	0.635	304
B054777	ENSG00000100532	NIC	304	B054777	17602	68.06	0.6250	0.2138	0.611	304
B054785	ENSG00000134255	NIC	304	B054785	8208	87.06	0.8651	0.7303	0.806	304
B054786	ENSG00000135637	NIC	304	B054786	638	63.67	0.4803	0.1678	0.606	304
B054792	ENSG00000122515	NIC	304	B054792	701	46.26	0.0000	0.0000	0.187	304
B054795	ENSG00000176896	NIC	304	B054795	5372	71.82	0.6645	0.1612	0.669	304
B054803	ENSG00000076555	NNC	304	B054803	6435	81.28	0.8257	0.5033	0.765	304
B054806	ENSG00000092010	NNC	304	B069864	2472	76.68	0.6776	0.5263	0.69	304
B054807	ENSG00000100445	NNC	304	B064389	10591	77.86	0.7697	0.3684	0.806	304
B054816	ENSG00000086544	NNC	304	B054816	4079	87.48	0.8783	0.7697	0.835	304
B054830	ENSG00000185909	NNC	304	B053230	4870	86.50	0.8750	0.6809	0.853	304
B054831	ENSG00000152382	NNC	304	B047975	786	69.02	0.5559	0.3092	0.537	304
B054833	ENSG00000109736	NNC	304	B054833	3324	69.09	0.6020	0.0296	0.639	304
B054837	ENSG00000164902	NNC	304	B054837	2956	63.30	0.4342	0.2401	0.461	304
B054846	ENSG00000135775	NNC	304	B054846	1293	80.57	0.7829	0.4408	0.745	304
B054847	ENSG00000169919	NNC	304	B054847	7450	90.12	0.9276	0.7928	0.856	304
B054849	ENSG00000164885	NNC	304	B068716	18784	76.57	0.7270	0.2796	0.797	304
B054858	ENSG00000134294	NNC	304	B054858	3878	66.38	0.5691	0.0625	0.561	304
B054875	ENSG00000248098	NNC	304	B047675	14766	90.49	0.9375	0.7664	0.867	304
B054879	ENSG00000285793	NNC	304	B057059	3068	75.06	0.7303	0.0066	0.716	304
B054883	ENSG00000121892	NNC	304	B054883	778	59.35	0.2829	0.1776	0.384	304
B054891	ENSG00000105855	NNC	304	B068235	4850	85.70	0.8816	0.5066	0.834	304
B054903	ENSG00000172977	NNC	304	B067956	5338	62.33	0.4145	0.3224	0.463	304
B054908	ENSG00000070961	FSM	303	B068528	15805	78.51	0.7459	0.4785	0.678	303
B054909	ENSG00000100647	FSM	303	B061081	3284	59.94	0.3696	0.1353	0.324	303
B054912	ENSG00000128731	FSM	303	B058568	10521	84.48	0.8515	0.6370	0.696	303
B054913	ENSG00000103266	FSM	303	B054913	17233	88.73	0.8977	0.7030	0.669	303
B054914	ENSG00000172824	FSM	303	B054914	18375	82.27	0.7624	0.5677	0.812	303
B054916	ENSG00000132522	FSM	303	B054567	1074	59.54	0.3663	0.1353	0.273	303
B054921	ENSG00000183077	FSM	303	B060180	9150	93.74	0.9604	0.8944	0.913	303
B054922	ENSG00000126934	FSM	303	B044152	18129	83.22	0.8053	0.5512	0.838	303
B054924	ENSG00000239779	FSM	303	B069347	1378	52.36	0.2046	0.0561	0.28	303
B054928	ENSG00000101076	FSM	303	B054928	14141	76.77	0.6997	0.6007	0.513	303
B054939	ENSG00000164620	FSM	303	B054939	1547	55.85	0.2508	0.0825	0.221	303
B054944	ENSG00000133872	FSM	303	B054944	2848	64.82	0.4719	0.3663	0.469	303
B054955	ENSG00000109919	FSM	303	B060019	2254	83.31	0.8383	0.4851	0.815	303
B054956	ENSG00000083635	FSM	303	B054956	2583	59.76	0.3762	0.1353	0.391	303
B054958	ENSG00000038382	FSM	303	B054958	979	50.21	0.1188	0.0033	0.184	303
B054962	ENSG00000008130	NIC	303	B055056	12412	83.41	0.8218	0.5677	0.806	303
B054968	ENSG00000152767	NIC	303	B054968	6654	83.79	0.8119	0.7129	0.776	303
B054989	ENSG00000100429	NIC	303	B068384	1012	83.25	0.8185	0.6271	0.795	303
B054990	ENSG00000152601	NIC	303	B069545	8986	59.88	0.3003	0.1155	0.36	303
B054991	ENSG00000058866	NIC	303	B054991	6887	89.35	0.9241	0.6931	0.884	303
B054995	ENSG00000151466	NIC	303	B054995	896	87.81	0.8581	0.6040	0.35	303
B055012	ENSG00000148356	NIC	303	B055012	12144	78.78	0.7723	0.2937	0.549	303
B055015	ENSG00000185009	NIC	303	B066567	5025	88.32	0.8317	0.7459	0.798	303
B055020	ENSG00000084463	NIC	303	B067006	416	59.26	0.2706	0.0000	0.192	303
B055024	ENSG00000090060	NIC	303	B055024	2193	64.03	0.3696	0.2541	0.45	303
B055025	ENSG00000197102	NIC	303	B063810	7727	85.87	0.8746	0.5545	0.588	303
B055027	ENSG00000103319	NIC	303	B055027	4105	56.30	0.3267	0.0363	0.478	303
B055029	ENSG00000126562	NIC	303	B062094	1209	57.71	0.1749	0.1188	0.304	303
B055031	ENSG00000161914	NIC	303	B055031	10963	52.77	0.2541	0.0000	0.312	303
B055032	ENSG00000186017	NIC	303	B068277	10692	53.16	0.3960	0.0000	0.373	303
B055035	ENSG00000101464	NIC	303	B066631	2347	83.15	0.9043	0.2640	0.601	303
B055040	ENSG00000198919	NIC	303	B055040	241	71.80	0.6139	0.2409	0.684	303
B055050	ENSG00000186638	NIC	303	B055050	3768	58.04	0.3795	0.0429	0.296	303
B055053	ENSG00000198060	NIC	303	B055053	1347	65.58	0.5149	0.1617	0.524	303
B055058	ENSG00000149313	NNC	303	B055058	5684	85.34	0.8449	0.7030	0.837	303
B055059	ENSG00000188786	NNC	303	B055059	417	45.27	0.0462	0.0000	0.178	303
B055060	ENSG00000060237	NNC	303	B055060	2315	57.16	0.2112	0.1584	0.291	303
B055062	ENSG00000177192	NNC	303	B060668	6810	86.84	0.8746	0.7954	0.834	303
B055063	ENSG00000133111	NNC	303	B055063	552	60.40	0.3036	0.1485	0.235	303
B055066	ENSG00000213983	NNC	303	B055066	3692	75.19	0.6601	0.5776	0.683	303
B055074	ENSG00000140465	NNC	303	B055074	7572	82.64	0.8680	0.2739	0.725	303
B055075	ENSG00000131899	NNC	303	B055075	1624	78.49	0.6898	0.5545	0.696	303
B055077	ENSG00000154229	NNC	303	B060062	23501	81.73	0.7723	0.6403	0.782	303
B055083	ENSG00000105186	NNC	303	B055083	733	75.10	0.6931	0.1287	0.416	303
B055084	ENSG00000160007	NNC	303	B062399	2867	82.04	0.7921	0.6799	0.8	303
B055086	ENSG00000186487	NNC	303	B051703	1335	54.77	0.1122	0.0099	0.19	303
B055088	ENSG00000144048	NNC	303	B062692	5180	70.70	0.5875	0.5776	0.652	303
B055097	ENSG00000109787	NNC	303	B055097	381	47.03	0.0330	0.0000	0.172	303
B055111	ENSG00000166925	NNC	303	B055111	2289	53.38	0.1782	0.1452	0.272	303
B055115	ENSG00000126767	NNC	303	B065852	5222	61.41	0.3366	0.2541	0.364	303
B055124	ENSG00000178498	NNC	303	B055124	13911	77.75	0.7096	0.5116	0.437	303
B055132	ENSG00000196405	NNC	303	B059550	2106	61.62	0.3630	0.1320	0.201	303
B055135	ENSG00000167447	NNC	303	B055135	1690	70.29	0.6007	0.4026	0.588	303
B055140	ENSG00000144028	NNC	303	B060129	6631	94.91	0.9802	0.9340	0.908	303
B055147	ENSG00000088727	NNC	303	B055147	1605	76.61	0.6700	0.3399	0.413	303
B055151	ENSG00000113360	NNC	303	B055151	9697	87.25	0.9109	0.5809	0.75	303
B055153	ENSG00000204564	NNC	303	B055153	1245	53.50	0.2838	0.0000	0.43	303
B055155	ENSG00000186063	NNC	303	B069361	908	84.81	0.8614	0.6601	0.557	303
B055158	ENSG00000130226	NNC	303	B067212	7166	81.59	0.7789	0.5116	0.678	303
B055160	ENSG00000169962	NNC	303	B055160	6497	79.14	0.7789	0.5215	0.755	303
B055166	ENSG00000148584	NNC	303	B055166	11415	80.39	0.7162	0.5611	0.688	303
B055190	ENSG00000116649	FSM	302	B065486	12131	93.62	0.9570	0.8775	0.909	302
B055194	ENSG00000114491	FSM	302	B055194	4571	91.82	0.9272	0.8013	0.823	302
B055201	ENSG00000062194	FSM	302	B058852	825	55.47	0.1788	0.0265	0.232	302
B055205	ENSG00000029639	FSM	302	B055205	10843	93.89	0.9702	0.9073	0.894	302
B055206	ENSG00000105963	FSM	302	B040636	5432	93.85	0.9768	0.8576	0.899	302
B055209	ENSG00000136874	FSM	302	B055866	3895	66.78	0.4636	0.3841	0.539	302
B055211	ENSG00000089289	FSM	302	B056801	2226	79.22	0.7053	0.5199	0.676	302
B055215	ENSG00000133812	FSM	302	B055215	7020	68.96	0.5430	0.2517	0.414	302
B055220	ENSG00000113552	FSM	302	B067046	14112	90.34	0.8940	0.8543	0.858	302
B055222	ENSG00000111666	NIC	302	B055222	7950	81.38	0.8675	0.3212	0.554	302
B055229	ENSG00000088256	NIC	302	B055229	11567	64.04	0.5894	0.2781	0.57	302
B055250	ENSG00000049860	NIC	302	B055250	12230	92.40	0.9536	0.8245	0.892	302
B055252	ENSG00000155324	NIC	302	B056690	5305	58.60	0.3940	0.1060	0.279	302
B055262	ENSG00000197746	NIC	302	B057198	6275	73.67	0.6722	0.1887	0.314	302
B055272	ENSG00000116198	NIC	302	B055272	2169	75.39	0.6887	0.4040	0.471	302
B055275	ENSG00000173805	NIC	302	B055275	1544	74.46	0.6126	0.3278	0.321	302
B055278	ENSG00000085978	NIC	302	B055278	12460	83.17	0.7914	0.6788	0.377	302
B055279	ENSG00000101294	NIC	302	B047762	5576	64.49	0.4503	0.0099	0.52	302
B055292	ENSG00000013503	NNC	302	B055292	17795	86.55	0.9205	0.5430	0.659	302
B055295	ENSG00000100938	NNC	302	B054503	14176	90.78	0.9305	0.7185	0.894	302
B055298	ENSG00000100647	NNC	302	B061081	3245	58.96	0.3543	0.1391	0.327	302
B055301	ENSG00000273749	NNC	302	B055301	1236	86.85	0.9238	0.5066	0.786	302
B055307	ENSG00000254685	NNC	302	B065253	797	88.76	0.9007	0.6523	0.832	302
B055311	ENSG00000133243	NNC	302	B055311	4440	91.81	0.9702	0.7781	0.581	302
B055317	ENSG00000142546	NNC	302	B064227	3760	79.05	0.7384	0.4073	0.64	302
B055319	ENSG00000063244	NNC	302	B055319	11900	84.31	0.8411	0.5596	0.645	302
B055326	ENSG00000132680	NNC	302	B055326	1281	55.95	0.1788	0.1159	0.234	302
B055338	ENSG00000135597	NNC	302	B055338	1094	53.14	0.1689	0.0132	0.173	302
B055349	ENSG00000119912	NNC	302	B055349	8247	93.95	0.9868	0.9139	0.876	302
B055350	ENSG00000138107	NNC	302	B049193	18444	94.49	0.9901	0.9073	0.905	302
B055361	ENSG00000066185	NNC	302	B042648	1239	89.05	0.9172	0.6887	0.845	302
B055371	ENSG00000215421	NNC	302	B055371	16803	52.79	0.2417	0.0000	0.361	302
B055374	ENSG00000243943	NNC	302	B066322	2560	67.25	0.5762	0.0894	0.349	302
B055378	ENSG00000143595	NNC	302	B063422	11868	88.06	0.8543	0.7848	0.82	302
B055395	ENSG00000148719	NNC	302	B057182	25187	72.02	0.6159	0.3377	0.424	302
B055398	ENSG00000162302	NNC	302	B056447	17762	82.74	0.8079	0.5563	0.833	302
B055401	ENSG00000084072	FSM	301	B063394	35318	82.81	0.7973	0.6611	0.583	301
B055402	ENSG00000184271	FSM	301	B062638	10465	66.68	0.4751	0.3455	0.443	301
B055404	ENSG00000037897	FSM	301	B058810	5208	83.02	0.7874	0.6645	0.782	301
B055405	ENSG00000159479	FSM	301	B064320	960	67.73	0.5880	0.2957	0.413	301
B055412	ENSG00000085644	FSM	301	B057424	19370	60.44	0.4618	0.1794	0.433	301
B055414	ENSG00000133028	FSM	301	B063098	13934	73.72	0.6578	0.4419	0.593	301
B055416	ENSG00000125734	FSM	301	B069044	2867	77.56	0.7841	0.1860	0.749	301
B055418	ENSG00000137992	FSM	301	B055418	12637	89.51	0.8837	0.7143	0.754	301
B055420	ENSG00000142546	FSM	301	B064227	3632	79.65	0.7442	0.4452	0.649	301
B055422	ENSG00000138399	FSM	301	B055422	475	75.61	0.7442	0.2824	0.654	301
B055427	ENSG00000143595	FSM	301	B063422	12347	90.09	0.8605	0.8339	0.84	301
B055430	ENSG00000185630	FSM	301	B055430	11779	70.20	0.5947	0.3555	0.492	301
B055431	ENSG00000152795	FSM	301	B050460	18313	65.11	0.5449	0.2126	0.398	301
B055432	ENSG00000118762	FSM	301	B042640	3592	64.77	0.3854	0.0897	0.285	301
B055436	ENSG00000152620	FSM	301	B069410	1697	83.44	0.8206	0.5814	0.801	301
B055447	ENSG00000149115	FSM	301	B062739	1380	56.34	0.1728	0.0000	0.197	301
B055448	ENSG00000162236	FSM	301	B066018	5206	74.94	0.6711	0.2159	0.551	301
B055449	ENSG00000172500	FSM	301	B055449	1213	92.23	0.9535	0.7940	0.894	301
B055450	ENSG00000174669	FSM	301	B056460	3329	72.62	0.6179	0.3023	0.656	301
B055452	ENSG00000159248	FSM	301	B063043	5683	70.98	0.6146	0.3123	0.586	301
B055453	ENSG00000088035	FSM	301	B055453	5694	92.68	0.9502	0.8372	0.879	301
B055466	ENSG00000102786	NIC	301	B055466	1507	62.17	0.3156	0.2326	0.349	301
B055469	ENSG00000100519	NIC	301	B055469	28040	81.04	0.8306	0.1429	0.477	301
B055470	ENSG00000125703	NIC	301	B068696	4173	69.51	0.6013	0.3090	0.675	301
B055476	ENSG00000108654	NIC	301	B062246	20874	90.73	0.9502	0.7309	0.786	301
B055479	ENSG00000144182	NIC	301	B064051	6607	89.43	0.9037	0.8206	0.849	301
B055488	ENSG00000221955	NIC	301	B070222	7195	73.26	0.6711	0.0498	0.667	301
B055490	ENSG00000090520	NIC	301	B060537	21165	79.73	0.8007	0.3654	0.479	301
B055495	ENSG00000106479	NIC	301	B055495	11375	52.18	0.2691	0.0000	0.318	301
B055496	ENSG00000176623	NIC	301	B066114	3753	76.22	0.7575	0.3588	0.667	301
B055499	ENSG00000172785	NIC	301	B040318	15549	70.02	0.6047	0.2193	0.692	301
B055502	ENSG00000119139	NIC	301	B055502	2010	59.59	0.2159	0.1296	0.284	301
B055503	ENSG00000148120	NIC	301	B058486	666	65.07	0.4751	0.2691	0.596	301
B055506	ENSG00000151025	NIC	301	B055506	1160	66.73	0.5017	0.2392	0.604	301
B055515	ENSG00000196510	NIC	301	B057698	712	84.92	0.8339	0.7442	0.745	301
B055516	ENSG00000139618	NIC	301	B055516	851	59.50	0.3787	0.1262	0.274	301
B055523	ENSG00000065559	NIC	301	B045228	14126	62.73	0.4352	0.1894	0.587	301
B055528	ENSG00000174827	NIC	301	B055528	13561	73.20	0.6645	0.2957	0.446	301
B055532	ENSG00000153187	NIC	301	B060100	3161	65.97	0.5482	0.3256	0.572	301
B055541	ENSG00000134686	NNC	301	B064998	1599	49.55	0.0864	0.0000	0.2	301
B055551	ENSG00000129245	NNC	301	B055551	1708	58.51	0.2425	0.1196	0.239	301
B055552	ENSG00000167536	NNC	301	B049604	13343	76.50	0.6379	0.5249	0.708	301
B055556	ENSG00000054219	NNC	301	B055556	8737	79.05	0.7741	0.2890	0.718	301
B055567	ENSG00000145687	NNC	301	B068007	4857	45.69	0.0000	0.0000	0.113	301
B055573	ENSG00000104529	NNC	301	B065188	8226	65.09	0.4850	0.1561	0.33	301
B055578	ENSG00000158161	NNC	301	B055578	722	43.90	0.0332	0.0000	0.184	301
B055583	ENSG00000198056	NNC	301	B056066	4210	83.22	0.8339	0.5847	0.784	301
B055585	ENSG00000027001	NNC	301	B070480	10492	91.42	0.9668	0.7741	0.892	301
B055594	ENSG00000275066	NNC	301	B055594	1573	53.34	0.1528	0.0399	0.207	301
B055595	ENSG00000108799	NNC	301	B055595	1130	55.07	0.3389	0.0233	0.275	301
B055605	ENSG00000025293	NNC	301	B056769	360	53.03	0.0365	0.0000	0.126	301
B055606	ENSG00000100243	NNC	301	B061170	12131	92.85	0.9336	0.8738	0.851	301
B055613	ENSG00000009844	NNC	301	B060482	3777	77.10	0.6844	0.6113	0.553	301
B055617	ENSG00000133606	NNC	301	B055617	7035	64.06	0.4551	0.2226	0.393	301
B055620	ENSG00000133131	NNC	301	B055620	356	63.75	0.4120	0.2658	0.276	301
B055626	ENSG00000137513	FSM	300	B070895	15717	87.02	0.8933	0.6667	0.852	300
B055629	ENSG00000139974	FSM	300	B055629	8903	83.32	0.8400	0.5400	0.759	300
B055632	ENSG00000185347	FSM	300	B063811	807	72.71	0.6267	0.1767	0.525	300
B055638	ENSG00000176014	FSM	300	B056203	11934	89.99	0.9267	0.8100	0.865	300
B055642	ENSG00000099326	FSM	300	B055642	7006	57.24	0.2900	0.2267	0.412	300
B055643	ENSG00000138092	FSM	300	B067195	840	82.81	0.8100	0.4933	0.635	300
B055649	ENSG00000100124	FSM	300	B063834	8407	63.84	0.4700	0.2167	0.533	300
B055654	ENSG00000170502	FSM	300	B057492	10172	91.32	0.9367	0.8733	0.858	300
B055657	ENSG00000136243	FSM	300	B055657	1324	54.10	0.3500	0.0633	0.313	300
B055658	ENSG00000152904	FSM	300	B055658	5844	91.29	0.9433	0.8033	0.879	300
B055661	ENSG00000198042	FSM	300	B056392	3698	72.16	0.6000	0.3700	0.511	300
B055664	ENSG00000196139	FSM	300	B059599	16350	94.90	0.9933	0.8567	0.917	300
B055667	ENSG00000148290	FSM	300	B057274	7963	80.42	0.7567	0.5833	0.694	300
B055675	ENSG00000166833	FSM	300	B055675	1252	49.28	0.0067	0.0000	0.129	300
B055678	ENSG00000126456	FSM	300	B064338	3483	64.18	0.4300	0.2833	0.45	300
B055681	ENSG00000100603	NIC	300	B055681	3158	70.53	0.4467	0.1433	0.292	300
B055684	ENSG00000006007	NIC	300	B048771	14087	91.33	0.9533	0.7533	0.852	300
B055686	ENSG00000196123	NIC	300	B061718	1694	95.93	1.0000	0.9400	0.92	300
B055690	ENSG00000119203	NIC	300	B055690	12150	83.50	0.8467	0.4600	0.817	300
B055691	ENSG00000055332	NIC	300	B060058	13352	86.88	0.8600	0.6700	0.851	300
B055694	ENSG00000132330	NIC	300	B055694	11535	90.37	0.9067	0.7900	0.876	300
B055715	ENSG00000147872	NIC	300	B053838	2250	65.42	0.4767	0.1900	0.571	300
B055719	ENSG00000165209	NIC	300	B059351	12241	66.68	0.4633	0.3400	0.374	300
B055729	ENSG00000185163	NIC	300	B055729	18259	62.05	0.4633	0.1867	0.448	300
B055737	ENSG00000138399	NIC	300	B055737	1108	79.58	0.7367	0.4333	0.753	300
B055740	ENSG00000132823	NIC	300	B055740	1545	52.36	0.1867	0.0200	0.198	300
B055742	ENSG00000160714	NIC	300	B055742	4624	67.74	0.5667	0.4200	0.574	300
B055743	ENSG00000100425	NIC	300	B055743	1968	69.76	0.5467	0.3167	0.533	300
B055749	ENSG00000113595	NIC	300	B055749	9028	77.38	0.7500	0.4600	0.387	300
B055750	ENSG00000135317	NIC	300	B055750	1694	74.66	0.6467	0.1033	0.538	300
B055751	ENSG00000196591	NIC	300	B058760	11469	67.84	0.5533	0.0933	0.551	300
B055752	ENSG00000169919	NIC	300	B055752	12623	86.90	0.8800	0.7167	0.839	300
B055763	ENSG00000165487	NNC	300	B055763	7701	71.36	0.6500	0.2200	0.708	300
B055770	ENSG00000040531	NNC	300	B059402	4298	82.04	0.8367	0.4533	0.724	300
B055772	ENSG00000108510	NNC	300	B055772	1388	57.95	0.3833	0.1100	0.537	300
B055779	ENSG00000115295	NNC	300	B055779	3406	85.40	0.8067	0.7233	0.754	300
B055784	ENSG00000196290	NNC	300	B055784	6621	94.54	1.0000	0.8867	0.849	300
B055787	ENSG00000184402	NNC	300	B054881	2559	50.33	0.1700	0.0900	0.292	300
B055790	ENSG00000100296	NNC	300	B055790	7711	73.26	0.6600	0.3567	0.425	300
B055813	ENSG00000134802	NNC	300	B055813	2226	68.03	0.6067	0.3400	0.636	300
B055815	ENSG00000166266	NNC	300	B055815	9720	83.01	0.8300	0.5967	0.719	300
B055821	ENSG00000051825	NNC	300	B055821	569	55.04	0.2167	0.1367	0.314	300
B055832	ENSG00000132591	NNC	300	B064178	3311	73.78	0.7167	0.3367	0.662	300
B055834	ENSG00000134490	NNC	300	B066584	829	79.29	0.8167	0.3700	0.785	300
B055835	ENSG00000196628	NNC	300	B055835	1667	49.54	0.1267	0.0367	0.192	300
B055841	ENSG00000065135	NNC	300	B068641	12654	71.16	0.6200	0.2267	0.655	300
B055860	ENSG00000162813	NNC	300	B057073	4159	96.30	1.0000	0.9233	0.936	300
B055861	ENSG00000135537	NNC	300	B057913	13631	79.74	0.8200	0.2733	0.551	300
B055862	ENSG00000198742	NNC	300	B059922	12954	88.56	0.9533	0.5767	0.693	300
B055864	ENSG00000168077	NNC	300	B055864	797	87.00	0.8700	0.7167	0.351	300
B055873	ENSG00000109929	FSM	299	B056741	8695	91.94	0.9231	0.8696	0.851	299
B055876	ENSG00000167196	FSM	299	B061831	1687	86.82	0.8662	0.6321	0.873	299
B055879	ENSG00000167371	FSM	299	B047280	1351	49.74	0.0736	0.0000	0.177	299
B055883	ENSG00000005156	FSM	299	B055883	5036	60.89	0.4649	0.2542	0.391	299
B055885	ENSG00000161395	FSM	299	B064554	3154	83.97	0.9231	0.2876	0.678	299
B055890	ENSG00000126457	FSM	299	B055890	15466	69.81	0.6355	0.3545	0.648	299
B055898	ENSG00000125037	FSM	299	B065382	9188	65.71	0.4783	0.0000	0.43	299
B055901	ENSG00000163818	FSM	299	B060134	886	82.73	0.8294	0.4013	0.43	299
B055903	ENSG00000163660	FSM	299	B057027	5007	58.28	0.3043	0.2542	0.36	299
B055905	ENSG00000164366	FSM	299	B055905	511	78.28	0.7124	0.5151	0.494	299
B055906	ENSG00000155542	FSM	299	B063691	1530	87.47	0.8896	0.6054	0.849	299
B055907	ENSG00000143479	FSM	299	B055907	12940	67.31	0.5217	0.4548	0.559	299
B055910	ENSG00000049618	FSM	299	B068882	1410	46.60	0.0334	0.0000	0.169	299
B055912	ENSG00000171316	FSM	299	B055912	1302	51.22	0.0000	0.0000	0.147	299
B055914	ENSG00000167700	FSM	299	B055914	2347	84.68	0.9030	0.3378	0.823	299
B055915	ENSG00000160408	FSM	299	B057514	3168	87.25	0.8863	0.6488	0.81	299
B055918	ENSG00000084623	FSM	299	B056867	9109	93.02	0.9498	0.8629	0.898	299
B055919	ENSG00000054118	FSM	299	B055919	1193	59.02	0.2709	0.0836	0.278	299
B055921	ENSG00000181929	FSM	299	B067617	5659	88.22	0.9164	0.6589	0.851	299
B055926	ENSG00000132840	FSM	299	B055926	9056	90.88	0.9331	0.8027	0.886	299
B055929	ENSG00000173992	FSM	299	B055929	18289	83.07	0.7860	0.7057	0.773	299
B055930	ENSG00000149269	NIC	299	B048867	5162	60.43	0.2876	0.1171	0.31	299
B055936	ENSG00000127720	NIC	299	B055936	4011	56.58	0.3445	0.0234	0.485	299
B055939	ENSG00000165516	NIC	299	B042564	2611	89.63	0.9331	0.6856	0.862	299
B055944	ENSG00000007520	NIC	299	B071185	4854	74.54	0.6388	0.5518	0.695	299
B055947	ENSG00000175832	NIC	299	B064627	5997	61.59	0.3478	0.2609	0.399	299
B055949	ENSG00000126261	NIC	299	B055949	11556	69.72	0.6221	0.3244	0.471	299
B055957	ENSG00000160710	NIC	299	B069523	4047	87.40	0.8863	0.5886	0.886	299
B055961	ENSG00000173540	NIC	299	B055961	17407	84.74	0.8462	0.7090	0.838	299
B055963	ENSG00000163558	NIC	299	B055963	21704	79.31	0.7425	0.4883	0.781	299
B055965	ENSG00000135829	NIC	299	B067852	10893	68.72	0.6288	0.1472	0.509	299
B055967	ENSG00000159346	NIC	299	B063070	7814	91.55	0.9365	0.7826	0.884	299
B055968	ENSG00000137285	NIC	299	B040788	11503	89.18	0.9164	0.7659	0.86	299
B055986	ENSG00000111652	NIC	299	B057918	3363	79.51	0.7324	0.6488	0.65	299
B055996	ENSG00000129244	NIC	299	B069237	4029	86.82	0.9365	0.5151	0.759	299
B056009	ENSG00000143669	NIC	299	B056009	583	67.55	0.5351	0.2609	0.56	299
B056010	ENSG00000162714	NIC	299	B056010	9893	59.57	0.3244	0.2542	0.396	299
B056013	ENSG00000106829	NIC	299	B070399	1973	57.39	0.2809	0.1739	0.361	299
B056014	ENSG00000151116	NIC	299	B056014	9904	77.68	0.7124	0.3980	0.526	299
B056015	ENSG00000167986	NIC	299	B056015	3073	83.92	0.8428	0.5652	0.687	299
B056016	ENSG00000002016	NNC	299	B056016	4072	78.34	0.7090	0.5652	0.624	299
B056028	ENSG00000161526	NNC	299	B059169	2757	63.18	0.4281	0.2107	0.354	299
B056032	ENSG00000196975	NNC	299	B052143	11381	92.37	0.9565	0.8763	0.886	299
B056033	ENSG00000155729	NNC	299	B056033	296	56.45	0.3010	0.1739	0.402	299
B056035	ENSG00000143409	NNC	299	B056035	3825	70.75	0.5920	0.4448	0.559	299
B056039	ENSG00000173085	NNC	299	B056039	12072	90.21	0.9164	0.7124	0.866	299
B056051	ENSG00000165283	NNC	299	B056051	15708	84.32	0.8328	0.6856	0.593	299
B056061	ENSG00000124920	NNC	299	B056061	623	52.82	0.1672	0.0000	0.216	299
B056064	ENSG00000177119	NNC	299	B056064	8882	84.97	0.8829	0.4582	0.691	299
B056075	ENSG00000160961	NNC	299	B056075	18321	51.60	0.3746	0.0033	0.336	299
B056076	ENSG00000120784	NNC	299	B064226	19586	65.97	0.6020	0.1839	0.464	299
B056088	ENSG00000168268	NNC	299	B056088	4493	77.83	0.7726	0.4181	0.668	299
B056089	ENSG00000163558	NNC	299	B058995	19493	69.77	0.6221	0.2876	0.56	299
B056093	ENSG00000164163	NNC	299	B045292	9296	85.29	0.8829	0.5184	0.783	299
B056098	ENSG00000204427	NNC	299	B057505	1935	87.38	0.9097	0.6020	0.873	299
B056108	ENSG00000215126	NNC	299	B063952	12296	61.14	0.4849	0.0000	0.532	299
B056110	ENSG00000147224	NNC	299	B056802	19062	90.65	0.9264	0.8094	0.863	299
B056112	ENSG00000122852	NNC	299	B069811	10718	70.47	0.4950	0.4214	0.514	299
B056114	ENSG00000173599	NNC	299	B056114	19643	78.04	0.7157	0.5151	0.69	299
B056115	ENSG00000167552	FSM	298	B056886	11265	90.96	0.9564	0.8121	0.863	298
B056117	ENSG00000123374	FSM	298	B059384	20014	85.79	0.8557	0.6107	0.866	298
B056118	ENSG00000165792	FSM	298	B066250	5020	88.49	0.9027	0.7450	0.874	298
B056119	ENSG00000250021	FSM	298	B056119	6651	68.35	0.6141	0.1275	0.465	298
B056120	ENSG00000167962	FSM	298	B056120	336	51.05	0.0570	0.0000	0.162	298
B056125	ENSG00000037042	FSM	298	B056125	8810	85.49	0.8960	0.3792	0.845	298
B056132	ENSG00000118655	FSM	298	B056132	3269	55.49	0.3356	0.0772	0.315	298
B056138	ENSG00000178917	FSM	298	B060437	4833	55.77	0.4195	0.0000	0.298	298
B056139	ENSG00000164077	FSM	298	B056139	3018	85.49	0.8557	0.7651	0.826	298
B056142	ENSG00000137628	FSM	298	B056142	758	83.64	0.8389	0.5369	0.786	298
B056146	ENSG00000113272	FSM	298	B063263	4403	86.33	0.8423	0.7483	0.788	298
B056147	ENSG00000124615	FSM	298	B071281	14251	91.58	0.9631	0.7282	0.887	298
B056149	ENSG00000188732	FSM	298	B071156	2255	84.44	0.8591	0.6040	0.706	298
B056151	ENSG00000165629	FSM	298	B068446	11637	84.94	0.8758	0.5537	0.765	298
B056152	ENSG00000169100	FSM	298	B070468	14397	87.26	0.9463	0.5101	0.852	298
B056157	ENSG00000168000	FSM	298	B061973	2591	67.90	0.5302	0.3691	0.477	298
B056158	ENSG00000111247	FSM	298	B056158	1111	56.77	0.1443	0.0537	0.216	298
B056159	ENSG00000111305	FSM	298	B066415	868	41.70	0.0403	0.0000	0.27	298
B056160	ENSG00000126217	FSM	298	B050274	9847	66.34	0.4933	0.2383	0.383	298
B056162	ENSG00000167543	FSM	298	B061253	420	50.75	0.1544	0.0604	0.226	298
B056169	ENSG00000139291	NIC	298	B056170	6709	86.54	0.9128	0.5738	0.81	298
B056171	ENSG00000162415	NIC	298	B056171	742	89.75	0.9060	0.8255	0.825	298
B056173	ENSG00000125304	NIC	298	B049312	7198	78.53	0.7383	0.3154	0.767	298
B056174	ENSG00000174373	NIC	298	B056174	658	52.20	0.1208	0.0034	0.176	298
B056180	ENSG00000153936	NIC	298	B056180	2582	91.33	0.9430	0.7517	0.89	298
B056183	ENSG00000068903	NIC	298	B066509	15979	82.80	0.8188	0.6007	0.751	298
B056184	ENSG00000007341	NIC	298	B056184	1010	82.73	0.7987	0.5671	0.823	298
B056186	ENSG00000239779	NIC	298	B069347	1374	53.93	0.1946	0.0604	0.281	298
B056199	ENSG00000125347	NIC	298	B059520	3140	57.88	0.2785	0.1208	0.338	298
B056209	ENSG00000189376	NIC	298	B051389	742	75.66	0.6477	0.5034	0.678	298
B056221	ENSG00000132749	NIC	298	B056221	13928	42.60	0.0201	0.0000	0.164	298
B056223	ENSG00000111358	NIC	298	B064260	3017	81.99	0.8255	0.4362	0.761	298
B056230	ENSG00000062716	NIC	298	B056230	3889	72.46	0.6174	0.0973	0.633	298
B056232	ENSG00000064961	NIC	298	B056232	5808	66.86	0.5671	0.2114	0.391	298
B056238	ENSG00000010165	NIC	298	B056238	6205	83.40	0.8523	0.4262	0.739	298
B056248	ENSG00000108001	NIC	298	B071246	1442	50.47	0.2248	0.0235	0.297	298
B056253	ENSG00000100813	NNC	298	B056253	1018	52.09	0.0369	0.0000	0.167	298
B056255	ENSG00000179476	NNC	298	B059652	192	72.25	0.6275	0.1007	0.729	298
B056263	ENSG00000168488	NNC	298	B056263	1190	42.74	0.0000	0.0000	0.112	298
B056269	ENSG00000105397	NNC	298	B056269	6861	82.16	0.7651	0.6443	0.823	298
B056270	ENSG00000126254	NNC	298	B065823	12279	68.87	0.4933	0.2987	0.449	298
B056276	ENSG00000153827	NNC	298	B065709	11411	92.58	0.9664	0.8557	0.804	298
B056277	ENSG00000089199	NNC	298	B056277	1684	53.24	0.1946	0.0537	0.185	298
B056289	ENSG00000112685	NNC	298	B056289	1342	75.19	0.7651	0.0940	0.399	298
B056291	ENSG00000119899	NNC	298	B059688	11246	77.06	0.6879	0.4128	0.721	298
B056292	ENSG00000123552	NNC	298	B056292	5961	71.41	0.6510	0.4664	0.648	298
B056293	ENSG00000153721	NNC	298	B056293	6040	60.31	0.3624	0.2282	0.399	298
B056298	ENSG00000147813	NNC	298	B056298	10323	87.20	0.9060	0.6443	0.774	298
B056308	ENSG00000269556	NNC	298	B064207	1755	77.09	0.7886	0.3691	0.671	298
B056310	ENSG00000110497	NNC	298	B056310	628	49.49	0.1980	0.0000	0.305	298
B056312	ENSG00000084072	NNC	298	B063394	36030	84.00	0.8154	0.7315	0.592	298
B056319	ENSG00000151327	NNC	298	B061884	11495	54.95	0.2953	0.0906	0.247	298
B056322	ENSG00000033170	NNC	298	B056322	1920	78.82	0.7282	0.3020	0.552	298
B056342	ENSG00000153560	NNC	298	B069671	2472	66.44	0.5369	0.3154	0.475	298
B056343	ENSG00000213672	NNC	298	B056343	10366	63.27	0.3691	0.3087	0.423	298
B056349	ENSG00000137161	NNC	298	B062906	1682	65.37	0.4832	0.1510	0.523	298
B056350	ENSG00000112365	NNC	298	B056350	14181	63.25	0.4161	0.3658	0.482	298
B056352	ENSG00000164638	NNC	298	B056352	1617	47.56	0.0268	0.0000	0.41	298
B056357	ENSG00000179632	NNC	298	B056357	3328	68.31	0.5604	0.2852	0.635	298
B056362	ENSG00000166025	NNC	298	B056362	1047	58.32	0.2718	0.0705	0.224	298
B056371	ENSG00000099622	FSM	297	B056371	23299	49.56	0.2323	0.0000	0.313	297
B056375	ENSG00000162959	FSM	297	B065879	8240	96.75	0.9899	0.9663	0.937	297
B056378	ENSG00000154642	FSM	297	B066826	525	54.01	0.2761	0.1448	0.284	297
B056382	ENSG00000100129	FSM	297	B056382	2822	79.92	0.8451	0.0370	0.746	297
B056386	ENSG00000146233	FSM	297	B069016	5657	91.45	0.9731	0.7576	0.892	297
B056388	ENSG00000106305	FSM	297	B060549	4451	78.02	0.7306	0.4175	0.657	297
B056395	ENSG00000147687	FSM	297	B060317	11782	96.95	0.9933	0.9764	0.927	297
B056396	ENSG00000151632	FSM	297	B059599	18663	93.65	0.9697	0.8182	0.921	297
B056405	ENSG00000130638	FSM	297	B063064	1951	86.95	0.8586	0.5892	0.834	297
B056408	ENSG00000171759	NIC	297	B056408	10853	73.63	0.6936	0.2761	0.642	297
B056409	ENSG00000132950	NIC	297	B057853	1919	53.51	0.1650	0.0875	0.243	297
B056422	ENSG00000178078	NIC	297	B063673	18576	57.65	0.3535	0.1515	0.279	297
B056424	ENSG00000117528	NIC	297	B065581	11265	86.24	0.9125	0.5488	0.746	297
B056428	ENSG00000088179	NIC	297	B070796	7583	82.95	0.7912	0.5354	0.79	297
B056434	ENSG00000100116	NIC	297	B056434	19144	77.53	0.7508	0.5084	0.733	297
B056437	ENSG00000114127	NIC	297	B056437	210	58.04	0.2761	0.2020	0.332	297
B056445	ENSG00000111897	NIC	297	B056445	5704	73.17	0.6431	0.2054	0.719	297
B056448	ENSG00000168090	NIC	297	B060309	3434	86.39	0.8754	0.6128	0.671	297
B056450	ENSG00000035681	NIC	297	B056450	4420	80.44	0.7340	0.5623	0.663	297
B056457	ENSG00000117305	NIC	297	B046959	16663	89.08	0.8956	0.7912	0.877	297
B056464	ENSG00000110911	NIC	297	B056464	10003	79.48	0.8687	0.0943	0.665	297
B056467	ENSG00000129250	NIC	297	B056467	21886	73.02	0.6498	0.2626	0.552	297
B056468	ENSG00000198909	NIC	297	B056468	13069	55.76	0.4040	0.0875	0.484	297
B056475	ENSG00000078070	NIC	297	B056475	19117	84.64	0.8586	0.7071	0.797	297
B056483	ENSG00000107779	NIC	297	B068171	6809	93.07	0.9697	0.8047	0.918	297
B056486	ENSG00000177054	NIC	297	B056486	6254	82.58	0.7744	0.6296	0.726	297
B056489	ENSG00000008405	NNC	297	B068456	7075	71.32	0.6734	0.1481	0.695	297
B056491	ENSG00000117480	NNC	297	B056491	3900	93.96	0.9798	0.8855	0.901	297
B056496	ENSG00000140093	NNC	297	B056496	12821	67.17	0.5657	0.1650	0.665	297
B056505	ENSG00000119547	NNC	297	B056505	3695	57.04	0.2525	0.1111	0.351	297
B056511	ENSG00000101310	NNC	297	B041619	3633	89.82	0.9327	0.7609	0.852	297
B056513	ENSG00000156261	NNC	297	B051076	10795	83.75	0.8923	0.3131	0.627	297
B056516	ENSG00000131375	NNC	297	B070801	2258	78.41	0.7576	0.4377	0.559	297
B056519	ENSG00000163660	NNC	297	B057027	4876	58.64	0.3064	0.2458	0.352	297
B056520	ENSG00000138760	NNC	297	B056520	6617	92.76	0.9899	0.8316	0.812	297
B056523	ENSG00000171729	NNC	297	B056523	647	51.36	0.1852	0.0000	0.241	297
B056525	ENSG00000113719	NNC	297	B056525	5977	85.56	0.8653	0.5589	0.724	297
B056528	ENSG00000111880	NNC	297	B056528	3711	88.08	0.8721	0.7071	0.744	297
B056532	ENSG00000257923	NNC	297	B056532	2763	86.33	0.8485	0.7138	0.459	297
B056542	ENSG00000188649	NNC	297	B056542	1009	63.94	0.4478	0.1650	0.351	297
B056545	ENSG00000089597	NNC	297	B056545	12033	90.32	0.9057	0.8788	0.857	297
B056552	ENSG00000183060	NNC	297	B062333	1247	48.37	0.1684	0.0875	0.216	297
B056561	ENSG00000116455	NNC	297	B056561	4473	87.01	0.8451	0.6936	0.843	297
B056562	ENSG00000198648	NNC	297	B057943	15524	75.24	0.6936	0.4040	0.614	297
B056566	ENSG00000160818	NNC	297	B059422	6687	63.09	0.4916	0.0606	0.277	297
B056577	ENSG00000120254	NNC	297	B056577	12323	93.61	0.9933	0.8047	0.876	297
B056581	ENSG00000133612	NNC	297	B056581	14622	76.30	0.7071	0.3569	0.576	297
B056584	ENSG00000104756	NNC	297	B063700	8355	88.32	0.8855	0.6330	0.713	297
B056593	ENSG00000174669	NNC	297	B056593	4040	71.38	0.5825	0.0741	0.586	297
B056596	ENSG00000167553	FSM	296	B056886	10788	90.91	0.9493	0.8074	0.867	296
B056597	ENSG00000123384	FSM	296	B057563	16990	79.81	0.7905	0.3682	0.571	296
B056599	ENSG00000100557	FSM	296	B067632	621	57.25	0.1858	0.0608	0.233	296
B056602	ENSG00000183060	FSM	296	B056602	5591	59.78	0.3378	0.0811	0.3	296
B056603	ENSG00000131652	FSM	296	B056603	6964	89.03	0.9324	0.7027	0.854	296
B056606	ENSG00000167536	FSM	296	B056606	10732	66.59	0.5034	0.2230	0.639	296
B056608	ENSG00000183048	FSM	296	B070676	9958	58.72	0.1318	0.0000	0.516	296
B056610	ENSG00000134490	FSM	296	B066584	811	93.38	0.9764	0.8345	0.906	296
B056614	ENSG00000168883	FSM	296	B066372	5948	87.04	0.9054	0.5777	0.837	296
B056616	ENSG00000101457	FSM	296	B058280	1161	64.33	0.4595	0.1959	0.436	296
B056620	ENSG00000160688	FSM	296	B057106	12573	87.19	0.8818	0.7230	0.797	296
B056621	ENSG00000144560	FSM	296	B059138	1280	53.10	0.1318	0.0541	0.201	296
B056622	ENSG00000172936	FSM	296	B060979	4177	79.40	0.8311	0.0980	0.502	296
B056624	ENSG00000117479	FSM	296	B056624	3561	80.96	0.7534	0.4459	0.704	296
B056626	ENSG00000164615	FSM	296	B065953	492	49.84	0.0946	0.0000	0.229	296
B056627	ENSG00000019582	FSM	296	B066551	8280	66.86	0.5034	0.2061	0.297	296
B056632	ENSG00000172354	FSM	296	B055408	13892	95.12	0.9865	0.9392	0.901	296
B056633	ENSG00000161057	FSM	296	B064479	19388	73.30	0.7095	0.0000	0.661	296
B056640	ENSG00000159069	FSM	296	B057275	6265	69.01	0.5574	0.3243	0.562	296
B056643	ENSG00000147274	FSM	296	B068062	18640	54.43	0.2432	0.0000	0.318	296
B056646	ENSG00000213593	FSM	296	B066231	8691	85.05	0.8345	0.6182	0.747	296
B056647	ENSG00000100836	FSM	296	B061406	15608	65.28	0.3514	0.2568	0.402	296
B056648	ENSG00000130159	FSM	296	B065480	1436	70.44	0.5980	0.3176	0.606	296
B056654	ENSG00000157168	FSM	296	B067943	9637	51.12	0.2061	0.0270	0.236	296
B056656	ENSG00000116885	NIC	296	B048200	1510	64.79	0.4899	0.0405	0.499	296
B056661	ENSG00000162086	NIC	296	B055052	20413	64.57	0.5372	0.2568	0.423	296
B056667	ENSG00000167658	NIC	296	B056667	12270	81.40	0.8412	0.3615	0.693	296
B056673	ENSG00000105499	NIC	296	B056673	709	65.35	0.5507	0.0000	0.601	296
B056675	ENSG00000080293	NIC	296	B065704	6792	68.67	0.5000	0.0338	0.684	296
B056678	ENSG00000101079	NIC	296	B068091	3626	73.50	0.6318	0.4122	0.699	296
B056681	ENSG00000090097	NIC	296	B056681	8228	58.67	0.3243	0.1993	0.344	296
B056682	ENSG00000169251	NIC	296	B050559	3616	86.95	0.8986	0.5845	0.792	296
B056686	ENSG00000181381	NIC	296	B061849	792	82.35	0.8682	0.2973	0.807	296
B056691	ENSG00000204256	NIC	296	B056691	18611	62.99	0.4020	0.2297	0.312	296
B056695	ENSG00000135269	NIC	296	B056695	5929	79.71	0.7669	0.4595	0.571	296
B056700	ENSG00000067082	NIC	296	B056700	10320	49.92	0.1385	0.0372	0.217	296
B056721	ENSG00000104960	NIC	296	B056721	1038	41.27	0.0709	0.0000	0.295	296
B056724	ENSG00000114166	NIC	296	B056724	3905	83.50	0.8446	0.4899	0.707	296
B056727	ENSG00000114126	NIC	296	B064518	4308	66.66	0.5270	0.3378	0.417	296
B056728	ENSG00000178950	NIC	296	B056728	5544	54.82	0.3514	0.0169	0.5	296
B056730	ENSG00000180104	NIC	296	B042004	1529	86.06	0.8547	0.5912	0.854	296
B056733	ENSG00000170260	NIC	296	B056104	15489	52.18	0.2770	0.0068	0.304	296
B056737	ENSG00000148399	NIC	296	B056737	2854	68.22	0.6014	0.2905	0.532	296
B056738	ENSG00000126767	NIC	296	B056738	403	48.03	0.0608	0.0000	0.216	296
B056739	ENSG00000165732	NIC	296	B056739	8994	46.46	0.1723	0.0000	0.275	296
B056761	ENSG00000134324	NNC	296	B056761	4895	57.57	0.2196	0.0743	0.352	296
B056766	ENSG00000127831	NNC	296	B067926	5438	76.21	0.7196	0.5236	0.7	296
B056781	ENSG00000132563	NNC	296	B056781	10219	56.43	0.3074	0.0000	0.343	296
B056800	ENSG00000148358	NNC	296	B066180	1852	69.32	0.5507	0.1791	0.622	296
B056807	ENSG00000166833	NNC	296	B065560	1949	66.78	0.5169	0.2061	0.395	296
B056818	ENSG00000125149	NNC	296	B056818	1702	83.93	0.8176	0.5338	0.747	296
B056819	ENSG00000072736	NNC	296	B059946	278	46.41	0.0709	0.0135	0.203	296
B056821	ENSG00000136492	NNC	296	B056821	7222	87.02	0.8919	0.5845	0.836	296
B056823	ENSG00000122435	NNC	296	B065698	2568	82.22	0.8311	0.4257	0.719	296
B056828	ENSG00000138375	NNC	296	B056828	2403	53.84	0.2568	0.1081	0.25	296
B056829	ENSG00000171456	NNC	296	B056829	1859	58.33	0.3851	0.0203	0.415	296
B056837	ENSG00000250151	NNC	296	B060094	7219	76.59	0.7399	0.3446	0.724	296
B056849	ENSG00000049541	NNC	296	B068049	10127	83.91	0.9054	0.3953	0.681	296
B056850	ENSG00000005469	NNC	296	B048108	6431	94.56	1.0000	0.8953	0.881	296
B056851	ENSG00000106246	NNC	296	B050214	1737	79.02	0.7466	0.5405	0.712	296
B056857	ENSG00000165629	NNC	296	B068446	11766	84.72	0.8682	0.5743	0.762	296
B056860	ENSG00000148290	NNC	296	B057274	8027	81.69	0.7736	0.5507	0.701	296
B056861	ENSG00000213390	NNC	296	B056861	7551	80.58	0.7534	0.6182	0.752	296
B056863	ENSG00000166135	NNC	296	B070579	7443	94.77	0.9797	0.8986	0.907	296
B056868	ENSG00000183317	FSM	295	B063625	2281	83.07	0.7898	0.5864	0.776	295
B056869	ENSG00000111142	FSM	295	B056869	7562	96.72	0.9864	0.9661	0.917	295
B056874	ENSG00000149922	FSM	295	B059883	4960	70.91	0.5797	0.5119	0.646	295
B056875	ENSG00000213599	FSM	295	B056875	11793	95.27	0.9831	0.9424	0.92	295
B056882	ENSG00000104823	FSM	295	B069995	13622	59.96	0.4644	0.2678	0.567	295
B056891	ENSG00000113328	FSM	295	B057548	2133	84.91	0.8305	0.6034	0.804	295
B056892	ENSG00000124713	FSM	295	B066166	4045	84.55	0.8000	0.6305	0.836	295
B056895	ENSG00000151465	FSM	295	B056895	3286	79.82	0.7492	0.4542	0.756	295
B056897	ENSG00000196968	FSM	295	B060803	9221	92.85	0.9797	0.8271	0.88	295
B056901	ENSG00000137522	FSM	295	B058498	11304	87.35	0.8915	0.6271	0.806	295
B056914	ENSG00000126214	NIC	295	B049093	7930	79.20	0.7051	0.5254	0.723	295
B056925	ENSG00000174326	NIC	295	B057377	6941	79.97	0.8203	0.3051	0.758	295
B056926	ENSG00000004142	NIC	295	B056926	1511	53.46	0.3085	0.1322	0.524	295
B056929	ENSG00000174842	NIC	295	B056929	1194	86.64	0.8508	0.5966	0.838	295
B056941	ENSG00000160294	NIC	295	B056941	633	81.07	0.7322	0.5119	0.359	295
B056942	ENSG00000100056	NIC	295	B056942	2597	71.36	0.6102	0.2136	0.502	295
B056947	ENSG00000151725	NIC	295	B044111	320	52.35	0.0542	0.0000	0.142	295
B056951	ENSG00000025039	NIC	295	B056951	4271	72.80	0.6610	0.2915	0.492	295
B056958	ENSG00000188343	NIC	295	B058861	1538	77.42	0.6847	0.4102	0.675	295
B056962	ENSG00000099834	NIC	295	B056962	409	50.57	0.1085	0.0678	0.235	295
B056967	ENSG00000006282	NIC	295	B056967	9630	89.60	0.9186	0.7288	0.895	295
B056969	ENSG00000129933	NIC	295	B056969	598	89.12	0.9017	0.8000	0.851	295
B056972	ENSG00000138381	NIC	295	B054822	5624	80.34	0.7729	0.6881	0.765	295
B056974	ENSG00000119004	NIC	295	B056974	3072	92.90	0.9932	0.8305	0.906	295
B056975	ENSG00000087586	NIC	295	B067662	9766	62.39	0.4678	0.2678	0.449	295
B056979	ENSG00000163378	NIC	295	B069841	1057	82.89	0.8407	0.6169	0.787	295
B056983	ENSG00000111912	NIC	295	B056983	12439	64.43	0.4034	0.2237	0.335	295
B056986	ENSG00000134014	NIC	295	B069019	7578	88.41	0.9220	0.7458	0.842	295
B056996	ENSG00000172379	NNC	295	B049671	2673	49.76	0.1559	0.1254	0.262	295
B057002	ENSG00000173826	NNC	295	B057002	15902	76.42	0.7254	0.2237	0.722	295
B057007	ENSG00000198356	NNC	295	B057007	15471	78.30	0.6881	0.5627	0.711	295
B057015	ENSG00000076003	NNC	295	B057015	9562	70.75	0.6237	0.1661	0.473	295
B057023	ENSG00000160190	NNC	295	B063684	3893	77.56	0.7220	0.4644	0.7	295
B057025	ENSG00000150995	NNC	295	B057025	1469	56.11	0.3119	0.0441	0.547	295
B057028	ENSG00000138641	NNC	295	B057028	18087	77.09	0.7220	0.6203	0.755	295
B057036	ENSG00000214022	NNC	295	B057036	15210	74.25	0.7593	0.1288	0.429	295
B057065	ENSG00000109576	NNC	295	B057065	9727	91.84	0.9390	0.8339	0.878	295
B057069	ENSG00000137285	NNC	295	B069413	12035	89.15	0.9119	0.7356	0.865	295
B057084	ENSG00000173153	NNC	295	B057084	6519	68.36	0.5661	0.3898	0.511	295
B057085	ENSG00000160094	NNC	295	B057085	809	44.48	0.0441	0.0000	0.17	295
B057086	ENSG00000111640	FSM	294	B058065	20784	87.20	0.8673	0.7619	0.844	294
B057087	ENSG00000139116	FSM	294	B057087	7143	90.59	0.9150	0.8095	0.872	294
B057090	ENSG00000100938	FSM	294	B054503	14458	93.61	0.9762	0.8367	0.899	294
B057095	ENSG00000184009	FSM	294	B049193	20776	96.50	1.0000	0.9762	0.905	294
B057096	ENSG00000101558	FSM	294	B069928	7367	70.59	0.5918	0.3469	0.469	294
B057100	ENSG00000171574	FSM	294	B057364	14768	65.47	0.5612	0.0170	0.405	294
B057103	ENSG00000115275	FSM	294	B055842	2822	78.47	0.7517	0.4082	0.682	294
B057104	ENSG00000100228	FSM	294	B057104	11831	80.27	0.7449	0.6020	0.752	294
B057109	ENSG00000174928	FSM	294	B057945	919	66.76	0.5204	0.0442	0.577	294
B057110	ENSG00000118849	FSM	294	B058185	1021	77.29	0.6735	0.4966	0.734	294
B057112	ENSG00000173085	FSM	294	B068072	12633	92.47	0.9456	0.7653	0.877	294
B057113	ENSG00000205765	FSM	294	B065391	628	84.73	0.8401	0.6224	0.845	294
B057114	ENSG00000172062	FSM	294	B065168	6458	61.00	0.3333	0.1905	0.29	294
B057121	ENSG00000146833	FSM	294	B062427	16096	86.36	0.8946	0.4796	0.488	294
B057123	ENSG00000186480	FSM	294	B064584	1534	58.41	0.3503	0.0000	0.521	294
B057126	ENSG00000044459	FSM	294	B052647	795	88.79	0.9014	0.6395	0.377	294
B057129	ENSG00000165637	FSM	294	B059766	3788	86.46	0.9490	0.5170	0.755	294
B057132	ENSG00000172977	FSM	294	B071475	6960	69.63	0.5306	0.4558	0.529	294
B057133	ENSG00000075089	FSM	294	B066611	6617	84.95	0.8810	0.5578	0.785	294
B057136	ENSG00000196118	FSM	294	B048772	1603	75.90	0.6973	0.5102	0.572	294
B057138	ENSG00000011523	FSM	294	B057138	271	47.70	0.0510	0.0000	0.2	294
B057142	ENSG00000134574	FSM	294	B057142	2734	75.41	0.7653	0.4388	0.696	294
B057143	ENSG00000054118	NIC	294	B057143	1032	52.42	0.2041	0.0510	0.21	294
B057145	ENSG00000178028	NIC	294	B058151	1697	73.01	0.6327	0.4150	0.372	294
B057150	ENSG00000179361	NIC	294	B057150	7269	59.15	0.3197	0.0918	0.362	294
B057164	ENSG00000275052	NIC	294	B057164	3825	87.21	0.8810	0.6395	0.723	294
B057167	ENSG00000196505	NIC	294	B047612	10090	73.66	0.6497	0.1224	0.434	294
B057171	ENSG00000088340	NIC	294	B047382	10503	65.43	0.5204	0.2993	0.583	294
B057176	ENSG00000011376	NIC	294	B057176	12240	91.47	0.9558	0.7857	0.856	294
B057183	ENSG00000113597	NIC	294	B057183	2332	86.30	0.9014	0.5204	0.755	294
B057185	ENSG00000145687	NIC	294	B068007	1601	46.99	0.0000	0.0000	0.109	294
B057194	ENSG00000102054	NIC	294	B065010	7826	93.67	0.9456	0.8912	0.89	294
B057200	ENSG00000177685	NIC	294	B057200	7648	74.61	0.7041	0.2483	0.357	294
B057204	ENSG00000156599	NIC	294	B057204	16830	68.60	0.5238	0.4422	0.555	294
B057206	ENSG00000174106	NIC	294	B065676	4277	81.13	0.8299	0.3095	0.551	294
B057208	ENSG00000170222	NIC	294	B061603	2430	80.42	0.7721	0.6905	0.78	294
B057214	ENSG00000115091	NIC	294	B057214	12831	89.69	0.9320	0.7143	0.833	294
B057224	ENSG00000135040	NIC	294	B057224	1972	85.31	0.8605	0.6190	0.736	294
B057226	ENSG00000111206	NNC	294	B057226	606	52.38	0.0272	0.0000	0.158	294
B057234	ENSG00000035664	NNC	294	B057234	17982	62.36	0.5272	0.1905	0.543	294
B057239	ENSG00000129636	NNC	294	B057239	1600	86.36	0.8605	0.5884	0.855	294
B057244	ENSG00000105429	NNC	294	B069597	11472	85.65	0.8776	0.5850	0.665	294
B057247	ENSG00000115839	NNC	294	B057247	2352	71.48	0.5884	0.2823	0.611	294
B057253	ENSG00000101052	NNC	294	B057253	1829	74.37	0.7347	0.0714	0.388	294
B057271	ENSG00000136828	NNC	294	B057271	4233	66.22	0.5918	0.2313	0.584	294
B057272	ENSG00000167110	NNC	294	B057272	1672	86.92	0.8639	0.6122	0.375	294
B057300	ENSG00000183506	NNC	294	B057300	1219	37.32	0.0034	0.0000	0.311	294
B057302	ENSG00000138231	NNC	294	B070948	12620	83.97	0.8163	0.7075	0.828	294
B057303	ENSG00000136527	NNC	294	B065844	19056	53.54	0.2653	0.0612	0.38	294
B057306	ENSG00000174780	NNC	294	B057306	1588	83.37	0.8469	0.5442	0.774	294
B057317	ENSG00000149115	NNC	294	B057317	203	53.12	0.1190	0.0034	0.197	294
B057320	ENSG00000139163	FSM	293	B042561	7759	94.62	0.9795	0.9147	0.925	293
B057323	ENSG00000157895	FSM	293	B068082	916	56.67	0.2662	0.0478	0.204	293
B057325	ENSG00000100445	FSM	293	B064389	10713	94.76	1.0000	0.8737	0.917	293
B057330	ENSG00000142875	FSM	293	B057331	21438	95.43	1.0000	0.9249	0.92	293
B057333	ENSG00000134321	FSM	293	B057333	2248	78.41	0.7816	0.4027	0.794	293
B057334	ENSG00000116127	FSM	293	B067027	491	57.39	0.2594	0.0717	0.221	293
B057337	ENSG00000130589	FSM	293	B057337	5612	57.75	0.3618	0.0580	0.479	293
B057340	ENSG00000163870	FSM	293	B057340	885	53.08	0.1263	0.0000	0.43	293
B057341	ENSG00000164024	FSM	293	B057341	17250	97.05	0.9932	0.9590	0.932	293
B057342	ENSG00000138794	FSM	293	B070070	7572	81.66	0.7577	0.6007	0.798	293
B057346	ENSG00000145979	FSM	293	B063277	1468	91.35	0.9078	0.8601	0.862	293
B057348	ENSG00000143633	FSM	293	B068620	888	65.85	0.4539	0.2355	0.333	293
B057351	ENSG00000117868	FSM	293	B070965	9466	71.80	0.5904	0.3754	0.56	293
B057354	ENSG00000104529	FSM	293	B065188	8341	69.36	0.5563	0.1843	0.334	293
B057355	ENSG00000185189	FSM	293	B066240	5443	65.17	0.5734	0.1297	0.344	293
B057357	ENSG00000107362	FSM	293	B068239	12346	91.08	0.8908	0.8123	0.879	293
B057366	ENSG00000165868	FSM	293	B057366	3519	88.68	0.9522	0.5700	0.727	293
B057373	ENSG00000140367	NIC	293	B053811	4597	82.89	0.8225	0.6041	0.601	293
B057379	ENSG00000176208	NIC	293	B057379	519	55.71	0.1775	0.0410	0.233	293
B057383	ENSG00000127452	NIC	293	B062202	601	82.70	0.7850	0.4710	0.818	293
B057389	ENSG00000123607	NIC	293	B057389	1611	90.56	0.9147	0.8532	0.858	293
B057392	ENSG00000185386	NIC	293	B057392	20717	78.12	0.7235	0.4676	0.766	293
B057398	ENSG00000047315	NIC	293	B057398	6603	78.43	0.7645	0.2969	0.672	293
B057400	ENSG00000164111	NIC	293	B052143	10796	94.02	0.9761	0.8771	0.904	293
B057403	ENSG00000145996	NIC	293	B062614	11626	85.87	0.8396	0.7065	0.722	293
B057408	ENSG00000205060	NIC	293	B071980	3342	80.32	0.8396	0.2082	0.714	293
B057416	ENSG00000158195	NIC	293	B057416	3500	61.78	0.3174	0.0512	0.188	293
B057420	ENSG00000084444	NIC	293	B057420	660	83.98	0.8567	0.5085	0.816	293
B057428	ENSG00000121060	NIC	293	B057428	4147	82.56	0.7952	0.6280	0.56	293
B057434	ENSG00000144339	NIC	293	B059569	9909	67.61	0.4778	0.2662	0.302	293
B057439	ENSG00000118007	NIC	293	B057439	3475	93.03	0.9625	0.8157	0.876	293
B057441	ENSG00000164221	NIC	293	B065225	1357	79.94	0.7782	0.3072	0.388	293
B057443	ENSG00000204580	NIC	293	B057443	11307	86.81	0.8464	0.6041	0.88	293
B057445	ENSG00000135537	NIC	293	B057445	8975	70.60	0.6382	0.3072	0.49	293
B057446	ENSG00000130023	NIC	293	B068559	1170	88.63	0.9113	0.7304	0.863	293
B057455	ENSG00000107854	NIC	293	B070366	8997	87.46	0.8362	0.7850	0.808	293
B057458	ENSG00000180773	NIC	293	B057458	5314	75.50	0.7782	0.0683	0.694	293
B057461	ENSG00000136143	NNC	293	B057461	18440	91.18	0.9863	0.7372	0.783	293
B057463	ENSG00000103148	NNC	293	B057463	1468	53.15	0.0580	0.0000	0.462	293
B057471	ENSG00000132589	NNC	293	B057471	6972	86.54	0.9317	0.4539	0.557	293
B057477	ENSG00000153107	NNC	293	B057477	1607	79.32	0.7952	0.2082	0.708	293
B057480	ENSG00000135900	NNC	293	B048583	1814	80.74	0.8294	0.3106	0.722	293
B057481	ENSG00000123485	NNC	293	B061617	236	51.03	0.0614	0.0410	0.208	293
B057485	ENSG00000184702	NNC	293	B057485	10660	73.46	0.6928	0.0034	0.586	293
B057486	ENSG00000133424	NNC	293	B057486	3549	87.04	0.9215	0.4573	0.765	293
B057498	ENSG00000164252	NNC	293	B057498	1381	68.41	0.4642	0.3686	0.31	293
B057502	ENSG00000111859	NNC	293	B057502	11727	54.22	0.2355	0.1468	0.31	293
B057504	ENSG00000234745	NNC	293	B057504	11576	81.31	0.7747	0.5870	0.666	293
B057506	ENSG00000066651	NNC	293	B064528	3090	70.91	0.5939	0.1809	0.731	293
B057517	ENSG00000180815	NNC	293	B057517	1592	58.68	0.3549	0.1468	0.276	293
B057537	ENSG00000196950	NNC	293	B057537	10560	58.26	0.3720	0.1024	0.44	293
B057556	ENSG00000107854	NNC	293	B057556	10178	95.26	0.9625	0.9283	0.887	293
B057561	ENSG00000010626	FSM	292	B057561	8502	88.92	0.8562	0.8356	0.828	292
B057564	ENSG00000058272	FSM	292	B052726	10397	88.51	0.8664	0.7534	0.747	292
B057566	ENSG00000121310	FSM	292	B072178	14828	91.72	0.9110	0.9075	0.873	292
B057568	ENSG00000137806	FSM	292	B065358	1993	66.73	0.5993	0.1507	0.569	292
B057570	ENSG00000166971	FSM	292	B059781	2982	76.74	0.6575	0.5959	0.65	292
B057573	ENSG00000070495	FSM	292	B057573	7524	81.13	0.7877	0.7055	0.745	292
B057581	ENSG00000115364	FSM	292	B057581	8526	81.52	0.7877	0.6370	0.706	292
B057585	ENSG00000144504	FSM	292	B067802	4646	52.46	0.2808	0.0411	0.32	292
B057587	ENSG00000132823	FSM	292	B067309	1550	52.81	0.2329	0.0205	0.199	292
B057588	ENSG00000170638	FSM	292	B057588	4304	72.65	0.6130	0.2740	0.687	292
B057589	ENSG00000071282	FSM	292	B057589	8683	83.54	0.7945	0.6712	0.792	292
B057590	ENSG00000163714	FSM	292	B057590	1643	58.70	0.2089	0.0171	0.203	292
B057593	ENSG00000113621	FSM	292	B057593	7483	67.03	0.5514	0.2534	0.56	292
B057596	ENSG00000186470	FSM	292	B059830	7392	89.34	0.9349	0.6986	0.65	292
B057601	ENSG00000164885	FSM	292	B068716	18458	84.96	0.8493	0.5959	0.86	292
B057603	ENSG00000214050	FSM	292	B060487	9331	64.92	0.4589	0.3425	0.464	292
B057607	ENSG00000107949	FSM	292	B057607	2602	71.45	0.5925	0.4418	0.651	292
B057610	ENSG00000153234	FSM	292	B057610	6253	47.22	0.0993	0.0377	0.238	292
B057617	ENSG00000100811	NIC	292	B057617	860	54.58	0.1610	0.0342	0.221	292
B057622	ENSG00000072210	NIC	292	B057622	20648	93.93	0.9795	0.8219	0.812	292
B057629	ENSG00000087074	NIC	292	B057629	269	49.69	0.0171	0.0000	0.163	292
B057631	ENSG00000151693	NIC	292	B057631	2161	91.31	0.9486	0.7534	0.781	292
B057636	ENSG00000076003	NIC	292	B057636	16765	73.08	0.7021	0.1541	0.588	292
B057641	ENSG00000093010	NIC	292	B057641	9539	70.97	0.6507	0.3459	0.656	292
B057655	ENSG00000025796	NIC	292	B060193	3154	62.94	0.3904	0.1370	0.422	292
B057663	ENSG00000083635	NIC	292	B057663	1655	53.77	0.1678	0.0822	0.285	292
B057664	ENSG00000126226	NIC	292	B057664	3646	94.47	0.9966	0.8938	0.88	292
B057667	ENSG00000103507	NIC	292	B047247	5662	86.17	0.8699	0.6610	0.797	292
B057673	ENSG00000160007	NIC	292	B043827	3362	62.23	0.3630	0.2055	0.454	292
B057674	ENSG00000162869	NIC	292	B057674	954	79.69	0.7432	0.5205	0.334	292
B057676	ENSG00000065413	NIC	292	B057676	8638	87.94	0.8836	0.7226	0.838	292
B057680	ENSG00000076242	NIC	292	B057680	2776	65.89	0.4863	0.4110	0.515	292
B057683	ENSG00000146083	NIC	292	B054839	17942	61.47	0.3356	0.2432	0.38	292
B057689	ENSG00000266412	NIC	292	B057689	770	53.66	0.1164	0.0000	0.253	292
B057691	ENSG00000130640	NIC	292	B057691	2758	70.41	0.6404	0.0034	0.636	292
B057694	ENSG00000134684	NIC	292	B057694	8139	87.53	0.9110	0.6233	0.856	292
B057708	ENSG00000128789	NNC	292	B057708	1444	76.05	0.7637	0.5171	0.751	292
B057718	ENSG00000160753	NNC	292	B057718	9897	72.30	0.6507	0.3870	0.66	292
B057725	ENSG00000143324	NNC	292	B057725	2514	74.67	0.6815	0.1815	0.616	292
B057728	ENSG00000197603	NNC	292	B057728	585	60.21	0.2671	0.1404	0.229	292
B057738	ENSG00000105819	NNC	292	B057738	13202	75.71	0.6610	0.4897	0.722	292
B057744	ENSG00000104427	NNC	292	B058393	4640	64.02	0.3904	0.1575	0.263	292
B057748	ENSG00000012779	NNC	292	B057748	7020	94.61	1.0000	0.9315	0.915	292
B057752	ENSG00000198546	NNC	292	B057752	4684	63.72	0.4589	0.3151	0.427	292
B057757	ENSG00000110330	NNC	292	B048212	22365	81.40	0.7842	0.5103	0.547	292
B057758	ENSG00000123384	NNC	292	B057758	8422	74.12	0.6370	0.3870	0.437	292
B057773	ENSG00000131848	NNC	292	B057773	16573	57.36	0.3836	0.1952	0.416	292
B057781	ENSG00000196878	NNC	292	B057781	869	84.42	0.9281	0.2808	0.401	292
B057784	ENSG00000196591	NNC	292	B058760	14341	74.99	0.6336	0.5274	0.617	292
B057793	ENSG00000130829	NNC	292	B057793	11657	66.18	0.4829	0.4521	0.574	292
B057798	ENSG00000127720	FSM	291	B068841	2993	73.36	0.6289	0.3574	0.614	291
B057799	ENSG00000185163	FSM	291	B057799	12571	82.57	0.8557	0.3471	0.762	291
B057803	ENSG00000166783	FSM	291	B057803	264	39.83	0.0000	0.0000	0.141	291
B057805	ENSG00000168807	FSM	291	B060368	1788	89.45	0.9244	0.7388	0.858	291
B057807	ENSG00000182327	FSM	291	B057807	1453	82.77	0.7835	0.5876	0.733	291
B057815	ENSG00000123600	FSM	291	B058470	5678	73.86	0.6426	0.4811	0.667	291
B057819	ENSG00000239282	FSM	291	B057819	3865	84.94	0.8385	0.6048	0.844	291
B057821	ENSG00000158793	FSM	291	B057821	12740	93.70	0.9553	0.8866	0.911	291
B057822	ENSG00000181458	FSM	291	B061713	1822	87.47	0.8351	0.7045	0.826	291
B057823	ENSG00000173950	FSM	291	B058059	1667	92.94	0.9656	0.8488	0.905	291
B057826	ENSG00000137274	FSM	291	B064913	4309	90.48	0.8763	0.8729	0.849	291
B057831	ENSG00000147364	FSM	291	B065792	2160	83.01	0.8454	0.5361	0.788	291
B057837	ENSG00000095209	FSM	291	B065395	1562	75.90	0.7285	0.3436	0.703	291
B057838	ENSG00000165406	FSM	291	B062074	11169	62.18	0.4708	0.0137	0.391	291
B057843	ENSG00000214530	FSM	291	B072983	2749	84.47	0.8179	0.6426	0.821	291
B057844	ENSG00000151503	FSM	291	B057844	1074	78.16	0.7354	0.5086	0.758	291
B057848	ENSG00000156650	FSM	291	B057848	2968	61.67	0.3265	0.1615	0.303	291
B057849	ENSG00000095574	FSM	291	B044839	8594	56.27	0.2784	0.0756	0.264	291
B057851	ENSG00000139437	NIC	291	B057851	1370	75.49	0.6770	0.1168	0.479	291
B057854	ENSG00000100888	NIC	291	B057854	2110	60.27	0.2784	0.1443	0.245	291
B057859	ENSG00000167978	NIC	291	B060995	3667	63.28	0.4502	0.1443	0.414	291
B057861	ENSG00000169682	NIC	291	B063296	3884	61.94	0.3024	0.0000	0.5	291
B057866	ENSG00000063176	NIC	291	B067024	9971	80.25	0.8007	0.5533	0.732	291
B057867	ENSG00000115486	NIC	291	B058381	916	76.52	0.7491	0.2337	0.601	291
B057872	ENSG00000185404	NIC	291	B057872	1221	64.83	0.3711	0.3162	0.456	291
B057882	ENSG00000132837	NIC	291	B057882	10429	91.06	0.9141	0.8041	0.88	291
B057886	ENSG00000106772	NIC	291	B044437	3333	68.19	0.5086	0.2440	0.524	291
B057889	ENSG00000148296	NIC	291	B067944	2174	78.06	0.7113	0.4433	0.444	291
B057908	ENSG00000071205	NIC	291	B057908	11521	71.96	0.6220	0.4674	0.437	291
B057911	ENSG00000112983	NIC	291	B061518	6906	60.80	0.2852	0.2165	0.372	291
B057916	ENSG00000291316	NIC	291	B071239	2402	65.22	0.5086	0.2268	0.475	291
B057918	ENSG00000111652	NNC	291	B057918	3378	81.68	0.7526	0.7045	0.674	291
B057921	ENSG00000130779	NNC	291	B057921	972	86.93	0.8179	0.6838	0.366	291
B057929	ENSG00000278311	NNC	291	B057929	707	53.82	0.1821	0.0378	0.223	291
B057945	ENSG00000174928	NNC	291	B057945	909	65.91	0.4983	0.0000	0.56	291
B057948	ENSG00000183323	NNC	291	B067407	726	70.88	0.5533	0.4021	0.397	291
B057949	ENSG00000053108	NNC	291	B063165	11273	67.05	0.5052	0.2268	0.424	291
B057951	ENSG00000161013	NNC	291	B071975	2978	81.76	0.8007	0.4158	0.528	291
B057956	ENSG00000134014	NNC	291	B057956	12851	76.81	0.7766	0.2921	0.714	291
B057959	ENSG00000104518	NNC	291	B057959	942	75.36	0.7354	0.2096	0.675	291
B057966	ENSG00000107404	NNC	291	B067950	10719	68.90	0.6014	0.0962	0.364	291
B057967	ENSG00000148702	NNC	291	B059450	13122	75.82	0.6701	0.5052	0.655	291
B057974	ENSG00000092470	NNC	291	B057974	1547	59.97	0.2955	0.1168	0.273	291
B057980	ENSG00000129226	NNC	291	B057980	1180	76.79	0.6529	0.5876	0.627	291
B057981	ENSG00000108852	NNC	291	B066909	10863	77.16	0.7320	0.6014	0.714	291
B057991	ENSG00000159259	NNC	291	B057991	12799	80.16	0.7148	0.5086	0.812	291
B057993	ENSG00000163933	NNC	291	B050811	3117	82.12	0.8282	0.4158	0.731	291
B057997	ENSG00000112902	NNC	291	B057997	21942	74.09	0.6220	0.4502	0.456	291
B057999	ENSG00000146013	NNC	291	B057999	1322	66.12	0.4880	0.1203	0.481	291
B058006	ENSG00000008056	NNC	291	B065555	10500	65.55	0.5017	0.4124	0.536	291
B058007	ENSG00000156671	NNC	291	B058007	5867	68.09	0.6014	0.1581	0.402	291
B058008	ENSG00000111325	FSM	290	B052941	3529	91.02	0.9414	0.7552	0.886	290
B058009	ENSG00000129515	FSM	290	B059288	1511	89.27	0.9345	0.6862	0.783	290
B058010	ENSG00000126777	FSM	290	B058010	1563	86.71	0.8655	0.6103	0.407	290
B058011	ENSG00000129244	FSM	290	B069237	4758	87.93	0.9586	0.5897	0.76	290
B058012	ENSG00000171475	FSM	290	B058012	1554	58.65	0.2276	0.0414	0.21	290
B058017	ENSG00000116035	FSM	290	B058017	18271	63.00	0.3931	0.2586	0.394	290
B058022	ENSG00000159079	FSM	290	B066207	2158	84.67	0.9207	0.3069	0.724	290
B058027	ENSG00000256043	FSM	290	B058027	12289	82.57	0.8000	0.6172	0.825	290
B058031	ENSG00000113719	FSM	290	B072968	6112	86.91	0.9069	0.5483	0.728	290
B058033	ENSG00000143502	FSM	290	B058033	2919	59.64	0.3759	0.1828	0.335	290
B058042	ENSG00000189376	FSM	290	B058042	714	75.70	0.6448	0.5172	0.71	290
B058045	ENSG00000107175	FSM	290	B049817	7726	60.60	0.3931	0.2103	0.357	290
B058046	ENSG00000136925	FSM	290	B058046	11873	87.12	0.8655	0.6897	0.829	290
B058047	ENSG00000087842	FSM	290	B065192	17447	95.48	0.9897	0.9414	0.913	290
B058048	ENSG00000102078	FSM	290	B058048	10049	73.93	0.7655	0.0000	0.703	290
B058055	ENSG00000249115	FSM	290	B058055	483	81.30	0.7966	0.4241	0.458	290
B058064	ENSG00000004478	NIC	290	B073565	13162	89.60	0.9000	0.8069	0.739	290
B058068	ENSG00000123384	NIC	290	B058068	11001	93.98	0.9724	0.8690	0.918	290
B058072	ENSG00000119703	NIC	290	B062863	539	59.15	0.2138	0.1310	0.27	290
B058077	ENSG00000141644	NIC	290	B058077	4679	61.71	0.3793	0.1483	0.282	290
B058080	ENSG00000126456	NIC	290	B058080	2151	42.39	0.0897	0.0000	0.266	290
B058081	ENSG00000171853	NIC	290	B058081	2191	91.94	0.9793	0.7414	0.841	290
B058084	ENSG00000115525	NIC	290	B072047	3730	89.23	0.9103	0.7241	0.892	290
B058087	ENSG00000183506	NIC	290	B072364	3884	76.15	0.7586	0.1897	0.733	290
B058090	ENSG00000136527	NIC	290	B065844	18735	54.17	0.2724	0.0793	0.383	290
B058092	ENSG00000184305	NIC	290	B058092	1562	49.62	0.0793	0.0000	0.175	290
B058099	ENSG00000015676	NIC	290	B058099	6074	78.51	0.7448	0.5034	0.581	290
B058101	ENSG00000105854	NIC	290	B063005	3014	90.38	0.9103	0.7690	0.847	290
B058104	ENSG00000179091	NIC	290	B067584	6579	69.36	0.6276	0.1759	0.55	290
B058115	ENSG00000030066	NIC	290	B058115	763	80.27	0.7207	0.4690	0.801	290
B058124	ENSG00000291073	NIC	290	B058124	443	73.21	0.6000	0.5000	0.643	290
B058129	ENSG00000184702	NIC	290	B045701	7642	63.32	0.4310	0.0103	0.606	290
B058137	ENSG00000004766	NIC	290	B046383	1642	87.41	0.8690	0.7759	0.829	290
B058141	ENSG00000005889	NIC	290	B058141	377	55.51	0.0862	0.0000	0.151	290
B058145	ENSG00000133315	NIC	290	B054856	20116	68.66	0.5931	0.4000	0.614	290
B058147	ENSG00000160094	NIC	290	B058147	5711	55.40	0.2690	0.0586	0.314	290
B058148	ENSG00000092847	NNC	290	B058148	5829	85.07	0.9241	0.4897	0.686	290
B058149	ENSG00000092850	NNC	290	B058149	2988	85.16	0.8345	0.6897	0.6	290
B058171	ENSG00000276293	NNC	290	B058171	6697	81.37	0.7655	0.5586	0.758	290
B058172	ENSG00000108423	NNC	290	B058172	5789	89.17	0.9414	0.6862	0.856	290
B058182	ENSG00000082146	NNC	290	B066151	5057	79.95	0.7483	0.5966	0.764	290
B058186	ENSG00000078070	NNC	290	B058186	19171	87.54	0.9172	0.6414	0.664	290
B058206	ENSG00000156650	NNC	290	B058206	16444	66.50	0.5000	0.2690	0.331	290
B058217	ENSG00000140543	NNC	290	B060618	956	65.58	0.5207	0.1724	0.604	290
B058223	ENSG00000187741	NNC	290	B058223	626	75.91	0.7138	0.2793	0.764	290
B058225	ENSG00000141027	NNC	290	B048334	1676	59.96	0.3207	0.1448	0.237	290
B058234	ENSG00000136731	NNC	290	B058234	6553	79.68	0.8517	0.1724	0.488	290
B058235	ENSG00000188452	NNC	290	B058235	1608	68.97	0.5897	0.3414	0.706	290
B058240	ENSG00000132823	NNC	290	B067309	1550	52.36	0.1828	0.0207	0.191	290
B058242	ENSG00000164091	NNC	290	B058242	6921	72.60	0.6448	0.4552	0.737	290
B058247	ENSG00000151883	NNC	290	B058247	787	69.64	0.5655	0.1138	0.397	290
B058250	ENSG00000143502	NNC	290	B058250	6286	78.78	0.7379	0.4793	0.538	290
B058260	ENSG00000171714	NNC	290	B058260	4300	72.18	0.5483	0.4276	0.659	290
B058266	ENSG00000100823	FSM	289	B062499	15771	84.11	0.8201	0.7163	0.8	289
B058271	ENSG00000185324	FSM	289	B058902	17227	83.58	0.8131	0.5606	0.828	289
B058274	ENSG00000132591	FSM	289	B058274	3096	74.12	0.7128	0.4429	0.646	289
B058283	ENSG00000163517	FSM	289	B058283	10580	92.62	0.9308	0.8754	0.89	289
B058286	ENSG00000151611	FSM	289	B065728	14961	59.74	0.4498	0.1903	0.605	289
B058288	ENSG00000123552	FSM	289	B058288	10054	69.25	0.6090	0.0900	0.474	289
B058291	ENSG00000105939	FSM	289	B058291	3379	72.67	0.6228	0.5121	0.643	289
B058295	ENSG00000155287	FSM	289	B064301	9251	67.86	0.4152	0.0000	0.594	289
B058298	ENSG00000151413	FSM	289	B058298	16917	90.07	0.8893	0.7509	0.869	289
B058299	ENSG00000165807	FSM	289	B061143	824	69.13	0.5156	0.0934	0.618	289
B058305	ENSG00000025708	FSM	289	B058305	12454	70.89	0.6263	0.4706	0.664	289
B058306	ENSG00000172667	FSM	289	B068953	2532	63.70	0.4360	0.1246	0.247	289
B058307	ENSG00000113838	FSM	289	B058307	626	82.69	0.8270	0.5363	0.81	289
B058308	ENSG00000071539	FSM	289	B058308	5205	81.42	0.7682	0.4118	0.807	289
B058320	ENSG00000103021	NIC	289	B058320	1945	88.82	0.9204	0.6574	0.372	289
B058321	ENSG00000072310	NIC	289	B058716	436	48.90	0.0934	0.0346	0.222	289
B058322	ENSG00000278311	NIC	289	B058322	588	62.24	0.3322	0.2526	0.247	289
B058323	ENSG00000167085	NIC	289	B058323	6824	73.86	0.6920	0.4048	0.583	289
B058329	ENSG00000054219	NIC	289	B058329	10930	82.82	0.7993	0.5294	0.517	289
B058331	ENSG00000101412	NIC	289	B058331	5704	66.14	0.5363	0.2076	0.401	289
B058348	ENSG00000124608	NIC	289	B067051	936	82.49	0.7958	0.6851	0.715	289
B058365	ENSG00000116478	NIC	289	B058760	14071	76.91	0.6713	0.5225	0.632	289
B058366	ENSG00000172725	NIC	289	B058366	11144	94.32	0.9654	0.9135	0.827	289
B058370	ENSG00000123066	NIC	289	B058370	964	62.67	0.4152	0.1765	0.502	289
B058373	ENSG00000140259	NIC	289	B061592	3630	74.06	0.6920	0.0830	0.372	289
B058374	ENSG00000103245	NIC	289	B058374	8361	80.49	0.7612	0.5225	0.76	289
B058377	ENSG00000083290	NIC	289	B061077	2384	76.05	0.6436	0.4775	0.661	289
B058383	ENSG00000101347	NIC	289	B069126	4504	91.63	0.9723	0.7474	0.833	289
B058410	ENSG00000125107	NNC	289	B058410	3231	76.31	0.6574	0.5433	0.688	289
B058411	ENSG00000083290	NNC	289	B061836	15521	80.30	0.7612	0.4740	0.809	289
B058412	ENSG00000167182	NNC	289	B060276	18212	57.89	0.3253	0.0381	0.28	289
B058417	ENSG00000130669	NNC	289	B071318	14817	92.26	0.9619	0.8097	0.907	289
B058420	ENSG00000100201	NNC	289	B058420	11505	51.13	0.2284	0.0000	0.291	289
B058427	ENSG00000087266	NNC	289	B058427	3837	68.21	0.4602	0.3529	0.535	289
B058428	ENSG00000163435	NNC	289	B048830	5616	59.54	0.4464	0.0554	0.378	289
B058454	ENSG00000151239	NNC	289	B068454	4542	76.87	0.7370	0.1592	0.499	289
B058456	ENSG00000075089	NNC	289	B058456	11902	85.94	0.8962	0.4740	0.794	289
B058458	ENSG00000187790	NNC	289	B058458	4486	85.41	0.8616	0.5813	0.697	289
B058460	ENSG00000166165	NNC	289	B058460	10617	93.69	0.9723	0.8824	0.892	289
B058464	ENSG00000068137	NNC	289	B058464	1796	80.05	0.7405	0.5363	0.757	289
B058474	ENSG00000099991	NNC	289	B058474	787	62.93	0.4533	0.1869	0.436	289
B058476	ENSG00000174738	NNC	289	B058476	5296	65.21	0.5156	0.3322	0.634	289
B058497	ENSG00000214753	NNC	289	B058497	2764	65.14	0.5640	0.1211	0.571	289
B058506	ENSG00000139364	FSM	288	B058506	1876	74.87	0.6632	0.3090	0.6	288
B058508	ENSG00000100519	FSM	288	B064479	18624	80.44	0.7986	0.2153	0.736	288
B058512	ENSG00000169189	FSM	288	B058512	1209	72.51	0.6458	0.4097	0.683	288
B058513	ENSG00000278311	FSM	288	B058513	998	85.01	0.8576	0.5625	0.75	288
B058514	ENSG00000068079	FSM	288	B065522	1943	80.11	0.8229	0.3646	0.572	288
B058515	ENSG00000183010	FSM	288	B051324	12402	86.09	0.8438	0.6285	0.758	288
B058521	ENSG00000183527	FSM	288	B061167	622	80.26	0.7882	0.3576	0.765	288
B058525	ENSG00000163382	FSM	288	B063797	8293	86.29	0.8090	0.7847	0.792	288
B058526	ENSG00000152332	FSM	288	B068221	12672	92.23	0.9757	0.7500	0.895	288
B058528	ENSG00000156475	FSM	288	B058709	5185	92.66	0.9722	0.8090	0.887	288
B058530	ENSG00000112365	FSM	288	B060072	15367	50.50	0.2743	0.0104	0.333	288
B058531	ENSG00000029363	FSM	288	B058531	707	46.34	0.0000	0.0000	0.114	288
B058533	ENSG00000054267	FSM	288	B058533	1039	49.99	0.0382	0.0000	0.192	288
B058539	ENSG00000119383	FSM	288	B055013	4292	94.94	0.9931	0.8889	0.924	288
B058544	ENSG00000129158	FSM	288	B058544	9104	91.71	0.9201	0.8576	0.88	288
B058545	ENSG00000162241	FSM	288	B069552	10784	67.11	0.3750	0.0000	0.614	288
B058549	ENSG00000123136	FSM	288	B058549	16502	78.81	0.6944	0.6181	0.738	288
B058550	ENSG00000143891	FSM	288	B046501	15858	96.83	1.0000	0.9826	0.931	288
B058553	ENSG00000015479	FSM	288	B058553	1456	56.72	0.3056	0.0000	0.233	288
B058557	ENSG00000137710	NIC	288	B050391	6917	89.99	0.8819	0.7847	0.835	288
B058558	ENSG00000149564	NIC	288	B069705	2995	81.76	0.7118	0.6250	0.667	288
B058562	ENSG00000157837	NIC	288	B073170	5790	68.87	0.5104	0.1250	0.638	288
B058563	ENSG00000130779	NIC	288	B058563	1806	83.70	0.7951	0.5625	0.4	288
B058567	ENSG00000171723	NIC	288	B048534	12681	53.72	0.2604	0.1632	0.323	288
B058573	ENSG00000167182	NIC	288	B060276	17960	56.56	0.3160	0.0069	0.271	288
B058575	ENSG00000065268	NIC	288	B064331	10144	67.94	0.5000	0.2778	0.532	288
B058579	ENSG00000196141	NIC	288	B058579	1321	75.88	0.6493	0.5590	0.449	288
B058597	ENSG00000204525	NIC	288	B058597	11010	71.16	0.6146	0.5312	0.654	288
B058599	ENSG00000112146	NIC	288	B058599	6650	84.91	0.8819	0.5139	0.811	288
B058601	ENSG00000111834	NIC	288	B068966	3360	79.95	0.7396	0.5417	0.776	288
B058603	ENSG00000029639	NIC	288	B058603	10317	85.24	0.8021	0.6597	0.819	288
B058607	ENSG00000175305	NIC	288	B058607	9582	88.20	0.8819	0.7500	0.856	288
B058608	ENSG00000176853	NIC	288	B045008	1586	85.16	0.8854	0.5243	0.776	288
B058610	ENSG00000173253	NIC	288	B058610	476	50.36	0.0903	0.0000	0.177	288
B058617	ENSG00000132274	NIC	288	B063187	14123	85.28	0.8368	0.5417	0.467	288
B058621	ENSG00000134575	NIC	288	B044860	11291	85.85	0.7917	0.6806	0.71	288
B058623	ENSG00000231887	NIC	288	B063968	405	49.79	0.0382	0.0000	0.21	288
B058629	ENSG00000108528	NIC	288	B065770	8954	52.67	0.1250	0.0000	0.451	288
B058645	ENSG00000148290	NIC	288	B071832	6119	75.54	0.6910	0.3819	0.625	288
B058647	ENSG00000213390	NIC	288	B058647	7251	64.32	0.4826	0.2014	0.402	288
B058649	ENSG00000137642	NNC	288	B058649	949	81.34	0.7361	0.5382	0.602	288
B058654	ENSG00000118922	NNC	288	B061828	618	50.62	0.0903	0.0000	0.189	288
B058659	ENSG00000140598	NNC	288	B058659	6802	74.92	0.6979	0.4271	0.673	288
B058669	ENSG00000137944	NNC	288	B058669	13510	94.41	0.9965	0.8403	0.916	288
B058689	ENSG00000178950	NNC	288	B068665	10709	58.40	0.2917	0.0000	0.348	288
B058696	ENSG00000204592	NNC	288	B068128	10420	79.65	0.6562	0.5556	0.643	288
B058699	ENSG00000227057	NNC	288	B058699	5534	88.56	0.9410	0.5764	0.713	288
B058703	ENSG00000067167	NNC	288	B058703	2071	82.49	0.8403	0.5104	0.774	288
B058708	ENSG00000119965	NNC	288	B065074	660	66.73	0.4688	0.2292	0.557	288
B058718	ENSG00000198265	NNC	288	B058718	380	46.83	0.0069	0.0000	0.136	288
B058725	ENSG00000169016	NNC	288	B069664	5202	66.36	0.5625	0.1875	0.401	288
B058730	ENSG00000101161	NNC	288	B058730	3306	86.42	0.9062	0.5382	0.559	288
B058743	ENSG00000176049	NNC	288	B058743	1045	84.47	0.8229	0.5799	0.361	288
B058762	ENSG00000139218	FSM	287	B070900	3006	59.94	0.2857	0.1777	0.346	287
B058768	ENSG00000178802	FSM	287	B072880	9226	92.30	0.9721	0.8188	0.839	287
B058773	ENSG00000291073	FSM	287	B058773	618	90.77	0.9164	0.7666	0.876	287
B058774	ENSG00000170836	FSM	287	B058774	1135	56.56	0.2369	0.1220	0.343	287
B058776	ENSG00000101751	FSM	287	B058776	410	55.67	0.1916	0.0453	0.218	287
B058777	ENSG00000181896	FSM	287	B058777	16906	58.75	0.3345	0.0000	0.346	287
B058790	ENSG00000196923	FSM	287	B058790	10365	62.48	0.3380	0.2718	0.35	287
B058793	ENSG00000104361	FSM	287	B062176	5150	76.37	0.7596	0.1986	0.703	287
B058797	ENSG00000107874	FSM	287	B058797	923	71.45	0.6307	0.1394	0.363	287
B058803	ENSG00000188130	FSM	287	B068817	21408	84.56	0.8606	0.5331	0.85	287
B058837	ENSG00000028116	NIC	287	B058837	4904	89.78	0.9024	0.8293	0.863	287
B058852	ENSG00000062194	NIC	287	B058852	834	55.52	0.1742	0.0279	0.229	287
B058858	ENSG00000197150	NIC	287	B053277	20213	87.31	0.8885	0.6794	0.828	287
B058860	ENSG00000104320	NIC	287	B050264	781	59.08	0.2683	0.0976	0.241	287
B058878	ENSG00000137944	NIC	287	B058878	10185	80.01	0.7875	0.4355	0.721	287
B058889	ENSG00000163754	NIC	287	B058889	8443	80.04	0.7666	0.4286	0.713	287
B058892	ENSG00000112685	NIC	287	B058892	828	85.41	0.8467	0.6132	0.804	287
B058898	ENSG00000172817	NIC	287	B058898	2079	85.33	0.9024	0.4704	0.748	287
B058899	ENSG00000160959	NIC	287	B058899	2876	89.30	0.9443	0.6690	0.887	287
B058911	ENSG00000121310	NNC	287	B058911	13275	66.11	0.6307	0.1672	0.672	287
B058913	ENSG00000085644	NNC	287	B059398	9938	59.76	0.3833	0.2334	0.405	287
B058914	ENSG00000162086	NNC	287	B055052	22997	64.36	0.5261	0.2509	0.427	287
B058923	ENSG00000046604	NNC	287	B058923	7871	82.73	0.7805	0.5819	0.683	287
B058925	ENSG00000178386	NNC	287	B058925	15044	49.64	0.1882	0.0000	0.389	287
B058926	ENSG00000161558	NNC	287	B058926	572	65.52	0.5157	0.0976	0.552	287
B058928	ENSG00000115526	NNC	287	B058929	3052	74.19	0.6829	0.3868	0.634	287
B058931	ENSG00000173692	NNC	287	B066270	3153	76.93	0.8537	0.0000	0.743	287
B058961	ENSG00000151465	NNC	287	B056895	3481	78.19	0.7143	0.4077	0.708	287
B058972	ENSG00000165916	NNC	287	B058972	22437	68.87	0.6969	0.0139	0.663	287
B058974	ENSG00000167257	NNC	287	B058974	331	59.87	0.2927	0.2404	0.336	287
B058991	ENSG00000100335	NNC	287	B058991	923	56.53	0.3519	0.0000	0.368	287
B058997	ENSG00000138794	NNC	287	B070070	6357	83.75	0.8049	0.6272	0.802	287
B058998	ENSG00000213676	NNC	287	B058998	1977	56.76	0.3345	0.1638	0.393	287
B059000	ENSG00000104738	NNC	287	B059000	1982	62.81	0.3449	0.2544	0.452	287
B059006	ENSG00000102119	NNC	287	B059006	1909	55.78	0.2439	0.1359	0.248	287
B059007	ENSG00000182484	NNC	287	B059666	1095	64.47	0.3902	0.0174	0.193	287
B059011	ENSG00000196954	FSM	286	B059011	3658	80.78	0.7622	0.5839	0.814	286
B059012	ENSG00000070269	FSM	286	B059012	8414	90.54	0.8706	0.8217	0.858	286
B059015	ENSG00000141013	FSM	286	B059015	2890	88.53	0.9406	0.5734	0.387	286
B059025	ENSG00000162882	FSM	286	B067832	6899	94.19	0.9825	0.8741	0.915	286
B059027	ENSG00000131781	FSM	286	B059329	14715	92.35	0.9720	0.7692	0.871	286
B059028	ENSG00000124177	FSM	286	B059028	3643	60.59	0.3042	0.1573	0.353	286
B059032	ENSG00000163605	FSM	286	B074409	2385	68.00	0.4371	0.3776	0.492	286
B059035	ENSG00000124783	FSM	286	B059918	2229	74.78	0.6364	0.4650	0.509	286
B059043	ENSG00000104524	FSM	286	B067260	11344	91.65	0.9231	0.8881	0.844	286
B059044	ENSG00000179632	FSM	286	B072418	3079	71.34	0.6049	0.3322	0.68	286
B059048	ENSG00000007372	FSM	286	B063188	18272	56.49	0.2203	0.1818	0.38	286
B059051	ENSG00000167986	FSM	286	B059051	1596	85.32	0.8741	0.6678	0.831	286
B059052	ENSG00000173120	FSM	286	B059052	3063	81.35	0.7727	0.6189	0.789	286
B059057	ENSG00000186625	FSM	286	B059057	19313	65.72	0.5524	0.1573	0.354	286
B059058	ENSG00000134697	NIC	286	B059058	1528	59.13	0.3147	0.0664	0.208	286
B059061	ENSG00000198520	NIC	286	B073914	1184	75.64	0.6434	0.3776	0.666	286
B059063	ENSG00000127863	NIC	286	B059063	5294	67.29	0.5175	0.3531	0.43	286
B059064	ENSG00000184302	NIC	286	B072623	10792	69.90	0.5944	0.3881	0.562	286
B059067	ENSG00000053254	NIC	286	B065248	19243	58.96	0.3077	0.2098	0.437	286
B059070	ENSG00000122257	NIC	286	B059070	6697	77.95	0.7657	0.2203	0.322	286
B059079	ENSG00000184009	NIC	286	B061287	18777	88.39	0.8846	0.7483	0.831	286
B059094	ENSG00000130589	NIC	286	B074063	10988	91.25	0.9545	0.7727	0.882	286
B059099	ENSG00000143319	NIC	286	B044425	6665	55.67	0.3357	0.1224	0.417	286
B059104	ENSG00000119231	NIC	286	B046335	10512	82.66	0.7937	0.7168	0.775	286
B059123	ENSG00000136813	NIC	286	B059123	678	81.95	0.7727	0.5490	0.831	286
B059125	ENSG00000186660	NIC	286	B059125	286	53.67	0.0839	0.0000	0.188	286
B059135	ENSG00000183018	NIC	286	B059135	2527	64.93	0.5455	0.0664	0.585	286
B059140	ENSG00000075945	NIC	286	B059140	1737	80.95	0.8077	0.3671	0.552	286
B059147	ENSG00000146433	NIC	286	B072670	1195	56.88	0.1538	0.0000	0.529	286
B059151	ENSG00000175137	NIC	286	B068136	2281	71.53	0.5559	0.3322	0.397	286
B059177	ENSG00000119041	NNC	286	B059177	1396	86.99	0.8497	0.7063	0.792	286
B059197	ENSG00000106331	NNC	286	B064680	8235	64.78	0.4930	0.1923	0.357	286
B059200	ENSG00000136783	NNC	286	B059200	3440	80.62	0.7483	0.7133	0.742	286
B059203	ENSG00000149485	NNC	286	B066804	15038	81.09	0.7622	0.6259	0.716	286
B059211	ENSG00000136146	NNC	286	B059211	979	67.88	0.5315	0.3566	0.401	286
B059218	ENSG00000142230	NNC	286	B064027	10756	84.71	0.8077	0.5979	0.816	286
B059219	ENSG00000130726	NNC	286	B071392	9769	61.76	0.4441	0.0000	0.483	286
B059220	ENSG00000115947	NNC	286	B059220	2118	81.38	0.8042	0.3217	0.613	286
B059226	ENSG00000112996	NNC	286	B059226	466	65.92	0.4615	0.1049	0.457	286
B059233	ENSG00000153317	NNC	286	B059233	5969	78.95	0.7552	0.5315	0.683	286
B059237	ENSG00000175220	NNC	286	B059237	10010	78.33	0.6923	0.6049	0.707	286
B059242	ENSG00000116885	FSM	285	B059242	1625	87.43	0.8842	0.8351	0.828	285
B059244	ENSG00000240771	FSM	285	B068152	3366	69.32	0.6035	0.3368	0.572	285
B059246	ENSG00000102524	FSM	285	B064018	1166	76.71	0.6526	0.5895	0.529	285
B059247	ENSG00000129518	FSM	285	B067543	2098	72.20	0.5860	0.2491	0.48	285
B059248	ENSG00000090060	FSM	285	B059248	5858	90.58	0.9088	0.8281	0.839	285
B059256	ENSG00000104976	FSM	285	B061890	559	63.09	0.4316	0.0526	0.305	285
B059257	ENSG00000117543	FSM	285	B059257	7055	90.96	0.9579	0.7754	0.861	285
B059262	ENSG00000186141	FSM	285	B059262	1206	81.29	0.7719	0.5614	0.74	285
B059263	ENSG00000215305	FSM	285	B059263	2464	93.26	0.9860	0.8491	0.809	285
B059266	ENSG00000100335	FSM	285	B071515	962	92.98	0.9789	0.8246	0.88	285
B059277	ENSG00000213722	FSM	285	B066104	2620	91.42	0.9333	0.8246	0.897	285
B059278	ENSG00000112357	FSM	285	B050509	9497	93.92	0.9719	0.8842	0.908	285
B059280	ENSG00000104221	FSM	285	B059280	729	78.85	0.7439	0.4912	0.637	285
B059283	ENSG00000106785	FSM	285	B059283	6251	83.37	0.8070	0.5614	0.653	285
B059291	ENSG00000104731	FSM	285	B059291	3762	73.28	0.6211	0.4351	0.653	285
B059295	ENSG00000213551	FSM	285	B071114	14836	79.70	0.8035	0.4491	0.558	285
B059296	ENSG00000111247	NIC	285	B059296	1033	56.43	0.1368	0.0386	0.221	285
B059299	ENSG00000166006	NIC	285	B074381	4512	62.93	0.3719	0.2807	0.465	285
B059319	ENSG00000125734	NIC	285	B069044	3270	63.80	0.4316	0.0421	0.57	285
B059339	ENSG00000086589	NIC	285	B059339	11035	71.11	0.5579	0.2105	0.471	285
B059355	ENSG00000169826	NIC	285	B068564	3001	92.63	0.9439	0.8526	0.878	285
B059364	ENSG00000161692	NIC	285	B059364	2852	66.59	0.5193	0.3404	0.276	285
B059366	ENSG00000105647	NIC	285	B069529	8606	67.02	0.5579	0.0070	0.423	285
B059369	ENSG00000101146	NIC	285	B059369	8634	94.98	0.9684	0.9193	0.916	285
B059373	ENSG00000163870	NIC	285	B059373	978	78.76	0.7579	0.3298	0.778	285
B059376	ENSG00000135587	NIC	285	B059376	2928	86.66	0.8456	0.6737	0.837	285
B059379	ENSG00000106462	NIC	285	B059379	13938	79.74	0.7404	0.5228	0.67	285
B059391	ENSG00000182957	NNC	285	B067631	4761	82.78	0.8316	0.6070	0.736	285
B059399	ENSG00000103365	NNC	285	B059399	2311	69.75	0.5719	0.3368	0.604	285
B059410	ENSG00000144182	NNC	285	B047254	4856	93.01	1.0000	0.7930	0.831	285
B059412	ENSG00000135929	NNC	285	B059412	12559	91.04	0.9509	0.7158	0.876	285
B059415	ENSG00000183785	NNC	285	B059415	10341	67.68	0.6596	0.0140	0.677	285
B059416	ENSG00000133460	NNC	285	B059416	9114	77.95	0.7684	0.1684	0.701	285
B059426	ENSG00000161202	NNC	285	B060449	4294	56.28	0.2070	0.1228	0.315	285
B059427	ENSG00000121897	NNC	285	B071221	13924	83.97	0.8140	0.7193	0.808	285
B059433	ENSG00000168394	NNC	285	B067322	16978	85.60	0.8772	0.5298	0.809	285
B059434	ENSG00000135317	NNC	285	B059434	1940	69.39	0.4842	0.0456	0.497	285
B059437	ENSG00000120278	NNC	285	B063170	6404	56.92	0.2772	0.0421	0.385	285
B059438	ENSG00000164850	NNC	285	B059438	4977	73.75	0.6105	0.1754	0.73	285
B059442	ENSG00000148296	NNC	285	B059442	867	67.23	0.5193	0.2561	0.302	285
B059453	ENSG00000162129	NNC	285	B059453	15038	65.96	0.5158	0.0070	0.405	285
B059461	ENSG00000115317	NNC	285	B059461	18793	83.07	0.8386	0.4772	0.684	285
B059462	ENSG00000144290	NNC	285	B059462	5242	64.34	0.4807	0.2737	0.541	285
B059470	ENSG00000164038	NNC	285	B066097	4477	83.57	0.9298	0.3263	0.722	285
B059474	ENSG00000146021	NNC	285	B059474	11092	96.89	0.9930	0.9579	0.93	285
B059475	ENSG00000112812	NNC	285	B059475	2699	92.32	0.9825	0.8246	0.877	285
B059487	ENSG00000110218	FSM	284	B059487	870	56.69	0.2077	0.0282	0.424	284
B059488	ENSG00000082805	FSM	284	B059488	1318	87.37	0.8803	0.5986	0.416	284
B059498	ENSG00000278023	FSM	284	B070376	1458	76.20	0.7113	0.5070	0.711	284
B059500	ENSG00000291117	FSM	284	B070845	1338	57.87	0.3662	0.1303	0.48	284
B059503	ENSG00000127452	FSM	284	B062202	498	82.87	0.8099	0.4930	0.829	284
B059510	ENSG00000184117	FSM	284	B067991	4691	81.60	0.7606	0.6725	0.75	284
B059512	ENSG00000130540	FSM	284	B067979	8505	86.47	0.8592	0.6901	0.865	284
B059518	ENSG00000038002	FSM	284	B053046	12002	91.79	0.9155	0.8310	0.882	284
B059520	ENSG00000125347	FSM	284	B059520	3413	64.26	0.3979	0.2746	0.437	284
B059524	ENSG00000242802	FSM	284	B059524	684	64.06	0.5211	0.1303	0.607	284
B059535	ENSG00000174165	FSM	284	B068307	7971	89.17	0.9014	0.7993	0.862	284
B059536	ENSG00000168488	FSM	284	B059536	2965	71.62	0.5704	0.2887	0.376	284
B059538	ENSG00000183763	FSM	284	B059538	11488	64.15	0.4789	0.2641	0.315	284
B059543	ENSG00000135473	NIC	284	B065021	3025	85.72	0.9155	0.5000	0.77	284
B059546	ENSG00000176894	NIC	284	B059546	4502	52.44	0.2254	0.0000	0.47	284
B059547	ENSG00000121741	NIC	284	B059547	564	53.52	0.1514	0.0000	0.152	284
B059555	ENSG00000141499	NIC	284	B059555	5275	74.68	0.6373	0.4718	0.712	284
B059561	ENSG00000105447	NIC	284	B068102	4399	82.92	0.8063	0.6092	0.776	284
B059565	ENSG00000179915	NIC	284	B059565	7158	79.44	0.7218	0.5423	0.641	284
B059568	ENSG00000144224	NIC	284	B059568	1119	70.78	0.5951	0.3099	0.291	284
B059572	ENSG00000143418	NIC	284	B067611	7645	88.42	0.9683	0.5986	0.785	284
B059575	ENSG00000183741	NIC	284	B059575	965	49.27	0.0563	0.0035	0.194	284
B059576	ENSG00000128408	NIC	284	B059576	2248	88.30	0.9683	0.4085	0.394	284
B059587	ENSG00000138767	NIC	284	B068812	4670	85.07	0.8169	0.6162	0.852	284
B059589	ENSG00000116406	NIC	284	B059589	9369	69.75	0.5493	0.4401	0.534	284
B059595	ENSG00000274523	NIC	284	B059595	1879	69.87	0.5915	0.2746	0.637	284
B059608	ENSG00000138134	NIC	284	B059608	4619	74.95	0.6972	0.3732	0.46	284
B059610	ENSG00000134802	NIC	284	B059610	2129	74.22	0.7359	0.2042	0.67	284
B059618	ENSG00000158805	NIC	284	B059618	10112	54.42	0.2500	0.0035	0.232	284
B059625	ENSG00000143258	NIC	284	B059625	8576	60.28	0.4613	0.3099	0.563	284
B059633	ENSG00000185842	NIC	284	B071826	342	56.40	0.3134	0.0739	0.328	284
B059649	ENSG00000196935	NNC	284	B067700	714	55.04	0.1232	0.0739	0.239	284
B059664	ENSG00000144031	NNC	284	B060628	311	66.27	0.4437	0.2570	0.471	284
B059684	ENSG00000117595	NNC	284	B059684	3128	58.83	0.3627	0.1303	0.431	284
B059714	ENSG00000130204	NNC	284	B059714	2807	68.50	0.6268	0.1831	0.58	284
B059717	ENSG00000138029	NNC	284	B067830	19491	89.02	0.9155	0.7113	0.816	284
B059723	ENSG00000015479	NNC	284	B051895	2380	62.58	0.2923	0.2113	0.311	284
B059731	ENSG00000065665	NNC	284	B073038	5749	54.67	0.0141	0.0000	0.45	284
B059737	ENSG00000116863	FSM	283	B066897	6708	95.61	0.9894	0.9717	0.935	283
B059746	ENSG00000261740	FSM	283	B059746	4748	60.79	0.4417	0.0000	0.514	283
B059749	ENSG00000182149	FSM	283	B050544	3708	66.10	0.4664	0.2615	0.406	283
B059752	ENSG00000153936	FSM	283	B074252	3035	90.22	0.9187	0.7350	0.741	283
B059757	ENSG00000079999	FSM	283	B059757	11797	82.86	0.7562	0.5795	0.752	283
B059764	ENSG00000197894	FSM	283	B059964	19739	94.32	0.9823	0.8763	0.871	283
B059768	ENSG00000112511	FSM	283	B059768	933	44.96	0.1095	0.0141	0.19	283
B059775	ENSG00000067082	FSM	283	B071065	17676	62.10	0.4311	0.1449	0.29	283
B059777	ENSG00000159884	FSM	283	B066737	483	55.61	0.2756	0.0283	0.203	283
B059782	ENSG00000108510	FSM	283	B063501	470	52.41	0.1590	0.0035	0.206	283
B059783	ENSG00000003393	FSM	283	B059783	6031	57.88	0.3746	0.2580	0.486	283
B059784	ENSG00000143337	FSM	283	B059784	1547	83.44	0.7809	0.6466	0.755	283
B059790	ENSG00000079387	NIC	283	B063088	2745	53.52	0.2580	0.0671	0.245	283
B059791	ENSG00000139318	NIC	283	B059791	10291	65.09	0.4912	0.0000	0.455	283
B059792	ENSG00000111271	NIC	283	B059792	16093	82.60	0.7951	0.6996	0.763	283
B059793	ENSG00000134874	NIC	283	B065962	833	80.85	0.7279	0.6184	0.331	283
B059794	ENSG00000102580	NIC	283	B059794	3502	89.16	0.8763	0.8304	0.781	283
B059797	ENSG00000092010	NIC	283	B069864	2652	72.05	0.5724	0.3286	0.616	283
B059807	ENSG00000038358	NIC	283	B073057	1867	88.12	0.9293	0.5618	0.471	283
B059810	ENSG00000183048	NIC	283	B070676	10847	68.61	0.5583	0.0000	0.638	283
B059815	ENSG00000153827	NIC	283	B059815	4493	88.17	0.9152	0.6678	0.812	283
B059819	ENSG00000132680	NIC	283	B067036	4558	67.42	0.3675	0.3322	0.417	283
B059824	ENSG00000186001	NIC	283	B047259	3913	64.45	0.3958	0.3286	0.306	283
B059826	ENSG00000164169	NIC	283	B059826	439	69.44	0.5830	0.2226	0.634	283
B059827	ENSG00000031003	NIC	283	B059827	6033	58.84	0.3852	0.0707	0.355	283
B059829	ENSG00000117597	NIC	283	B059829	3476	90.83	0.9187	0.7633	0.904	283
B059862	ENSG00000138231	NIC	283	B071148	1447	66.53	0.4912	0.2226	0.473	283
B059877	ENSG00000133961	NNC	283	B051747	624	48.77	0.1237	0.0035	0.242	283
B059878	ENSG00000100722	NNC	283	B059878	609	57.67	0.1908	0.0565	0.239	283
B059883	ENSG00000149922	NNC	283	B059883	4980	72.82	0.6219	0.5300	0.678	283
B059884	ENSG00000103460	NNC	283	B059884	1501	61.59	0.3958	0.0035	0.208	283
B059898	ENSG00000162959	NNC	283	B059898	5842	90.62	0.9081	0.8410	0.878	283
B059924	ENSG00000133619	NNC	283	B064009	256	46.02	0.0495	0.0000	0.186	283
B059928	ENSG00000157514	NNC	283	B059928	1873	58.98	0.3428	0.1166	0.446	283
B059934	ENSG00000262655	NNC	283	B070829	3625	74.40	0.6784	0.2686	0.55	283
B059943	ENSG00000166938	NNC	283	B059943	3320	75.16	0.6961	0.3816	0.608	283
B059948	ENSG00000275023	NNC	283	B059948	7820	45.44	0.0247	0.0000	0.117	283
B059950	ENSG00000268750	NNC	283	B059950	4953	37.15	0.0707	0.0000	0.26	283
B059968	ENSG00000146376	NNC	283	B059968	1375	68.79	0.5230	0.2721	0.533	283
B059971	ENSG00000136738	NNC	283	B059971	1329	56.01	0.2756	0.2120	0.348	283
B059980	ENSG00000126091	FSM	282	B063496	5152	92.31	0.9504	0.8156	0.908	282
B059986	ENSG00000214013	FSM	282	B066671	774	60.00	0.4504	0.2092	0.271	282
B059991	ENSG00000109113	FSM	282	B057104	11165	78.28	0.7199	0.5177	0.754	282
B059994	ENSG00000078043	FSM	282	B059994	7373	71.63	0.5000	0.4220	0.521	282
B060000	ENSG00000154743	FSM	282	B052767	1504	59.68	0.3901	0.1418	0.442	282
B060002	ENSG00000230124	FSM	282	B073886	14550	80.66	0.7376	0.5674	0.517	282
B060011	ENSG00000197448	FSM	282	B060011	3674	81.94	0.7518	0.6489	0.786	282
B060012	ENSG00000104442	FSM	282	B072274	750	77.13	0.6667	0.5390	0.459	282
B060014	ENSG00000130717	FSM	282	B078076	12834	75.23	0.7163	0.4326	0.708	282
B060015	ENSG00000198157	FSM	282	B060015	2162	52.49	0.0000	0.0000	0.111	282
B060017	ENSG00000019505	FSM	282	B060017	3350	82.52	0.8191	0.5000	0.513	282
B060018	ENSG00000165905	FSM	282	B060018	3828	92.80	0.9574	0.8440	0.902	282
B060020	ENSG00000172725	FSM	282	B065659	7661	87.46	0.8688	0.7624	0.832	282
B060021	ENSG00000175634	FSM	282	B060021	24066	73.52	0.6028	0.4574	0.592	282
B060024	ENSG00000072864	FSM	282	B060024	3105	78.85	0.6950	0.5603	0.406	282
B060031	ENSG00000128242	FSM	282	B060031	4367	92.05	0.9504	0.7766	0.862	282
B060036	ENSG00000110002	NIC	282	B060036	7603	83.38	0.8865	0.3759	0.594	282
B060038	ENSG00000121316	NIC	282	B060038	1140	71.35	0.6028	0.3404	0.705	282
B060051	ENSG00000129993	NIC	282	B060051	12318	72.62	0.5780	0.4823	0.374	282
B060052	ENSG00000188176	NIC	282	B060052	1439	62.84	0.3475	0.2766	0.34	282
B060055	ENSG00000162645	NIC	282	B066066	2593	91.67	0.9645	0.8546	0.747	282
B060061	ENSG00000203880	NIC	282	B072258	5335	83.65	0.7766	0.6915	0.804	282
B060063	ENSG00000116691	NIC	282	B063688	1088	58.21	0.3333	0.1489	0.253	282
B060069	ENSG00000213722	NIC	282	B060069	3164	67.78	0.6277	0.3085	0.69	282
B060070	ENSG00000204348	NIC	282	B060347	2376	84.15	0.8156	0.5745	0.805	282
B060074	ENSG00000075213	NIC	282	B060074	5566	73.85	0.7128	0.2695	0.757	282
B060078	ENSG00000134602	NIC	282	B060078	19676	73.24	0.6312	0.5426	0.708	282
B060084	ENSG00000140299	NIC	282	B063095	2874	62.84	0.4645	0.0142	0.431	282
B060085	ENSG00000169180	NIC	282	B060085	355	89.24	0.9078	0.7908	0.862	282
B060095	ENSG00000157014	NIC	282	B060095	6937	66.26	0.5496	0.5106	0.6	282
B060097	ENSG00000154358	NIC	282	B060097	517	48.96	0.1028	0.0000	0.224	282
B060126	ENSG00000130733	NNC	282	B062097	2935	66.85	0.4610	0.1099	0.543	282
B060152	ENSG00000013374	NNC	282	B060152	1262	81.35	0.8652	0.1596	0.514	282
B060161	ENSG00000185825	NNC	282	B061874	2196	69.23	0.5887	0.0496	0.427	282
B060163	ENSG00000155629	NNC	282	B060163	2238	79.25	0.7553	0.4610	0.583	282
B060164	ENSG00000198492	NNC	282	B060164	1029	47.05	0.0177	0.0000	0.139	282
B060170	ENSG00000119596	NNC	282	B060170	2600	79.72	0.6986	0.5532	0.666	282
B060204	ENSG00000138190	NNC	282	B060204	2289	85.67	0.8617	0.6170	0.576	282
B060213	ENSG00000075413	FSM	281	B074558	24413	92.59	0.9537	0.8790	0.894	281
B060218	ENSG00000065559	FSM	281	B060955	12925	84.08	0.7900	0.5196	0.869	281
B060223	ENSG00000160961	FSM	281	B060223	14027	43.97	0.1352	0.0036	0.286	281
B060224	ENSG00000169016	FSM	281	B069664	5215	69.66	0.5765	0.3132	0.398	281
B060225	ENSG00000084764	FSM	281	B063509	6076	78.06	0.6619	0.5694	0.533	281
B060226	ENSG00000127837	FSM	281	B067030	7268	92.26	0.9288	0.8968	0.882	281
B060235	ENSG00000127419	FSM	281	B067933	2104	73.17	0.7189	0.0534	0.694	281
B060238	ENSG00000117697	FSM	281	B071226	704	73.24	0.6263	0.4021	0.352	281
B060242	ENSG00000185803	FSM	281	B065189	2652	74.75	0.6370	0.3523	0.682	281
B060244	ENSG00000138835	FSM	281	B060244	10283	70.75	0.4698	0.4377	0.515	281
B060253	ENSG00000158195	FSM	281	B061878	2978	75.22	0.6762	0.4484	0.523	281
B060254	ENSG00000134684	FSM	281	B063281	15221	82.98	0.8327	0.5587	0.608	281
B060258	ENSG00000178498	NIC	281	B055124	13136	71.16	0.6050	0.3523	0.38	281
B060278	ENSG00000141452	NIC	281	B066067	1130	87.43	0.8968	0.6584	0.775	281
B060279	ENSG00000101751	NIC	281	B044849	8032	78.94	0.7722	0.3665	0.668	281
B060283	ENSG00000104805	NIC	281	B045148	5126	81.37	0.7972	0.6192	0.616	281
B060296	ENSG00000168818	NIC	281	B067248	2178	67.43	0.5516	0.1032	0.384	281
B060302	ENSG00000124570	NIC	281	B069875	11946	83.06	0.8577	0.6014	0.772	281
B060317	ENSG00000147687	NIC	281	B060317	11578	96.50	0.9964	0.9609	0.919	281
B060320	ENSG00000090054	NIC	281	B060320	9663	82.19	0.8470	0.3060	0.515	281
B060330	ENSG00000069943	NIC	281	B060330	5721	90.79	0.9466	0.7580	0.816	281
B060334	ENSG00000105726	NIC	281	B060334	3418	80.83	0.7829	0.4733	0.756	281
B060344	ENSG00000150753	NIC	281	B070956	11994	81.18	0.8683	0.2456	0.627	281
B060351	ENSG00000003989	NIC	281	B073029	10808	55.37	0.1566	0.0000	0.367	281
B060373	ENSG00000064961	NNC	281	B060373	5720	71.62	0.6228	0.2491	0.409	281
B060397	ENSG00000068308	NNC	281	B060397	1011	55.04	0.2705	0.0534	0.221	281
B060398	ENSG00000134602	NNC	281	B060398	15696	74.32	0.6512	0.4804	0.72	281
B060403	ENSG00000126705	NNC	281	B060403	337	44.97	0.0071	0.0000	0.126	281
B060404	ENSG00000110514	NNC	281	B060404	1930	52.73	0.1459	0.0285	0.236	281
B060412	ENSG00000132953	NNC	281	B060412	653	73.40	0.6441	0.4270	0.73	281
B060418	ENSG00000136381	NNC	281	B065250	13590	93.59	0.9751	0.8114	0.889	281
B060436	ENSG00000177000	NNC	281	B060436	2570	49.20	0.3559	0.1246	0.462	281
B060438	ENSG00000184307	NNC	281	B060438	8596	76.47	0.7402	0.4342	0.718	281
B060440	ENSG00000163069	NNC	281	B061904	487	70.16	0.6370	0.1174	0.459	281
B060442	ENSG00000109775	NNC	281	B060442	3144	86.05	0.8470	0.6441	0.797	281
B060444	ENSG00000113552	NNC	281	B067046	13791	88.23	0.8897	0.7616	0.839	281
B060445	ENSG00000204438	NNC	281	B060445	6377	76.02	0.7082	0.2527	0.416	281
B060453	ENSG00000148399	NNC	281	B060453	3375	90.52	0.9146	0.7794	0.874	281
B060458	ENSG00000154114	FSM	280	B074834	2635	90.38	0.9536	0.6643	0.697	280
B060464	ENSG00000139921	FSM	280	B066670	11304	77.43	0.6643	0.5714	0.61	280
B060471	ENSG00000188452	FSM	280	B072576	2765	85.10	0.8071	0.7107	0.83	280
B060474	ENSG00000132182	FSM	280	B060474	1627	86.74	0.8429	0.6643	0.774	280
B060483	ENSG00000164818	FSM	280	B060483	1456	90.29	0.9000	0.8357	0.87	280
B060489	ENSG00000162714	FSM	280	B060745	13287	52.42	0.2714	0.0000	0.227	280
B060499	ENSG00000110330	NIC	280	B048212	16500	84.09	0.8500	0.6214	0.47	280
B060501	ENSG00000139163	NIC	280	B060501	7538	88.67	0.9071	0.6964	0.846	280
B060502	ENSG00000013573	NIC	280	B060502	7197	87.36	0.8750	0.6786	0.851	280
B060506	ENSG00000081760	NIC	280	B074896	8348	91.82	0.9857	0.7714	0.707	280
B060516	ENSG00000117906	NIC	280	B060516	5252	67.56	0.5714	0.1786	0.55	280
B060519	ENSG00000169189	NIC	280	B064395	6070	83.12	0.8071	0.7000	0.774	280
B060524	ENSG00000125744	NIC	280	B061503	360	51.02	0.0643	0.0000	0.153	280
B060530	ENSG00000159259	NIC	280	B060530	18932	68.70	0.5714	0.3464	0.676	280
B060532	ENSG00000170876	NIC	280	B074645	2990	90.56	0.9357	0.7679	0.708	280
B060544	ENSG00000047188	NIC	280	B060544	18175	82.48	0.7857	0.5857	0.762	280
B060548	ENSG00000120438	NIC	280	B071283	11305	86.70	0.9286	0.5286	0.693	280
B060557	ENSG00000152779	NIC	280	B060557	11165	72.23	0.6071	0.2250	0.614	280
B060560	ENSG00000129083	NIC	280	B060560	2823	82.74	0.8250	0.5071	0.685	280
B060561	ENSG00000162144	NIC	280	B070585	4477	86.00	0.7964	0.7143	0.797	280
B060563	ENSG00000173153	NIC	280	B060563	3708	82.52	0.7536	0.6714	0.772	280
B060566	ENSG00000197345	NIC	280	B060664	7571	64.58	0.4750	0.2000	0.481	280
B060573	ENSG00000101574	NIC	280	B060573	7648	74.65	0.6714	0.3143	0.672	280
B060576	ENSG00000156875	NIC	280	B064610	4146	71.44	0.6857	0.0000	0.629	280
B060578	ENSG00000198522	NIC	280	B064771	4763	68.91	0.6250	0.0821	0.636	280
B060582	ENSG00000163161	NIC	280	B048499	7456	78.77	0.7107	0.5143	0.756	280
B060584	ENSG00000078747	NIC	280	B060584	14094	60.59	0.4357	0.0357	0.291	280
B060586	ENSG00000068745	NIC	280	B060586	5440	66.57	0.5571	0.2786	0.617	280
B060590	ENSG00000068796	NIC	280	B060590	12300	63.92	0.4179	0.2464	0.384	280
B060598	ENSG00000104613	NIC	280	B073030	705	87.98	0.8714	0.7964	0.807	280
B060605	ENSG00000189057	NIC	280	B060605	445	74.62	0.6393	0.4893	0.676	280
B060607	ENSG00000162341	NIC	280	B060607	3360	68.12	0.6000	0.1929	0.537	280
B060612	ENSG00000139921	NNC	280	B066670	11300	75.38	0.6607	0.5429	0.602	280
B060622	ENSG00000065559	NNC	280	B062145	11916	65.38	0.4893	0.2714	0.582	280
B060632	ENSG00000100228	NNC	280	B071400	13292	60.07	0.4000	0.0679	0.636	280
B060637	ENSG00000114626	NNC	280	B056436	3772	81.72	0.7464	0.5500	0.758	280
B060639	ENSG00000184305	NNC	280	B060639	1456	50.09	0.0714	0.0000	0.175	280
B060646	ENSG00000151240	NNC	280	B061646	1635	59.51	0.3179	0.1143	0.347	280
B060647	ENSG00000156831	NNC	280	B060647	9999	77.65	0.7179	0.4857	0.466	280
B060654	ENSG00000156345	NNC	280	B060654	12450	79.01	0.7250	0.4429	0.743	280
B060656	ENSG00000131831	NNC	280	B060890	888	48.24	0.0143	0.0000	0.134	280
B060676	ENSG00000160602	NNC	280	B060676	13070	94.00	0.9679	0.8750	0.898	280
B060695	ENSG00000243232	NNC	280	B060695	7069	56.40	0.3536	0.0893	0.473	280
B060696	ENSG00000038274	NNC	280	B051036	7794	86.47	0.8321	0.7000	0.846	280
B060705	ENSG00000149380	NNC	280	B066471	1993	67.03	0.5071	0.0714	0.628	280
B060706	ENSG00000120458	FSM	279	B049199	294	80.48	0.7742	0.5627	0.756	279
B060714	ENSG00000182185	FSM	279	B071178	5073	83.36	0.8530	0.5233	0.696	279
B060717	ENSG00000205629	FSM	279	B072131	6068	88.95	0.8817	0.8065	0.864	279
B060722	ENSG00000105698	FSM	279	B060722	8896	59.15	0.3405	0.2688	0.381	279
B060724	ENSG00000119760	FSM	279	B060724	704	65.03	0.4229	0.3978	0.448	279
B060725	ENSG00000171055	FSM	279	B060725	2000	74.78	0.6380	0.2975	0.489	279
B060728	ENSG00000163156	FSM	279	B075997	927	61.77	0.3620	0.0323	0.273	279
B060731	ENSG00000069849	FSM	279	B062953	4593	88.63	0.9462	0.6201	0.768	279
B060732	ENSG00000163754	FSM	279	B068492	6369	70.54	0.6022	0.4516	0.705	279
B060733	ENSG00000143156	FSM	279	B067930	11414	83.30	0.8387	0.4409	0.728	279
B060734	ENSG00000116191	FSM	279	B069012	8978	85.20	0.8136	0.7276	0.804	279
B060735	ENSG00000249242	FSM	279	B073780	1558	84.74	0.7742	0.6953	0.765	279
B060740	ENSG00000162769	FSM	279	B060740	3181	84.27	0.8280	0.6308	0.772	279
B060757	ENSG00000141543	FSM	279	B073131	16060	87.02	0.8925	0.5341	0.783	279
B060765	ENSG00000072121	NIC	279	B060765	855	79.58	0.8351	0.0789	0.698	279
B060770	ENSG00000197943	NIC	279	B060770	10624	81.18	0.7814	0.6559	0.683	279
B060773	ENSG00000168256	NIC	279	B060773	5249	55.54	0.3513	0.0860	0.524	279
B060774	ENSG00000099821	NIC	279	B060774	5226	79.05	0.7312	0.5161	0.691	279
B060784	ENSG00000100109	NIC	279	B071513	2777	88.74	0.9247	0.6595	0.771	279
B060786	ENSG00000158864	NIC	279	B068330	20688	85.18	0.9892	0.1111	0.78	279
B060787	ENSG00000129071	NIC	279	B060787	518	51.88	0.0143	0.0000	0.126	279
B060788	ENSG00000109736	NIC	279	B065053	2899	81.09	0.8065	0.3118	0.79	279
B060792	ENSG00000145725	NIC	279	B060792	3593	78.17	0.7168	0.5878	0.693	279
B060797	ENSG00000171316	NIC	279	B060797	2578	60.31	0.3477	0.0251	0.307	279
B060801	ENSG00000183878	NIC	279	B060801	2685	77.53	0.7348	0.3943	0.615	279
B060805	ENSG00000170959	NIC	279	B072980	1212	80.77	0.7778	0.4624	0.42	279
B060809	ENSG00000111305	NIC	279	B049826	1552	52.42	0.2043	0.0000	0.305	279
B060811	ENSG00000061936	NIC	279	B060811	5957	66.54	0.4803	0.2222	0.289	279
B060813	ENSG00000157470	NIC	279	B064700	785	85.37	0.8136	0.6918	0.437	279
B060818	ENSG00000133243	NIC	279	B060818	9692	77.75	0.7348	0.4516	0.66	279
B060824	ENSG00000143228	NIC	279	B060824	492	89.01	0.8817	0.7133	0.361	279
B060826	ENSG00000117479	NIC	279	B061375	3326	66.82	0.5305	0.0466	0.596	279
B060827	ENSG00000164163	NIC	279	B074969	8412	80.43	0.8351	0.2545	0.74	279
B060830	ENSG00000105339	NIC	279	B060830	623	72.58	0.6989	0.1685	0.438	279
B060831	ENSG00000182307	NIC	279	B060831	1012	61.65	0.3154	0.1577	0.436	279
B060841	ENSG00000157077	NNC	279	B058309	2020	83.76	0.8638	0.4337	0.624	279
B060859	ENSG00000084764	NNC	279	B063509	6248	78.39	0.6774	0.5699	0.525	279
B060874	ENSG00000152061	NNC	279	B064453	1697	83.28	0.7742	0.5663	0.395	279
B060877	ENSG00000151726	NNC	279	B060877	15209	87.75	0.9677	0.4946	0.653	279
B060878	ENSG00000134987	NNC	279	B060878	3099	78.72	0.7885	0.1935	0.626	279
B060888	ENSG00000154529	NNC	279	B060888	1882	79.53	0.7276	0.5663	0.652	279
B060914	ENSG00000171103	NNC	279	B074519	10248	78.64	0.7133	0.5914	0.749	279
B060919	ENSG00000130706	NNC	279	B067663	3628	61.57	0.3548	0.0215	0.31	279
B060921	ENSG00000100129	NNC	279	B060921	2441	71.39	0.6559	0.0789	0.63	279
B060923	ENSG00000158793	NNC	279	B060923	9906	72.97	0.6523	0.4910	0.71	279
B060926	ENSG00000109805	NNC	279	B060926	2638	90.37	0.9032	0.7563	0.878	279
B060933	ENSG00000026652	NNC	279	B060933	3126	90.44	0.9283	0.8244	0.856	279
B060934	ENSG00000154358	NNC	279	B060934	4783	68.18	0.6022	0.0072	0.378	279
B060942	ENSG00000178498	FSM	278	B055124	13141	71.05	0.6151	0.3489	0.382	278
B060945	ENSG00000133104	FSM	278	B060945	1888	69.98	0.5324	0.2734	0.384	278
B060950	ENSG00000197535	FSM	278	B075005	2943	89.29	0.9101	0.6942	0.851	278
B060953	ENSG00000090447	FSM	278	B060953	4086	71.17	0.5072	0.2662	0.265	278
B060964	ENSG00000137161	FSM	278	B062906	1739	67.70	0.5468	0.1403	0.546	278
B060966	ENSG00000056972	FSM	278	B046882	475	54.59	0.2266	0.0000	0.19	278
B060969	ENSG00000169692	FSM	278	B065554	8624	89.50	0.9317	0.7698	0.84	278
B060970	ENSG00000122852	FSM	278	B069811	10711	75.28	0.5971	0.4424	0.543	278
B060971	ENSG00000198060	FSM	278	B072786	8402	86.00	0.8381	0.5971	0.673	278
B060974	ENSG00000117748	FSM	278	B072226	3364	77.17	0.6727	0.5647	0.505	278
B060983	ENSG00000166012	FSM	278	B067474	526	60.36	0.3129	0.0899	0.314	278
B060985	ENSG00000134294	NIC	278	B060761	4646	80.16	0.8237	0.3201	0.724	278
B060992	ENSG00000260916	NIC	278	B067546	513	53.89	0.1295	0.0144	0.193	278
B060994	ENSG00000140575	NIC	278	B072996	2706	84.94	0.9029	0.4892	0.552	278
B061002	ENSG00000101546	NIC	278	B046008	1893	66.14	0.4856	0.2626	0.468	278
B061004	ENSG00000142039	NIC	278	B060911	2048	82.43	0.8201	0.4065	0.678	278
B061007	ENSG00000124839	NIC	278	B061007	17520	39.75	0.1475	0.0000	0.395	278
B061009	ENSG00000025293	NIC	278	B061009	4892	56.96	0.3237	0.2014	0.353	278
B061011	ENSG00000100095	NIC	278	B061011	10552	78.71	0.7806	0.3777	0.681	278
B061017	ENSG00000263528	NIC	278	B061017	240	85.84	0.8561	0.6295	0.621	278
B061022	ENSG00000198874	NIC	278	B048559	2816	64.75	0.4388	0.1763	0.424	278
B061030	ENSG00000107581	NIC	278	B061030	2612	83.50	0.8022	0.5683	0.349	278
B061040	ENSG00000142945	NIC	278	B061040	21612	75.53	0.7086	0.2374	0.484	278
B061043	ENSG00000132604	NIC	278	B051645	8473	60.67	0.3633	0.1691	0.292	278
B061049	ENSG00000171466	NIC	278	B061049	13330	60.56	0.4388	0.2770	0.478	278
B061055	ENSG00000057935	NIC	278	B061055	3642	81.72	0.8165	0.3597	0.618	278
B061056	ENSG00000115419	NIC	278	B061056	13757	76.65	0.7626	0.2194	0.475	278
B061061	ENSG00000204386	NIC	278	B069897	2352	84.92	0.8237	0.7266	0.823	278
B061064	ENSG00000104219	NIC	278	B061064	12283	74.27	0.7158	0.3957	0.654	278
B061067	ENSG00000095777	NIC	278	B061067	19901	79.24	0.7842	0.3237	0.601	278
B061072	ENSG00000008128	NIC	278	B070134	331	61.90	0.2914	0.0432	0.243	278
B061075	ENSG00000134627	NNC	278	B072555	9702	87.28	0.8417	0.6079	0.874	278
B061078	ENSG00000005812	NNC	278	B061078	5811	62.48	0.5576	0.0000	0.561	278
B061079	ENSG00000070269	NNC	278	B070839	4967	94.01	0.9856	0.8993	0.875	278
B061083	ENSG00000104177	NNC	278	B061083	12731	63.13	0.3993	0.1619	0.406	278
B061086	ENSG00000006007	NNC	278	B067383	5632	86.38	0.8777	0.6763	0.853	278
B061092	ENSG00000166579	NNC	278	B072703	3195	80.40	0.7194	0.5827	0.403	278
B061108	ENSG00000124228	NNC	278	B062950	2087	72.01	0.5360	0.1511	0.289	278
B061113	ENSG00000163382	NNC	278	B061113	6219	68.31	0.5755	0.3957	0.667	278
B061118	ENSG00000162889	NNC	278	B061118	14866	81.13	0.7518	0.5683	0.823	278
B061119	ENSG00000112981	NNC	278	B061853	10609	66.35	0.4784	0.3669	0.567	278
B061134	ENSG00000165732	NNC	278	B061134	18273	55.66	0.3309	0.2410	0.396	278
B061137	ENSG00000107902	NNC	278	B069374	10785	84.63	0.8273	0.6727	0.832	278
B061148	ENSG00000166734	NNC	278	B062331	1242	75.23	0.6331	0.4892	0.364	278
B061164	ENSG00000088930	NNC	278	B046912	7495	84.96	0.8885	0.4856	0.725	278
B061169	ENSG00000196236	NNC	278	B061169	7266	79.63	0.7626	0.4317	0.731	278
B061175	ENSG00000029639	NNC	278	B061175	10148	77.10	0.7122	0.3813	0.771	278
B061180	ENSG00000164975	NNC	278	B061180	2112	75.79	0.6547	0.2302	0.576	278
B061185	ENSG00000165868	NNC	278	B061185	4781	76.87	0.7266	0.2842	0.646	278
B061188	ENSG00000174684	NNC	278	B061188	2246	74.15	0.6475	0.3165	0.662	278
B061195	ENSG00000126106	FSM	277	B069432	1582	87.69	0.8700	0.7112	0.872	277
B061205	ENSG00000125656	FSM	277	B061205	20881	83.03	0.7437	0.6679	0.722	277
B061206	ENSG00000064545	FSM	277	B061206	1567	73.60	0.6787	0.0289	0.62	277
B061216	ENSG00000183783	FSM	277	B068711	1680	58.11	0.3466	0.1300	0.364	277
B061218	ENSG00000164305	FSM	277	B068121	8844	79.59	0.7509	0.5812	0.792	277
B061219	ENSG00000133731	FSM	277	B073032	9764	94.62	0.9711	0.8989	0.924	277
B061228	ENSG00000189057	FSM	277	B060605	437	74.80	0.6426	0.4910	0.685	277
B061230	ENSG00000149761	FSM	277	B068985	1571	86.64	0.8664	0.7220	0.836	277
B061231	ENSG00000123066	FSM	277	B066190	1406	68.55	0.5054	0.3430	0.614	277
B061236	ENSG00000164975	FSM	277	B045871	2484	76.83	0.7148	0.3321	0.608	277
B061243	ENSG00000110931	NIC	277	B072948	15944	80.56	0.7401	0.5632	0.716	277
B061254	ENSG00000108799	NIC	277	B061254	1557	69.89	0.5451	0.1155	0.476	277
B061275	ENSG00000150961	NIC	277	B067362	5273	67.00	0.4910	0.3538	0.468	277
B061286	ENSG00000025156	NIC	277	B074663	13140	72.27	0.5740	0.4440	0.432	277
B061305	ENSG00000107679	NIC	277	B048253	7504	78.23	0.7365	0.5415	0.516	277
B061307	ENSG00000205213	NIC	277	B074100	9800	90.77	0.8989	0.8484	0.848	277
B061310	ENSG00000136161	NIC	277	B051067	7908	84.98	0.8664	0.7292	0.656	277
B061311	ENSG00000092208	NIC	277	B073744	1397	72.16	0.6282	0.0542	0.613	277
B061312	ENSG00000132849	NIC	277	B061312	12431	65.40	0.4874	0.3069	0.438	277
B061317	ENSG00000144535	NIC	277	B061317	4291	57.31	0.2599	0.1516	0.343	277
B061323	ENSG00000080819	NIC	277	B061323	12267	68.31	0.5054	0.4116	0.558	277
B061324	ENSG00000197712	NIC	277	B061324	1259	48.03	0.0830	0.0000	0.209	277
B061333	ENSG00000006459	NIC	277	B061333	4253	95.92	0.9964	0.9495	0.916	277
B061337	ENSG00000269313	NIC	277	B065116	11215	60.26	0.3177	0.2780	0.39	277
B061342	ENSG00000122958	NIC	277	B061342	3306	86.91	0.8881	0.6859	0.791	277
B061346	ENSG00000165905	NIC	277	B060018	3751	93.19	0.9639	0.8520	0.901	277
B061347	ENSG00000197798	NNC	277	B061347	762	75.91	0.6823	0.3141	0.7	277
B061350	ENSG00000081760	NNC	277	B061350	10783	85.88	0.8700	0.7148	0.803	277
B061367	ENSG00000184117	NNC	277	B061367	2475	63.77	0.5379	0.3213	0.604	277
B061376	ENSG00000090530	NNC	277	B061376	7307	90.03	0.9061	0.7726	0.868	277
B061400	ENSG00000174106	NNC	277	B061400	2190	53.56	0.1552	0.0866	0.262	277
B061409	ENSG00000100764	NNC	277	B064479	19796	77.94	0.8087	0.0325	0.723	277
B061411	ENSG00000103067	NNC	277	B061411	6081	73.27	0.6282	0.3791	0.624	277
B061416	ENSG00000006740	NNC	277	B061416	372	50.15	0.0722	0.0000	0.134	277
B061425	ENSG00000100997	NNC	277	B062949	7493	70.45	0.6137	0.3394	0.72	277
B061427	ENSG00000183741	NNC	277	B073938	12289	59.66	0.2563	0.1408	0.323	277
B061439	ENSG00000169093	NNC	277	B061439	8509	92.46	0.9892	0.7798	0.896	277
B061453	ENSG00000204673	FSM	276	B068380	645	64.13	0.3841	0.1413	0.314	276
B061454	ENSG00000115446	FSM	276	B067393	2780	75.75	0.7101	0.2391	0.73	276
B061463	ENSG00000080822	FSM	276	B061463	639	82.76	0.7971	0.4493	0.77	276
B061488	ENSG00000137504	FSM	276	B066703	1418	61.80	0.4130	0.1341	0.353	276
B061491	ENSG00000168904	NIC	276	B069235	10504	83.90	0.8225	0.7319	0.802	276
B061498	ENSG00000159842	NIC	276	B061498	11811	77.99	0.6848	0.5471	0.675	276
B061508	ENSG00000189362	NIC	276	B061508	2082	78.02	0.7319	0.0870	0.48	276
B061512	ENSG00000184470	NIC	276	B061512	13002	95.04	0.9891	0.9384	0.888	276
B061527	ENSG00000162813	NIC	276	B057073	4929	94.89	0.9891	0.8841	0.926	276
B061532	ENSG00000047249	NIC	276	B061532	3135	88.63	0.9130	0.7283	0.722	276
B061534	ENSG00000014164	NIC	276	B061534	615	49.53	0.0072	0.0000	0.131	276
B061538	ENSG00000136750	NIC	276	B061538	12739	95.32	1.0000	0.8804	0.884	276
B061550	ENSG00000047578	NIC	276	B061550	877	60.32	0.2428	0.0942	0.276	276
B061555	ENSG00000176890	NIC	276	B061555	14707	87.17	0.8297	0.6957	0.833	276
B061556	ENSG00000167315	NIC	276	B046550	20472	95.55	1.0000	0.9348	0.911	276
B061561	ENSG00000068654	NIC	276	B072255	8826	77.73	0.7790	0.4601	0.622	276
B061566	ENSG00000090530	NIC	276	B061566	2356	65.06	0.5725	0.2246	0.497	276
B061576	ENSG00000182378	NIC	276	B069694	3434	79.66	0.7464	0.4891	0.786	276
B061582	ENSG00000013573	NNC	276	B061582	7891	66.97	0.5797	0.0870	0.57	276
B061601	ENSG00000140995	NNC	276	B061601	3292	81.47	0.7645	0.7355	0.722	276
B061604	ENSG00000160606	NNC	276	B061604	1562	68.40	0.5833	0.0435	0.616	276
B061623	ENSG00000182973	NNC	276	B061847	15085	74.38	0.6775	0.3261	0.654	276
B061627	ENSG00000143190	NNC	276	B061627	849	47.10	0.0362	0.0000	0.201	276
B061635	ENSG00000145736	NNC	276	B061635	4439	83.93	0.8442	0.4928	0.666	276
B061638	ENSG00000031003	NNC	276	B069070	2297	73.48	0.6268	0.3587	0.371	276
B061649	ENSG00000165591	NNC	276	B061649	12934	88.39	0.9167	0.5942	0.799	276
B061658	ENSG00000137842	NNC	276	B061658	3081	79.88	0.7464	0.3043	0.471	276
B061680	ENSG00000124615	NNC	276	B061680	18998	83.89	0.8043	0.6594	0.758	276
B061684	ENSG00000106692	NNC	276	B061684	528	74.60	0.6594	0.4891	0.742	276
B061686	ENSG00000134575	NNC	276	B061686	9620	86.03	0.8587	0.5870	0.682	276
B061688	ENSG00000197798	FSM	275	B061688	1181	70.34	0.5673	0.1236	0.654	275
B061691	ENSG00000111652	FSM	275	B072200	3363	84.02	0.7964	0.7345	0.694	275
B061695	ENSG00000167612	FSM	275	B060503	1243	64.44	0.5455	0.0618	0.432	275
B061699	ENSG00000258986	FSM	275	B073107	922	81.31	0.7345	0.4327	0.699	275
B061701	ENSG00000102978	FSM	275	B072245	7911	87.25	0.9091	0.6000	0.772	275
B061705	ENSG00000186812	FSM	275	B064661	8120	55.35	0.3236	0.2073	0.42	275
B061707	ENSG00000104960	FSM	275	B074920	1253	79.62	0.7964	0.2727	0.583	275
B061716	ENSG00000120254	FSM	275	B061716	5685	73.05	0.6727	0.4255	0.666	275
B061721	ENSG00000107371	FSM	275	B073947	3046	75.41	0.8036	0.1600	0.677	275
B061726	ENSG00000066697	FSM	275	B061726	1300	68.63	0.5236	0.3891	0.351	275
B061728	ENSG00000167112	FSM	275	B074879	3158	83.83	0.8400	0.6255	0.742	275
B061739	ENSG00000112146	FSM	275	B061739	7051	66.75	0.5164	0.0800	0.422	275
B061754	ENSG00000198720	NIC	275	B066997	2698	69.05	0.5964	0.1709	0.38	275
B061762	ENSG00000116455	NIC	275	B061762	6963	89.51	0.8945	0.7491	0.859	275
B061765	ENSG00000144445	NIC	275	B071505	1866	57.61	0.2764	0.0691	0.279	275
B061768	ENSG00000159079	NIC	275	B066207	2080	79.85	0.8109	0.3782	0.701	275
B061770	ENSG00000100038	NIC	275	B075937	7297	82.67	0.8182	0.5236	0.555	275
B061772	ENSG00000182973	NIC	275	B069941	1130	77.44	0.6800	0.5527	0.704	275
B061778	ENSG00000163435	NIC	275	B075841	5820	65.67	0.4364	0.2400	0.411	275
B061779	ENSG00000050748	NIC	275	B063429	18673	81.03	0.8073	0.4545	0.766	275
B061786	ENSG00000104756	NIC	275	B063700	9020	91.49	0.9455	0.7673	0.74	275
B061787	ENSG00000162852	NIC	275	B061787	620	55.50	0.1273	0.0545	0.209	275
B061798	ENSG00000110756	NIC	275	B061798	668	83.60	0.8545	0.4255	0.611	275
B061800	ENSG00000136153	NIC	275	B061800	7550	61.19	0.3745	0.2327	0.403	275
B061802	ENSG00000005187	NIC	275	B061802	15215	89.35	0.9527	0.5927	0.789	275
B061812	ENSG00000153975	NIC	275	B061812	7724	63.07	0.5709	0.0509	0.332	275
B061814	ENSG00000044459	NIC	275	B063603	717	90.95	0.9527	0.7164	0.546	275
B061822	ENSG00000168000	NIC	275	B074832	1434	61.97	0.4509	0.1382	0.431	275
B061824	ENSG00000111647	NNC	275	B061824	1048	74.93	0.6836	0.4327	0.561	275
B061843	ENSG00000128654	NNC	275	B068802	2188	87.84	0.8691	0.8145	0.834	275
B061860	ENSG00000143801	NNC	275	B061860	3104	67.24	0.6000	0.0109	0.527	275
B061880	ENSG00000175104	NNC	275	B071935	22837	70.75	0.5782	0.5018	0.542	275
B061883	ENSG00000151503	NNC	275	B061883	1232	59.38	0.3382	0.1345	0.251	275
B061899	ENSG00000100109	NNC	275	B061899	10873	61.67	0.3855	0.0000	0.262	275
B061914	ENSG00000152465	NNC	275	B061914	4143	84.56	0.8727	0.5636	0.818	275
B061919	ENSG00000170581	FSM	274	B048422	2750	64.02	0.4635	0.2956	0.462	274
B061927	ENSG00000048471	FSM	274	B061927	2329	72.47	0.5766	0.5109	0.619	274
B061929	ENSG00000141002	FSM	274	B061929	1446	59.39	0.4453	0.0803	0.471	274
B061937	ENSG00000158411	FSM	274	B076978	3173	84.35	0.8394	0.6350	0.643	274
B061938	ENSG00000174827	FSM	274	B061938	11116	80.26	0.7956	0.4599	0.496	274
B061944	ENSG00000176095	FSM	274	B061944	5828	66.95	0.5657	0.2737	0.6	274
B061947	ENSG00000144741	FSM	274	B065995	10835	79.90	0.8613	0.0511	0.748	274
B061948	ENSG00000109680	FSM	274	B061948	640	69.00	0.5839	0.1934	0.438	274
B061949	ENSG00000049860	FSM	274	B061949	11967	80.78	0.7847	0.5182	0.7	274
B061959	ENSG00000263001	FSM	274	B061959	1885	74.96	0.5876	0.4964	0.395	274
B061960	ENSG00000168255	FSM	274	B069805	1355	77.78	0.6533	0.5547	0.602	274
B061965	ENSG00000158828	FSM	274	B070891	1975	87.82	0.8905	0.6569	0.872	274
B061966	ENSG00000117308	FSM	274	B069696	16947	94.54	0.9745	0.8869	0.9	274
B061974	ENSG00000180998	FSM	274	B066192	1001	44.37	0.0000	0.0000	0.263	274
B061975	ENSG00000012963	FSM	274	B063868	7787	71.40	0.6350	0.4307	0.52	274
B061979	ENSG00000240038	FSM	274	B061979	7024	94.85	0.9745	0.9088	0.893	274
B061989	ENSG00000291307	NIC	274	B061989	2737	81.20	0.7993	0.5000	0.721	274
B061990	ENSG00000103264	NIC	274	B061990	2073	79.64	0.7226	0.6022	0.731	274
B061994	ENSG00000198265	NIC	274	B061994	3857	75.36	0.6642	0.2664	0.593	274
B061998	ENSG00000213337	NIC	274	B061998	7660	70.78	0.5620	0.2810	0.467	274
B061999	ENSG00000116874	NIC	274	B061999	12474	82.94	0.8577	0.5547	0.711	274
B062006	ENSG00000143344	NIC	274	B049231	5759	66.96	0.5547	0.3431	0.35	274
B062016	ENSG00000162819	NIC	274	B064369	890	91.50	0.9708	0.7372	0.883	274
B062018	ENSG00000105963	NIC	274	B067581	6649	90.26	0.9416	0.6861	0.849	274
B062019	ENSG00000132434	NIC	274	B072972	3717	86.80	0.8285	0.7445	0.846	274
B062029	ENSG00000151151	NIC	274	B069809	2909	70.76	0.5693	0.5511	0.632	274
B062037	ENSG00000214530	NIC	274	B062037	11559	68.83	0.5657	0.2774	0.704	274
B062045	ENSG00000072864	NIC	274	B064876	2978	71.18	0.5365	0.4818	0.361	274
B062053	ENSG00000135929	NIC	274	B062053	7611	78.37	0.7701	0.5730	0.695	274
B062057	ENSG00000164077	NIC	274	B062057	2998	86.16	0.9818	0.2664	0.798	274
B062058	ENSG00000159733	NIC	274	B062058	9148	47.42	0.0876	0.0000	0.231	274
B062059	ENSG00000173085	NIC	274	B062059	13545	76.09	0.7153	0.4891	0.688	274
B062062	ENSG00000170085	NIC	274	B065171	762	78.02	0.7591	0.4197	0.729	274
B062076	ENSG00000182934	NNC	274	B068188	2117	61.31	0.3759	0.0255	0.445	274
B062115	ENSG00000138757	NNC	274	B062115	10000	62.74	0.3832	0.2336	0.346	274
B062127	ENSG00000147130	NNC	274	B062127	81	49.04	0.0255	0.0000	0.141	274
B062150	ENSG00000169683	NNC	274	B074209	510	85.89	0.8066	0.7263	0.403	274
B062192	ENSG00000123191	FSM	273	B062192	19649	69.82	0.6886	0.0220	0.377	273
B062196	ENSG00000005339	FSM	273	B062196	1148	49.11	0.0659	0.0183	0.166	273
B062208	ENSG00000126261	FSM	273	B065152	1495	66.13	0.4652	0.2894	0.458	273
B062224	ENSG00000136936	FSM	273	B065287	3289	76.02	0.6923	0.3590	0.481	273
B062225	ENSG00000136877	FSM	273	B062225	15968	75.88	0.6886	0.5238	0.746	273
B062227	ENSG00000119929	FSM	273	B069484	15591	89.56	0.8828	0.7619	0.851	273
B062245	ENSG00000108423	NIC	273	B062245	7620	86.73	0.8571	0.6740	0.859	273
B062250	ENSG00000099326	NIC	273	B062250	7482	59.53	0.3187	0.2381	0.427	273
B062254	ENSG00000115392	NIC	273	B074057	7889	88.68	0.9121	0.7289	0.828	273
B062259	ENSG00000184381	NIC	273	B075940	2949	88.29	0.8645	0.6813	0.837	273
B062263	ENSG00000163689	NIC	273	B062263	810	56.02	0.1245	0.0513	0.227	273
B062275	ENSG00000106331	NIC	273	B064680	13592	72.44	0.6154	0.3553	0.414	273
B062281	ENSG00000106692	NIC	273	B062281	4961	90.66	0.9597	0.7253	0.828	273
B062286	ENSG00000148516	NIC	273	B062805	17960	54.08	0.3223	0.0183	0.24	273
B062288	ENSG00000176986	NIC	273	B063613	3741	61.67	0.3480	0.2527	0.385	273
B062294	ENSG00000028203	NIC	273	B062294	521	61.53	0.3480	0.0549	0.239	273
B062311	ENSG00000087206	NIC	273	B062311	1199	61.83	0.2821	0.1795	0.247	273
B062321	ENSG00000196954	NNC	273	B049197	5807	83.02	0.8205	0.6996	0.789	273
B062324	ENSG00000127337	NNC	273	B062324	5491	82.98	0.7656	0.5531	0.664	273
B062337	ENSG00000006042	NNC	273	B062337	537	49.87	0.0879	0.0000	0.297	273
B062338	ENSG00000068079	NNC	273	B065522	1861	70.11	0.6264	0.1941	0.428	273
B062351	ENSG00000198951	NNC	273	B062351	18296	68.15	0.5714	0.3736	0.669	273
B062354	ENSG00000113595	NNC	273	B062354	17525	69.50	0.5934	0.4725	0.63	273
B062371	ENSG00000198157	NNC	273	B060015	1469	52.90	0.0073	0.0000	0.12	273
B062375	ENSG00000122882	NNC	273	B064474	2048	67.69	0.5751	0.0110	0.425	273
B062376	ENSG00000117305	NNC	273	B062376	16467	85.55	0.8168	0.7436	0.802	273
B062380	ENSG00000137656	NNC	273	B062380	3696	75.00	0.6777	0.3370	0.434	273
B062381	ENSG00000095139	NNC	273	B062381	3242	77.10	0.6703	0.5201	0.583	273
B062384	ENSG00000150990	NNC	273	B062384	4892	94.07	0.9853	0.8755	0.819	273
B062402	ENSG00000119778	NNC	273	B062402	1497	50.19	0.0586	0.0000	0.233	273
B062404	ENSG00000254806	NNC	273	B068549	2030	51.68	0.1648	0.0000	0.303	273
B062406	ENSG00000143443	NNC	273	B062406	1951	50.57	0.1245	0.0000	0.288	273
B062410	ENSG00000183762	NNC	273	B062410	7992	81.26	0.7546	0.6850	0.733	273
B062411	ENSG00000184792	NNC	273	B062411	9655	62.19	0.4176	0.1575	0.415	273
B062418	ENSG00000138780	NNC	273	B062418	967	65.18	0.5275	0.1282	0.639	273
B062444	ENSG00000133111	FSM	272	B072503	552	61.74	0.3162	0.1985	0.263	272
B062446	ENSG00000100532	FSM	272	B075388	9383	81.23	0.7978	0.5809	0.697	272
B062447	ENSG00000032219	FSM	272	B054685	2107	73.41	0.5956	0.3309	0.443	272
B062454	ENSG00000167085	FSM	272	B062454	7939	87.73	0.9301	0.5882	0.619	272
B062455	ENSG00000177150	FSM	272	B071089	2570	61.30	0.4449	0.0993	0.426	272
B062459	ENSG00000115461	FSM	272	B062459	9213	74.18	0.6324	0.3199	0.553	272
B062465	ENSG00000082701	FSM	272	B066279	16939	88.84	0.9044	0.7390	0.851	272
B062471	ENSG00000146109	FSM	272	B067732	4149	76.17	0.6360	0.4081	0.554	272
B062475	ENSG00000148481	FSM	272	B062475	3652	91.82	0.9743	0.7537	0.855	272
B062481	ENSG00000129824	FSM	272	B074830	6175	89.73	0.9449	0.7243	0.815	272
B062489	ENSG00000243660	FSM	272	B070278	10456	41.10	0.1875	0.0000	0.352	272
B062501	ENSG00000151575	NIC	272	B062501	31962	67.69	0.5991	0.0495	0.615	1090
B062502	ENSG00000128915	NIC	272	B075673	8415	71.36	0.7031	0.1452	0.612	1088
B062507	ENSG00000185324	NIC	272	B062507	2223	88.01	0.9278	0.6623	0.807	1081
B062516	ENSG00000142530	NIC	272	B077302	17774	87.32	0.9498	0.5070	0.798	1075
B062534	ENSG00000123552	NIC	272	B077031	4765	63.07	0.5056	0.3883	0.626	1074
B062540	ENSG00000105856	NIC	272	B062540	28508	77.30	0.7449	0.3734	0.585	1074
B062546	ENSG00000095574	NIC	272	B066661	17635	76.19	0.7753	0.2397	0.611	1068
B062548	ENSG00000149476	NIC	272	B070135	3179	78.77	0.7594	0.5602	0.79	1064
B062549	ENSG00000168014	NIC	272	B072946	15130	53.76	0.3703	0.2594	0.507	1064
B062561	ENSG00000100226	NIC	272	B062561	4080	68.04	0.6808	0.0019	0.499	1062
B062563	ENSG00000153767	NIC	272	B062563	6007	60.31	0.4706	0.2590	0.374	1054
B062565	ENSG00000121210	NIC	272	B072529	12839	83.19	0.8532	0.4722	0.621	1042
B062569	ENSG00000105983	NIC	272	B062569	7290	73.44	0.6583	0.5691	0.722	1042
B062577	ENSG00000126106	NNC	272	B069432	3453	82.54	0.8720	0.3301	0.792	1039
B062583	ENSG00000090470	NNC	272	B062583	7196	55.05	0.3699	0.2601	0.484	1038
B062585	ENSG00000103227	NNC	272	B062585	10496	57.49	0.4109	0.0930	0.442	1032
B062625	ENSG00000185420	NNC	272	B071458	304	39.98	0.0592	0.0301	0.327	1030
B062639	ENSG00000142949	NNC	272	B063193	16488	54.23	0.3745	0.1637	0.433	1020
B062641	ENSG00000162378	NNC	272	B064422	8065	61.77	0.4562	0.3038	0.596	1017
B062642	ENSG00000187097	NNC	272	B065864	586	81.95	0.8289	0.3314	0.699	1017
B062647	ENSG00000094804	NNC	272	B062647	1655	67.84	0.6493	0.1241	0.434	1015
B062654	ENSG00000004838	NNC	272	B062654	2300	76.52	0.7751	0.3432	0.381	1014
B062666	ENSG00000090054	NNC	272	B062666	19798	81.81	0.8865	0.1846	0.683	1013
B062672	ENSG00000119969	NNC	272	B075664	1353	79.13	0.7680	0.5913	0.767	1013
B062675	ENSG00000187778	FSM	271	B062675	8893	43.86	0.1315	0.0667	0.324	1004
B062685	ENSG00000141699	FSM	271	B070674	1214	59.79	0.3210	0.0000	0.188	271
B062686	ENSG00000159111	FSM	271	B076344	12987	77.17	0.7491	0.3432	0.531	271
B062688	ENSG00000215421	FSM	271	B075807	18744	68.04	0.5129	0.0000	0.353	271
B062690	ENSG00000130734	FSM	271	B062690	3887	70.51	0.5867	0.4022	0.653	271
B062691	ENSG00000125744	FSM	271	B062691	3554	55.87	0.0664	0.0000	0.289	271
B062694	ENSG00000144445	FSM	271	B069476	1656	64.09	0.4096	0.1919	0.302	271
B062697	ENSG00000125818	FSM	271	B077070	1590	75.80	0.5572	0.4649	0.568	271
B062699	ENSG00000143363	FSM	271	B062699	1776	80.26	0.7159	0.5683	0.671	271
B062702	ENSG00000093010	FSM	271	B062702	10567	92.28	0.9446	0.7675	0.86	271
B062703	ENSG00000176444	FSM	271	B056095	13133	92.93	0.9446	0.9004	0.892	271
B062704	ENSG00000248487	FSM	271	B076909	5514	86.88	0.8339	0.7306	0.756	271
B062708	ENSG00000114867	FSM	271	B079924	3403	90.12	0.9225	0.7491	0.613	271
B062727	ENSG00000160539	FSM	271	B071931	4063	78.37	0.7232	0.5424	0.687	271
B062730	ENSG00000133135	FSM	271	B066120	18406	70.16	0.5756	0.4280	0.441	271
B062738	ENSG00000189409	FSM	271	B062738	12698	86.94	0.9410	0.4908	0.789	271
B062741	ENSG00000139218	NIC	271	B070900	2973	59.98	0.2804	0.1661	0.34	271
B062746	ENSG00000173846	NIC	271	B062746	3318	80.40	0.7565	0.6384	0.772	271
B062750	ENSG00000126814	NIC	271	B062750	3721	69.51	0.6384	0.1661	0.614	271
B062752	ENSG00000100591	NIC	271	B072068	7936	79.53	0.7380	0.4539	0.554	271
B062764	ENSG00000108474	NIC	271	B062764	5092	63.42	0.5830	0.0959	0.585	271
B062774	ENSG00000100997	NIC	271	B074401	8584	84.62	0.8081	0.6310	0.857	271
B062779	ENSG00000100206	NIC	271	B070216	8862	80.30	0.8118	0.3210	0.765	271
B062782	ENSG00000114302	NIC	271	B072471	12753	76.73	0.6568	0.4686	0.565	271
B062788	ENSG00000145740	NIC	271	B062788	9924	56.18	0.1476	0.0000	0.441	271
B062789	ENSG00000197822	NIC	271	B062789	2072	69.01	0.4760	0.4096	0.443	271
B062791	ENSG00000164209	NIC	271	B067576	2950	66.62	0.5166	0.0295	0.674	271
B062800	ENSG00000136925	NIC	271	B062800	3638	71.21	0.5978	0.3210	0.594	271
B062808	ENSG00000158006	NIC	271	B062808	5647	89.10	0.8893	0.7343	0.877	271
B062817	ENSG00000135437	NIC	271	B062817	9829	84.66	0.8413	0.6089	0.842	271
B062842	ENSG00000173950	NIC	271	B065052	1389	72.90	0.6052	0.3690	0.604	271
B062846	ENSG00000152795	NIC	271	B070069	18528	65.01	0.5535	0.2103	0.377	271
B062857	ENSG00000174669	NIC	271	B062857	3225	56.34	0.3358	0.0517	0.38	271
B062873	ENSG00000087903	NNC	271	B071888	3001	53.60	0.2620	0.0517	0.366	271
B062880	ENSG00000185946	NNC	271	B062880	7253	67.35	0.4982	0.1808	0.343	271
B062882	ENSG00000179943	NNC	271	B062882	8914	58.84	0.4280	0.0074	0.306	271
B062885	ENSG00000163214	NNC	271	B062885	7255	91.32	0.9631	0.7601	0.876	271
B062887	ENSG00000153234	NNC	271	B071941	2648	86.33	0.8192	0.7011	0.818	271
B062890	ENSG00000101255	NNC	271	B062890	2923	76.34	0.6974	0.5904	0.688	271
B062909	ENSG00000127980	NNC	271	B062909	769	52.91	0.2177	0.0258	0.226	271
B062917	ENSG00000198728	NNC	271	B063491	1240	78.44	0.6790	0.5498	0.686	271
B062947	ENSG00000117262	NNC	271	B062947	1602	74.17	0.6753	0.1476	0.522	271
B062957	ENSG00000151466	NNC	271	B067158	637	84.39	0.8118	0.6052	0.358	271
B062960	ENSG00000235109	NNC	271	B062960	8031	60.03	0.3284	0.2731	0.422	271
B062963	ENSG00000159363	NNC	271	B062963	4414	82.15	0.8192	0.3801	0.775	271
B062971	ENSG00000162144	NNC	271	B062971	11773	77.68	0.6790	0.6125	0.679	271
B062974	ENSG00000172273	FSM	270	B062974	11553	66.68	0.5741	0.2630	0.517	270
B062977	ENSG00000123415	FSM	270	B062977	4149	91.83	0.9074	0.8593	0.866	270
B062981	ENSG00000136146	FSM	270	B068843	990	70.47	0.5852	0.3852	0.411	270
B063002	ENSG00000204386	FSM	270	B069196	7866	84.75	0.8259	0.6074	0.757	270
B063006	ENSG00000106565	FSM	270	B066219	400	60.45	0.3259	0.0000	0.491	270
B063010	ENSG00000078114	FSM	270	B069088	20339	70.14	0.5333	0.3667	0.283	270
B063012	ENSG00000138279	FSM	270	B063012	12135	70.82	0.5593	0.5074	0.532	270
B063014	ENSG00000119915	FSM	270	B065342	6220	85.50	0.9037	0.4704	0.818	270
B063015	ENSG00000107902	FSM	270	B069374	10825	95.42	0.9852	0.9222	0.91	270
B063027	ENSG00000079150	FSM	270	B076353	20615	77.79	0.7222	0.4630	0.617	270
B063029	ENSG00000121022	FSM	270	B048192	5938	85.79	0.8630	0.5444	0.819	270
B063031	ENSG00000189409	NIC	270	B067742	13765	62.54	0.5296	0.0333	0.681	270
B063041	ENSG00000187097	NIC	270	B063041	8278	81.42	0.7778	0.5778	0.727	270
B063042	ENSG00000119689	NIC	270	B071179	22059	89.74	0.8667	0.8111	0.806	270
B063056	ENSG00000151694	NIC	270	B063056	1902	69.99	0.5593	0.2889	0.725	270
B063062	ENSG00000215440	NIC	270	B067310	8907	63.37	0.5815	0.1444	0.646	270
B063065	ENSG00000250151	NIC	270	B063065	3149	76.56	0.7074	0.3963	0.643	270
B063069	ENSG00000143324	NIC	270	B063069	7745	75.92	0.7111	0.2296	0.541	270
B063076	ENSG00000171843	NIC	270	B063076	1279	58.01	0.1815	0.1259	0.265	270
B063077	ENSG00000081377	NIC	270	B063077	11455	83.53	0.7778	0.6407	0.785	270
B063081	ENSG00000130821	NIC	270	B075904	11976	75.89	0.7333	0.1000	0.64	270
B063082	ENSG00000156110	NIC	270	B063082	6186	95.00	1.0000	0.8667	0.918	270
B063084	ENSG00000175104	NIC	270	B063084	2806	88.42	0.8778	0.7333	0.714	270
B063089	ENSG00000135677	NIC	270	B068361	2733	74.54	0.6519	0.4481	0.676	270
B063091	ENSG00000120693	NIC	270	B063091	4379	89.40	0.9074	0.8111	0.618	270
B063094	ENSG00000185347	NIC	270	B063811	814	74.84	0.6667	0.2185	0.46	270
B063100	ENSG00000159202	NIC	270	B055308	13414	65.60	0.5148	0.2667	0.604	270
B063109	ENSG00000172888	NIC	270	B063109	17431	65.31	0.6037	0.0407	0.377	270
B063115	ENSG00000162769	NIC	270	B063115	3836	47.86	0.0000	0.0000	0.316	270
B063124	ENSG00000171862	NIC	270	B063124	2918	76.48	0.6667	0.5593	0.708	270
B063129	ENSG00000111615	NNC	270	B063129	4819	80.80	0.7630	0.4222	0.515	270
B063130	ENSG00000139323	NNC	270	B076505	20772	82.09	0.7481	0.6889	0.773	270
B063131	ENSG00000139318	NNC	270	B066705	11469	75.07	0.5963	0.5148	0.596	270
B063133	ENSG00000135127	NNC	270	B063133	1711	78.64	0.7000	0.4481	0.335	270
B063136	ENSG00000100532	NNC	270	B075388	9379	74.85	0.7148	0.3963	0.62	270
B063156	ENSG00000100150	NNC	270	B063156	18682	62.73	0.5296	0.0519	0.533	270
B063166	ENSG00000124733	NNC	270	B063166	484	48.34	0.0815	0.0000	0.183	270
B063169	ENSG00000189367	NNC	270	B065608	1019	51.13	0.0333	0.0000	0.152	270
B063175	ENSG00000176623	NNC	270	B063175	3682	90.96	0.9222	0.7593	0.826	270
B063189	ENSG00000030066	NNC	270	B076881	900	83.19	0.8370	0.4185	0.767	270
B063199	ENSG00000103035	NNC	270	B067444	4237	81.39	0.7481	0.3963	0.689	270
B063200	ENSG00000099864	NNC	270	B063200	2278	61.19	0.3222	0.1407	0.218	270
B063207	ENSG00000143079	NNC	270	B075404	2294	80.61	0.7259	0.5815	0.383	270
B063222	ENSG00000118482	NNC	270	B063222	389	56.81	0.0889	0.0000	0.18	270
B063226	ENSG00000187609	NNC	270	B074985	2061	74.14	0.6778	0.3519	0.676	270
B063228	ENSG00000108239	NNC	270	B063228	8969	85.89	0.8370	0.6741	0.833	270
B063230	ENSG00000121774	NNC	270	B063230	4690	63.14	0.3296	0.2407	0.304	270
B063247	ENSG00000130005	FSM	269	B074565	2695	70.22	0.6357	0.4238	0.698	269
B063254	ENSG00000066422	FSM	269	B063254	10821	56.92	0.3866	0.0000	0.387	269
B063256	ENSG00000197965	FSM	269	B071698	3119	74.66	0.6208	0.4647	0.554	269
B063258	ENSG00000121897	FSM	269	B053095	15586	76.07	0.6580	0.5093	0.622	269
B063259	ENSG00000145332	FSM	269	B067041	19688	92.84	0.9442	0.8587	0.893	269
B063264	ENSG00000136636	FSM	269	B071056	1042	52.86	0.1710	0.0855	0.271	269
B063273	ENSG00000148672	FSM	269	B070577	19031	90.65	0.9554	0.6691	0.808	269
B063309	ENSG00000138050	NIC	269	B063309	7839	78.00	0.7435	0.5390	0.722	269
B063310	ENSG00000115282	NIC	269	B063310	851	66.59	0.4498	0.2714	0.272	269
B063316	ENSG00000099991	NIC	269	B063316	1340	88.47	0.8625	0.7323	0.805	269
B063320	ENSG00000183624	NIC	269	B063320	8494	72.65	0.6134	0.3532	0.754	269
B063321	ENSG00000163945	NIC	269	B063321	1746	80.12	0.7435	0.5167	0.575	269
B063328	ENSG00000145982	NIC	269	B077330	13857	87.58	0.9331	0.6320	0.705	269
B063333	ENSG00000133612	NIC	269	B078123	13087	80.64	0.7323	0.6840	0.748	269
B063341	ENSG00000160404	NIC	269	B065749	3953	75.38	0.7026	0.4312	0.727	269
B063346	ENSG00000077713	NIC	269	B066800	9697	59.21	0.1970	0.0000	0.497	269
B063362	ENSG00000121289	NIC	269	B063362	782	87.61	0.8662	0.6617	0.38	269
B063365	ENSG00000082898	NIC	269	B063578	2740	83.59	0.7770	0.5353	0.779	269
B063370	ENSG00000100991	NIC	269	B063370	740	87.51	0.8848	0.7026	0.858	269
B063374	ENSG00000163820	NIC	269	B063374	952	88.22	0.8625	0.7323	0.426	269
B063387	ENSG00000176248	NIC	269	B063387	3096	84.10	0.8290	0.4870	0.632	269
B063400	ENSG00000140386	NNC	269	B063400	1585	84.02	0.7807	0.5911	0.383	269
B063426	ENSG00000075651	NNC	269	B063426	15967	66.31	0.6208	0.2751	0.585	269
B063460	ENSG00000141699	NNC	269	B070674	1214	59.04	0.2565	0.0037	0.184	269
B063479	ENSG00000117597	NNC	269	B063479	3372	91.66	0.9628	0.8141	0.864	269
B063481	ENSG00000106290	NNC	269	B066173	3026	73.73	0.7100	0.1784	0.412	269
B063483	ENSG00000130227	NNC	269	B064284	1645	85.07	0.8216	0.6431	0.837	269
B063485	ENSG00000107175	NNC	269	B063485	8162	64.25	0.4535	0.2862	0.378	269
B063500	ENSG00000004139	FSM	268	B069112	8333	75.98	0.7724	0.0821	0.516	268
B063504	ENSG00000198858	FSM	268	B068735	935	73.67	0.6194	0.3657	0.463	268
B063507	ENSG00000171103	FSM	268	B074519	10198	85.19	0.8358	0.7052	0.794	268
B063512	ENSG00000280071	FSM	268	B070740	5998	89.78	0.8507	0.8433	0.829	268
B063514	ENSG00000160221	FSM	268	B070740	6023	89.72	0.8507	0.8433	0.828	268
B063517	ENSG00000178053	FSM	268	B064275	2102	66.03	0.4813	0.2724	0.563	268
B063519	ENSG00000031691	FSM	268	B063519	744	72.25	0.6082	0.2425	0.315	268
B063521	ENSG00000105854	FSM	268	B066793	3632	92.03	0.9366	0.8246	0.896	268
B063522	ENSG00000077585	FSM	268	B077693	1015	50.20	0.0000	0.0000	0.307	268
B063525	ENSG00000104231	FSM	268	B073228	6180	83.68	0.8358	0.5261	0.506	268
B063527	ENSG00000165115	FSM	268	B071775	1282	79.60	0.7388	0.5560	0.323	268
B063532	ENSG00000110025	FSM	268	B062920	3527	70.98	0.5112	0.3172	0.491	268
B063536	ENSG00000141956	FSM	268	B063536	323	41.94	0.0187	0.0000	0.199	268
B063537	ENSG00000164082	FSM	268	B063537	4887	88.29	0.8993	0.7500	0.791	268
B063541	ENSG00000163875	NIC	268	B066241	2553	60.37	0.3619	0.1940	0.369	268
B063547	ENSG00000127337	NIC	268	B075671	9931	76.53	0.6903	0.4328	0.629	268
B063555	ENSG00000139880	NIC	268	B063555	8928	83.46	0.8358	0.4067	0.688	268
B063556	ENSG00000213983	NIC	268	B072697	3109	77.41	0.7015	0.4851	0.5	268
B063558	ENSG00000092470	NIC	268	B063558	5367	76.84	0.6455	0.3358	0.56	268
B063574	ENSG00000171606	NIC	268	B063574	11235	62.87	0.5112	0.4104	0.507	268
B063580	ENSG00000152256	NIC	268	B072749	3752	80.11	0.7649	0.5858	0.734	268
B063585	ENSG00000160753	NIC	268	B063585	8908	51.21	0.2127	0.1642	0.339	268
B063587	ENSG00000145016	NIC	268	B063587	741	53.86	0.1269	0.0709	0.194	268
B063599	ENSG00000147439	NIC	268	B063599	1435	77.29	0.7127	0.5746	0.663	268
B063624	ENSG00000196323	NIC	268	B069226	12772	55.74	0.2127	0.1866	0.319	268
B063626	ENSG00000182199	NIC	268	B074553	15035	95.28	0.9925	0.9366	0.89	268
B063634	ENSG00000198858	NIC	268	B063634	644	60.24	0.3284	0.0933	0.252	268
B063653	ENSG00000198157	NIC	268	B060015	2159	53.95	0.0037	0.0000	0.11	268
B063659	ENSG00000076053	NNC	268	B063659	11893	65.01	0.4366	0.2873	0.484	268
B063674	ENSG00000105519	NNC	268	B063674	7043	63.59	0.5373	0.0373	0.496	268
B063695	ENSG00000136243	NNC	268	B066937	1458	47.97	0.1306	0.0000	0.26	268
B063699	ENSG00000147439	NNC	268	B063699	1341	86.88	0.8470	0.7201	0.74	268
B063710	ENSG00000142677	NNC	268	B063710	894	87.16	0.8731	0.7201	0.698	268
B063712	ENSG00000155252	NNC	268	B072527	3266	84.39	0.8246	0.5858	0.768	268
B063723	ENSG00000100888	NNC	268	B063723	23007	66.50	0.4440	0.1604	0.538	268
B063727	ENSG00000167962	NNC	268	B078435	1628	69.23	0.4515	0.3955	0.512	268
B063730	ENSG00000174326	NNC	268	B063730	9222	75.96	0.6716	0.5709	0.668	268
B063731	ENSG00000109111	NNC	268	B063731	1111	52.12	0.1828	0.0821	0.248	268
B063737	ENSG00000115484	NNC	268	B070682	11272	86.77	0.9478	0.4179	0.67	268
B063740	ENSG00000163093	NNC	268	B067653	1280	89.00	0.9254	0.7313	0.832	268
B063742	ENSG00000186141	NNC	268	B063742	2155	85.79	0.9142	0.6194	0.702	268
B063750	ENSG00000204580	NNC	268	B063750	12581	69.82	0.5709	0.3470	0.687	268
B063761	ENSG00000076053	FSM	267	B063659	11851	62.03	0.3708	0.2959	0.417	267
B063771	ENSG00000131467	FSM	267	B073699	2807	78.41	0.7566	0.4007	0.732	267
B063777	ENSG00000135916	FSM	267	B076948	1354	75.01	0.6217	0.4120	0.647	267
B063793	ENSG00000085117	FSM	267	B063793	6945	82.14	0.8090	0.3970	0.699	267
B063798	ENSG00000113048	FSM	267	B063798	842	82.95	0.8764	0.3521	0.73	267
B063802	ENSG00000139546	NIC	267	B064486	8574	73.95	0.6442	0.4120	0.447	267
B063803	ENSG00000061987	NIC	267	B063803	2413	80.40	0.7378	0.4719	0.808	267
B063807	ENSG00000122034	NIC	267	B071663	7579	71.92	0.7303	0.0037	0.412	267
B063808	ENSG00000139668	NIC	267	B063808	9932	88.15	0.9251	0.5730	0.604	267
B063812	ENSG00000166938	NIC	267	B063812	7194	83.50	0.8801	0.3708	0.781	267
B063814	ENSG00000162032	NIC	267	B063814	2081	69.70	0.5955	0.3109	0.678	267
B063819	ENSG00000073050	NIC	267	B063819	2128	64.64	0.4045	0.3446	0.496	267
B063823	ENSG00000169507	NIC	267	B063823	3444	84.39	0.8914	0.5543	0.75	267
B063824	ENSG00000123600	NIC	267	B073820	6153	56.17	0.3933	0.0899	0.415	267
B063827	ENSG00000003400	NIC	267	B069781	7604	81.15	0.7640	0.5880	0.817	267
B063842	ENSG00000112996	NIC	267	B063842	390	55.64	0.2697	0.0936	0.322	267
B063848	ENSG00000135249	NIC	267	B077037	1340	82.65	0.8202	0.4082	0.714	267
B063878	ENSG00000115484	NIC	267	B073489	6527	70.52	0.5843	0.0599	0.65	267
B063890	ENSG00000107105	NIC	267	B070035	15135	69.44	0.5843	0.3071	0.515	267
B063949	ENSG00000104408	NNC	267	B063949	3629	74.58	0.7566	0.0300	0.604	267
B063954	ENSG00000148218	NNC	267	B077347	12119	95.17	0.9963	0.8764	0.907	267
B063957	ENSG00000095739	NNC	267	B066885	774	61.83	0.4195	0.0562	0.365	267
B063959	ENSG00000165731	NNC	267	B063959	17886	70.53	0.5543	0.4494	0.642	267
B063968	ENSG00000231887	NNC	267	B063968	400	50.33	0.0262	0.0000	0.214	267
B063970	ENSG00000126091	NNC	267	B069556	9729	80.23	0.8015	0.4045	0.677	267
B063977	ENSG00000103707	NNC	267	B075200	14220	74.93	0.6404	0.5318	0.735	267
B063989	ENSG00000162869	NNC	267	B073259	944	79.87	0.7378	0.5243	0.352	267
B064006	ENSG00000131013	NNC	267	B066454	11195	58.63	0.2959	0.2135	0.394	267
B064021	ENSG00000142856	FSM	266	B064021	586	56.83	0.2782	0.0564	0.339	266
B064026	ENSG00000101546	FSM	266	B064026	1932	66.52	0.5075	0.2594	0.477	266
B064027	ENSG00000142230	FSM	266	B064027	11098	83.21	0.7970	0.6053	0.784	266
B064032	ENSG00000163832	FSM	266	B077899	1199	88.27	0.8835	0.6767	0.886	266
B064036	ENSG00000132906	FSM	266	B064036	3943	75.86	0.6692	0.5677	0.623	266
B064046	ENSG00000116922	FSM	266	B064317	10540	80.47	0.7444	0.5827	0.71	266
B064052	ENSG00000085978	FSM	266	B064052	10914	95.50	1.0000	0.9248	0.914	266
B064055	ENSG00000165630	FSM	266	B064055	3917	78.60	0.7368	0.3271	0.672	266
B064057	ENSG00000092850	NIC	266	B064057	3750	94.69	1.0000	0.9023	0.685	266
B064068	ENSG00000168096	NIC	266	B064068	8484	79.05	0.7293	0.5188	0.483	266
B064074	ENSG00000005882	NIC	266	B064074	4100	86.81	0.8722	0.6429	0.821	266
B064075	ENSG00000166260	NIC	266	B064075	8957	56.17	0.3609	0.0752	0.371	266
B064079	ENSG00000161526	NIC	266	B059169	2689	63.61	0.4549	0.1880	0.354	266
B064085	ENSG00000143891	NIC	266	B075930	15261	93.78	0.9474	0.8910	0.892	266
B064087	ENSG00000158411	NIC	266	B076978	11107	78.09	0.7519	0.3759	0.612	266
B064089	ENSG00000101255	NIC	266	B065320	8134	85.70	0.8421	0.7556	0.825	266
B064096	ENSG00000025708	NIC	266	B064096	12916	82.09	0.7932	0.5902	0.698	266
B064105	ENSG00000134982	NIC	266	B078635	906	78.38	0.6504	0.5414	0.444	266
B064106	ENSG00000204560	NIC	266	B064106	14338	91.80	0.9098	0.8195	0.883	266
B064129	ENSG00000149016	NIC	266	B064129	9215	71.41	0.6617	0.3383	0.507	266
B064134	ENSG00000156860	NIC	266	B064134	1561	50.19	0.0789	0.0489	0.231	266
B064137	ENSG00000126249	NIC	266	B074626	4923	51.00	0.3233	0.0226	0.504	266
B064157	ENSG00000104524	NIC	266	B064157	8417	73.41	0.6165	0.5451	0.706	266
B064161	ENSG00000130707	NIC	266	B073675	14319	92.52	0.9774	0.7444	0.843	266
B064162	ENSG00000107164	NIC	266	B064162	9753	67.34	0.5000	0.1917	0.35	266
B064163	ENSG00000068438	NIC	266	B075053	9746	69.44	0.6541	0.1241	0.604	266
B064168	ENSG00000089248	NNC	266	B068458	2045	76.89	0.7857	0.1165	0.561	266
B064181	ENSG00000186496	NNC	266	B068794	7841	59.00	0.3271	0.2368	0.439	266
B064182	ENSG00000105223	NNC	266	B064182	8270	89.24	0.8910	0.7481	0.868	266
B064206	ENSG00000196814	NNC	266	B076700	1553	71.74	0.5602	0.4624	0.593	266
B064217	ENSG00000116641	NNC	266	B064217	2432	76.53	0.7180	0.2481	0.515	266
B064222	ENSG00000141002	NNC	266	B064222	1584	66.06	0.5188	0.2293	0.5	266
B064236	ENSG00000160294	NNC	266	B064236	4453	92.29	0.9436	0.8308	0.888	266
B064238	ENSG00000154767	NNC	266	B064238	1267	61.02	0.3571	0.1917	0.355	266
B064240	ENSG00000010322	NNC	266	B078630	5105	82.42	0.7932	0.6466	0.73	266
B064262	ENSG00000081985	FSM	265	B064262	230	50.48	0.0981	0.0000	0.209	265
B064266	ENSG00000134779	FSM	265	B067763	2080	67.96	0.5623	0.2075	0.585	265
B064269	ENSG00000101347	FSM	265	B069839	3359	83.66	0.8264	0.5698	0.738	265
B064277	ENSG00000065882	FSM	265	B064277	7985	88.12	0.8906	0.7321	0.649	265
B064278	ENSG00000196503	FSM	265	B072210	9624	73.73	0.6264	0.4038	0.641	265
B064279	ENSG00000170522	FSM	265	B078570	6216	89.34	0.9396	0.6830	0.849	265
B064286	ENSG00000164627	FSM	265	B073834	2069	69.15	0.5774	0.3094	0.461	265
B064294	ENSG00000167113	FSM	265	B070890	3896	83.90	0.8415	0.5585	0.791	265
B064297	ENSG00000102103	FSM	265	B066699	9151	67.96	0.4189	0.1623	0.355	265
B064305	ENSG00000187815	FSM	265	B064305	11124	51.09	0.2302	0.1057	0.344	265
B064318	ENSG00000166086	NIC	265	B074435	5511	85.40	0.7962	0.7585	0.729	265
B064325	ENSG00000103266	NIC	265	B069499	10137	75.77	0.6868	0.5358	0.6	265
B064335	ENSG00000073008	NIC	265	B064335	2301	82.39	0.7623	0.6226	0.68	265
B064340	ENSG00000243943	NIC	265	B066322	4311	66.69	0.5019	0.1811	0.378	265
B064341	ENSG00000119844	NIC	265	B064341	1760	64.29	0.3585	0.0415	0.311	265
B064349	ENSG00000132677	NIC	265	B072470	5275	79.97	0.7434	0.6000	0.742	265
B064351	ENSG00000198218	NIC	265	B064351	313	39.16	0.0830	0.0000	0.236	265
B064359	ENSG00000152684	NIC	265	B064359	3548	81.59	0.8528	0.2642	0.561	265
B064368	ENSG00000186063	NIC	265	B064368	932	80.49	0.8038	0.4830	0.574	265
B064379	ENSG00000165359	NIC	265	B064379	1333	60.84	0.2830	0.2000	0.354	265
B064382	ENSG00000196233	NIC	265	B069634	1404	45.67	0.0075	0.0000	0.26	265
B064391	ENSG00000137806	NIC	265	B064391	3022	64.19	0.4943	0.0981	0.47	265
B064397	ENSG00000105520	NIC	265	B064397	3415	65.83	0.4792	0.1283	0.574	265
B064398	ENSG00000188493	NIC	265	B070493	10747	65.93	0.5472	0.0943	0.569	265
B064410	ENSG00000006576	NIC	265	B064410	2194	67.24	0.4264	0.0151	0.587	265
B064415	ENSG00000148459	NIC	265	B069807	13306	90.25	0.9358	0.7585	0.886	265
B064417	ENSG00000159063	NIC	265	B064417	3731	89.30	0.9358	0.6717	0.849	265
B064425	ENSG00000173575	NNC	265	B064425	822	56.47	0.1245	0.0528	0.223	265
B064427	ENSG00000103021	NNC	265	B066849	1729	83.09	0.7887	0.6302	0.417	265
B064428	ENSG00000153815	NNC	265	B064428	503	71.62	0.6189	0.2566	0.702	265
B064442	ENSG00000169507	NNC	265	B064442	2275	81.11	0.8679	0.2038	0.778	265
B064443	ENSG00000135916	NNC	265	B076948	1341	75.08	0.6264	0.4113	0.652	265
B064445	ENSG00000130294	NNC	265	B064445	13205	79.03	0.8113	0.2528	0.746	265
B064466	ENSG00000104341	NNC	265	B064466	1154	53.98	0.0415	0.0000	0.401	265
B064501	ENSG00000103546	NNC	265	B078612	16727	67.62	0.5811	0.0906	0.599	265
B064503	ENSG00000109066	NNC	265	B078044	2194	69.20	0.5925	0.0528	0.555	265
B064512	ENSG00000144445	NNC	265	B064512	1823	59.95	0.3774	0.0604	0.247	265
B064516	ENSG00000132182	NNC	265	B071096	320	65.17	0.4792	0.2075	0.429	265
B064518	ENSG00000114126	NNC	265	B064518	3384	65.93	0.4453	0.3396	0.416	265
B064524	ENSG00000123684	NNC	265	B064524	2252	74.51	0.7170	0.1245	0.65	265
B064539	ENSG00000137500	NNC	265	B072428	2439	77.42	0.6717	0.4604	0.375	265
B064546	ENSG00000132768	FSM	264	B064546	2289	73.33	0.6250	0.1250	0.733	264
B064547	ENSG00000166130	FSM	264	B068690	528	85.21	0.8106	0.6894	0.357	264
B064549	ENSG00000166133	FSM	264	B064549	11464	76.49	0.7273	0.5341	0.706	264
B064557	ENSG00000128789	FSM	264	B071130	1878	91.21	0.9583	0.7917	0.88	264
B064567	ENSG00000125863	FSM	264	B068480	559	84.44	0.8788	0.4129	0.72	264
B064579	ENSG00000204231	FSM	264	B064579	6770	80.29	0.7273	0.5492	0.778	264
B064582	ENSG00000135318	FSM	264	B066876	11779	88.95	0.8485	0.7727	0.839	264
B064586	ENSG00000147535	FSM	264	B076130	8035	91.04	0.9242	0.8447	0.858	264
B064589	ENSG00000182484	FSM	264	B075119	1135	64.16	0.3939	0.0227	0.19	264
B064590	ENSG00000158156	FSM	264	B064590	2760	73.55	0.7008	0.0530	0.666	264
B064591	ENSG00000213619	FSM	264	B075872	21663	75.48	0.7159	0.3106	0.656	264
B064593	ENSG00000111666	FSM	264	B076989	2046	87.25	0.9053	0.6894	0.819	264
B064600	ENSG00000075856	NIC	264	B068363	2105	70.39	0.5833	0.3220	0.582	264
B064602	ENSG00000152749	NIC	264	B064602	386	82.17	0.8409	0.4583	0.738	264
B064607	ENSG00000196118	NIC	264	B064607	1696	80.17	0.7652	0.5568	0.611	264
B064619	ENSG00000070010	NIC	264	B065715	5934	74.08	0.6212	0.2159	0.518	264
B064629	ENSG00000109805	NIC	264	B064629	1112	67.27	0.4394	0.3258	0.513	264
B064637	ENSG00000164855	NIC	264	B070695	6016	61.05	0.3523	0.0000	0.498	264
B064649	ENSG00000138138	NIC	264	B064649	13873	78.86	0.7386	0.2841	0.65	264
B064670	ENSG00000080189	NIC	264	B064670	3545	73.85	0.7197	0.1212	0.647	264
B064671	ENSG00000127419	NIC	264	B064671	2244	63.35	0.3902	0.0000	0.527	264
B064676	ENSG00000079819	NIC	264	B064676	1795	54.93	0.1856	0.0000	0.287	264
B064705	ENSG00000008441	NNC	264	B064705	1874	44.88	0.0152	0.0000	0.178	264
B064727	ENSG00000109534	NNC	264	B064727	3583	55.64	0.2689	0.0000	0.413	264
B064731	ENSG00000175309	NNC	264	B064731	15478	94.57	0.9735	0.8977	0.88	264
B064743	ENSG00000102103	NNC	264	B066699	9281	67.56	0.4167	0.1477	0.354	264
B064748	ENSG00000047621	NNC	264	B064748	783	81.87	0.8068	0.4659	0.486	264
B064753	ENSG00000090060	NNC	264	B064970	1347	57.01	0.2159	0.1061	0.322	264
B064756	ENSG00000196118	NNC	264	B064756	1303	50.33	0.2083	0.0038	0.341	264
B064757	ENSG00000102996	NNC	264	B064757	8882	80.84	0.7045	0.6061	0.605	264
B064758	ENSG00000135720	NNC	264	B072507	2910	63.18	0.4356	0.0000	0.547	264
B064763	ENSG00000006062	NNC	264	B064763	183	52.72	0.1326	0.0000	0.169	264
B064772	ENSG00000179915	NNC	264	B064772	10443	86.71	0.8712	0.6629	0.753	264
B064786	ENSG00000163870	NNC	264	B072656	909	54.68	0.1288	0.0000	0.432	264
B064787	ENSG00000163655	NNC	264	B069889	13641	86.10	0.9015	0.4583	0.606	264
B064800	ENSG00000136861	NNC	264	B064800	927	70.47	0.5417	0.3826	0.377	264
B064808	ENSG00000166225	FSM	263	B064808	2630	65.41	0.4449	0.3118	0.426	263
B064810	ENSG00000102710	FSM	263	B064810	493	46.53	0.0875	0.0000	0.197	263
B064814	ENSG00000186532	FSM	263	B064814	8608	87.25	0.9049	0.5209	0.704	263
B064820	ENSG00000141837	FSM	263	B064820	10700	55.74	0.2662	0.0000	0.368	263
B064824	ENSG00000128654	FSM	263	B068802	2185	89.67	0.9087	0.8175	0.857	263
B064828	ENSG00000100100	FSM	263	B068351	8073	66.71	0.5019	0.1559	0.358	263
B064831	ENSG00000171503	FSM	263	B064831	18176	78.64	0.7529	0.4449	0.704	263
B064837	ENSG00000143793	FSM	263	B078641	2271	60.62	0.3232	0.0076	0.292	263
B064850	ENSG00000162144	FSM	263	B070585	4489	88.89	0.8555	0.7719	0.821	263
B064852	ENSG00000066117	FSM	263	B064852	2704	65.57	0.4221	0.1977	0.401	263
B064860	ENSG00000166321	FSM	263	B064860	5817	81.67	0.8023	0.5209	0.731	263
B064865	ENSG00000181929	NIC	263	B066808	5863	78.42	0.7376	0.4525	0.735	263
B064867	ENSG00000157895	NIC	263	B068082	937	60.51	0.2814	0.0646	0.23	263
B064888	ENSG00000079385	NIC	263	B064888	5833	83.65	0.7681	0.7224	0.698	263
B064890	ENSG00000162882	NIC	263	B067832	7797	87.91	0.9316	0.5894	0.867	263
B064901	ENSG00000157601	NIC	263	B064901	10944	77.79	0.7643	0.4677	0.73	263
B064905	ENSG00000185909	NIC	263	B074930	6926	91.63	0.9240	0.8365	0.875	263
B064906	ENSG00000154174	NIC	263	B067360	1916	91.16	0.9696	0.7148	0.809	263
B064907	ENSG00000121864	NIC	263	B064907	9558	61.49	0.2548	0.0000	0.301	263
B064910	ENSG00000169862	NIC	263	B064910	2056	63.28	0.3916	0.3194	0.475	263
B064911	ENSG00000172239	NIC	263	B068667	1753	83.39	0.8061	0.5095	0.631	263
B064915	ENSG00000135338	NIC	263	B064915	1460	75.03	0.6046	0.4867	0.341	263
B064924	ENSG00000137642	NIC	263	B064924	2152	87.22	0.9011	0.6540	0.826	263
B064926	ENSG00000120798	NIC	263	B064926	2267	67.66	0.5970	0.2471	0.669	263
B064930	ENSG00000078304	NIC	263	B064930	6594	87.56	0.8859	0.7833	0.788	263
B064935	ENSG00000204673	NIC	263	B068380	415	57.47	0.2662	0.0456	0.337	263
B064945	ENSG00000134109	NIC	263	B051660	6176	95.04	0.9886	0.8973	0.896	263
B064946	ENSG00000163785	NIC	263	B067400	2520	73.36	0.6426	0.3802	0.346	263
B064958	ENSG00000197601	NIC	263	B064958	13162	90.84	0.9278	0.7985	0.879	263
B064959	ENSG00000121621	NIC	263	B073907	23123	81.16	0.8289	0.3042	0.448	263
B064962	ENSG00000117394	NNC	263	B064962	9962	67.60	0.4943	0.0646	0.55	263
B064989	ENSG00000125901	NNC	263	B075090	630	71.26	0.5133	0.3954	0.374	263
B064994	ENSG00000187045	NNC	263	B064994	980	65.48	0.4981	0.0456	0.54	263
B064996	ENSG00000160752	NNC	263	B068870	5013	94.13	0.9734	0.8783	0.892	263
B065001	ENSG00000157426	NNC	263	B065001	6001	75.24	0.6654	0.6008	0.704	263
B065003	ENSG00000184840	NNC	263	B065003	2569	64.24	0.4449	0.2091	0.48	263
B065006	ENSG00000106105	NNC	263	B065006	6068	77.12	0.7643	0.3726	0.609	263
B065023	ENSG00000198520	NNC	263	B065023	987	88.17	0.8593	0.7148	0.856	263
B065029	ENSG00000122257	NNC	263	B065029	403	51.46	0.0875	0.0038	0.198	263
B065032	ENSG00000166260	NNC	263	B072899	11230	64.76	0.5133	0.1293	0.436	263
B065035	ENSG00000074657	NNC	263	B065035	8169	68.33	0.5817	0.2167	0.306	263
B065041	ENSG00000008869	NNC	263	B065246	1359	85.24	0.8555	0.5741	0.762	263
B065054	ENSG00000152990	NNC	263	B065054	725	52.79	0.0798	0.0000	0.156	263
B065061	ENSG00000205060	NNC	263	B073722	2963	71.58	0.6578	0.0076	0.646	263
B065071	ENSG00000147274	NNC	263	B076768	638	49.33	0.0000	0.0000	0.105	263
B065077	ENSG00000023191	NNC	263	B065077	7884	90.36	0.8897	0.8365	0.872	263
B065081	ENSG00000074266	FSM	262	B073098	10283	94.79	0.9847	0.9046	0.904	262
B065083	ENSG00000196323	FSM	262	B065083	186	48.28	0.0229	0.0000	0.141	262
B065086	ENSG00000142949	FSM	262	B071016	8430	83.80	0.7595	0.7176	0.729	262
B065091	ENSG00000140995	FSM	262	B073696	1021	51.25	0.1221	0.0000	0.232	262
B065096	ENSG00000161671	FSM	262	B054817	1550	76.13	0.6679	0.4427	0.601	262
B065104	ENSG00000113638	FSM	262	B077561	3276	79.20	0.6794	0.5000	0.566	262
B065113	ENSG00000148187	FSM	262	B066179	6800	74.54	0.6832	0.2519	0.571	262
B065115	ENSG00000177189	FSM	262	B068718	17510	80.08	0.7672	0.3817	0.783	262
B065118	ENSG00000102181	FSM	262	B066122	1496	52.48	0.1374	0.0000	0.197	262
B065120	ENSG00000198546	FSM	262	B067796	5212	66.67	0.5076	0.3550	0.458	262
B065126	ENSG00000290425	FSM	262	B077182	2422	89.26	0.9542	0.5229	0.639	262
B065133	ENSG00000140093	NIC	262	B068367	5907	74.63	0.6794	0.4618	0.662	262
B065142	ENSG00000108559	NIC	262	B070610	869	80.92	0.7557	0.4084	0.433	262
B065150	ENSG00000105229	NIC	262	B065150	6556	74.15	0.5763	0.4771	0.582	262
B065167	ENSG00000164175	NIC	262	B065167	1871	82.18	0.8168	0.5649	0.771	262
B065169	ENSG00000158458	NIC	262	B065169	4774	65.62	0.5000	0.2519	0.615	262
B065170	ENSG00000117335	NIC	262	B065170	8763	82.80	0.7557	0.6641	0.584	262
B065173	ENSG00000130348	NIC	262	B065173	11392	89.15	0.8969	0.7863	0.82	262
B065178	ENSG00000257923	NIC	262	B065178	2646	74.75	0.6832	0.1908	0.327	262
B065191	ENSG00000101850	NIC	262	B065191	1468	61.15	0.3626	0.0000	0.581	262
B065197	ENSG00000142765	NIC	262	B065197	4175	74.84	0.6260	0.5305	0.651	262
B065198	ENSG00000110025	NIC	262	B065198	3059	66.60	0.3893	0.2634	0.39	262
B065206	ENSG00000101577	NIC	262	B065206	2536	57.85	0.3168	0.0878	0.263	262
B065212	ENSG00000123136	NIC	262	B076414	13419	75.13	0.6832	0.2901	0.673	262
B065214	ENSG00000105483	NIC	262	B071683	1538	84.77	0.8550	0.5191	0.564	262
B065217	ENSG00000068615	NIC	262	B065217	10181	56.61	0.3206	0.0000	0.349	262
B065228	ENSG00000136636	NIC	262	B065228	1641	82.50	0.7748	0.5153	0.815	262
B065229	ENSG00000156017	NIC	262	B065229	4396	95.73	0.9962	0.9237	0.919	262
B065231	ENSG00000148300	NIC	262	B070654	754	54.12	0.1336	0.0000	0.212	262
B065232	ENSG00000156500	NIC	262	B065232	843	50.46	0.1489	0.0000	0.19	262
B065234	ENSG00000138303	NIC	262	B065234	1885	80.59	0.8015	0.4695	0.749	262
B065235	ENSG00000148719	NIC	262	B065235	22609	60.30	0.3321	0.1527	0.305	262
B065240	ENSG00000132740	NIC	262	B065240	10214	73.50	0.6489	0.3435	0.375	262
B065243	ENSG00000255561	NNC	262	B065243	3840	83.87	0.8206	0.5954	0.766	262
B065265	ENSG00000101412	NNC	262	B079673	3301	66.86	0.4313	0.3015	0.374	262
B065267	ENSG00000116191	NNC	262	B065267	17399	70.79	0.5992	0.4122	0.668	262
B065274	ENSG00000120438	NNC	262	B079074	10427	87.73	0.9122	0.5878	0.68	262
B065298	ENSG00000135097	NNC	262	B070144	20594	65.59	0.5611	0.0611	0.374	262
B065299	ENSG00000185344	NNC	262	B065299	4336	76.56	0.7481	0.1298	0.573	262
B065303	ENSG00000100711	NNC	262	B065303	11473	68.48	0.5573	0.2634	0.611	262
B065313	ENSG00000105255	NNC	262	B065313	6819	75.88	0.6985	0.3092	0.628	262
B065317	ENSG00000082898	NNC	262	B065317	2772	94.13	0.9656	0.8855	0.886	262
B065318	ENSG00000003393	NNC	262	B065318	2164	82.96	0.8130	0.5649	0.812	262
B065331	ENSG00000136628	NNC	262	B066106	12582	91.91	0.9504	0.8092	0.828	262
B065337	ENSG00000119383	NNC	262	B071986	4292	72.76	0.6298	0.4695	0.66	262
B065340	ENSG00000077279	NNC	262	B065340	3059	60.06	0.2748	0.0382	0.406	262
B065342	ENSG00000119915	NNC	262	B065342	5739	76.25	0.6718	0.1985	0.742	262
B065347	ENSG00000117410	FSM	261	B078653	8301	70.70	0.6207	0.2069	0.618	261
B065351	ENSG00000089248	FSM	261	B068458	2008	75.37	0.7931	0.0651	0.553	261
B065354	ENSG00000134871	FSM	261	B065354	89	54.32	0.0920	0.0000	0.142	261
B065370	ENSG00000132026	FSM	261	B074456	654	57.75	0.3525	0.0498	0.428	261
B065372	ENSG00000116096	FSM	261	B069049	3389	95.36	0.9770	0.9310	0.926	261
B065373	ENSG00000068654	FSM	261	B065373	6392	83.79	0.8314	0.6820	0.721	261
B065390	ENSG00000145293	FSM	261	B069615	7376	94.56	0.9732	0.9195	0.872	261
B065398	ENSG00000008056	FSM	261	B065555	1952	70.92	0.5670	0.5019	0.565	261
B065403	ENSG00000156603	FSM	261	B075967	1086	61.78	0.3448	0.0766	0.288	261
B065408	ENSG00000173163	FSM	261	B075348	12972	81.95	0.7854	0.5785	0.733	261
B065410	ENSG00000053900	FSM	261	B065410	424	74.14	0.6475	0.3793	0.689	261
B065418	ENSG00000010295	NIC	261	B065418	4609	69.85	0.4598	0.3065	0.333	261
B065419	ENSG00000133687	NIC	261	B065419	9978	94.36	0.9808	0.8238	0.798	261
B065429	ENSG00000067365	NIC	261	B074204	7758	84.95	0.8161	0.6130	0.856	261
B065440	ENSG00000101400	NIC	261	B065440	10828	72.79	0.6858	0.2529	0.499	261
B065453	ENSG00000113360	NIC	261	B065453	7014	73.85	0.5939	0.1724	0.521	261
B065459	ENSG00000112242	NIC	261	B065459	5724	73.77	0.6284	0.4176	0.439	261
B065465	ENSG00000121022	NIC	261	B071238	5725	82.19	0.7854	0.4521	0.775	261
B065470	ENSG00000110429	NIC	261	B067594	7754	92.26	0.9617	0.8123	0.875	261
B065477	ENSG00000008294	NIC	261	B065477	2035	71.69	0.5019	0.3716	0.356	261
B065479	ENSG00000196628	NIC	261	B072346	4699	62.32	0.3103	0.2414	0.39	261
B065485	ENSG00000117262	NIC	261	B065485	2032	71.76	0.5594	0.1188	0.515	261
B065502	ENSG00000174165	NIC	261	B065502	10505	68.36	0.5785	0.2452	0.583	261
B065505	ENSG00000109944	NNC	261	B065505	986	65.06	0.3870	0.1954	0.252	261
B065510	ENSG00000152749	NNC	261	B065510	592	71.16	0.6360	0.0000	0.665	261
B065511	ENSG00000100823	NNC	261	B065511	13759	73.44	0.6322	0.4483	0.695	261
B065520	ENSG00000109118	NNC	261	B065520	1299	70.37	0.5670	0.3487	0.563	261
B065523	ENSG00000073350	NNC	261	B073862	2328	88.68	0.9042	0.6628	0.827	261
B065532	ENSG00000170035	NNC	261	B065532	18442	73.13	0.5824	0.5287	0.582	261
B065537	ENSG00000163378	NNC	261	B065537	2907	86.23	0.8966	0.5747	0.851	261
B065548	ENSG00000075213	NNC	261	B065548	4135	78.35	0.7548	0.5057	0.713	261
B065553	ENSG00000130558	NNC	261	B069832	4553	94.81	0.9579	0.9234	0.909	261
B065579	ENSG00000130005	NNC	261	B076583	2490	91.41	0.8889	0.8736	0.859	261
B065591	ENSG00000160714	NNC	261	B065591	1238	55.16	0.3946	0.0881	0.453	261
B065601	ENSG00000159346	NNC	261	B076986	6244	85.32	0.8621	0.5556	0.846	261
B065611	ENSG00000167112	NNC	261	B076018	2859	89.87	0.9425	0.6513	0.79	261
B065634	ENSG00000278535	FSM	260	B074319	11677	96.75	0.9962	0.9692	0.934	260
B065640	ENSG00000170417	FSM	260	B065640	11706	83.33	0.8692	0.4731	0.804	260
B065644	ENSG00000163945	FSM	260	B065644	1291	80.81	0.8385	0.2692	0.418	260
B065653	ENSG00000095739	FSM	260	B066885	774	64.53	0.4577	0.0885	0.378	260
B065655	ENSG00000124333	FSM	260	B076770	3531	69.82	0.5423	0.2538	0.56	260
B065658	ENSG00000152219	FSM	260	B070281	2014	80.38	0.7423	0.6115	0.505	260
B065689	ENSG00000131652	NIC	260	B076155	7471	94.48	1.0000	0.8846	0.899	260
B065690	ENSG00000102908	NIC	260	B065690	637	47.73	0.0462	0.0000	0.154	260
B065698	ENSG00000122435	NIC	260	B065698	2673	78.82	0.7500	0.3192	0.629	260
B065702	ENSG00000105357	NIC	260	B065702	13952	70.42	0.6423	0.2577	0.609	260
B065711	ENSG00000188542	NIC	260	B075818	4243	68.38	0.5500	0.4615	0.673	260
B065714	ENSG00000141959	NIC	260	B073387	11635	89.93	0.9077	0.7615	0.836	260
B065716	ENSG00000100350	NIC	260	B065716	9848	89.54	0.8923	0.7808	0.82	260
B065721	ENSG00000088727	NIC	260	B065721	8748	68.65	0.5769	0.2962	0.417	260
B065725	ENSG00000163995	NIC	260	B075240	2147	53.14	0.1846	0.0000	0.213	260
B065739	ENSG00000106077	NIC	260	B065739	13800	70.02	0.5885	0.4038	0.666	260
B065747	ENSG00000136874	NIC	260	B079022	11487	60.04	0.3269	0.0077	0.216	260
B065753	ENSG00000067992	NIC	260	B067710	4489	77.67	0.6615	0.4577	0.712	260
B065758	ENSG00000107960	NIC	260	B065758	751	81.80	0.7885	0.4500	0.619	260
B065764	ENSG00000104081	NIC	260	B065764	484	54.04	0.1846	0.0923	0.246	260
B065769	ENSG00000157045	NIC	260	B069924	1804	90.62	0.9308	0.7808	0.877	260
B065772	ENSG00000196975	NIC	260	B074159	13057	94.60	0.9885	0.8923	0.907	260
B065775	ENSG00000158470	NIC	260	B065775	9052	92.51	0.9423	0.8346	0.915	260
B065781	ENSG00000067248	NIC	260	B065781	17072	73.67	0.6885	0.1731	0.465	260
B065783	ENSG00000112033	NIC	260	B065783	15151	64.20	0.4000	0.2692	0.388	260
B065785	ENSG00000112118	NIC	260	B065785	16403	70.88	0.6423	0.1962	0.311	260
B065787	ENSG00000029363	NIC	260	B069568	1197	56.13	0.1385	0.0115	0.185	260
B065791	ENSG00000196511	NIC	260	B051982	17199	89.64	0.9654	0.6192	0.779	260
B065796	ENSG00000148358	NIC	260	B065796	3145	77.13	0.7346	0.1654	0.654	260
B065801	ENSG00000262655	NIC	260	B065801	4310	87.02	0.8269	0.7846	0.805	260
B065817	ENSG00000153944	NNC	260	B065961	18947	57.70	0.3000	0.1346	0.367	260
B065826	ENSG00000068784	NNC	260	B065826	10246	63.29	0.5346	0.0500	0.44	260
B065830	ENSG00000100038	NNC	260	B065830	2492	81.59	0.7615	0.6346	0.732	260
B065835	ENSG00000121542	NNC	260	B065835	11877	77.42	0.7077	0.4000	0.595	260
B065842	ENSG00000132424	NNC	260	B065842	734	69.83	0.5000	0.2654	0.255	260
B065853	ENSG00000124333	NNC	260	B065853	7368	76.59	0.6346	0.3962	0.63	260
B065854	ENSG00000198060	NNC	260	B065854	1549	73.96	0.6462	0.3423	0.598	260
B065858	ENSG00000110063	NNC	260	B075312	3015	81.19	0.8077	0.5654	0.695	260
B065870	ENSG00000033627	NNC	260	B075395	5195	74.19	0.7077	0.0923	0.534	260
B065886	ENSG00000061938	NNC	260	B065886	689	58.18	0.2115	0.0577	0.213	260
B065900	ENSG00000107758	NNC	260	B066125	10455	70.21	0.5962	0.1577	0.502	260
B065901	ENSG00000004487	NNC	260	B065901	1172	63.31	0.3115	0.1885	0.377	260
B065903	ENSG00000158156	NNC	260	B065903	2139	80.75	0.7846	0.3846	0.736	260
B065904	ENSG00000135387	NNC	260	B065904	1003	48.60	0.0538	0.0000	0.126	260
B065912	ENSG00000150401	FSM	259	B070120	5864	91.86	0.9614	0.8031	0.791	259
B065917	ENSG00000125450	FSM	259	B075510	1473	79.91	0.8880	0.0000	0.674	259
B065923	ENSG00000173960	FSM	259	B065923	4006	69.39	0.5598	0.1544	0.388	259
B065930	ENSG00000174306	FSM	259	B066824	4494	69.08	0.5135	0.2819	0.447	259
B065942	ENSG00000291149	FSM	259	B079133	2428	79.57	0.7722	0.6216	0.76	259
B065944	ENSG00000147604	FSM	259	B080590	6754	91.08	0.9112	0.8610	0.794	259
B065945	ENSG00000106772	FSM	259	B065945	1625	83.81	0.8378	0.4710	0.815	259
B065948	ENSG00000160087	FSM	259	B077151	12938	82.71	0.7645	0.6486	0.661	259
B065950	ENSG00000176171	FSM	259	B065950	1629	55.43	0.2239	0.0502	0.207	259
B065957	ENSG00000170322	NIC	259	B065957	260	42.01	0.0000	0.0000	0.127	259
B065959	ENSG00000025423	NIC	259	B065959	11759	91.75	0.9653	0.7413	0.872	259
B065976	ENSG00000040531	NIC	259	B076940	4055	85.33	0.8571	0.5676	0.815	259
B065989	ENSG00000159110	NIC	259	B065989	7440	70.92	0.5985	0.2471	0.511	259
B065992	ENSG00000114745	NIC	259	B073497	2744	52.23	0.1081	0.0000	0.201	259
B065997	ENSG00000038210	NIC	259	B065997	2953	64.78	0.4672	0.2973	0.538	259
B066000	ENSG00000183474	NIC	259	B066000	3260	83.47	0.8456	0.4054	0.6	259
B066007	ENSG00000066777	NIC	259	B066007	2185	82.03	0.7761	0.5830	0.799	259
B066024	ENSG00000134900	NIC	259	B066024	707	72.03	0.6448	0.0039	0.63	259
B066040	ENSG00000174738	NIC	259	B066040	8856	57.02	0.3127	0.0425	0.471	259
B066048	ENSG00000165392	NIC	259	B066048	1820	61.59	0.4015	0.2355	0.614	259
B066050	ENSG00000044446	NIC	259	B066050	2663	80.39	0.7876	0.4942	0.774	259
B066117	ENSG00000160293	NNC	259	B068019	15983	79.95	0.8147	0.2934	0.481	259
B066119	ENSG00000102096	NNC	259	B066119	7997	73.95	0.6680	0.5598	0.695	259
B066124	ENSG00000213551	NNC	259	B071114	15126	78.62	0.7876	0.3707	0.539	259
B066135	ENSG00000196792	NNC	259	B066135	2980	66.02	0.4633	0.2625	0.406	259
B066165	ENSG00000124570	NNC	259	B074653	15882	87.56	0.9266	0.6564	0.792	259
B066169	ENSG00000164818	NNC	259	B066169	1006	89.16	0.8958	0.7954	0.849	259
B066195	ENSG00000103245	FSM	258	B073178	8366	90.06	0.9341	0.7442	0.845	258
B066218	ENSG00000257923	FSM	258	B066218	2613	82.93	0.8062	0.6395	0.475	258
B066221	ENSG00000120925	FSM	258	B066221	13121	73.90	0.6085	0.1938	0.527	258
B066222	ENSG00000127481	FSM	258	B066222	886	68.31	0.6318	0.0310	0.63	258
B066229	ENSG00000102241	FSM	258	B070704	6122	67.12	0.5039	0.2248	0.452	258
B066235	ENSG00000157014	FSM	258	B066235	10475	96.67	1.0000	0.9690	0.922	258
B066252	ENSG00000134744	NIC	258	B066252	166	52.78	0.0736	0.0504	0.164	258
B066263	ENSG00000090674	NIC	258	B066263	2871	72.48	0.6822	0.1938	0.585	258
B066276	ENSG00000100330	NIC	258	B073771	10784	65.33	0.4147	0.2442	0.422	258
B066286	ENSG00000123684	NIC	258	B066286	2363	83.29	0.8566	0.4651	0.792	258
B066287	ENSG00000026950	NIC	258	B066287	6693	85.52	0.8372	0.5775	0.564	258
B066302	ENSG00000136935	NIC	258	B066302	1092	83.58	0.7713	0.6512	0.379	258
B066319	ENSG00000103365	NIC	258	B066319	1576	57.62	0.3876	0.0000	0.423	258
B066327	ENSG00000205758	NIC	258	B077310	2245	83.46	0.8333	0.6240	0.785	258
B066359	ENSG00000140992	NNC	258	B074905	7277	76.02	0.6550	0.4147	0.603	258
B066362	ENSG00000131467	NNC	258	B073699	2897	83.55	0.7791	0.6318	0.776	258
B066370	ENSG00000171574	NNC	258	B066370	12704	52.24	0.3295	0.1240	0.379	258
B066375	ENSG00000149599	NNC	258	B066375	10130	57.43	0.4070	0.1318	0.575	258
B066378	ENSG00000100100	NNC	258	B068351	8018	66.13	0.4884	0.1434	0.355	258
B066382	ENSG00000114166	NNC	258	B066382	10624	88.53	0.9341	0.6550	0.663	258
B066384	ENSG00000051382	NNC	258	B066384	2651	78.72	0.7403	0.4729	0.694	258
B066391	ENSG00000156475	NNC	258	B066391	3152	57.41	0.3721	0.1550	0.497	258
B066420	ENSG00000100580	NNC	258	B066420	2093	52.36	0.2597	0.0000	0.33	258
B066438	ENSG00000182013	NNC	258	B066438	1384	71.22	0.5853	0.3140	0.49	258
B066441	ENSG00000080293	NNC	258	B069879	5574	64.23	0.4535	0.0000	0.45	258
B066467	ENSG00000205339	NNC	258	B066467	2000	79.44	0.6860	0.5000	0.739	258
B066474	ENSG00000139154	FSM	257	B066022	12045	64.23	0.4591	0.0000	0.346	257
B066493	ENSG00000186479	FSM	257	B066493	614	72.11	0.5447	0.3891	0.62	257
B066497	ENSG00000087116	FSM	257	B066497	6640	56.39	0.2996	0.0700	0.26	257
B066498	ENSG00000225921	FSM	257	B075042	661	70.55	0.5292	0.3035	0.306	257
B066499	ENSG00000196812	FSM	257	B066499	14782	65.38	0.4553	0.3541	0.477	257
B066501	ENSG00000146530	FSM	257	B066752	1224	64.85	0.4358	0.2879	0.609	257
B066503	ENSG00000168476	FSM	257	B070816	10818	57.99	0.2607	0.0000	0.354	257
B066505	ENSG00000161016	FSM	257	B071107	13377	83.98	0.8599	0.4669	0.736	257
B066521	ENSG00000139182	NIC	257	B066521	1937	68.19	0.4825	0.0311	0.444	257
B066533	ENSG00000276293	NIC	257	B073861	8595	82.82	0.7626	0.6498	0.786	257
B066553	ENSG00000137274	NIC	257	B066553	10484	78.30	0.7043	0.6304	0.761	257
B066555	ENSG00000227057	NIC	257	B066555	4328	91.27	0.9494	0.7821	0.873	257
B066561	ENSG00000133731	NIC	257	B066561	11205	61.54	0.4786	0.2607	0.596	257
B066564	ENSG00000154529	NIC	257	B066564	3810	77.71	0.7354	0.1634	0.582	257
B066570	ENSG00000214063	NIC	257	B066570	6856	58.78	0.3230	0.0195	0.43	257
B066571	ENSG00000129158	NIC	257	B073729	5578	82.23	0.7588	0.6031	0.813	257
B066575	ENSG00000154114	NIC	257	B066575	1670	75.93	0.7276	0.0661	0.507	257
B066592	ENSG00000290920	NIC	257	B066592	551	49.64	0.1167	0.0700	0.234	257
B066596	ENSG00000112972	NIC	257	B078634	5555	90.70	0.9144	0.8171	0.865	257
B066609	ENSG00000139182	NNC	257	B066609	1490	71.63	0.6031	0.2257	0.499	257
B066610	ENSG00000170581	NNC	257	B066610	2980	86.10	0.8560	0.6732	0.831	257
B066628	ENSG00000119844	NNC	257	B066628	617	52.16	0.0039	0.0000	0.149	257
B066638	ENSG00000164176	NNC	257	B078063	16141	72.01	0.6381	0.2101	0.459	257
B066641	ENSG00000111846	NNC	257	B071104	4254	88.19	0.8755	0.8210	0.851	257
B066645	ENSG00000111877	NNC	257	B066645	8374	77.40	0.8132	0.1907	0.523	257
B066646	ENSG00000112357	NNC	257	B066646	8038	71.67	0.6576	0.2374	0.495	257
B066655	ENSG00000147679	NNC	257	B077203	3206	75.11	0.7004	0.2646	0.616	257
B066656	ENSG00000137145	NNC	257	B066656	1664	56.42	0.2296	0.0545	0.286	257
B066663	ENSG00000186660	NNC	257	B066803	7851	60.07	0.4163	0.1089	0.351	257
B066688	ENSG00000047315	NNC	257	B066688	11657	80.47	0.8171	0.2140	0.556	257
B066710	ENSG00000135686	FSM	256	B077226	6909	87.95	0.8516	0.7500	0.831	256
B066719	ENSG00000101266	FSM	256	B066719	11682	93.13	0.9492	0.8477	0.894	256
B066724	ENSG00000185386	FSM	256	B068817	24243	83.94	0.8398	0.4727	0.814	256
B066732	ENSG00000112062	FSM	256	B078704	18122	85.33	0.8477	0.5508	0.825	256
B066734	ENSG00000026297	FSM	256	B079014	6817	82.19	0.7344	0.6406	0.792	256
B066739	ENSG00000148291	FSM	256	B073629	1851	67.74	0.5156	0.1797	0.433	256
B066741	ENSG00000180628	FSM	256	B075267	11917	78.39	0.7188	0.4922	0.452	256
B066742	ENSG00000165672	FSM	256	B067432	17783	83.72	0.7617	0.7383	0.741	256
B066747	ENSG00000108424	FSM	256	B066747	3008	86.28	0.8906	0.5898	0.843	256
B066749	ENSG00000143933	FSM	256	B066749	23593	56.61	0.3320	0.0000	0.371	256
B066750	ENSG00000169131	FSM	256	B081367	11542	49.64	0.2422	0.1445	0.401	256
B066751	ENSG00000065029	FSM	256	B066751	638	50.12	0.2617	0.0000	0.275	256
B066756	ENSG00000196517	NIC	256	B066756	12724	78.49	0.8164	0.1445	0.687	256
B066764	ENSG00000177082	NIC	256	B066764	911	79.12	0.7695	0.2656	0.645	256
B066770	ENSG00000123154	NIC	256	B052220	11664	91.11	0.9609	0.7852	0.838	256
B066773	ENSG00000185946	NIC	256	B070988	9027	72.23	0.5234	0.4102	0.513	256
B066788	ENSG00000138780	NIC	256	B066788	6201	95.22	0.9961	0.9297	0.912	256
B066801	ENSG00000102119	NIC	256	B066801	1033	49.75	0.0938	0.0586	0.22	256
B066806	ENSG00000214517	NIC	256	B071720	5980	83.70	0.8125	0.6914	0.775	256
B066817	ENSG00000070423	NIC	256	B066817	2004	51.98	0.1641	0.0977	0.234	256
B066822	ENSG00000158417	NIC	256	B066822	6736	90.18	0.9492	0.6367	0.581	256
B066832	ENSG00000136243	NIC	256	B066832	978	50.39	0.1445	0.0781	0.246	256
B066839	ENSG00000197136	NIC	256	B066839	1353	76.78	0.7734	0.2695	0.587	256
B066860	ENSG00000138069	NNC	256	B066860	21280	69.08	0.5781	0.2734	0.616	256
B066864	ENSG00000078747	NNC	256	B066864	11192	62.85	0.3672	0.3086	0.388	256
B066884	ENSG00000005302	NNC	256	B075370	1791	58.24	0.3516	0.0664	0.417	256
B066891	ENSG00000117748	NNC	256	B072226	3326	75.87	0.6836	0.5039	0.489	256
B066893	ENSG00000175634	NNC	256	B066893	20908	70.71	0.6133	0.4414	0.626	256
B066900	ENSG00000032742	NNC	256	B066900	2663	81.79	0.7539	0.5352	0.668	256
B066911	ENSG00000125734	NNC	256	B066911	2793	62.83	0.3047	0.0000	0.534	256
B066924	ENSG00000241484	NNC	256	B066924	8389	70.79	0.6836	0.1602	0.511	256
B066928	ENSG00000170390	NNC	256	B066928	3798	70.73	0.5938	0.2148	0.44	256
B066931	ENSG00000164615	NNC	256	B078117	9715	56.47	0.2969	0.1172	0.217	256
B066940	ENSG00000291151	NNC	256	B066940	5271	67.91	0.5742	0.3789	0.643	256
B066953	ENSG00000066185	FSM	255	B066953	1100	80.24	0.7804	0.5098	0.77	255
B066966	ENSG00000261408	FSM	255	B066966	16385	70.39	0.6157	0.2706	0.698	255
B066978	ENSG00000132879	FSM	255	B073074	7494	93.51	0.9765	0.8431	0.868	255
B066979	ENSG00000180376	FSM	255	B078940	806	63.52	0.3961	0.1804	0.27	255
B066988	ENSG00000106105	FSM	255	B066988	10436	73.69	0.7020	0.2549	0.453	255
B066989	ENSG00000244038	FSM	255	B066989	3280	92.50	0.9765	0.8196	0.761	255
B066991	ENSG00000133142	FSM	255	B074096	739	54.98	0.1725	0.0275	0.234	255
B066995	ENSG00000142765	FSM	255	B066995	112	51.04	0.0039	0.0000	0.111	255
B066998	ENSG00000100601	FSM	255	B066998	7660	83.52	0.8314	0.5765	0.783	255
B067000	ENSG00000132024	FSM	255	B067000	3080	66.45	0.4196	0.1843	0.319	255
B067016	ENSG00000141101	NIC	255	B071191	4479	73.20	0.6667	0.1804	0.578	255
B067017	ENSG00000129226	NIC	255	B067017	423	57.36	0.3843	0.1686	0.488	255
B067029	ENSG00000023228	NIC	255	B073541	11575	90.41	0.9725	0.7137	0.829	255
B067040	ENSG00000013810	NIC	255	B067727	2765	83.15	0.7569	0.6706	0.408	255
B067044	ENSG00000134058	NIC	255	B067044	19812	73.86	0.6157	0.3490	0.685	255
B067067	ENSG00000166340	NIC	255	B067067	13937	93.07	0.9843	0.8588	0.898	255
B067070	ENSG00000151239	NIC	255	B067070	4356	86.87	0.8627	0.6706	0.574	255
B067071	ENSG00000135090	NIC	255	B067071	1337	92.81	0.9373	0.8980	0.625	255
B067074	ENSG00000185559	NIC	255	B067074	15485	66.22	0.5255	0.0667	0.28	255
B067088	ENSG00000144847	NIC	255	B071622	5165	57.88	0.3529	0.0745	0.311	255
B067093	ENSG00000132840	NIC	255	B067093	7685	62.49	0.5059	0.1804	0.681	255
B067097	ENSG00000054277	NIC	255	B067097	7476	83.21	0.7765	0.6902	0.777	255
B067101	ENSG00000291080	NIC	255	B067101	6080	50.36	0.3373	0.0000	0.375	255
B067114	ENSG00000137509	NNC	255	B067114	9548	77.90	0.7216	0.5490	0.718	255
B067124	ENSG00000132950	NNC	255	B067124	569	52.45	0.0588	0.0000	0.146	255
B067135	ENSG00000158805	NNC	255	B067135	6968	66.52	0.5412	0.0588	0.344	255
B067142	ENSG00000138074	NNC	255	B067142	11368	84.58	0.9216	0.2980	0.767	255
B067152	ENSG00000070371	NNC	255	B067152	2677	78.35	0.8941	0.0000	0.607	255
B067156	ENSG00000163714	NNC	255	B081593	1540	54.37	0.1608	0.0314	0.264	255
B067159	ENSG00000213047	NNC	255	B075578	7490	83.44	0.8118	0.6706	0.779	255
B067160	ENSG00000131844	NNC	255	B067160	17491	78.53	0.7059	0.5333	0.701	255
B067161	ENSG00000164209	NNC	255	B075642	1162	54.16	0.0039	0.0000	0.354	255
B067165	ENSG00000168476	NNC	255	B070816	10780	58.18	0.2745	0.0000	0.352	255
B067166	ENSG00000078114	NNC	255	B067166	1507	73.35	0.6353	0.0196	0.244	255
B067175	ENSG00000149557	NNC	255	B067175	1455	65.62	0.4353	0.0980	0.227	255
B067180	ENSG00000176894	NNC	255	B067180	7795	55.77	0.3059	0.0000	0.413	255
B067189	ENSG00000167371	NNC	255	B067189	127	35.58	0.0000	0.0000	0.209	255
B067206	ENSG00000143344	NNC	255	B067206	2753	69.25	0.5529	0.1412	0.556	255
B067217	ENSG00000147140	NNC	255	B071573	2068	67.73	0.4392	0.3137	0.375	255
B067225	ENSG00000092094	FSM	254	B079712	12759	94.98	0.9961	0.9331	0.902	254
B067226	ENSG00000092208	FSM	254	B073744	1370	67.73	0.5276	0.0000	0.549	254
B067228	ENSG00000103249	FSM	254	B067228	11700	80.37	0.8268	0.2480	0.709	254
B067238	ENSG00000151694	FSM	254	B067238	1185	74.22	0.6299	0.2362	0.663	254
B067247	ENSG00000206527	FSM	254	B067866	5164	72.71	0.7283	0.0157	0.683	254
B067253	ENSG00000086589	FSM	254	B067253	3791	77.98	0.7520	0.1417	0.701	254
B067262	ENSG00000136826	FSM	254	B071358	17163	61.62	0.3386	0.2126	0.311	254
B067263	ENSG00000102119	FSM	254	B077247	1924	58.32	0.2756	0.1850	0.269	254
B067264	ENSG00000150347	FSM	254	B069315	2141	80.78	0.7677	0.4370	0.816	254
B067265	ENSG00000117305	FSM	254	B067265	19004	84.79	0.7874	0.6732	0.823	254
B067270	ENSG00000173692	FSM	254	B067270	3132	71.66	0.6890	0.0000	0.568	254
B067276	ENSG00000137500	FSM	254	B072428	2433	80.07	0.7598	0.5079	0.38	254
B067291	ENSG00000130005	NIC	254	B067291	1093	47.37	0.2283	0.0197	0.472	254
B067293	ENSG00000126934	NIC	254	B079781	17482	81.90	0.7677	0.6063	0.817	254
B067302	ENSG00000065135	NIC	254	B067302	14017	82.99	0.8386	0.3740	0.777	254
B067303	ENSG00000168765	NIC	254	B067650	6812	78.85	0.7441	0.6811	0.747	254
B067311	ENSG00000141956	NIC	254	B067311	12186	60.04	0.2756	0.0079	0.385	254
B067318	ENSG00000137198	NIC	254	B052145	12464	82.90	0.8071	0.6024	0.804	254
B067321	ENSG00000204427	NIC	254	B074656	1951	90.17	0.9291	0.7835	0.875	254
B067346	ENSG00000278023	NIC	254	B072324	1507	77.63	0.7362	0.4528	0.717	254
B067356	ENSG00000132664	NIC	254	B075026	3162	84.92	0.8937	0.5945	0.647	254
B067359	ENSG00000163634	NIC	254	B067359	1523	73.91	0.5906	0.4764	0.356	254
B067377	ENSG00000069667	NNC	254	B067377	2957	92.72	0.9528	0.8661	0.896	254
B067386	ENSG00000141076	NNC	254	B067386	2293	88.06	0.8976	0.6417	0.855	254
B067390	ENSG00000090339	NNC	254	B067390	1838	85.73	0.8425	0.6811	0.626	254
B067392	ENSG00000144199	NNC	254	B067392	12285	57.64	0.4764	0.1457	0.549	254
B067403	ENSG00000153029	NNC	254	B075639	8552	85.44	0.8661	0.5630	0.595	254
B067421	ENSG00000147649	NNC	254	B067421	885	51.66	0.0315	0.0000	0.169	254
B067427	ENSG00000130717	NNC	254	B078076	13925	75.78	0.6890	0.5630	0.691	254
B067431	ENSG00000138166	NNC	254	B067953	7933	82.94	0.8228	0.4488	0.653	254
B067449	ENSG00000161091	NNC	254	B067449	2685	64.81	0.5000	0.0000	0.583	254
B067452	ENSG00000171853	NNC	254	B067713	1627	86.81	0.8307	0.6772	0.804	254
B067469	ENSG00000244038	NNC	254	B078021	3785	82.75	0.8150	0.3740	0.668	254
B067475	ENSG00000064309	FSM	253	B067475	2569	79.64	0.7431	0.4545	0.486	253
B067485	ENSG00000140391	FSM	253	B072994	7677	81.89	0.8419	0.2530	0.687	253
B067490	ENSG00000176890	FSM	253	B077258	14954	97.08	0.9960	0.9842	0.931	253
B067502	ENSG00000160714	FSM	253	B067502	4684	84.78	0.7945	0.7115	0.766	253
B067509	ENSG00000171729	FSM	253	B079975	647	57.09	0.2372	0.0000	0.24	253
B067515	ENSG00000160813	FSM	253	B068297	403	65.27	0.4348	0.1225	0.271	253
B067516	ENSG00000105875	FSM	253	B067516	6992	86.15	0.8656	0.6917	0.845	253
B067517	ENSG00000147439	FSM	253	B076556	1318	91.81	0.9289	0.8182	0.779	253
B067519	ENSG00000085719	FSM	253	B074334	7796	90.27	0.9565	0.7273	0.889	253
B067530	ENSG00000278318	FSM	253	B067530	9543	44.58	0.1502	0.0000	0.322	253
B067544	ENSG00000119688	NIC	253	B071481	8114	86.06	0.8498	0.7628	0.814	253
B067565	ENSG00000115364	NIC	253	B077484	8504	71.53	0.6166	0.4229	0.592	253
B067566	ENSG00000115839	NIC	253	B067566	1293	80.54	0.8656	0.1660	0.606	253
B067590	ENSG00000119965	NIC	253	B067590	525	60.29	0.3281	0.1621	0.29	253
B067598	ENSG00000136044	NIC	253	B079148	1845	66.24	0.5336	0.2490	0.447	253
B067601	ENSG00000166035	NIC	253	B067601	4137	37.39	0.0474	0.0000	0.388	253
B067608	ENSG00000115183	NIC	253	B073068	383	49.97	0.0119	0.0000	0.128	253
B067614	ENSG00000120254	NIC	253	B067614	6955	53.04	0.3636	0.0000	0.445	253
B067670	ENSG00000205302	NNC	253	B067670	3895	82.35	0.7708	0.4901	0.708	253
B067679	ENSG00000177409	NNC	253	B067679	1382	88.52	0.9209	0.5652	0.729	253
B067703	ENSG00000151575	NNC	253	B080311	1255	77.14	0.6008	0.4901	0.409	253
B067712	ENSG00000167460	NNC	253	B074919	6788	84.30	0.8063	0.6285	0.357	253
B067719	ENSG00000121851	NNC	253	B067719	1593	64.45	0.4506	0.0870	0.295	253
B067734	ENSG00000112742	NNC	253	B067734	6584	75.93	0.6798	0.3874	0.522	253
B067738	ENSG00000164896	NNC	253	B073893	1219	85.61	0.9091	0.5296	0.829	253
B067744	ENSG00000110697	NNC	253	B067744	3802	55.99	0.2885	0.2451	0.332	253
B067747	ENSG00000151239	FSM	252	B068454	2697	77.26	0.7302	0.1825	0.555	252
B067755	ENSG00000100711	FSM	252	B072839	11062	84.63	0.8452	0.6825	0.789	252
B067761	ENSG00000108474	FSM	252	B075506	4866	89.81	0.9127	0.7143	0.848	252
B067771	ENSG00000138386	FSM	252	B067771	1568	65.60	0.3968	0.2976	0.452	252
B067776	ENSG00000124228	FSM	252	B066546	16150	77.80	0.7659	0.1508	0.374	252
B067780	ENSG00000290796	FSM	252	B075938	9306	83.27	0.8413	0.5635	0.817	252
B067786	ENSG00000002933	FSM	252	B075551	361	56.14	0.1270	0.0000	0.415	252
B067792	ENSG00000090432	FSM	252	B052826	10751	87.97	0.9365	0.5476	0.487	252
B067795	ENSG00000126947	FSM	252	B067795	1455	57.65	0.2619	0.1825	0.291	252
B067799	ENSG00000050405	FSM	252	B067799	1107	55.04	0.1746	0.0000	0.187	252
B067807	ENSG00000143669	FSM	252	B067807	6500	78.77	0.7500	0.3889	0.649	252
B067808	ENSG00000105821	FSM	252	B067808	15145	81.57	0.7857	0.4603	0.66	252
B067810	ENSG00000152578	NIC	252	B075379	8300	77.25	0.6825	0.4524	0.57	252
B067815	ENSG00000136141	NIC	252	B067815	3711	66.53	0.5119	0.1984	0.489	252
B067817	ENSG00000081014	NIC	252	B067817	3388	79.22	0.7619	0.3175	0.706	252
B067818	ENSG00000182054	NIC	252	B069826	8289	72.15	0.6865	0.2778	0.7	252
B067820	ENSG00000083799	NIC	252	B071790	1761	83.45	0.8254	0.4722	0.807	252
B067825	ENSG00000196361	NIC	252	B071261	17415	69.36	0.5794	0.1786	0.371	252
B067845	ENSG00000113838	NIC	252	B067845	1813	91.44	0.9286	0.8214	0.866	252
B067872	ENSG00000165915	NIC	252	B074686	9646	85.74	0.8730	0.5079	0.851	252
B067891	ENSG00000184164	NIC	252	B067891	12500	87.87	0.8770	0.7540	0.644	252
B067892	ENSG00000214021	NIC	252	B067892	2413	77.34	0.7183	0.3452	0.539	252
B067899	ENSG00000138326	NIC	252	B067899	6621	55.33	0.3611	0.1746	0.406	252
B067900	ENSG00000138190	NIC	252	B067900	1829	80.34	0.7857	0.2540	0.599	252
B067908	ENSG00000205629	NNC	252	B067908	3789	84.88	0.8452	0.5873	0.835	252
B067911	ENSG00000278023	NNC	252	B072324	1386	78.71	0.7500	0.4762	0.736	252
B067929	ENSG00000183628	NNC	252	B067929	971	67.58	0.5714	0.2778	0.549	252
B067930	ENSG00000143156	NNC	252	B067930	11309	90.13	0.9643	0.6349	0.74	252
B067931	ENSG00000136603	NNC	252	B067931	683	70.91	0.5397	0.4167	0.323	252
B067940	ENSG00000086619	NNC	252	B080182	5085	64.39	0.4802	0.0714	0.481	252
B067967	ENSG00000128791	NNC	252	B067967	1150	64.90	0.5357	0.1508	0.47	252
B067970	ENSG00000088038	NNC	252	B067970	4318	83.56	0.8373	0.5794	0.513	252
B067992	ENSG00000077063	NNC	252	B067992	397	56.81	0.2817	0.0397	0.359	252
B068000	ENSG00000102241	NNC	252	B068000	146	50.02	0.0040	0.0000	0.135	252
B068016	ENSG00000008283	FSM	251	B076405	4912	90.96	0.8805	0.8008	0.86	251
B068039	ENSG00000173545	FSM	251	B068039	4905	77.72	0.7052	0.3147	0.48	251
B068047	ENSG00000176428	FSM	251	B068822	1959	77.35	0.6414	0.5737	0.476	251
B068051	ENSG00000136986	FSM	251	B073723	4745	77.70	0.7331	0.3108	0.737	251
B068060	ENSG00000187325	FSM	251	B078790	3199	63.61	0.4701	0.2829	0.375	251
B068067	ENSG00000166902	FSM	251	B076192	4995	86.94	0.8884	0.7171	0.77	251
B068069	ENSG00000187531	FSM	251	B068069	7458	88.17	0.8526	0.8367	0.816	251
B068076	ENSG00000168067	FSM	251	B068076	1760	59.09	0.3745	0.0757	0.485	251
B068085	ENSG00000100934	NIC	251	B068085	3498	71.58	0.6454	0.0080	0.728	251
B068087	ENSG00000089916	NIC	251	B068087	805	55.40	0.0598	0.0398	0.175	251
B068092	ENSG00000205250	NIC	251	B068092	1693	57.81	0.3904	0.0120	0.218	251
B068103	ENSG00000118961	NIC	251	B068103	1992	82.65	0.8566	0.3865	0.83	251
B068105	ENSG00000119760	NIC	251	B068651	619	75.34	0.6056	0.3984	0.627	251
B068109	ENSG00000149599	NIC	251	B068109	9424	55.79	0.3984	0.0837	0.577	251
B068139	ENSG00000148218	NIC	251	B075369	13199	77.32	0.7211	0.5817	0.758	251
B068146	ENSG00000156650	NIC	251	B078755	3357	74.29	0.7171	0.1394	0.362	251
B068154	ENSG00000075413	NIC	251	B074558	18525	86.39	0.8805	0.7092	0.788	251
B068157	ENSG00000132485	NIC	251	B068157	4732	53.57	0.1036	0.0000	0.162	251
B068170	ENSG00000163029	NIC	251	B068170	961	89.14	0.9124	0.6534	0.332	251
B068182	ENSG00000023318	NIC	251	B068182	1702	79.58	0.7610	0.4104	0.525	251
B068184	ENSG00000090432	NIC	251	B068184	10837	87.25	0.9124	0.5139	0.478	251
B068193	ENSG00000087302	NNC	251	B078518	1595	72.34	0.6574	0.0000	0.411	251
B068201	ENSG00000171634	NNC	251	B068201	13985	85.78	0.8725	0.5219	0.625	251
B068217	ENSG00000143627	NNC	251	B068217	18271	60.46	0.4502	0.1474	0.469	251
B068227	ENSG00000112679	NNC	251	B068227	11605	76.66	0.6853	0.6215	0.729	251
B068230	ENSG00000186470	NNC	251	B075151	10454	79.89	0.7092	0.5976	0.719	251
B068241	ENSG00000133138	NNC	251	B068241	11157	79.91	0.7689	0.3466	0.756	251
B068258	ENSG00000185347	NNC	251	B068258	833	58.98	0.3665	0.0000	0.431	251
B068282	ENSG00000128408	NNC	251	B075415	2062	85.22	0.8406	0.5697	0.405	251
B068293	ENSG00000204344	NNC	251	B079502	1205	87.16	0.8725	0.8048	0.8	251
B068301	ENSG00000107164	NNC	251	B076284	7503	58.32	0.2789	0.0598	0.344	251
B068312	ENSG00000111490	FSM	250	B068312	394	60.39	0.3840	0.0960	0.349	250
B068317	ENSG00000166145	FSM	250	B081059	15666	72.88	0.5800	0.4000	0.437	250
B068336	ENSG00000126524	FSM	250	B073718	3743	67.21	0.4360	0.0000	0.429	250
B068338	ENSG00000172785	FSM	250	B068338	14300	65.55	0.4880	0.1640	0.661	250
B068342	ENSG00000171097	FSM	250	B068342	12152	88.63	0.9200	0.6640	0.872	250
B068349	ENSG00000165533	FSM	250	B068349	1111	91.55	0.9280	0.8040	0.778	250
B068355	ENSG00000177225	FSM	250	B072422	1283	73.93	0.6920	0.4880	0.729	250
B068370	ENSG00000074603	NIC	250	B082617	11255	93.62	0.9560	0.9160	0.91	250
B068372	ENSG00000070761	NIC	250	B068372	3400	78.53	0.7280	0.6400	0.71	250
B068373	ENSG00000103194	NIC	250	B073058	3018	73.62	0.6280	0.2240	0.691	250
B068374	ENSG00000005100	NIC	250	B068374	11669	90.27	0.9400	0.7240	0.868	250
B068377	ENSG00000074657	NIC	250	B082817	5062	68.88	0.5440	0.2680	0.309	250
B068382	ENSG00000188760	NIC	250	B068382	1231	72.20	0.6120	0.2400	0.521	250
B068397	ENSG00000106400	NIC	250	B068397	12294	55.52	0.3480	0.0240	0.382	250
B068403	ENSG00000106785	NIC	250	B068403	2447	86.35	0.8360	0.7400	0.621	250
B068411	ENSG00000177156	NIC	250	B078791	13753	94.99	0.9720	0.9000	0.899	250
B068425	ENSG00000152076	NIC	250	B074061	1108	55.41	0.1880	0.1160	0.229	250
B068432	ENSG00000109790	NIC	250	B068432	8324	66.13	0.4840	0.0000	0.588	250
B068434	ENSG00000164038	NIC	250	B068434	4275	81.34	0.8400	0.1480	0.75	250
B068436	ENSG00000109576	NIC	250	B077687	10497	91.41	0.9520	0.7440	0.862	250
B068453	ENSG00000077458	NNC	250	B068453	791	72.31	0.6120	0.3520	0.314	250
B068465	ENSG00000070761	NNC	250	B073859	2491	68.61	0.6360	0.3240	0.625	250
B068475	ENSG00000116752	NNC	250	B068475	2182	80.49	0.7760	0.5520	0.518	250
B068476	ENSG00000241399	NNC	250	B068476	5853	72.51	0.5200	0.3720	0.601	250
B068478	ENSG00000115339	NNC	250	B068478	11679	80.42	0.7280	0.4000	0.583	250
B068481	ENSG00000132640	NNC	250	B068481	9972	82.72	0.7840	0.5240	0.768	250
B068483	ENSG00000186716	NNC	250	B068483	11940	87.22	0.8480	0.7000	0.834	250
B068485	ENSG00000172936	NNC	250	B068485	4864	67.83	0.5040	0.0800	0.443	250
B068486	ENSG00000114745	NNC	250	B068486	6629	71.93	0.6280	0.2760	0.598	250
B068487	ENSG00000114302	NNC	250	B073507	14601	88.17	0.9040	0.6280	0.677	250
B068498	ENSG00000168564	NNC	250	B070634	3182	62.48	0.4120	0.2200	0.505	250
B068501	ENSG00000170085	NNC	250	B068501	3190	49.26	0.0320	0.0000	0.122	250
B068502	ENSG00000204525	NNC	250	B068128	9608	81.13	0.7160	0.6320	0.715	250
B068508	ENSG00000009954	NNC	250	B068508	995	70.88	0.5480	0.3840	0.552	250
B068535	ENSG00000140943	NNC	250	B068535	1736	75.73	0.7120	0.2560	0.759	250
B068539	ENSG00000141644	NNC	250	B068539	7229	62.06	0.4080	0.0960	0.414	250
B068540	ENSG00000101546	NNC	250	B074454	1856	65.59	0.4560	0.2040	0.477	250
B068543	ENSG00000104960	NNC	250	B079667	1127	48.78	0.1360	0.0000	0.36	250
B068545	ENSG00000115091	NNC	250	B068545	12068	88.36	0.8720	0.7160	0.831	250
B068546	ENSG00000138400	NNC	250	B068546	3582	79.34	0.7760	0.6000	0.741	250
B068558	ENSG00000146233	NNC	250	B068558	729	80.86	0.7880	0.3360	0.751	250
B068561	ENSG00000188343	NNC	250	B068561	9157	87.61	0.8480	0.5800	0.747	250
B068568	ENSG00000165660	NNC	250	B068568	1026	80.83	0.8280	0.3000	0.727	250
B068579	ENSG00000165516	FSM	249	B068579	3710	85.33	0.8233	0.6546	0.818	249
B068592	ENSG00000144535	FSM	249	B079438	4241	64.61	0.3534	0.2811	0.43	249
B068596	ENSG00000143379	FSM	249	B068596	783	74.16	0.6305	0.3815	0.375	249
B068598	ENSG00000160679	FSM	249	B070215	1015	58.82	0.2530	0.0080	0.213	249
B068609	ENSG00000147679	FSM	249	B077203	4233	79.69	0.7470	0.5582	0.658	249
B068647	ENSG00000132199	NIC	249	B068647	8146	77.03	0.7108	0.4819	0.714	249
B068649	ENSG00000161558	NIC	249	B074809	558	73.90	0.6707	0.1767	0.498	249
B068650	ENSG00000083817	NIC	249	B068650	8700	41.34	0.2209	0.1888	0.319	249
B068669	ENSG00000164902	NIC	249	B080902	600	60.89	0.3052	0.0321	0.225	249
B068677	ENSG00000164818	NIC	249	B068677	1070	88.47	0.8876	0.6305	0.79	249
B068690	ENSG00000166130	NIC	249	B068690	527	88.48	0.8594	0.7309	0.368	249
B068694	ENSG00000215883	NIC	249	B068694	18265	66.19	0.5984	0.1486	0.569	249
B068697	ENSG00000140545	NIC	249	B075979	10270	82.56	0.7751	0.5863	0.723	249
B068698	ENSG00000197299	NIC	249	B068698	4952	63.29	0.3494	0.1245	0.376	249
B068700	ENSG00000090447	NIC	249	B068700	583	53.70	0.2490	0.0964	0.228	249
B068708	ENSG00000198715	NIC	249	B057720	824	78.74	0.7430	0.4498	0.773	249
B068714	ENSG00000204356	NIC	249	B068714	748	66.50	0.4257	0.1325	0.25	249
B068727	ENSG00000132768	NNC	249	B068727	2881	79.84	0.7871	0.3414	0.729	249
B068728	ENSG00000110906	NNC	249	B065139	10677	80.57	0.7430	0.5502	0.521	249
B068753	ENSG00000248487	NNC	249	B068753	3277	75.13	0.6747	0.4659	0.65	249
B068756	ENSG00000152795	NNC	249	B068756	18360	61.44	0.4940	0.0040	0.389	249
B068757	ENSG00000162702	NNC	249	B068757	455	49.31	0.0602	0.0161	0.167	249
B068769	ENSG00000165322	NNC	249	B072783	14906	56.35	0.2369	0.1004	0.316	249
B068781	ENSG00000123411	NNC	249	B068781	6995	59.67	0.2771	0.2209	0.342	249
B068782	ENSG00000117399	NNC	249	B068782	5226	64.25	0.4458	0.0040	0.315	249
B068810	ENSG00000198919	NNC	249	B081426	17105	64.83	0.3936	0.1928	0.323	249
B068812	ENSG00000138767	NNC	249	B068812	4421	83.80	0.7912	0.6064	0.829	249
B068815	ENSG00000152348	NNC	249	B068815	3523	54.24	0.3253	0.0602	0.499	249
B068823	ENSG00000136925	NNC	249	B082788	9680	83.28	0.8514	0.4819	0.811	249
B068826	ENSG00000068354	NNC	249	B077513	2469	60.55	0.3815	0.1004	0.456	249
B068833	ENSG00000168496	NNC	249	B068833	8132	87.00	0.8916	0.5422	0.831	249
B068836	ENSG00000174903	NNC	249	B068836	20931	70.60	0.5944	0.2610	0.622	249
B068838	ENSG00000089693	FSM	248	B078253	2115	63.28	0.4234	0.2460	0.514	248
B068854	ENSG00000122417	FSM	248	B068854	5663	44.46	0.1492	0.0000	0.313	248
B068855	ENSG00000141574	FSM	248	B073578	371	70.75	0.5403	0.3831	0.466	248
B068857	ENSG00000167460	FSM	248	B074919	5666	89.63	0.9032	0.7177	0.369	248
B068870	ENSG00000160752	FSM	248	B068870	5780	94.78	0.9919	0.8831	0.89	248
B068873	ENSG00000168826	FSM	248	B068873	9310	54.14	0.2702	0.1694	0.326	248
B068877	ENSG00000049167	FSM	248	B070345	6468	88.21	0.8468	0.7258	0.818	248
B068885	ENSG00000166997	FSM	248	B074588	2016	79.98	0.7056	0.5403	0.666	248
B068888	ENSG00000122705	FSM	248	B074001	2740	67.19	0.4556	0.1734	0.334	248
B068902	ENSG00000275023	FSM	248	B068902	4004	55.57	0.2298	0.1331	0.275	248
B068905	ENSG00000011376	FSM	248	B068905	9369	85.58	0.8669	0.6290	0.79	248
B068913	ENSG00000198431	NIC	248	B068913	14000	93.62	0.9556	0.8710	0.879	248
B068917	ENSG00000214013	NIC	248	B068917	11044	87.97	0.8589	0.7621	0.772	248
B068939	ENSG00000015568	NIC	248	B068939	888	67.59	0.4637	0.3226	0.432	248
B068944	ENSG00000142657	NIC	248	B068944	16578	76.90	0.8024	0.0000	0.691	248
B068945	ENSG00000143379	NIC	248	B070936	11743	59.38	0.3790	0.1935	0.445	248
B068955	ENSG00000163069	NIC	248	B077323	530	77.99	0.7944	0.0847	0.48	248
B068960	ENSG00000183323	NIC	248	B068960	935	73.69	0.6129	0.5121	0.399	248
B068964	ENSG00000172201	NIC	248	B068964	3840	56.99	0.1855	0.0726	0.295	248
B068965	ENSG00000112742	NIC	248	B068965	1158	74.54	0.5887	0.5040	0.587	248
B068972	ENSG00000104325	NIC	248	B068972	9764	88.14	0.8952	0.7540	0.846	248
B068977	ENSG00000148291	NIC	248	B075713	1327	57.43	0.2339	0.0766	0.323	248
B068981	ENSG00000076864	NIC	248	B079634	862	51.22	0.0444	0.0000	0.162	248
B068984	ENSG00000154473	NIC	248	B069573	9358	95.19	0.9879	0.9113	0.905	248
B068991	ENSG00000167588	NIC	248	B075230	10448	77.62	0.7379	0.2782	0.683	248
B068992	ENSG00000184271	NIC	248	B068992	436	45.30	0.0161	0.0000	0.115	248
B068997	ENSG00000092203	NIC	248	B068997	1208	56.80	0.1855	0.1694	0.29	248
B069001	ENSG00000108861	NIC	248	B069001	16019	52.64	0.3306	0.1089	0.519	248
B069008	ENSG00000239282	NIC	248	B069008	1298	82.87	0.7984	0.5565	0.792	248
B069026	ENSG00000029153	NNC	248	B069026	4840	67.40	0.5323	0.3306	0.513	248
B069039	ENSG00000198909	NNC	248	B069039	720	68.86	0.4476	0.3548	0.436	248
B069058	ENSG00000100106	NNC	248	B069058	1707	87.92	0.9032	0.6855	0.339	248
B069072	ENSG00000196923	NNC	248	B069072	11305	78.79	0.7218	0.4395	0.587	248
B069081	ENSG00000002933	NNC	248	B075551	371	54.38	0.1089	0.0000	0.387	248
B069093	ENSG00000151116	NNC	248	B074194	7856	88.32	0.8992	0.6371	0.873	248
B069097	ENSG00000213782	NNC	248	B069097	17683	84.63	0.8548	0.5726	0.756	248
B069109	ENSG00000291300	NNC	248	B070252	18174	73.38	0.6129	0.3790	0.71	248
B069119	ENSG00000171606	NNC	248	B069119	16377	63.03	0.4798	0.0000	0.334	248
B069129	ENSG00000170638	NNC	248	B075229	3536	77.04	0.7056	0.2944	0.655	248
B069146	ENSG00000087842	NNC	248	B069146	14912	79.11	0.7782	0.5202	0.797	248
B069161	ENSG00000187790	FSM	247	B069161	1045	54.63	0.2024	0.0000	0.202	247
B069165	ENSG00000173575	FSM	247	B078092	8224	65.56	0.4049	0.2470	0.44	247
B069167	ENSG00000168101	FSM	247	B069167	1045	58.41	0.4413	0.1053	0.615	247
B069172	ENSG00000129255	FSM	247	B077109	3897	85.91	0.8907	0.5628	0.781	247
B069174	ENSG00000160606	FSM	247	B069174	1521	85.66	0.9109	0.5182	0.83	247
B069177	ENSG00000142530	FSM	247	B075086	1600	61.99	0.4372	0.1700	0.594	247
B069180	ENSG00000003400	FSM	247	B069180	2142	80.04	0.7206	0.6680	0.707	247
B069181	ENSG00000006607	FSM	247	B069181	5297	74.34	0.6640	0.4372	0.576	247
B069184	ENSG00000100320	FSM	247	B069184	14548	53.68	0.2389	0.2227	0.306	247
B069195	ENSG00000235109	FSM	247	B078870	15215	73.86	0.6802	0.6073	0.569	247
B069197	ENSG00000155849	FSM	247	B069197	1457	86.20	0.8826	0.4575	0.723	247
B069203	ENSG00000156831	FSM	247	B080398	7242	82.77	0.8138	0.5668	0.515	247
B069204	ENSG00000136783	FSM	247	B073840	3430	89.19	0.8664	0.8259	0.831	247
B069206	ENSG00000095777	FSM	247	B072184	16115	87.97	0.8704	0.6721	0.871	247
B069207	ENSG00000180815	FSM	247	B069207	1666	73.49	0.6437	0.1822	0.319	247
B069211	ENSG00000171811	FSM	247	B069211	1016	87.26	0.8502	0.6883	0.832	247
B069213	ENSG00000172922	FSM	247	B069213	1580	58.22	0.4737	0.0567	0.498	247
B069228	ENSG00000196531	NIC	247	B069228	8243	63.44	0.4777	0.0810	0.373	247
B069241	ENSG00000197563	NIC	247	B069241	5266	90.80	0.9069	0.7976	0.811	247
B069257	ENSG00000164031	NIC	247	B069257	28950	64.23	0.5101	0.0526	0.375	247
B069269	ENSG00000130956	NIC	247	B069269	2954	56.77	0.1700	0.0000	0.158	247
B069271	ENSG00000099250	NIC	247	B074095	6277	70.01	0.5425	0.3401	0.625	247
B069273	ENSG00000187079	NIC	247	B069273	3398	54.65	0.1781	0.0000	0.281	247
B069297	ENSG00000101247	NIC	247	B069297	11263	84.32	0.8178	0.7206	0.774	247
B069308	ENSG00000055211	NIC	247	B069308	494	59.64	0.3320	0.1377	0.276	247
B069311	ENSG00000164975	NIC	247	B069311	1201	68.48	0.5709	0.0283	0.47	247
B069337	ENSG00000078043	NNC	247	B069337	5305	55.53	0.2348	0.1255	0.281	247
B069354	ENSG00000215440	NNC	247	B069354	12367	91.45	0.9352	0.8421	0.882	247
B069364	ENSG00000146457	NNC	247	B071566	1658	66.19	0.3887	0.3725	0.35	247
B069391	ENSG00000129993	NNC	247	B069786	13201	74.54	0.5951	0.5263	0.414	247
B069402	ENSG00000138399	NNC	247	B069402	559	82.02	0.7247	0.5223	0.752	247
B069403	ENSG00000204217	NNC	247	B069403	352	52.99	0.0729	0.0000	0.164	247
B069421	ENSG00000164741	NNC	247	B069421	4377	59.61	0.3603	0.0769	0.386	247
B069427	ENSG00000108001	NNC	247	B069427	1303	56.33	0.3036	0.0000	0.545	247
B069437	ENSG00000184302	FSM	246	B069437	11275	79.03	0.7358	0.5813	0.605	246
B069442	ENSG00000099785	FSM	246	B067510	10117	69.47	0.6057	0.1504	0.514	246
B069445	ENSG00000267796	FSM	246	B079272	1099	69.18	0.5041	0.2764	0.41	246
B069449	ENSG00000085982	FSM	246	B069449	7180	79.56	0.7724	0.4146	0.708	246
B069452	ENSG00000128245	FSM	246	B071192	11643	93.37	0.9634	0.8699	0.877	246
B069460	ENSG00000173852	FSM	246	B069460	1920	87.55	0.8821	0.6057	0.723	246
B069462	ENSG00000135272	FSM	246	B069462	1503	47.56	0.0081	0.0000	0.214	246
B069465	ENSG00000119139	FSM	246	B069465	1501	45.66	0.0081	0.0000	0.173	246
B069473	ENSG00000108654	FSM	246	B069473	23332	61.30	0.4268	0.0854	0.439	246
B069477	ENSG00000196562	FSM	246	B069477	10946	86.15	0.8252	0.6951	0.794	246
B069479	ENSG00000138821	FSM	246	B069479	9553	67.82	0.5813	0.1748	0.587	246
B069483	ENSG00000187609	FSM	246	B069483	773	76.79	0.7317	0.2033	0.639	246
B069486	ENSG00000166225	NIC	246	B069486	959	57.71	0.1707	0.0325	0.204	246
B069490	ENSG00000180776	NIC	246	B069490	4108	66.69	0.6179	0.1179	0.488	246
B069493	ENSG00000072110	NIC	246	B070327	9782	75.85	0.7846	0.0163	0.435	246
B069495	ENSG00000012963	NIC	246	B069646	1895	69.69	0.5935	0.4431	0.465	246
B069496	ENSG00000103671	NIC	246	B069496	3389	74.38	0.6382	0.3333	0.529	246
B069525	ENSG00000172667	NIC	246	B069525	3955	63.82	0.3862	0.1057	0.237	246
B069535	ENSG00000105821	NIC	246	B069535	7139	79.35	0.7967	0.2683	0.392	246
B069536	ENSG00000106484	NIC	246	B069536	3927	85.27	0.8821	0.5081	0.842	246
B069562	ENSG00000141576	NIC	246	B069562	761	53.00	0.0935	0.0000	0.228	246
B069581	ENSG00000133106	NNC	246	B069581	942	82.95	0.8008	0.6098	0.367	246
B069589	ENSG00000162066	NNC	246	B079422	15022	92.95	0.9837	0.7480	0.882	246
B069611	ENSG00000068745	NNC	246	B081732	5648	84.50	0.8049	0.6667	0.789	246
B069612	ENSG00000090097	NNC	246	B069612	13149	67.83	0.5488	0.0772	0.425	246
B069618	ENSG00000043143	NNC	246	B069618	244	56.53	0.1585	0.0407	0.23	246
B069625	ENSG00000147604	NNC	246	B080590	7041	92.77	0.9512	0.8780	0.824	246
B069631	ENSG00000184831	NNC	246	B083478	4658	65.87	0.5000	0.0122	0.301	246
B069641	ENSG00000111325	NNC	246	B069641	3565	84.01	0.8089	0.6789	0.837	246
B069656	ENSG00000159202	NNC	246	B069656	14501	91.14	0.8984	0.8455	0.855	246
B069660	ENSG00000171466	NNC	246	B069660	10153	50.43	0.1463	0.0000	0.289	246
B069666	ENSG00000118961	NNC	246	B069666	1176	77.88	0.7398	0.4268	0.728	246
B069693	ENSG00000107331	NNC	246	B069693	4909	63.99	0.3821	0.0041	0.419	246
B069710	ENSG00000150967	FSM	245	B069710	20195	85.36	0.8980	0.6163	0.795	245
B069712	ENSG00000257365	FSM	245	B069712	7119	92.26	0.9306	0.8531	0.878	245
B069715	ENSG00000134758	FSM	245	B077985	11568	76.25	0.7510	0.3388	0.488	245
B069729	ENSG00000242372	FSM	245	B076304	3876	91.03	0.9224	0.8490	0.823	245
B069736	ENSG00000119231	FSM	245	B083268	9813	91.40	0.9347	0.7673	0.851	245
B069737	ENSG00000109180	FSM	245	B069737	1905	63.60	0.4449	0.0571	0.375	245
B069741	ENSG00000204580	FSM	245	B069741	10527	78.27	0.7143	0.4939	0.793	245
B069743	ENSG00000130349	FSM	245	B071152	2818	63.05	0.4367	0.3347	0.461	245
B069744	ENSG00000120256	FSM	245	B079013	15899	63.24	0.4490	0.2122	0.283	245
B069767	ENSG00000121310	NIC	245	B072178	11829	79.02	0.7714	0.4204	0.727	245
B069770	ENSG00000128731	NIC	245	B069770	623	68.46	0.5347	0.3184	0.476	245
B069775	ENSG00000141738	NIC	245	B069775	2905	72.99	0.6245	0.3592	0.595	245
B069792	ENSG00000114450	NIC	245	B070630	12104	89.31	0.9347	0.6735	0.814	245
B069818	ENSG00000172830	NIC	245	B069818	14033	62.24	0.3306	0.2245	0.347	245
B069822	ENSG00000162409	NIC	245	B069822	2457	68.38	0.5020	0.3265	0.475	245
B069827	ENSG00000116176	NIC	245	B069827	22088	59.31	0.4163	0.1673	0.52	245
B069831	ENSG00000104976	NIC	245	B072800	546	60.42	0.3469	0.0408	0.223	245
B069852	ENSG00000156671	NIC	245	B073340	5999	65.70	0.5510	0.0327	0.399	245
B069853	ENSG00000076685	NIC	245	B069853	5986	85.31	0.8653	0.4735	0.753	245
B069871	ENSG00000168101	NNC	245	B069871	1143	81.22	0.8041	0.4939	0.783	245
B069892	ENSG00000163945	NNC	245	B069892	738	65.51	0.4816	0.2735	0.485	245
B069907	ENSG00000012211	NNC	245	B069907	2551	58.13	0.3306	0.0163	0.287	245
B069913	ENSG00000150347	NNC	245	B069913	1289	56.55	0.2204	0.0000	0.523	245
B069929	ENSG00000198858	NNC	245	B083631	818	70.37	0.5755	0.2327	0.372	245
B069930	ENSG00000205517	NNC	245	B069930	2876	80.93	0.7755	0.5265	0.631	245
B069973	ENSG00000060237	FSM	244	B069973	2260	60.06	0.1803	0.1516	0.311	244
B069979	ENSG00000087302	FSM	244	B078518	1628	72.46	0.6762	0.0000	0.425	244
B069980	ENSG00000100749	FSM	244	B069980	5065	87.81	0.8893	0.7172	0.833	244
B069985	ENSG00000169592	FSM	244	B069985	1770	63.52	0.2377	0.2008	0.3	244
B069996	ENSG00000119820	FSM	244	B082686	1943	66.84	0.5164	0.0410	0.534	244
B069997	ENSG00000138050	FSM	244	B078781	5319	67.22	0.5697	0.3934	0.663	244
B070002	ENSG00000151552	FSM	244	B083921	2257	95.28	0.9590	0.9385	0.909	244
B070005	ENSG00000026652	FSM	244	B080420	5691	86.60	0.9221	0.5164	0.771	244
B070006	ENSG00000157224	FSM	244	B072488	238	78.89	0.7172	0.5164	0.727	244
B070015	ENSG00000120647	FSM	244	B070015	1267	79.81	0.6926	0.5738	0.534	244
B070016	ENSG00000135655	FSM	244	B078255	3482	88.95	0.8975	0.7992	0.792	244
B070027	ENSG00000166012	NIC	244	B070027	529	60.81	0.2664	0.0697	0.316	244
B070028	ENSG00000149313	NIC	244	B070028	6681	86.53	0.8811	0.6885	0.819	244
B070030	ENSG00000110063	NIC	244	B070030	3386	85.67	0.8156	0.7090	0.797	244
B070038	ENSG00000053770	NIC	244	B070038	903	87.57	0.8975	0.6025	0.819	244
B070045	ENSG00000132591	NIC	244	B081943	4349	87.04	0.8770	0.7869	0.71	244
B070050	ENSG00000183010	NIC	244	B077821	11036	89.72	0.8934	0.8607	0.826	244
B070066	ENSG00000117477	NIC	244	B070066	685	67.96	0.4303	0.3115	0.373	244
B070091	ENSG00000120885	NIC	244	B070172	983	66.41	0.4262	0.0451	0.364	244
B070104	ENSG00000010539	NIC	244	B080245	17452	60.87	0.4836	0.1434	0.403	244
B070119	ENSG00000158220	NIC	244	B070119	1362	57.38	0.2869	0.1926	0.371	244
B070131	ENSG00000125485	NIC	244	B070131	7353	69.76	0.5984	0.1844	0.564	244
B070132	ENSG00000068308	NIC	244	B070132	2232	72.39	0.6189	0.3811	0.403	244
B070137	ENSG00000186318	NNC	244	B071294	3500	71.56	0.5984	0.4672	0.654	244
B070157	ENSG00000142149	NNC	244	B070157	9118	66.61	0.5164	0.4262	0.457	244
B070183	ENSG00000107679	NNC	244	B070183	4691	75.79	0.6803	0.4344	0.499	244
B070185	ENSG00000177106	NNC	244	B076063	9875	66.97	0.5287	0.0656	0.313	244
B070188	ENSG00000110400	NNC	244	B070188	2967	88.36	0.8770	0.7049	0.755	244
B070198	ENSG00000007376	NNC	244	B070198	15307	60.46	0.4754	0.1189	0.593	244
B070206	ENSG00000141570	NNC	244	B070206	11703	66.61	0.4180	0.2049	0.32	244
B070211	ENSG00000144354	NNC	244	B070211	4851	71.99	0.5984	0.4426	0.593	244
B070221	ENSG00000164082	NNC	244	B070221	7030	73.41	0.6680	0.1926	0.69	244
B070223	ENSG00000152684	NNC	244	B074175	3216	85.70	0.9139	0.4795	0.674	244
B070229	ENSG00000213719	NNC	244	B070229	3537	90.55	0.9016	0.7582	0.882	244
B070240	ENSG00000122958	NNC	244	B070240	3145	72.85	0.7172	0.1885	0.642	244
B070242	ENSG00000138162	NNC	244	B071925	3443	85.21	0.7869	0.6803	0.41	244
B070248	ENSG00000139597	FSM	243	B077970	5836	76.31	0.6296	0.6049	0.64	243
B070252	ENSG00000291300	FSM	243	B070252	17976	75.15	0.6461	0.4074	0.729	243
B070259	ENSG00000125637	FSM	243	B070259	1326	59.05	0.3251	0.0288	0.51	243
B070266	ENSG00000090520	FSM	243	B070266	10630	88.79	0.9424	0.5885	0.685	243
B070270	ENSG00000135587	FSM	243	B080584	761	82.77	0.8354	0.4856	0.677	243
B070272	ENSG00000111832	FSM	243	B078887	4906	79.88	0.6790	0.4362	0.557	243
B070274	ENSG00000196511	FSM	243	B082724	4443	96.95	1.0000	0.9753	0.925	243
B070280	ENSG00000138134	FSM	243	B063125	4480	79.58	0.7202	0.6872	0.713	243
B070289	ENSG00000164175	FSM	243	B070289	4783	63.15	0.4527	0.0000	0.541	243
B070292	ENSG00000118412	FSM	243	B083819	1054	67.34	0.3992	0.3374	0.389	243
B070300	ENSG00000198056	NIC	243	B070300	4370	82.30	0.7737	0.5432	0.787	243
B070302	ENSG00000120833	NIC	243	B083427	5541	69.93	0.5885	0.1975	0.647	243
B070303	ENSG00000008405	NIC	243	B080116	12723	69.57	0.6091	0.5226	0.598	243
B070306	ENSG00000132953	NIC	243	B070306	1446	70.19	0.5185	0.2963	0.695	243
B070309	ENSG00000102710	NIC	243	B070599	825	64.13	0.3951	0.1893	0.412	243
B070339	ENSG00000143224	NIC	243	B070339	4140	93.26	0.9794	0.8765	0.849	243
B070340	ENSG00000163933	NIC	243	B070340	2916	87.89	0.9012	0.6502	0.828	243
B070343	ENSG00000145569	NIC	243	B083540	1111	92.42	0.9753	0.7984	0.907	243
B070344	ENSG00000151876	NIC	243	B070344	1034	74.31	0.6255	0.3539	0.752	243
B070351	ENSG00000188732	NIC	243	B070351	2253	88.11	0.9012	0.6708	0.804	243
B070358	ENSG00000095380	NIC	243	B080733	11330	94.33	0.9671	0.9342	0.818	243
B070368	ENSG00000213619	NIC	243	B082052	21130	68.38	0.6132	0.1770	0.619	243
B070382	ENSG00000135916	NIC	243	B070382	1357	53.02	0.3292	0.0000	0.505	243
B070383	ENSG00000116649	NIC	243	B076659	12347	88.52	0.8683	0.8025	0.849	243
B070414	ENSG00000129518	NNC	243	B080308	2249	61.80	0.3827	0.0412	0.318	243
B070420	ENSG00000015413	NNC	243	B070420	14690	80.97	0.7243	0.6379	0.733	243
B070440	ENSG00000101464	NNC	243	B080267	1565	84.97	0.8395	0.6420	0.792	243
B070444	ENSG00000163517	NNC	243	B075533	9845	89.00	0.8560	0.8272	0.851	243
B070457	ENSG00000055211	NNC	243	B070457	509	74.25	0.5761	0.4815	0.6	243
B070467	ENSG00000204065	NNC	243	B070467	555	53.18	0.0123	0.0000	0.161	243
B070476	ENSG00000205213	NNC	243	B070476	6280	48.68	0.2757	0.0000	0.399	243
B070477	ENSG00000110429	NNC	243	B070477	7875	80.72	0.7325	0.5350	0.713	243
B070492	ENSG00000008382	NNC	243	B070492	2394	76.96	0.7119	0.3992	0.712	243
B070499	ENSG00000115687	NNC	243	B075287	15140	82.41	0.7449	0.7078	0.751	243
B070531	ENSG00000133116	FSM	242	B070531	11519	85.34	0.8760	0.6198	0.774	242
B070533	ENSG00000165548	FSM	242	B077851	1978	50.90	0.0289	0.0000	0.299	242
B070541	ENSG00000102908	FSM	242	B084643	706	49.59	0.0496	0.0000	0.157	242
B070543	ENSG00000166484	FSM	242	B070543	398	55.89	0.1942	0.0000	0.221	242
B070545	ENSG00000167447	FSM	242	B070545	1591	84.97	0.8223	0.6529	0.812	242
B070553	ENSG00000180448	FSM	242	B079215	5631	51.84	0.1612	0.0041	0.309	242
B070561	ENSG00000185619	FSM	242	B084216	13283	82.84	0.8099	0.6405	0.471	242
B070564	ENSG00000050748	FSM	242	B078704	14887	80.50	0.8017	0.4339	0.777	242
B070566	ENSG00000112584	FSM	242	B070566	1489	83.13	0.7686	0.7314	0.748	242
B070571	ENSG00000148225	FSM	242	B070571	10037	94.76	0.9876	0.9050	0.896	242
B070587	ENSG00000031698	FSM	242	B070587	12424	77.48	0.7438	0.1860	0.58	242
B070593	ENSG00000182359	NIC	242	B070593	8050	81.76	0.8802	0.1405	0.703	242
B070597	ENSG00000135655	NIC	242	B072990	15754	77.22	0.7107	0.4174	0.647	242
B070608	ENSG00000124067	NIC	242	B070608	4513	61.62	0.4050	0.0826	0.451	242
B070611	ENSG00000136451	NIC	242	B070611	6740	51.21	0.1983	0.0041	0.197	242
B070616	ENSG00000142230	NIC	242	B061891	3447	90.32	0.9050	0.8099	0.849	242
B070631	ENSG00000145191	NIC	242	B071406	2694	80.35	0.7107	0.5785	0.663	242
B070643	ENSG00000005469	NIC	242	B070643	3433	94.42	0.9711	0.9215	0.911	242
B070652	ENSG00000165113	NIC	242	B071420	966	76.85	0.6198	0.4793	0.353	242
B070671	ENSG00000168807	NIC	242	B070671	1698	65.06	0.5413	0.3264	0.62	242
B070680	ENSG00000198521	NIC	242	B070680	12187	49.10	0.2479	0.0000	0.297	242
B070697	ENSG00000159840	NIC	242	B081108	13214	76.80	0.7686	0.1736	0.433	242
B070711	ENSG00000073921	NNC	242	B072053	2091	50.30	0.0868	0.0000	0.198	242
B070722	ENSG00000048471	NNC	242	B070722	1231	59.84	0.2273	0.0413	0.272	242
B070731	ENSG00000143870	NNC	242	B081073	19967	91.63	0.9711	0.7686	0.697	242
B070741	ENSG00000184979	NNC	242	B079963	9053	85.50	0.8471	0.6198	0.797	242
B070743	ENSG00000198715	NNC	242	B070743	748	65.19	0.5620	0.1281	0.661	242
B070746	ENSG00000114395	NNC	242	B070746	1310	87.83	0.8636	0.6570	0.85	242
B070771	ENSG00000122378	NNC	242	B073904	4826	65.10	0.4215	0.0702	0.619	242
B070773	ENSG00000134569	NNC	242	B070773	188	52.54	0.1612	0.0744	0.242	242
B070814	ENSG00000104613	NNC	242	B070814	407	63.48	0.4959	0.1777	0.607	242
B070821	ENSG00000179950	NNC	242	B070821	9261	73.50	0.6074	0.3884	0.478	242
B070823	ENSG00000136933	NNC	242	B071112	9383	91.47	0.9504	0.8099	0.867	242
B070832	ENSG00000133318	NNC	242	B070832	184	52.03	0.0537	0.0000	0.164	242
B070835	ENSG00000189079	FSM	241	B070835	3152	66.36	0.5062	0.1203	0.365	241
B070841	ENSG00000170779	FSM	241	B082431	1671	61.15	0.3237	0.1037	0.356	241
B070843	ENSG00000103064	FSM	241	B070843	9969	77.82	0.7884	0.0332	0.663	241
B070849	ENSG00000143106	FSM	241	B079275	10603	91.72	0.9378	0.7635	0.885	241
B070856	ENSG00000132680	FSM	241	B070856	2383	65.55	0.4191	0.2822	0.41	241
B070862	ENSG00000213719	FSM	241	B070229	3202	92.71	0.9461	0.8174	0.887	241
B070870	ENSG00000171163	FSM	241	B070870	6490	66.90	0.5560	0.1369	0.357	241
B070873	ENSG00000117602	FSM	241	B077153	2547	71.43	0.5685	0.3112	0.455	241
B070874	ENSG00000148834	FSM	241	B078433	10192	94.83	0.9793	0.9336	0.915	241
B070877	ENSG00000175352	FSM	241	B079082	1401	70.51	0.4979	0.3444	0.522	241
B070883	ENSG00000149554	FSM	241	B070883	11718	92.94	0.9585	0.8548	0.896	241
B070886	ENSG00000154027	FSM	241	B070886	11501	68.22	0.6432	0.0456	0.446	241
B070906	ENSG00000100823	NIC	241	B070906	14318	94.26	0.9917	0.8506	0.912	241
B070918	ENSG00000161395	NIC	241	B070918	3012	87.50	0.9253	0.5560	0.737	241
B070942	ENSG00000143627	NIC	241	B077124	19098	96.03	1.0000	0.9751	0.889	241
B070951	ENSG00000109705	NIC	241	B070951	18220	61.65	0.2988	0.2324	0.384	241
B070960	ENSG00000113328	NIC	241	B071914	2142	88.72	0.9046	0.6680	0.872	241
B070963	ENSG00000128595	NIC	241	B070963	7687	76.50	0.7759	0.0622	0.629	241
B070969	ENSG00000136826	NIC	241	B071358	16139	54.49	0.1328	0.0913	0.228	241
B070971	ENSG00000150347	NIC	241	B070971	1713	68.80	0.5394	0.3651	0.608	241
B070975	ENSG00000110888	NIC	241	B070975	1006	50.33	0.0581	0.0000	0.133	241
B070983	ENSG00000102978	NIC	241	B070983	6555	83.19	0.8880	0.2905	0.712	241
B070990	ENSG00000115159	NIC	241	B078051	13202	75.14	0.7220	0.1286	0.43	241
B070997	ENSG00000251595	NIC	241	B078362	18404	51.00	0.1494	0.0000	0.351	241
B071012	ENSG00000162129	NIC	241	B071012	6000	77.84	0.7510	0.3278	0.678	241
B071030	ENSG00000188641	NNC	241	B071030	7563	81.66	0.7137	0.4772	0.802	241
B071032	ENSG00000084733	NNC	241	B074219	18445	68.50	0.5975	0.1494	0.617	241
B071041	ENSG00000160201	NNC	241	B082173	8005	78.51	0.7137	0.5602	0.698	241
B071048	ENSG00000118762	NNC	241	B071048	2693	66.99	0.3817	0.1286	0.269	241
B071050	ENSG00000067113	NNC	241	B071050	13533	75.93	0.7095	0.2199	0.672	241
B071051	ENSG00000125347	NNC	241	B071912	1082	57.35	0.2199	0.0913	0.22	241
B071078	ENSG00000125304	NNC	241	B071078	7121	80.95	0.8548	0.2614	0.583	241
B071081	ENSG00000125703	NNC	241	B071081	4858	79.51	0.7261	0.4689	0.751	241
B071086	ENSG00000131475	NNC	241	B084324	2793	70.45	0.6680	0.1743	0.583	241
B071097	ENSG00000069849	NNC	241	B071097	4366	80.08	0.8423	0.1618	0.646	241
B071100	ENSG00000116786	NNC	241	B071100	1756	80.76	0.7801	0.3693	0.553	241
B071105	ENSG00000185842	NNC	241	B071105	672	54.30	0.2739	0.0000	0.426	241
B071110	ENSG00000083223	NNC	241	B071110	3075	60.35	0.3278	0.0041	0.257	241
B071111	ENSG00000157693	NNC	241	B081752	738	67.64	0.5270	0.0000	0.548	241
B071126	ENSG00000149927	FSM	240	B071126	12747	74.54	0.5958	0.5042	0.599	240
B071141	ENSG00000143384	FSM	240	B071141	1431	73.44	0.6208	0.3583	0.664	240
B071142	ENSG00000159445	FSM	240	B075625	7149	82.91	0.7375	0.6625	0.772	240
B071143	ENSG00000160201	FSM	240	B069406	8311	79.16	0.7167	0.5083	0.684	240
B071170	ENSG00000116560	NIC	240	B071170	11292	89.90	0.8958	0.7625	0.683	240
B071171	ENSG00000135423	NIC	240	B071171	12049	86.28	0.9083	0.4833	0.559	240
B071177	ENSG00000100473	NIC	240	B077592	8162	88.05	0.8625	0.7042	0.824	240
B071196	ENSG00000133195	NIC	240	B082381	4738	58.83	0.3500	0.0042	0.415	240
B071197	ENSG00000177150	NIC	240	B071089	12862	51.53	0.2042	0.0375	0.265	240
B071200	ENSG00000090006	NIC	240	B071200	8493	60.85	0.3708	0.0792	0.361	240
B071201	ENSG00000063241	NIC	240	B071201	7308	57.41	0.3250	0.2083	0.384	240
B071207	ENSG00000089195	NIC	240	B074635	1880	70.77	0.6417	0.2458	0.644	240
B071214	ENSG00000163517	NIC	240	B063515	9850	84.76	0.7917	0.6625	0.812	240
B071252	ENSG00000189079	NIC	240	B071252	6029	74.18	0.6833	0.0250	0.494	240
B071273	ENSG00000143368	NIC	240	B071273	14299	75.72	0.6750	0.2583	0.552	240
B071288	ENSG00000102078	NIC	240	B081446	11561	50.38	0.0000	0.0000	0.31	240
B071300	ENSG00000244754	NNC	240	B078607	4961	76.78	0.6417	0.6000	0.66	240
B071326	ENSG00000115540	NNC	240	B071326	2635	73.16	0.7167	0.2958	0.708	240
B071344	ENSG00000072786	NNC	240	B071344	1579	85.48	0.8167	0.6542	0.609	240
B071381	ENSG00000281991	NNC	240	B071381	469	54.43	0.0708	0.0000	0.138	240
B071401	ENSG00000183765	NNC	240	B071401	20663	78.96	0.7250	0.4667	0.767	240
B071403	ENSG00000163376	NNC	240	B071403	4815	86.73	0.8875	0.6667	0.818	240
B071413	ENSG00000204304	NNC	240	B067521	11739	69.78	0.5417	0.3458	0.455	240
B071422	ENSG00000160408	NNC	240	B071422	2419	67.91	0.5667	0.3583	0.629	240
B071424	ENSG00000067177	NNC	240	B071424	2707	79.10	0.7542	0.5375	0.736	240
B071426	ENSG00000011105	FSM	239	B074134	9109	85.10	0.8828	0.4561	0.748	239
B071430	ENSG00000099769	FSM	239	B071430	2961	93.01	0.9540	0.8285	0.881	239
B071439	ENSG00000086544	FSM	239	B071439	3898	94.98	0.9958	0.9414	0.891	239
B071447	ENSG00000138867	FSM	239	B071447	2087	87.14	0.8494	0.6904	0.846	239
B071448	ENSG00000160710	FSM	239	B071448	1350	66.99	0.5188	0.2887	0.337	239
B071449	ENSG00000100116	FSM	239	B071449	16202	94.23	1.0000	0.8870	0.857	239
B071458	ENSG00000185420	FSM	239	B071458	15849	94.96	0.9874	0.9205	0.892	239
B071461	ENSG00000197694	FSM	239	B071461	8942	82.44	0.8870	0.1925	0.509	239
B071469	ENSG00000163939	FSM	239	B071469	8624	79.77	0.7071	0.6151	0.503	239
B071470	ENSG00000143183	FSM	239	B071470	1559	55.59	0.1172	0.0000	0.396	239
B071471	ENSG00000185842	FSM	239	B076006	539	56.70	0.3054	0.1004	0.446	239
B071474	ENSG00000186638	FSM	239	B071474	1195	58.45	0.3013	0.0000	0.328	239
B071484	ENSG00000261740	NIC	239	B085005	412	82.35	0.7782	0.5732	0.775	239
B071488	ENSG00000167840	NIC	239	B071488	12859	68.03	0.5732	0.5272	0.537	239
B071492	ENSG00000167447	NIC	239	B071492	1225	75.12	0.6862	0.3222	0.543	239
B071506	ENSG00000171612	NIC	239	B071506	11370	69.12	0.6192	0.0000	0.564	239
B071508	ENSG00000088970	NIC	239	B071508	524	57.44	0.1046	0.0377	0.176	239
B071514	ENSG00000100320	NIC	239	B071811	8890	52.53	0.1590	0.0000	0.257	239
B071518	ENSG00000041880	NIC	239	B075829	8119	84.14	0.8577	0.4435	0.77	239
B071521	ENSG00000145632	NIC	239	B071521	3225	87.40	0.8870	0.7029	0.864	239
B071538	ENSG00000171714	NIC	239	B071538	8733	81.45	0.8410	0.2971	0.664	239
B071543	ENSG00000132128	NIC	239	B077272	1499	86.81	0.8494	0.6820	0.832	239
B071545	ENSG00000151413	NIC	239	B071545	20941	73.76	0.6862	0.2176	0.677	239
B071557	ENSG00000100983	NIC	239	B081727	4419	83.05	0.8075	0.5690	0.736	239
B071569	ENSG00000183943	NIC	239	B072682	18801	88.70	0.8912	0.7364	0.851	239
B071588	ENSG00000140650	NNC	239	B073857	5078	86.45	0.8536	0.7490	0.791	239
B071590	ENSG00000172824	NNC	239	B082896	21572	79.32	0.7490	0.4393	0.718	239
B071592	ENSG00000129255	NNC	239	B077109	3915	80.80	0.8243	0.2594	0.75	239
B071593	ENSG00000117114	NNC	239	B071593	769	55.37	0.1255	0.0460	0.196	239
B071598	ENSG00000283761	NNC	239	B071598	7563	75.25	0.7071	0.1883	0.678	239
B071599	ENSG00000073050	NNC	239	B071599	1809	71.59	0.4770	0.3933	0.48	239
B071608	ENSG00000015568	NNC	239	B078990	1538	83.10	0.7782	0.6778	0.713	239
B071619	ENSG00000080822	NNC	239	B078175	575	74.55	0.6695	0.1464	0.705	239
B071641	ENSG00000001036	NNC	239	B078210	10962	92.55	0.9665	0.8285	0.873	239
B071655	ENSG00000166321	NNC	239	B081616	10779	85.66	0.8494	0.6527	0.789	239
B071656	ENSG00000117602	NNC	239	B077153	2687	71.82	0.5858	0.3096	0.456	239
B071660	ENSG00000085117	NNC	239	B071660	7475	64.06	0.4310	0.0167	0.504	239
B071663	ENSG00000122034	NNC	239	B071663	10030	71.86	0.6527	0.0293	0.45	239
B071669	ENSG00000174444	NNC	239	B071669	6473	75.55	0.7364	0.3556	0.45	239
B071677	ENSG00000166484	NNC	239	B071677	398	62.80	0.3431	0.0921	0.238	239
B071687	ENSG00000144233	NNC	239	B079803	5915	81.86	0.7782	0.6444	0.734	239
B071699	ENSG00000163960	NNC	239	B071699	4138	76.37	0.6569	0.4393	0.498	239
B071722	ENSG00000135404	FSM	238	B075383	8581	87.75	0.8992	0.6597	0.747	238
B071724	ENSG00000155957	FSM	238	B080665	9998	87.84	0.9076	0.6134	0.828	238
B071727	ENSG00000139618	FSM	238	B082198	792	58.80	0.2353	0.0378	0.216	238
B071728	ENSG00000253710	FSM	238	B084128	2961	93.55	0.9538	0.8866	0.897	238
B071765	ENSG00000119953	FSM	238	B071765	8349	73.96	0.6092	0.2227	0.312	238
B071770	ENSG00000149476	FSM	238	B071770	7391	60.05	0.4916	0.2143	0.557	238
B071771	ENSG00000116478	FSM	238	B058760	11576	70.81	0.5840	0.2941	0.532	238
B071776	ENSG00000255561	NIC	238	B071776	3185	86.52	0.8950	0.5126	0.748	238
B071787	ENSG00000140992	NIC	238	B079546	20408	78.54	0.6639	0.6429	0.665	238
B071818	ENSG00000170502	NIC	238	B080165	12104	85.25	0.8235	0.7689	0.78	238
B071836	ENSG00000095539	NIC	238	B071836	808	64.93	0.3908	0.1933	0.281	238
B071843	ENSG00000173064	NIC	238	B071843	263	65.62	0.3992	0.2731	0.441	238
B071846	ENSG00000141298	NIC	238	B079360	3608	75.11	0.7353	0.1471	0.492	238
B071855	ENSG00000143079	NIC	238	B071855	919	56.24	0.1975	0.0756	0.208	238
B071857	ENSG00000136560	NIC	238	B071857	572	67.11	0.4118	0.3571	0.327	238
B071869	ENSG00000040341	NIC	238	B072161	9375	74.49	0.6218	0.3655	0.416	238
B071889	ENSG00000254858	NNC	238	B071889	8154	73.26	0.6765	0.3529	0.678	238
B071911	ENSG00000197208	NNC	238	B071911	9239	61.75	0.3025	0.0000	0.558	238
B071913	ENSG00000086589	NNC	238	B071913	3446	66.52	0.5084	0.0294	0.539	238
B071939	ENSG00000111305	NNC	238	B071939	1612	71.12	0.6008	0.2059	0.611	238
B071942	ENSG00000123374	NNC	238	B071942	16039	71.82	0.6218	0.2311	0.706	238
B071960	ENSG00000291127	NNC	238	B076220	1812	76.69	0.5924	0.5546	0.428	238
B071962	ENSG00000009307	NNC	238	B075406	5552	80.41	0.7437	0.4034	0.59	238
B071964	ENSG00000132664	NNC	238	B071964	2680	79.31	0.8277	0.2605	0.482	238
B071965	ENSG00000143458	NNC	238	B082763	10663	78.52	0.6891	0.6681	0.673	238
B071969	ENSG00000163832	NNC	238	B071969	1200	84.43	0.8109	0.5588	0.837	238
B071973	ENSG00000164074	NNC	238	B071973	2633	66.62	0.5294	0.3067	0.546	238
B071982	ENSG00000291316	NNC	238	B071982	536	60.49	0.4496	0.0798	0.497	238
B071983	ENSG00000148120	NNC	238	B071983	6545	88.31	0.9160	0.6555	0.755	238
B071985	ENSG00000148187	NNC	238	B082947	2253	65.90	0.5252	0.1092	0.471	238
B071996	ENSG00000137710	FSM	237	B071996	1827	81.53	0.7426	0.5063	0.362	237
B072002	ENSG00000157916	FSM	237	B084069	4279	65.60	0.4979	0.0633	0.557	237
B072021	ENSG00000145439	FSM	237	B082710	14554	96.68	0.9958	0.9747	0.93	237
B072044	ENSG00000099840	FSM	237	B081400	221	47.44	0.0211	0.0000	0.37	237
B072048	ENSG00000144118	FSM	237	B072048	16309	78.15	0.6835	0.5570	0.705	237
B072053	ENSG00000073921	FSM	237	B072053	2060	50.41	0.0759	0.0000	0.201	237
B072062	ENSG00000165487	NIC	237	B072062	3518	76.56	0.6835	0.2827	0.752	237
B072074	ENSG00000068079	NIC	237	B084563	2184	65.60	0.5021	0.0633	0.426	237
B072081	ENSG00000137992	NIC	237	B072081	12214	76.92	0.7046	0.3544	0.601	237
B072093	ENSG00000114904	NIC	237	B073318	890	69.19	0.5021	0.2827	0.353	237
B072102	ENSG00000113719	NIC	237	B072102	4283	70.26	0.5907	0.1435	0.565	237
B072106	ENSG00000112200	NIC	237	B076916	2963	67.28	0.4979	0.1350	0.325	237
B072114	ENSG00000136877	NIC	237	B072114	8996	76.62	0.6835	0.4262	0.769	237
B072116	ENSG00000102225	NIC	237	B073677	20903	85.23	0.8228	0.7511	0.823	237
B072133	ENSG00000129255	NIC	237	B080250	2318	54.37	0.2869	0.0000	0.435	237
B072136	ENSG00000105519	NIC	237	B072136	6082	52.68	0.2532	0.0000	0.354	237
B072147	ENSG00000114416	NIC	237	B082075	1355	60.21	0.2447	0.1730	0.271	237
B072172	ENSG00000175352	NIC	237	B079082	1444	70.76	0.5190	0.3502	0.53	237
B072174	ENSG00000110925	NNC	237	B072174	2424	76.64	0.6076	0.4515	0.567	237
B072176	ENSG00000135404	NNC	237	B075383	8022	81.29	0.8228	0.3333	0.656	237
B072190	ENSG00000167315	NNC	237	B084571	20103	96.05	1.0000	0.9578	0.913	237
B072195	ENSG00000104823	NNC	237	B075928	13793	85.57	0.8523	0.7468	0.803	237
B072207	ENSG00000290796	NNC	237	B072207	7659	54.37	0.3924	0.0169	0.594	237
B072214	ENSG00000126524	NNC	237	B073718	4206	67.30	0.5274	0.0000	0.47	237
B072234	ENSG00000129315	NNC	237	B072234	6505	82.18	0.9114	0.2278	0.793	237
B072240	ENSG00000100519	NNC	237	B072240	19503	74.68	0.6582	0.2236	0.615	237
B072250	ENSG00000097096	NNC	237	B072250	8298	85.71	0.8101	0.7089	0.829	237
B072257	ENSG00000124839	NNC	237	B086028	15970	72.76	0.6160	0.3333	0.688	237
B072259	ENSG00000143376	NNC	237	B072259	6866	82.08	0.8186	0.4388	0.536	237
B072273	ENSG00000155849	NNC	237	B072273	1352	74.18	0.6878	0.1730	0.576	237
B072275	ENSG00000157657	NNC	237	B072275	95	33.90	0.0000	0.0000	0.17	237
B072281	ENSG00000121621	NNC	237	B072281	12819	82.54	0.8186	0.4979	0.762	237
B072288	ENSG00000151327	FSM	236	B072288	1989	62.38	0.3941	0.1441	0.291	236
B072293	ENSG00000133027	FSM	236	B083146	2650	85.03	0.8008	0.7034	0.765	236
B072297	ENSG00000115762	FSM	236	B081535	3117	63.86	0.4619	0.3517	0.501	236
B072301	ENSG00000144840	FSM	236	B080271	3782	76.37	0.6949	0.4449	0.747	236
B072303	ENSG00000121879	FSM	236	B072303	6541	82.62	0.7924	0.5339	0.816	236
B072311	ENSG00000182307	FSM	236	B084435	1544	68.44	0.4110	0.3432	0.432	236
B072319	ENSG00000110768	FSM	236	B072319	874	73.62	0.5720	0.3263	0.43	236
B072321	ENSG00000110047	FSM	236	B077848	10435	70.85	0.6186	0.0000	0.413	236
B072325	ENSG00000159915	FSM	236	B072325	11805	45.94	0.0381	0.0000	0.302	236
B072326	ENSG00000184307	FSM	236	B072326	10981	59.92	0.3771	0.0212	0.437	236
B072331	ENSG00000134686	NIC	236	B084068	9326	65.30	0.4364	0.2797	0.354	236
B072333	ENSG00000197429	NIC	236	B072333	10217	86.46	0.9068	0.5678	0.752	236
B072334	ENSG00000182957	NIC	236	B072334	636	51.94	0.0297	0.0000	0.118	236
B072354	ENSG00000115756	NIC	236	B081408	13698	57.16	0.3983	0.0000	0.45	236
B072356	ENSG00000171055	NIC	236	B080453	1913	68.09	0.5212	0.0890	0.469	236
B072363	ENSG00000163159	NIC	236	B072363	2277	70.53	0.5551	0.1525	0.269	236
B072372	ENSG00000112739	NIC	236	B072372	14921	95.39	1.0000	0.8898	0.919	236
B072373	ENSG00000124713	NIC	236	B072373	1008	61.90	0.5085	0.0551	0.612	236
B072396	ENSG00000128973	NIC	236	B072396	582	65.58	0.5127	0.1864	0.577	236
B072398	ENSG00000217930	NIC	236	B072398	2	44.73	0.1102	0.0000	0.148	236
B072415	ENSG00000106415	NIC	236	B075472	1978	57.17	0.2034	0.0297	0.183	236
B072428	ENSG00000137500	NIC	236	B072428	2615	79.26	0.7415	0.5085	0.381	236
B072437	ENSG00000065150	NNC	236	B072437	3096	82.49	0.7288	0.5042	0.76	236
B072442	ENSG00000140740	NNC	236	B078722	2727	92.51	0.9703	0.7585	0.877	236
B072451	ENSG00000013275	NNC	236	B072451	16705	67.75	0.6186	0.0000	0.55	236
B072454	ENSG00000171055	NNC	236	B072454	1902	70.64	0.5636	0.2373	0.331	236
B072459	ENSG00000115073	NNC	236	B072459	17808	92.64	0.9831	0.7881	0.854	236
B072474	ENSG00000169251	NNC	236	B072474	3256	87.85	0.8814	0.6780	0.809	236
B072479	ENSG00000157796	NNC	236	B072479	1702	87.99	0.9619	0.5466	0.758	236
B072484	ENSG00000170234	NNC	236	B072484	695	56.02	0.0890	0.0000	0.157	236
B072486	ENSG00000049618	NNC	236	B072486	1497	48.69	0.0000	0.0000	0.113	236
B072490	ENSG00000083168	NNC	236	B072490	13993	64.17	0.4195	0.2415	0.258	236
B072498	ENSG00000165813	NNC	236	B072498	1052	90.63	0.9068	0.7924	0.402	236
B072516	ENSG00000115942	NNC	236	B072516	109	56.65	0.1695	0.0127	0.182	236
B072532	ENSG00000164620	NNC	236	B072532	1417	49.12	0.1356	0.0678	0.229	236
B072534	ENSG00000050393	NNC	236	B072534	17708	77.02	0.6483	0.5424	0.403	236
B072539	ENSG00000198042	NNC	236	B072539	3678	71.01	0.5593	0.3347	0.405	236
B072548	ENSG00000119929	NNC	236	B084735	14711	91.15	0.8983	0.8390	0.86	236
B072560	ENSG00000196531	FSM	235	B079147	8300	69.29	0.5064	0.3702	0.351	235
B072562	ENSG00000139318	FSM	235	B077928	10800	70.79	0.6213	0.0766	0.493	235
B072570	ENSG00000076351	FSM	235	B072570	1072	55.64	0.0596	0.0000	0.299	235
B072571	ENSG00000108370	FSM	235	B072571	2801	82.38	0.7872	0.6596	0.763	235
B072577	ENSG00000149599	FSM	235	B074754	10362	80.78	0.7149	0.6681	0.725	235
B072596	ENSG00000106330	FSM	235	B080703	2029	71.95	0.5957	0.3191	0.497	235
B072598	ENSG00000175806	FSM	235	B072598	24874	87.97	0.8553	0.7872	0.824	235
B072608	ENSG00000119636	FSM	235	B072608	745	84.51	0.7702	0.7021	0.442	235
B072617	ENSG00000149483	FSM	235	B072617	962	54.58	0.0809	0.0000	0.324	235
B072618	ENSG00000050426	NIC	235	B081454	887	72.74	0.6596	0.0170	0.583	235
B072636	ENSG00000115295	NIC	235	B072636	13174	67.19	0.4128	0.2809	0.413	235
B072640	ENSG00000136699	NIC	235	B072640	578	75.04	0.7064	0.1617	0.546	235
B072655	ENSG00000113812	NIC	235	B084276	2278	71.91	0.6000	0.3234	0.598	235
B072672	ENSG00000105939	NIC	235	B072672	2446	90.28	0.9191	0.7617	0.881	235
B072673	ENSG00000105982	NIC	235	B072673	12662	77.70	0.7404	0.4936	0.6	235
B072675	ENSG00000133740	NIC	235	B072932	4224	68.50	0.4809	0.2809	0.391	235
B072681	ENSG00000077327	NIC	235	B072681	1890	92.83	0.9319	0.8681	0.857	235
B072685	ENSG00000130829	NIC	235	B066705	11814	80.84	0.6553	0.6128	0.672	235
B072688	ENSG00000107874	NIC	235	B072688	831	64.05	0.5064	0.0000	0.375	235
B072703	ENSG00000166579	NIC	235	B072703	3118	84.52	0.7702	0.6766	0.431	235
B072714	ENSG00000164091	NIC	235	B072714	7983	95.16	0.9915	0.9106	0.892	235
B072716	ENSG00000181458	NIC	235	B072716	2213	85.94	0.8213	0.7106	0.754	235
B072720	ENSG00000112763	NIC	235	B073607	6731	87.68	0.8596	0.7064	0.569	235
B072724	ENSG00000160325	NIC	235	B082085	4	32.58	0.0000	0.0000	0.317	235
B072731	ENSG00000213903	NNC	235	B072731	8343	61.42	0.2766	0.0000	0.338	235
B072753	ENSG00000100124	NNC	235	B084114	7077	77.02	0.7532	0.3660	0.692	235
B072756	ENSG00000081721	NNC	235	B072756	9861	81.66	0.7234	0.5745	0.741	235
B072764	ENSG00000169862	NNC	235	B074329	2560	67.42	0.4936	0.2383	0.575	235
B072776	ENSG00000155816	NNC	235	B083036	3786	91.28	0.9021	0.8298	0.787	235
B072801	ENSG00000105647	NNC	235	B072801	6865	63.39	0.3404	0.1957	0.387	235
B072849	ENSG00000205309	FSM	234	B072849	2788	87.21	0.8333	0.7778	0.814	234
B072859	ENSG00000155729	FSM	234	B075342	8186	74.36	0.6453	0.3034	0.636	234
B072866	ENSG00000145050	FSM	234	B072866	2937	66.13	0.4701	0.0000	0.431	234
B072868	ENSG00000187672	FSM	234	B073986	1231	66.14	0.4188	0.3077	0.375	234
B072870	ENSG00000204435	FSM	234	B079348	4794	87.64	0.8333	0.7821	0.8	234
B072872	ENSG00000106069	FSM	234	B072872	10667	91.18	0.9274	0.7692	0.84	234
B072874	ENSG00000106588	FSM	234	B082133	10882	93.36	0.9701	0.8120	0.892	234
B072879	ENSG00000197102	FSM	234	B084133	8137	87.45	0.9231	0.5940	0.486	234
B072887	ENSG00000116863	NIC	234	B072887	3945	89.78	0.8803	0.8034	0.861	234
B072888	ENSG00000182934	NIC	234	B075786	15705	86.14	0.8504	0.5085	0.865	234
B072892	ENSG00000150401	NIC	234	B072892	5729	80.24	0.7436	0.5641	0.699	234
B072898	ENSG00000140382	NIC	234	B078404	11248	84.91	0.8718	0.4829	0.442	234
B072906	ENSG00000115368	NIC	234	B073313	672	65.18	0.4402	0.0855	0.375	234
B072909	ENSG00000143384	NIC	234	B072909	436	57.87	0.2564	0.1496	0.339	234
B072913	ENSG00000116584	NIC	234	B072913	341	65.74	0.3803	0.2607	0.363	234
B072954	ENSG00000278845	NIC	234	B072954	1674	73.94	0.6838	0.1453	0.572	234
B072965	ENSG00000101361	NIC	234	B072965	2622	57.30	0.3077	0.0769	0.305	234
B072982	ENSG00000149115	NIC	234	B072982	1267	59.48	0.2607	0.0043	0.225	234
B072988	ENSG00000110002	NNC	234	B072988	4893	88.43	0.9701	0.5427	0.633	234
B072989	ENSG00000010295	NNC	234	B083938	4950	72.15	0.5385	0.2863	0.346	234
B072999	ENSG00000160551	NNC	234	B072999	17503	88.13	0.8632	0.7650	0.844	234
B073010	ENSG00000055332	NNC	234	B073010	11465	74.16	0.6453	0.3248	0.716	234
B073014	ENSG00000115419	NNC	234	B073014	11359	91.16	0.9316	0.8077	0.827	234
B073015	ENSG00000132639	NNC	234	B082969	3934	74.69	0.6667	0.3462	0.601	234
B073018	ENSG00000101193	NNC	234	B074571	4302	88.23	0.9188	0.6880	0.766	234
B073028	ENSG00000291118	NNC	234	B073028	1342	62.18	0.3547	0.2991	0.338	234
B073033	ENSG00000175137	NNC	234	B073033	2295	69.20	0.4487	0.3761	0.377	234
B073044	ENSG00000150760	NNC	234	B073044	251	54.67	0.1026	0.0000	0.14	234
B073054	ENSG00000140575	NNC	234	B073054	2582	89.25	0.9060	0.6838	0.418	234
B073065	ENSG00000138092	NNC	234	B073973	875	83.37	0.8120	0.4658	0.585	234
B073072	ENSG00000156239	NNC	234	B073072	4822	75.76	0.7179	0.5513	0.739	234
B073081	ENSG00000068796	NNC	234	B073081	2632	70.66	0.5726	0.3034	0.337	234
B073094	ENSG00000107874	NNC	234	B073094	810	67.47	0.5513	0.1068	0.285	234
B073106	ENSG00000053254	FSM	233	B073406	665	56.42	0.1030	0.0343	0.217	233
B073116	ENSG00000154832	FSM	233	B080767	2443	73.54	0.5665	0.3777	0.361	233
B073122	ENSG00000159055	FSM	233	B071398	1080	75.54	0.6309	0.4635	0.522	233
B073139	ENSG00000196586	FSM	233	B073139	1156	79.56	0.7124	0.3734	0.748	233
B073140	ENSG00000111817	FSM	233	B073140	640	84.86	0.7811	0.7253	0.79	233
B073141	ENSG00000077080	FSM	233	B073141	10252	85.50	0.8326	0.7167	0.789	233
B073143	ENSG00000106479	FSM	233	B073143	1064	53.69	0.2318	0.0000	0.352	233
B073153	ENSG00000006118	FSM	233	B073153	1719	59.46	0.2103	0.0944	0.256	233
B073159	ENSG00000076242	FSM	233	B073159	3553	89.06	0.8927	0.7468	0.845	233
B073162	ENSG00000155959	FSM	233	B085872	3494	75.28	0.7339	0.4335	0.597	233
B073164	ENSG00000077458	FSM	233	B081370	1043	72.82	0.6180	0.4120	0.542	233
B073168	ENSG00000037897	NIC	233	B073168	4800	89.59	0.8755	0.7811	0.853	233
B073176	ENSG00000138592	NIC	233	B084774	1978	82.15	0.8026	0.5837	0.557	233
B073182	ENSG00000157349	NIC	233	B080300	13905	87.02	0.9099	0.4807	0.806	233
B073193	ENSG00000169733	NIC	233	B073193	2006	53.75	0.3090	0.0258	0.334	233
B073206	ENSG00000149346	NIC	233	B081477	516	52.33	0.0000	0.0000	0.109	233
B073224	ENSG00000135775	NIC	233	B073224	1480	70.84	0.6137	0.2489	0.561	233
B073240	ENSG00000119929	NIC	233	B084735	14498	78.13	0.7167	0.5451	0.75	233
B073245	ENSG00000168496	NIC	233	B082650	12294	84.78	0.8197	0.7124	0.727	233
B073250	ENSG00000136146	NIC	233	B073250	13851	66.52	0.5322	0.3348	0.378	233
B073256	ENSG00000119547	NIC	233	B073256	3691	62.04	0.3519	0.1459	0.39	233
B073262	ENSG00000138413	NIC	233	B073262	7641	93.68	0.9957	0.8455	0.79	233
B073274	ENSG00000137161	NIC	233	B086355	1596	55.30	0.3262	0.0000	0.444	233
B073287	ENSG00000133131	NIC	233	B073287	5186	70.03	0.6052	0.1588	0.667	233
B073290	ENSG00000158161	NIC	233	B073290	830	47.69	0.0086	0.0000	0.113	233
B073300	ENSG00000128908	NNC	233	B073300	588	67.11	0.4721	0.3433	0.425	233
B073316	ENSG00000159086	NNC	233	B073316	1444	87.41	0.9099	0.5880	0.765	233
B073323	ENSG00000137628	NNC	233	B079683	1115	88.57	0.9399	0.5708	0.797	233
B073356	ENSG00000169189	NNC	233	B073356	857	53.78	0.2232	0.0000	0.409	233
B073359	ENSG00000167513	NNC	233	B073359	1774	78.28	0.7167	0.3734	0.553	233
B073368	ENSG00000159131	NNC	233	B073368	20666	83.09	0.8197	0.5579	0.681	233
B073369	ENSG00000100320	NNC	233	B073369	14618	64.19	0.3648	0.3219	0.417	233
B073385	ENSG00000158528	NNC	233	B073385	8343	61.65	0.4464	0.1502	0.363	233
B073410	ENSG00000046604	FSM	232	B073410	10284	80.88	0.7371	0.6078	0.66	232
B073414	ENSG00000241399	FSM	232	B084381	5910	76.09	0.6681	0.4052	0.587	232
B073422	ENSG00000118007	FSM	232	B074818	2654	71.70	0.5991	0.3578	0.613	232
B073423	ENSG00000161204	FSM	232	B073423	13346	86.60	0.9310	0.4784	0.812	232
B073439	ENSG00000103056	FSM	232	B073439	1191	88.12	0.8879	0.7198	0.852	232
B073443	ENSG00000115091	FSM	232	B073443	11725	87.81	0.8966	0.7026	0.795	232
B073447	ENSG00000110697	FSM	232	B076933	5175	77.32	0.6810	0.3664	0.791	232
B073458	ENSG00000100604	NIC	232	B073458	823	57.31	0.2586	0.0345	0.233	232
B073474	ENSG00000171475	NIC	232	B073474	121	59.44	0.2198	0.0000	0.188	232
B073503	ENSG00000124786	NIC	232	B073503	2467	70.67	0.6078	0.0388	0.531	232
B073553	ENSG00000153317	NIC	232	B073553	2019	85.87	0.8664	0.6466	0.727	232
B073566	ENSG00000275778	NNC	232	B073566	8057	53.52	0.1250	0.0000	0.25	232
B073583	ENSG00000081026	NNC	232	B073583	11439	66.74	0.3922	0.3578	0.462	232
B073585	ENSG00000239474	NNC	232	B073585	5311	87.41	0.8966	0.6250	0.839	232
B073597	ENSG00000071282	NNC	232	B073597	8730	87.53	0.8621	0.7629	0.796	232
B073609	ENSG00000112511	NNC	232	B073609	917	55.76	0.1897	0.0690	0.189	232
B073628	ENSG00000160404	NNC	232	B073628	3729	65.52	0.5043	0.0819	0.634	232
B073645	ENSG00000188321	NNC	232	B078870	24922	86.11	0.8966	0.7155	0.602	232
B073653	ENSG00000144339	NNC	232	B073653	10318	71.18	0.5517	0.3362	0.345	232
B073684	ENSG00000173120	NNC	232	B073684	3181	84.00	0.8405	0.6207	0.77	232
B073685	ENSG00000214530	NNC	232	B078082	2356	79.15	0.6940	0.4483	0.782	232
B073700	ENSG00000141349	FSM	231	B073700	6367	90.79	0.9610	0.7489	0.806	231
B073701	ENSG00000079462	FSM	231	B083164	8648	93.63	0.9394	0.8961	0.9	231
B073713	ENSG00000048162	FSM	231	B073713	1678	61.00	0.3939	0.0952	0.39	231
B073714	ENSG00000124588	FSM	231	B085035	10919	96.80	0.9913	0.9740	0.925	231
B073741	ENSG00000075089	NIC	231	B073741	12527	86.88	0.8788	0.6407	0.78	231
B073746	ENSG00000033170	NIC	231	B073852	715	76.80	0.6753	0.2165	0.431	231
B073760	ENSG00000129354	NIC	231	B081401	5929	87.23	0.8485	0.7143	0.74	231
B073762	ENSG00000143970	NIC	231	B076844	2422	61.56	0.3506	0.1299	0.417	231
B073768	ENSG00000138376	NIC	231	B073768	7736	77.00	0.6537	0.5238	0.573	231
B073776	ENSG00000152382	NIC	231	B073776	1132	77.15	0.6537	0.4459	0.468	231
B073784	ENSG00000113494	NIC	231	B076856	3198	81.82	0.7489	0.5368	0.667	231
B073801	ENSG00000137522	NIC	231	B073801	10343	82.96	0.8658	0.3203	0.773	231
B073807	ENSG00000179476	NIC	231	B082615	186	45.41	0.1126	0.0000	0.445	231
B073810	ENSG00000129636	NIC	231	B067638	928	83.37	0.7576	0.5974	0.76	231
B073817	ENSG00000126460	NIC	231	B073817	3663	65.20	0.3810	0.1472	0.307	231
B073827	ENSG00000163382	NIC	231	B082014	6001	62.80	0.4935	0.2121	0.589	231
B073830	ENSG00000174928	NIC	231	B074340	714	56.14	0.2597	0.0000	0.512	231
B073831	ENSG00000151611	NIC	231	B067507	16175	86.67	0.8658	0.6407	0.765	231
B073848	ENSG00000163875	NNC	231	B085702	2580	62.17	0.3290	0.1991	0.432	231
B073850	ENSG00000157916	NNC	231	B084069	4298	68.75	0.5281	0.1688	0.542	231
B073864	ENSG00000180448	NNC	231	B073864	9701	81.37	0.7446	0.5887	0.75	231
B073865	ENSG00000089639	NNC	231	B073865	555	57.40	0.2035	0.0433	0.185	231
B073892	ENSG00000143633	NNC	231	B073892	916	70.27	0.5152	0.2857	0.364	231
B073905	ENSG00000076685	NNC	231	B073905	5877	78.57	0.7619	0.3377	0.699	231
B073909	ENSG00000068971	NNC	231	B073909	4653	60.68	0.3983	0.0000	0.543	231
B073911	ENSG00000196531	NNC	231	B079147	6281	64.22	0.4329	0.1645	0.342	231
B073912	ENSG00000025423	NNC	231	B086982	13355	94.56	0.9957	0.8961	0.891	231
B073934	ENSG00000135912	NNC	231	B073934	2927	67.96	0.5065	0.4113	0.537	231
B073936	ENSG00000100983	NNC	231	B073936	4736	87.51	0.9091	0.6753	0.808	231
B073940	ENSG00000164024	NNC	231	B075837	17318	97.26	1.0000	0.9610	0.926	231
B073976	ENSG00000162426	FSM	230	B080262	2630	80.03	0.8435	0.2217	0.744	230
B073997	ENSG00000120992	FSM	230	B083931	10638	95.15	0.9652	0.9261	0.916	230
B074010	ENSG00000196510	FSM	230	B074010	583	88.81	0.9913	0.4739	0.749	230
B074021	ENSG00000137494	FSM	230	B074021	6735	81.41	0.7391	0.6087	0.75	230
B074022	ENSG00000171204	FSM	230	B083605	747	75.98	0.7609	0.2391	0.611	230
B074026	ENSG00000089693	NIC	230	B074026	1158	43.64	0.0000	0.0000	0.262	230
B074059	ENSG00000144048	NIC	230	B062692	3952	71.37	0.6087	0.5478	0.652	230
B074060	ENSG00000144034	NIC	230	B085667	6721	66.03	0.5522	0.3304	0.625	230
B074068	ENSG00000114650	NIC	230	B074068	1077	78.56	0.7783	0.3522	0.606	230
B074075	ENSG00000113361	NIC	230	B080030	4713	70.00	0.4435	0.1609	0.254	230
B074107	ENSG00000180488	NIC	230	B074107	1502	76.20	0.6783	0.3304	0.65	230
B074113	ENSG00000196290	NIC	230	B074113	8508	83.68	0.8435	0.4391	0.657	230
B074116	ENSG00000114544	NIC	230	B074116	2972	56.25	0.1609	0.0000	0.354	230
B074128	ENSG00000162241	NIC	230	B074128	11653	65.82	0.3391	0.0000	0.564	230
B074136	ENSG00000180776	NNC	230	B074136	3748	61.53	0.3826	0.0217	0.406	230
B074138	ENSG00000139746	NNC	230	B074138	6267	62.72	0.3652	0.1217	0.401	230
B074141	ENSG00000070367	NNC	230	B085344	1125	78.11	0.6826	0.4957	0.445	230
B074143	ENSG00000166949	NNC	230	B074143	3509	74.25	0.5783	0.4957	0.58	230
B074144	ENSG00000103599	NNC	230	B075201	1824	84.43	0.8217	0.7391	0.597	230
B074170	ENSG00000123933	NNC	230	B074170	3618	63.30	0.3174	0.1478	0.338	230
B074180	ENSG00000006459	NNC	230	B074180	12911	78.06	0.7261	0.4652	0.541	230
B074186	ENSG00000288701	NNC	230	B074186	951	50.63	0.0043	0.0000	0.118	230
B074187	ENSG00000160563	NNC	230	B084410	665	65.55	0.4435	0.1174	0.343	230
B074196	ENSG00000149428	NNC	230	B081503	1768	66.68	0.5087	0.3304	0.483	230
B074217	ENSG00000176293	NNC	230	B074217	402	61.91	0.1478	0.0000	0.592	230
B074231	ENSG00000008256	NNC	230	B075898	10985	84.49	0.8609	0.5261	0.665	230
B074234	ENSG00000101911	NNC	230	B074234	17999	91.69	0.9261	0.8783	0.853	230
B074249	ENSG00000127561	FSM	229	B074249	2485	78.91	0.7074	0.5109	0.696	229
B074250	ENSG00000169682	FSM	229	B074250	8894	71.93	0.6463	0.0087	0.622	229
B074254	ENSG00000227500	FSM	229	B074254	3383	84.31	0.8035	0.5895	0.758	229
B074255	ENSG00000171853	FSM	229	B074255	1958	89.29	0.9389	0.5502	0.811	229
B074256	ENSG00000174151	FSM	229	B073871	1038	89.01	0.8996	0.7336	0.847	229
B074263	ENSG00000100147	FSM	229	B086741	1000	79.94	0.7380	0.4498	0.716	229
B074264	ENSG00000079974	FSM	229	B074264	11485	78.19	0.6987	0.5153	0.739	229
B074270	ENSG00000113360	FSM	229	B074270	10324	84.27	0.8865	0.4760	0.663	229
B074275	ENSG00000112308	FSM	229	B086648	197	82.42	0.8079	0.4148	0.767	229
B074282	ENSG00000165061	FSM	229	B083280	2306	71.95	0.6419	0.1397	0.385	229
B074286	ENSG00000290439	FSM	229	B074286	5227	84.91	0.8253	0.5633	0.808	229
B074288	ENSG00000122378	FSM	229	B075559	1974	84.99	0.8515	0.5284	0.793	229
B074295	ENSG00000114744	FSM	229	B083126	1309	79.19	0.7860	0.2271	0.601	229
B074298	ENSG00000150316	FSM	229	B081985	2912	71.01	0.5240	0.0873	0.259	229
B074301	ENSG00000066117	NIC	229	B074301	8727	85.19	0.9389	0.3799	0.472	229
B074302	ENSG00000135392	NIC	229	B074302	17585	74.49	0.6245	0.4367	0.542	229
B074303	ENSG00000170581	NIC	229	B074303	2799	66.38	0.4978	0.3712	0.521	229
B074318	ENSG00000109113	NIC	229	B074318	9864	72.02	0.6463	0.1135	0.711	229
B074324	ENSG00000138081	NIC	229	B074324	3102	82.30	0.8166	0.5633	0.779	229
B074352	ENSG00000146833	NIC	229	B074352	16957	76.32	0.6900	0.2664	0.38	229
B074357	ENSG00000151465	NIC	229	B077344	3017	67.54	0.5240	0.2576	0.603	229
B074367	ENSG00000107758	NIC	229	B074367	10883	80.06	0.7293	0.5590	0.653	229
B074400	ENSG00000114933	NIC	229	B074400	205	57.02	0.1266	0.0306	0.239	229
B074418	ENSG00000008277	NIC	229	B074418	8823	69.43	0.5895	0.0873	0.403	229
B074437	ENSG00000061987	NNC	229	B076473	833	79.87	0.8297	0.1703	0.711	229
B074439	ENSG00000172915	NNC	229	B074439	1774	58.16	0.3188	0.0786	0.335	229
B074448	ENSG00000103064	NNC	229	B084365	11976	69.92	0.6463	0.0480	0.581	229
B074459	ENSG00000079785	NNC	229	B074459	12878	66.55	0.5109	0.0218	0.524	229
B074465	ENSG00000185404	NNC	229	B085226	1189	71.83	0.4803	0.4148	0.53	229
B074470	ENSG00000163406	NNC	229	B074470	6149	76.45	0.7729	0.0830	0.526	229
B074472	ENSG00000145781	NNC	229	B074472	1220	73.08	0.6638	0.2707	0.584	229
B074475	ENSG00000136643	NNC	229	B076860	3112	57.24	0.1834	0.0000	0.336	229
B074508	ENSG00000140931	NNC	229	B074508	1508	51.12	0.0044	0.0000	0.333	229
B074510	ENSG00000157349	NNC	229	B074510	11690	80.80	0.7904	0.5764	0.708	229
B074512	ENSG00000167258	NNC	229	B074512	1337	54.86	0.2271	0.0000	0.257	229
B074517	ENSG00000073008	NNC	229	B074517	3655	72.94	0.5721	0.4192	0.49	229
B074521	ENSG00000068615	NNC	229	B074521	9644	59.86	0.2183	0.0044	0.317	229
B074536	ENSG00000124783	NNC	229	B074536	2210	80.92	0.7074	0.6070	0.598	229
B074538	ENSG00000124596	NNC	229	B074538	1160	80.39	0.7205	0.6681	0.68	229
B074539	ENSG00000001084	NNC	229	B074539	3579	84.77	0.8341	0.6550	0.795	229
B074541	ENSG00000054267	NNC	229	B074541	10762	67.54	0.4454	0.2664	0.422	229
B074550	ENSG00000167792	NNC	229	B074550	18827	83.95	0.8428	0.4585	0.688	229
B074551	ENSG00000137700	FSM	228	B086099	1435	71.98	0.6886	0.0000	0.669	228
B074570	ENSG00000135930	FSM	228	B074330	9415	80.29	0.7193	0.6096	0.729	228
B074571	ENSG00000101193	FSM	228	B074571	4415	90.50	0.9474	0.7763	0.803	228
B074573	ENSG00000196588	FSM	228	B082864	2047	57.13	0.2281	0.0658	0.241	228
B074577	ENSG00000163840	FSM	228	B074577	4808	76.65	0.7675	0.2982	0.534	228
B074597	ENSG00000108176	FSM	228	B083480	11090	61.01	0.3904	0.1140	0.433	228
B074603	ENSG00000174886	FSM	228	B074603	10014	55.54	0.2851	0.0000	0.504	228
B074604	ENSG00000196950	FSM	228	B074604	1307	55.77	0.2237	0.1535	0.273	228
B074619	ENSG00000196155	NIC	228	B078220	2271	57.25	0.2544	0.0219	0.343	228
B074621	ENSG00000037042	NIC	228	B074621	5308	76.74	0.7632	0.0351	0.689	228
B074630	ENSG00000163214	NIC	228	B074630	4069	93.23	1.0000	0.8596	0.832	228
B074647	ENSG00000248487	NIC	228	B088223	285	45.71	0.0965	0.0263	0.22	228
B074648	ENSG00000163406	NIC	228	B074648	5746	60.79	0.3202	0.0000	0.43	228
B074649	ENSG00000168769	NIC	228	B074649	1828	75.56	0.7368	0.2763	0.6	228
B074666	ENSG00000105808	NIC	228	B074666	2892	76.27	0.6404	0.1667	0.56	228
B074677	ENSG00000005302	NIC	228	B074677	2166	67.28	0.4430	0.3509	0.479	228
B074680	ENSG00000204179	NIC	228	B074680	11908	83.03	0.7982	0.6272	0.764	228
B074683	ENSG00000107949	NIC	228	B074683	2649	72.36	0.5921	0.2632	0.64	228
B074688	ENSG00000023734	NIC	228	B074688	12541	93.78	0.9693	0.8904	0.889	228
B074689	ENSG00000179912	NIC	228	B074689	1252	44.62	0.0000	0.0000	0.127	228
B074692	ENSG00000088035	NIC	228	B074692	5490	82.53	0.8158	0.5175	0.695	228
B074703	ENSG00000198586	NIC	228	B084150	1857	87.13	0.8333	0.7456	0.643	228
B074736	ENSG00000102910	NNC	228	B083179	16056	88.21	0.8421	0.7675	0.834	228
B074751	ENSG00000144118	NNC	228	B081015	14338	79.75	0.7105	0.5833	0.73	228
B074752	ENSG00000152256	NNC	228	B074752	4014	77.44	0.7544	0.3114	0.723	228
B074753	ENSG00000125818	NNC	228	B088317	856	72.74	0.6447	0.4693	0.64	228
B074759	ENSG00000100206	NNC	228	B075824	10643	73.82	0.6886	0.1447	0.681	228
B074760	ENSG00000054611	NNC	228	B074760	895	60.31	0.2763	0.0877	0.21	228
B074763	ENSG00000175054	NNC	228	B074763	1556	79.10	0.7368	0.3246	0.724	228
B074779	ENSG00000154330	NNC	228	B074779	6656	90.77	0.9474	0.8026	0.851	228
B074805	ENSG00000072310	NNC	228	B074805	9737	72.55	0.5746	0.4167	0.406	228
B074837	ENSG00000127337	FSM	227	B086906	5418	90.91	0.9295	0.8018	0.79	227
B074849	ENSG00000091640	FSM	227	B079101	4978	83.42	0.8546	0.4053	0.546	227
B074852	ENSG00000134030	FSM	227	B085988	1584	93.67	0.9912	0.8326	0.9	227
B074860	ENSG00000109790	FSM	227	B074860	15044	86.80	0.8282	0.6344	0.86	227
B074861	ENSG00000138760	FSM	227	B074861	5903	82.89	0.8414	0.4273	0.682	227
B074870	ENSG00000086300	FSM	227	B082502	4827	77.48	0.6476	0.5419	0.662	227
B074871	ENSG00000158604	FSM	227	B078139	5608	85.38	0.8767	0.4846	0.666	227
B074885	ENSG00000134874	FSM	227	B074885	1673	74.12	0.6256	0.4846	0.535	227
B074895	ENSG00000135127	NIC	227	B078214	1774	85.12	0.8106	0.6784	0.36	227
B074901	ENSG00000005812	NIC	227	B077971	6398	73.31	0.7004	0.0132	0.621	227
B074906	ENSG00000149922	NIC	227	B074906	4712	60.57	0.4626	0.1145	0.542	227
B074907	ENSG00000103460	NIC	227	B074907	1411	54.05	0.0617	0.0000	0.145	227
B074908	ENSG00000141002	NIC	227	B074908	3421	92.39	0.9868	0.8546	0.853	227
B074912	ENSG00000013306	NIC	227	B084564	10087	74.88	0.7709	0.0000	0.695	227
B074946	ENSG00000169692	NIC	227	B084494	5523	76.84	0.7313	0.2379	0.725	227
B074990	ENSG00000089693	NNC	227	B078253	1875	58.23	0.3656	0.0000	0.465	227
B075000	ENSG00000119689	NNC	227	B085425	18488	95.21	1.0000	0.9119	0.907	227
B075007	ENSG00000157045	NNC	227	B081311	1736	81.21	0.8238	0.5727	0.75	227
B075013	ENSG00000090674	NNC	227	B077365	2908	77.89	0.7445	0.2687	0.641	227
B075018	ENSG00000168765	NNC	227	B075516	5402	87.17	0.8326	0.7357	0.833	227
B075040	ENSG00000133065	NNC	227	B075040	3830	74.97	0.7577	0.0352	0.586	227
B075046	ENSG00000164659	NNC	227	B075046	1881	78.04	0.7225	0.5507	0.522	227
B075049	ENSG00000159884	NNC	227	B075049	484	58.73	0.2952	0.0088	0.209	227
B075059	ENSG00000291033	NNC	227	B075059	2603	60.56	0.3612	0.2467	0.355	227
B075060	ENSG00000196233	NNC	227	B075060	3552	62.27	0.3216	0.1630	0.317	227
B075079	ENSG00000185634	NNC	227	B088040	5504	47.12	0.2423	0.0000	0.386	227
B075080	ENSG00000140299	NNC	227	B076199	3965	81.37	0.7709	0.4626	0.736	227
B075081	ENSG00000005100	NNC	227	B075081	18638	80.25	0.7269	0.6520	0.71	227
B075092	ENSG00000197114	NNC	227	B083017	11636	68.33	0.5815	0.2291	0.345	227
B075096	ENSG00000198585	NNC	227	B075696	10257	64.49	0.5639	0.3612	0.631	227
B075123	ENSG00000136153	FSM	226	B084424	7004	58.64	0.2611	0.0044	0.316	226
B075124	ENSG00000103037	FSM	226	B073753	2608	86.37	0.8628	0.6858	0.787	226
B075129	ENSG00000006042	FSM	226	B088482	522	61.19	0.3097	0.0575	0.441	226
B075136	ENSG00000177917	FSM	226	B087357	671	53.10	0.1062	0.0000	0.307	226
B075155	ENSG00000093144	FSM	226	B087947	9196	93.28	0.9469	0.8496	0.886	226
B075156	ENSG00000106443	FSM	226	B075156	8412	71.99	0.6460	0.4425	0.7	226
B075157	ENSG00000241127	FSM	226	B086268	2303	69.09	0.5796	0.1283	0.509	226
B075160	ENSG00000175137	FSM	226	B068136	2301	73.09	0.5398	0.4159	0.376	226
B075161	ENSG00000104341	FSM	226	B084823	1196	66.62	0.5133	0.0000	0.527	226
B075164	ENSG00000158122	FSM	226	B075164	2778	79.27	0.7035	0.5310	0.77	226
B075166	ENSG00000101843	FSM	226	B085046	9595	97.24	0.9867	0.9735	0.911	226
B075180	ENSG00000132300	FSM	226	B075180	1117	59.21	0.3496	0.1372	0.356	226
B075182	ENSG00000138363	FSM	226	B075182	8830	95.77	1.0000	0.9381	0.884	226
B075186	ENSG00000204209	FSM	226	B075186	51	52.83	0.0487	0.0000	0.152	226
B075190	ENSG00000186318	NIC	226	B077860	1917	87.89	0.8938	0.6416	0.741	226
B075193	ENSG00000111615	NIC	226	B076987	3660	82.92	0.8186	0.6460	0.731	226
B075204	ENSG00000103876	NIC	226	B075204	12652	91.80	0.9558	0.7434	0.834	226
B075210	ENSG00000167513	NIC	226	B075210	1762	72.82	0.5752	0.0708	0.484	226
B075215	ENSG00000186812	NIC	226	B087069	8089	60.18	0.3894	0.2080	0.494	226
B075221	ENSG00000144320	NIC	226	B075221	1637	55.23	0.1416	0.0000	0.304	226
B075227	ENSG00000184117	NIC	226	B075227	5218	90.19	0.9292	0.7876	0.859	226
B075234	ENSG00000163608	NIC	226	B075234	747	59.50	0.1770	0.0000	0.516	226
B075238	ENSG00000136518	NIC	226	B079389	11617	92.64	0.9823	0.8142	0.841	226
B075247	ENSG00000198055	NIC	226	B083214	12286	68.58	0.4779	0.2168	0.462	226
B075251	ENSG00000065615	NIC	226	B083666	8135	91.48	0.9381	0.8186	0.882	226
B075268	ENSG00000165813	NIC	226	B075268	1330	65.97	0.4159	0.2080	0.262	226
B075280	ENSG00000128908	NIC	226	B086427	375	59.93	0.3496	0.1062	0.234	226
B075285	ENSG00000075702	NIC	226	B075285	4356	83.23	0.7743	0.6770	0.785	226
B075294	ENSG00000197603	NIC	226	B075294	721	65.03	0.3850	0.1150	0.233	226
B075303	ENSG00000169962	NIC	226	B076806	1162	74.38	0.7168	0.2743	0.65	226
B075316	ENSG00000253313	NNC	226	B075316	1497	52.25	0.1018	0.0442	0.221	226
B075319	ENSG00000172766	NNC	226	B075319	2461	79.02	0.7655	0.5664	0.697	226
B075332	ENSG00000146872	NNC	226	B075332	1683	70.10	0.5133	0.4735	0.436	226
B075333	ENSG00000169750	NNC	226	B075333	13853	63.57	0.4513	0.2965	0.522	226
B075360	ENSG00000197150	NNC	226	B075360	9668	60.55	0.2257	0.0000	0.489	226
B075393	ENSG00000038358	NNC	226	B075393	845	86.77	0.8230	0.7566	0.367	226
B075417	ENSG00000163818	NNC	226	B075417	761	83.34	0.8496	0.5044	0.332	226
B075420	ENSG00000116741	NNC	226	B075420	9625	74.51	0.6504	0.5133	0.662	226
B075443	ENSG00000174165	NNC	226	B084500	11193	73.21	0.6770	0.1770	0.666	226
B075444	ENSG00000151500	FSM	225	B085071	11932	83.54	0.7600	0.7378	0.733	225
B075454	ENSG00000122483	FSM	225	B075454	388	92.62	0.9467	0.8000	0.441	225
B075460	ENSG00000116752	FSM	225	B088820	2539	87.92	0.8889	0.6533	0.563	225
B075462	ENSG00000115540	FSM	225	B081652	2686	89.98	0.9111	0.8000	0.849	225
B075464	ENSG00000125870	FSM	225	B080459	9499	83.41	0.7778	0.6800	0.495	225
B075468	ENSG00000131437	FSM	225	B079249	2593	82.61	0.8400	0.3778	0.359	225
B075492	ENSG00000088247	FSM	225	B075492	474	50.21	0.0933	0.0000	0.187	225
B075502	ENSG00000186532	NIC	225	B075502	1716	91.19	0.9289	0.7778	0.792	225
B075509	ENSG00000173826	NIC	225	B075509	421	55.03	0.1733	0.1378	0.28	225
B075529	ENSG00000186951	NIC	225	B075529	2555	89.26	0.8800	0.7289	0.858	225
B075531	ENSG00000160803	NIC	225	B075531	4960	68.01	0.5467	0.0044	0.257	225
B075549	ENSG00000112357	NIC	225	B075549	8638	85.46	0.9067	0.4844	0.545	225
B075550	ENSG00000172354	NIC	225	B075550	11934	89.44	0.8978	0.8133	0.836	225
B075558	ENSG00000095209	NIC	225	B075558	1700	89.37	0.9289	0.6800	0.85	225
B075560	ENSG00000166902	NIC	225	B076192	5273	88.10	0.9289	0.6756	0.794	225
B075562	ENSG00000012822	NIC	225	B075562	872	87.57	0.8311	0.7333	0.445	225
B075564	ENSG00000116641	NIC	225	B075564	2004	80.86	0.8267	0.3111	0.712	225
B075570	ENSG00000198356	NIC	225	B075570	6978	80.23	0.7378	0.3956	0.712	225
B075575	ENSG00000198648	NIC	225	B075575	12675	68.62	0.5911	0.0667	0.393	225
B075582	ENSG00000186470	NIC	225	B079297	7288	89.77	0.9111	0.7644	0.782	225
B075583	ENSG00000214338	NIC	225	B075583	1016	68.15	0.4711	0.1778	0.409	225
B075585	ENSG00000006451	NIC	225	B075585	14433	66.78	0.5378	0.2400	0.617	225
B075597	ENSG00000126814	NNC	225	B062750	3212	62.80	0.5022	0.0311	0.528	225
B075599	ENSG00000138592	NNC	225	B075599	11522	74.61	0.6044	0.4800	0.387	225
B075600	ENSG00000067221	NNC	225	B075600	8613	74.22	0.6756	0.3289	0.484	225
B075604	ENSG00000095906	NNC	225	B078806	16442	69.95	0.6489	0.2756	0.654	225
B075606	ENSG00000091640	NNC	225	B079101	4570	84.92	0.8933	0.4133	0.553	225
B075612	ENSG00000213996	NNC	225	B077669	1207	78.22	0.7244	0.2889	0.683	225
B075646	ENSG00000006747	NNC	225	B075646	10701	88.99	0.9156	0.7022	0.809	225
B075669	ENSG00000111640	NNC	225	B075669	20783	94.62	0.9778	0.9156	0.903	225
B075672	ENSG00000186298	NNC	225	B081237	16014	77.79	0.7156	0.4000	0.76	225
B075711	ENSG00000085719	NNC	225	B075711	7067	75.55	0.6622	0.4400	0.74	225
B075725	ENSG00000180329	FSM	224	B075725	1354	74.68	0.6920	0.2455	0.401	224
B075736	ENSG00000291127	FSM	224	B076220	1851	77.68	0.6295	0.5402	0.424	224
B075739	ENSG00000144485	FSM	224	B087685	6286	65.85	0.4375	0.3170	0.427	224
B075741	ENSG00000159131	FSM	224	B075741	16644	82.83	0.8795	0.3482	0.716	224
B075749	ENSG00000163412	FSM	224	B075749	7917	67.11	0.5357	0.0000	0.596	224
B075753	ENSG00000213523	FSM	224	B076546	1233	72.13	0.4911	0.3750	0.492	224
B075772	ENSG00000136143	FSM	224	B076633	16257	80.22	0.7857	0.5580	0.688	224
B075809	ENSG00000072958	NIC	224	B080209	7063	88.06	0.9241	0.5536	0.774	224
B075811	ENSG00000105698	NIC	224	B068030	9095	66.13	0.4286	0.3393	0.425	224
B075813	ENSG00000083838	NIC	224	B075813	10464	56.11	0.3393	0.0000	0.313	224
B075827	ENSG00000160818	NIC	224	B081662	1490	53.90	0.1830	0.0625	0.233	224
B075832	ENSG00000197965	NIC	224	B075832	2640	70.18	0.5759	0.3884	0.589	224
B075836	ENSG00000109689	NIC	224	B077321	4951	83.57	0.8884	0.2500	0.641	224
B075842	ENSG00000214944	NIC	224	B075842	2200	71.42	0.6607	0.1205	0.447	224
B075858	ENSG00000172172	NIC	224	B075858	9672	74.85	0.6875	0.5357	0.654	224
B075867	ENSG00000077721	NIC	224	B075867	16802	74.26	0.6429	0.3438	0.609	224
B075895	ENSG00000158615	NIC	224	B079870	1080	59.95	0.3304	0.0000	0.273	224
B075901	ENSG00000078114	NIC	224	B075901	9786	63.19	0.3571	0.1741	0.321	224
B075925	ENSG00000013306	NNC	224	B075925	9663	54.38	0.0045	0.0000	0.301	224
B075939	ENSG00000128245	NNC	224	B087750	11719	92.49	0.9643	0.8170	0.868	224
B075947	ENSG00000204560	NNC	224	B075947	1403	72.62	0.6205	0.0402	0.373	224
B075953	ENSG00000168118	NNC	224	B085756	18266	83.01	0.7634	0.5759	0.799	224
B075964	ENSG00000101843	NNC	224	B085046	12010	96.89	0.9866	0.9598	0.908	224
B075968	ENSG00000137700	NNC	224	B086099	1444	73.99	0.7411	0.0000	0.682	224
B075982	ENSG00000072210	NNC	224	B075982	13967	91.18	0.9330	0.8348	0.86	224
B075992	ENSG00000138386	NNC	224	B075992	1364	63.41	0.3527	0.1473	0.282	224
B075993	ENSG00000271601	NNC	224	B076225	796	60.89	0.3929	0.0089	0.423	224
B075994	ENSG00000089195	NNC	224	B076526	2520	70.21	0.5580	0.4732	0.516	224
B076005	ENSG00000180104	NNC	224	B086643	1586	85.66	0.8705	0.5714	0.854	224
B076019	ENSG00000182287	NNC	224	B086372	9004	73.76	0.5759	0.4152	0.6	224
B076020	ENSG00000197021	NNC	224	B076020	1090	68.21	0.5938	0.3929	0.64	224
B076024	ENSG00000135365	NNC	224	B076024	13867	73.32	0.5893	0.4509	0.394	224
B076035	ENSG00000162433	FSM	223	B088186	12418	88.88	0.9641	0.6143	0.819	223
B076040	ENSG00000006744	FSM	223	B076831	10136	87.27	0.8610	0.7534	0.798	223
B076041	ENSG00000128791	FSM	223	B080255	1149	77.87	0.7085	0.4350	0.542	223
B076044	ENSG00000007080	FSM	223	B076044	3252	74.31	0.6457	0.0762	0.278	223
B076052	ENSG00000249915	FSM	223	B086450	13259	80.90	0.7578	0.5605	0.754	223
B076056	ENSG00000105339	FSM	223	B085970	1482	90.80	0.9327	0.7803	0.848	223
B076057	ENSG00000197858	FSM	223	B076057	452	85.95	0.8251	0.7040	0.807	223
B076071	ENSG00000161013	FSM	223	B071975	2577	78.88	0.7758	0.2825	0.598	223
B076072	ENSG00000162923	FSM	223	B076072	1181	57.28	0.2825	0.0000	0.291	223
B076085	ENSG00000103342	NIC	223	B076085	380	59.89	0.2646	0.0448	0.225	223
B076090	ENSG00000103035	NIC	223	B068466	5333	72.44	0.6278	0.4170	0.652	223
B076098	ENSG00000184640	NIC	223	B076098	7523	84.90	0.8700	0.5605	0.79	223
B076110	ENSG00000144840	NIC	223	B080271	3741	76.07	0.6951	0.3991	0.761	223
B076116	ENSG00000138650	NIC	223	B081024	1415	51.91	0.0852	0.0000	0.186	223
B076131	ENSG00000104549	NIC	223	B087071	3590	86.22	0.9776	0.3139	0.716	223
B076181	ENSG00000165283	NIC	223	B081160	13971	76.89	0.7040	0.3677	0.417	223
B076191	ENSG00000180198	NIC	223	B076191	10287	82.70	0.8565	0.3318	0.533	223
B076196	ENSG00000102796	NNC	223	B076196	5869	63.06	0.5202	0.1525	0.625	223
B076197	ENSG00000092098	NNC	223	B076197	8852	87.13	0.8610	0.6502	0.852	223
B076204	ENSG00000197943	NNC	223	B076204	6901	85.01	0.8341	0.4798	0.666	223
B076222	ENSG00000136699	NNC	223	B076222	885	81.92	0.7623	0.5426	0.787	223
B076226	ENSG00000162441	NNC	223	B085954	999	71.19	0.6637	0.0000	0.499	223
B076235	ENSG00000163344	NNC	223	B076235	1764	81.45	0.7354	0.5695	0.763	223
B076245	ENSG00000155542	NNC	223	B076245	1553	87.26	0.8251	0.7085	0.806	223
B076265	ENSG00000071553	NNC	223	B081230	1865	75.41	0.7489	0.1256	0.499	223
B076285	ENSG00000108654	NNC	223	B076285	20505	89.53	0.9148	0.7220	0.795	223
B076286	ENSG00000183077	NNC	223	B076286	7708	79.14	0.7668	0.3722	0.752	223
B076288	ENSG00000174842	NNC	223	B080450	1190	89.08	0.8565	0.7265	0.849	223
B076307	ENSG00000133401	NNC	223	B084811	12518	57.62	0.3722	0.0000	0.552	223
B076308	ENSG00000067248	NNC	223	B077328	789	62.78	0.3363	0.1525	0.371	223
B076313	ENSG00000137221	NNC	223	B084927	1786	79.74	0.6771	0.5605	0.436	223
B076329	ENSG00000197056	FSM	222	B076329	9123	56.02	0.2658	0.0495	0.256	222
B076347	ENSG00000179271	FSM	222	B076347	1191	86.00	0.8243	0.6667	0.54	222
B076360	ENSG00000114395	FSM	222	B086634	1243	92.77	0.9550	0.8198	0.886	222
B076364	ENSG00000174796	FSM	222	B089057	5570	70.60	0.6216	0.2387	0.391	222
B076371	ENSG00000291237	FSM	222	B081152	17039	92.72	0.8964	0.8829	0.848	222
B076384	ENSG00000171714	FSM	222	B076384	625	54.06	0.1847	0.0405	0.224	222
B076416	ENSG00000137996	NIC	222	B076416	5024	90.87	0.9234	0.7432	0.848	222
B076417	ENSG00000104808	NIC	222	B078734	6701	91.23	0.9459	0.8378	0.867	222
B076433	ENSG00000158793	NIC	222	B077073	10116	85.16	0.8063	0.7252	0.792	222
B076442	ENSG00000204304	NIC	222	B076442	10406	59.28	0.2883	0.1982	0.38	222
B076444	ENSG00000146151	NIC	222	B076444	13241	74.37	0.7162	0.4144	0.739	222
B076450	ENSG00000214050	NIC	222	B076450	436	60.20	0.2568	0.1622	0.323	222
B076456	ENSG00000165688	NIC	222	B076456	5920	88.49	0.8739	0.7883	0.847	222
B076464	ENSG00000176273	NIC	222	B076464	5429	83.59	0.9414	0.1216	0.773	222
B076475	ENSG00000172766	NIC	222	B076475	2613	90.58	0.9459	0.7162	0.832	222
B076485	ENSG00000198355	NIC	222	B076485	10657	79.87	0.7207	0.6577	0.72	222
B076490	ENSG00000213347	NIC	222	B087211	1895	61.57	0.3018	0.1622	0.354	222
B076492	ENSG00000106330	NIC	222	B076492	1004	53.48	0.2072	0.0000	0.367	222
B076495	ENSG00000156802	NIC	222	B076495	184	60.00	0.2568	0.1171	0.232	222
B076497	ENSG00000148187	NIC	222	B076497	4542	62.43	0.4234	0.0811	0.421	222
B076498	ENSG00000160401	NIC	222	B076498	686	83.18	0.7838	0.6036	0.433	222
B076532	ENSG00000143614	NNC	222	B076532	1391	68.55	0.4595	0.2432	0.298	222
B076540	ENSG00000150753	NNC	222	B076540	13676	81.06	0.7928	0.4369	0.699	222
B076553	ENSG00000106305	NNC	222	B076553	670	64.70	0.4369	0.0811	0.38	222
B076566	ENSG00000149761	NNC	222	B076566	1353	74.11	0.6667	0.3829	0.734	222
B076568	ENSG00000018236	NNC	222	B079412	9221	92.31	0.9550	0.8604	0.757	222
B076572	ENSG00000058799	NNC	222	B076572	3744	53.74	0.0000	0.0000	0.281	222
B076586	ENSG00000142530	NNC	222	B084462	1371	45.24	0.1216	0.0000	0.368	222
B076593	ENSG00000125870	NNC	222	B073411	9652	82.64	0.7793	0.6532	0.485	222
B076607	ENSG00000131018	NNC	222	B076607	553	77.71	0.6847	0.3514	0.628	222
B076608	ENSG00000106588	NNC	222	B076608	10670	90.93	0.9595	0.7297	0.854	222
B076613	ENSG00000119487	NNC	222	B076613	1869	77.63	0.7117	0.3378	0.403	222
B076614	ENSG00000160401	NNC	222	B076614	269	69.58	0.5045	0.3559	0.434	222
B076645	ENSG00000105220	FSM	221	B076645	9675	94.21	0.9864	0.9186	0.82	221
B076647	ENSG00000063241	FSM	221	B078556	9614	88.21	0.8552	0.7964	0.863	221
B076671	ENSG00000131507	FSM	221	B083028	1409	53.43	0.1131	0.0000	0.33	221
B076672	ENSG00000113240	FSM	221	B076672	11387	88.90	0.8824	0.7647	0.838	221
B076685	ENSG00000171862	FSM	221	B083142	1222	70.94	0.4751	0.2941	0.622	221
B076689	ENSG00000129315	FSM	221	B086102	810	56.72	0.2217	0.1131	0.282	221
B076695	ENSG00000048991	FSM	221	B076695	1723	55.85	0.1584	0.0226	0.183	221
B076710	ENSG00000134001	NIC	221	B083834	3112	73.89	0.6833	0.0407	0.522	221
B076712	ENSG00000140092	NIC	221	B076712	18530	89.24	0.8824	0.7466	0.613	221
B076723	ENSG00000215421	NIC	221	B076723	17429	74.80	0.7602	0.0679	0.431	221
B076735	ENSG00000155729	NIC	221	B076735	255	56.21	0.2036	0.0362	0.214	221
B076738	ENSG00000159267	NIC	221	B076738	4866	91.31	0.9457	0.7285	0.882	221
B076750	ENSG00000067113	NIC	221	B083868	8221	78.98	0.6923	0.4887	0.709	221
B076760	ENSG00000198742	NIC	221	B076760	10783	83.78	0.8552	0.4977	0.777	221
B076783	ENSG00000198931	NIC	221	B077603	15433	56.81	0.4253	0.0995	0.491	221
B076790	ENSG00000143870	NIC	221	B081073	20783	85.38	0.9140	0.4706	0.614	221
B076791	ENSG00000172878	NIC	221	B076791	11670	73.99	0.6968	0.4842	0.727	221
B076803	ENSG00000147535	NIC	221	B083990	6416	91.39	0.9729	0.7873	0.854	221
B076811	ENSG00000119912	NIC	221	B076811	7231	88.63	0.9005	0.6652	0.866	221
B076812	ENSG00000149050	NIC	221	B076812	9189	39.97	0.1176	0.0000	0.344	221
B076814	ENSG00000162236	NIC	221	B076814	2819	65.05	0.3801	0.2262	0.387	221
B076823	ENSG00000150401	NNC	221	B091757	4102	74.60	0.7014	0.3665	0.635	221
B076843	ENSG00000188283	NNC	221	B076843	9540	49.46	0.2760	0.0000	0.37	221
B076845	ENSG00000198522	NNC	221	B076845	3814	70.73	0.6471	0.1719	0.541	221
B076849	ENSG00000124831	NNC	221	B076849	2774	70.95	0.5023	0.3937	0.401	221
B076852	ENSG00000186001	NNC	221	B076852	2886	62.47	0.3710	0.0905	0.463	221
B076858	ENSG00000117697	NNC	221	B084816	698	74.90	0.6335	0.4751	0.413	221
B076861	ENSG00000162923	NNC	221	B076861	9259	91.65	0.9186	0.8552	0.853	221
B076874	ENSG00000160959	NNC	221	B076874	617	69.32	0.5611	0.1991	0.622	221
B076878	ENSG00000265354	NNC	221	B085270	1718	50.88	0.0090	0.0000	0.277	221
B076879	ENSG00000152778	NNC	221	B076879	1910	57.84	0.4163	0.1448	0.59	221
B076892	ENSG00000166780	NNC	221	B079838	1192	66.85	0.4932	0.3575	0.515	221
B076905	ENSG00000116649	NNC	221	B076905	13299	62.48	0.4977	0.3439	0.646	221
B076906	ENSG00000101079	NNC	221	B083948	4121	85.34	0.8552	0.5249	0.843	221
B076908	ENSG00000241553	NNC	221	B076908	1705	51.12	0.2353	0.0000	0.426	221
B076925	ENSG00000160949	NNC	221	B076925	1473	88.34	0.8462	0.7557	0.857	221
B076935	ENSG00000088448	FSM	220	B076935	6068	71.63	0.6182	0.4409	0.69	220
B076937	ENSG00000137871	FSM	220	B076937	493	59.28	0.1727	0.0455	0.247	220
B076951	ENSG00000075043	FSM	220	B072521	13757	74.47	0.6136	0.2545	0.527	220
B076958	ENSG00000174780	FSM	220	B073269	1639	86.67	0.8818	0.5955	0.797	220
B076960	ENSG00000152348	FSM	220	B076960	2291	79.02	0.7318	0.5227	0.744	220
B076965	ENSG00000104518	FSM	220	B076965	820	81.81	0.8091	0.3909	0.829	220
B077009	ENSG00000116035	NIC	220	B079305	11597	89.55	0.9409	0.7682	0.808	220
B077016	ENSG00000280071	NIC	220	B077016	8270	78.41	0.6864	0.4409	0.794	220
B077019	ENSG00000172936	NIC	220	B077019	361	34.32	0.0273	0.0000	0.238	220
B077026	ENSG00000151806	NIC	220	B079288	14166	79.29	0.7273	0.3182	0.649	220
B077027	ENSG00000153132	NIC	220	B077027	6061	80.33	0.8909	0.1136	0.412	220
B077028	ENSG00000113240	NIC	220	B089438	12766	93.19	0.9545	0.9045	0.875	220
B077041	ENSG00000104221	NIC	220	B077041	759	77.56	0.6818	0.5227	0.59	220
B077061	ENSG00000142875	NIC	220	B080253	20212	89.83	0.9136	0.7636	0.836	220
B077099	ENSG00000136040	NNC	220	B067047	1964	89.38	0.9500	0.6682	0.745	220
B077104	ENSG00000140395	NNC	220	B079206	15005	90.74	0.8864	0.8318	0.864	220
B077135	ENSG00000225921	NNC	220	B077135	671	67.33	0.4182	0.1955	0.315	220
B077139	ENSG00000128595	NNC	220	B077140	6789	77.23	0.8136	0.1182	0.576	220
B077151	ENSG00000160087	NNC	220	B077151	12948	82.42	0.7591	0.6455	0.628	220
B077166	ENSG00000278845	NNC	220	B084456	1833	73.88	0.6682	0.2045	0.662	220
B077190	ENSG00000151470	NNC	220	B077190	2030	79.46	0.7455	0.5955	0.775	220
B077195	ENSG00000112514	NNC	220	B077195	10973	60.64	0.3864	0.2818	0.469	220
B077210	ENSG00000204179	NNC	220	B075167	1491	55.22	0.2500	0.1000	0.287	220
B077217	ENSG00000169213	FSM	219	B089620	18891	79.99	0.7489	0.5434	0.742	219
B077235	ENSG00000171444	FSM	219	B077235	587	78.27	0.6621	0.5023	0.324	219
B077240	ENSG00000111912	FSM	219	B080337	8301	89.67	0.8995	0.7534	0.766	219
B077259	ENSG00000130477	FSM	219	B087535	2255	81.46	0.7854	0.6530	0.766	219
B077261	ENSG00000138796	FSM	219	B066690	19231	86.46	0.8584	0.7352	0.746	219
B077262	ENSG00000132563	FSM	219	B078703	7004	55.72	0.1826	0.0228	0.25	219
B077264	ENSG00000165240	FSM	219	B077264	12281	71.83	0.6164	0.1644	0.522	219
B077274	ENSG00000103591	NIC	219	B077274	1291	82.98	0.7854	0.6667	0.768	219
B077314	ENSG00000100243	NIC	219	B077314	11270	88.92	0.8721	0.7534	0.787	219
B077333	ENSG00000213588	NIC	219	B077333	10686	57.42	0.3333	0.0000	0.308	219
B077345	ENSG00000156345	NIC	219	B079401	7148	70.31	0.5982	0.3699	0.669	219
B077349	ENSG00000177225	NIC	219	B087291	2344	93.52	0.9635	0.8858	0.893	219
B077366	ENSG00000169660	NIC	219	B077366	2379	85.88	0.8356	0.5936	0.803	219
B077371	ENSG00000131375	NIC	219	B077371	5318	84.20	0.8539	0.5479	0.833	219
B077398	ENSG00000117410	NNC	219	B077398	8131	76.84	0.6941	0.2603	0.669	219
B077411	ENSG00000082641	NNC	219	B084890	3773	78.47	0.6895	0.5342	0.506	219
B077424	ENSG00000138081	NNC	219	B077424	6873	86.39	0.8630	0.5434	0.778	219
B077445	ENSG00000120256	NNC	219	B077445	14942	52.85	0.3288	0.0046	0.316	219
B077458	ENSG00000154473	NNC	219	B077517	12283	93.77	0.9452	0.9041	0.894	219
B077461	ENSG00000037897	NNC	219	B077461	6033	78.19	0.7215	0.5114	0.728	219
B077469	ENSG00000162032	NNC	219	B082891	1602	60.19	0.4338	0.1872	0.5	219
B077496	ENSG00000066422	NNC	219	B077496	22538	78.67	0.8311	0.1416	0.464	219
B077507	ENSG00000086300	NNC	219	B077507	4701	77.35	0.6667	0.5662	0.677	219
B077520	ENSG00000057294	FSM	218	B077520	2039	94.30	0.9725	0.8807	0.91	218
B077527	ENSG00000137845	FSM	218	B083695	2358	79.96	0.7706	0.4633	0.676	218
B077536	ENSG00000172175	FSM	218	B077536	7495	81.65	0.7890	0.4587	0.572	218
B077541	ENSG00000087088	FSM	218	B075017	2481	61.86	0.4633	0.0000	0.6	218
B077542	ENSG00000168765	FSM	218	B075516	6979	97.22	0.9954	0.9862	0.925	218
B077548	ENSG00000144401	FSM	218	B077548	10350	90.02	0.8991	0.8165	0.872	218
B077549	ENSG00000121851	FSM	218	B084906	1800	68.04	0.4954	0.0917	0.354	218
B077565	ENSG00000168118	FSM	218	B085756	18134	84.47	0.7936	0.6055	0.807	218
B077574	ENSG00000023191	FSM	218	B077574	7262	96.67	1.0000	0.9771	0.919	218
B077583	ENSG00000147224	FSM	218	B081922	17659	87.36	0.8899	0.6651	0.819	218
B077585	ENSG00000116922	NIC	218	B077585	507	73.33	0.6743	0.4404	0.631	218
B077619	ENSG00000119820	NIC	218	B082686	3191	56.55	0.1193	0.0000	0.283	218
B077625	ENSG00000159055	NIC	218	B089485	1166	75.17	0.6193	0.3945	0.536	218
B077638	ENSG00000113712	NIC	218	B077638	19339	88.28	0.8578	0.7431	0.792	218
B077641	ENSG00000118690	NIC	218	B077641	602	49.47	0.0229	0.0000	0.325	218
B077642	ENSG00000026297	NIC	218	B079014	7106	84.89	0.8257	0.6835	0.84	218
B077651	ENSG00000087842	NIC	218	B083996	13669	93.54	0.9954	0.8257	0.859	218
B077655	ENSG00000138172	NIC	218	B084302	1634	54.01	0.0000	0.0000	0.36	218
B077677	ENSG00000101138	NIC	218	B077677	10936	85.17	0.8257	0.5642	0.58	218
B077678	ENSG00000143376	NIC	218	B082764	862	74.53	0.6743	0.4128	0.652	218
B077682	ENSG00000177628	NIC	218	B077682	6978	95.23	1.0000	0.9220	0.908	218
B077689	ENSG00000143799	NIC	218	B077689	6610	85.02	0.8624	0.5367	0.752	218
B077696	ENSG00000126012	NIC	218	B077696	15749	63.47	0.3716	0.1009	0.342	218
B077705	ENSG00000166006	NNC	218	B077705	13752	57.02	0.2798	0.0046	0.333	218
B077720	ENSG00000135932	NNC	218	B074137	3415	92.52	0.9220	0.8716	0.875	218
B077728	ENSG00000173540	NNC	218	B074646	13329	79.06	0.7936	0.3303	0.787	218
B077729	ENSG00000138496	NNC	218	B090811	2361	83.07	0.7890	0.6055	0.78	218
B077732	ENSG00000145293	NNC	218	B077732	7198	87.10	0.8761	0.5550	0.744	218
B077734	ENSG00000113597	NNC	218	B077734	1478	87.07	0.8899	0.6330	0.668	218
B077753	ENSG00000102225	NNC	218	B077753	8817	59.91	0.4358	0.0596	0.543	218
B077763	ENSG00000123415	NNC	218	B077763	4065	65.17	0.5229	0.1835	0.628	218
B077765	ENSG00000184990	NNC	218	B077765	865	61.53	0.4128	0.0688	0.272	218
B077771	ENSG00000068489	NNC	218	B077771	10714	62.91	0.3486	0.0229	0.204	218
B077777	ENSG00000075702	NNC	218	B077777	613	51.75	0.0688	0.0000	0.229	218
B077779	ENSG00000079462	NNC	218	B077779	10169	69.51	0.5872	0.3670	0.689	218
B077795	ENSG00000147687	NNC	218	B089305	10747	91.48	0.9450	0.7890	0.86	218
B077803	ENSG00000175467	NNC	218	B077803	3375	67.17	0.4587	0.1147	0.336	218
B077804	ENSG00000172663	NNC	218	B077804	599	55.12	0.2202	0.0000	0.272	218
B077811	ENSG00000172379	FSM	217	B077811	10393	64.47	0.4977	0.0737	0.363	217
B077812	ENSG00000167186	FSM	217	B089326	6092	86.37	0.8018	0.7465	0.767	217
B077817	ENSG00000141027	FSM	217	B077817	1253	54.29	0.1382	0.0046	0.188	217
B077832	ENSG00000170017	FSM	217	B077832	2743	80.23	0.7512	0.5253	0.595	217
B077837	ENSG00000109534	FSM	217	B078881	3679	62.38	0.4101	0.1382	0.453	217
B077845	ENSG00000135048	FSM	217	B082869	417	84.84	0.8433	0.5300	0.779	217
B077850	ENSG00000083544	FSM	217	B077850	5669	62.12	0.2535	0.2442	0.366	217
B077854	ENSG00000108666	FSM	217	B087345	557	85.56	0.9124	0.4286	0.816	217
B077856	ENSG00000185513	FSM	217	B077856	332	57.43	0.1336	0.0000	0.147	217
B077858	ENSG00000156500	FSM	217	B077858	922	55.98	0.1797	0.0645	0.235	217
B077869	ENSG00000140471	NIC	217	B077869	594	76.40	0.7051	0.4424	0.708	217
B077917	ENSG00000091127	NIC	217	B086652	4462	86.56	0.8756	0.5899	0.764	217
B077922	ENSG00000157693	NIC	217	B077922	799	58.57	0.1659	0.0000	0.345	217
B077924	ENSG00000159069	NIC	217	B077924	7032	79.12	0.7189	0.5069	0.726	217
B077927	ENSG00000158290	NIC	217	B077927	8436	79.48	0.7696	0.2673	0.72	217
B077934	ENSG00000084623	NIC	217	B087294	6441	89.34	0.9309	0.6406	0.852	217
B077949	ENSG00000155367	NIC	217	B077949	10756	91.16	0.9401	0.7880	0.832	217
B077959	ENSG00000156831	NIC	217	B086968	7788	79.86	0.7235	0.4470	0.454	217
B077981	ENSG00000170222	NNC	217	B081319	2647	84.94	0.8111	0.6636	0.778	217
B077991	ENSG00000172878	NNC	217	B077991	17147	97.23	0.9954	0.9770	0.918	217
B077995	ENSG00000125841	NNC	217	B081977	756	58.53	0.3226	0.1475	0.393	217
B077998	ENSG00000143553	NNC	217	B077998	11644	57.33	0.2995	0.0323	0.261	217
B078000	ENSG00000136068	NNC	217	B078000	6767	77.91	0.7834	0.3134	0.465	217
B078008	ENSG00000154305	NNC	217	B084603	5180	71.15	0.5253	0.3687	0.577	217
B078026	ENSG00000167986	NNC	217	B090184	2220	88.90	0.9171	0.6959	0.781	217
B078028	ENSG00000175197	NNC	217	B085337	584	65.60	0.3963	0.2212	0.291	217
B078033	ENSG00000100897	NNC	217	B078033	4807	69.19	0.5530	0.1475	0.434	217
B078049	ENSG00000167658	NNC	217	B078049	14182	70.97	0.5899	0.1705	0.523	217
B078055	ENSG00000011198	NNC	217	B078055	10990	87.78	0.8710	0.6498	0.831	217
B078056	ENSG00000283189	NNC	217	B072916	12524	89.24	0.9263	0.7051	0.811	217
B078081	ENSG00000165905	NNC	217	B078081	4264	90.57	0.9447	0.7512	0.871	217
B078083	ENSG00000167257	FSM	216	B078083	71	53.31	0.0509	0.0000	0.117	216
B078095	ENSG00000196123	FSM	216	B078095	1559	90.74	0.9259	0.7963	0.833	216
B078112	ENSG00000163257	FSM	216	B078112	56	35.30	0.0000	0.0000	0.214	216
B078123	ENSG00000133612	FSM	216	B078123	13506	86.80	0.8611	0.7778	0.809	216
B078131	ENSG00000172830	FSM	216	B078131	11065	73.40	0.6111	0.4861	0.563	216
B078132	ENSG00000012822	FSM	216	B078132	268	60.90	0.3009	0.0093	0.221	216
B078148	ENSG00000181852	NIC	216	B078910	670	84.97	0.7917	0.6343	0.599	216
B078151	ENSG00000214575	NIC	216	B078151	3019	87.33	0.8843	0.6204	0.801	216
B078160	ENSG00000130734	NIC	216	B078160	5063	77.12	0.7037	0.4444	0.688	216
B078162	ENSG00000162426	NIC	216	B078162	1676	67.59	0.5787	0.0509	0.461	216
B078164	ENSG00000115339	NIC	216	B078164	9950	90.46	0.9769	0.6435	0.811	216
B078170	ENSG00000072756	NIC	216	B078170	11870	84.85	0.8241	0.6435	0.804	216
B078173	ENSG00000163832	NIC	216	B085030	897	79.63	0.7593	0.3704	0.754	216
B078175	ENSG00000080822	NIC	216	B078175	457	77.07	0.7731	0.2269	0.707	216
B078183	ENSG00000204592	NIC	216	B078183	9170	88.68	0.8380	0.7593	0.807	216
B078184	ENSG00000204351	NIC	216	B078184	4755	88.03	0.8889	0.6944	0.81	216
B078199	ENSG00000120992	NIC	216	B083931	11336	87.39	0.8889	0.6759	0.866	216
B078208	ENSG00000129824	NIC	216	B086976	6148	79.09	0.7917	0.5694	0.727	216
B078211	ENSG00000099194	NIC	216	B078211	14100	82.95	0.7917	0.7130	0.734	216
B078219	ENSG00000174943	NIC	216	B078219	10224	70.53	0.4630	0.4259	0.518	216
B078225	ENSG00000101558	NIC	216	B078225	2263	63.75	0.4398	0.2407	0.311	216
B078249	ENSG00000019995	NIC	216	B078249	2053	88.65	0.8981	0.7037	0.834	216
B078264	ENSG00000197302	NNC	216	B078264	13886	46.04	0.2685	0.1620	0.348	216
B078270	ENSG00000161395	NNC	216	B087305	3094	87.95	0.9213	0.5926	0.688	216
B078276	ENSG00000162645	NNC	216	B091294	2106	81.18	0.8426	0.2407	0.577	216
B078287	ENSG00000138413	NNC	216	B065970	7213	92.25	0.9861	0.7593	0.8	216
B078289	ENSG00000144485	NNC	216	B087685	6925	65.23	0.4167	0.2593	0.436	216
B078298	ENSG00000197980	NNC	216	B078298	382	84.60	0.7546	0.7037	0.442	216
B078303	ENSG00000164117	NNC	216	B078303	8376	80.84	0.8009	0.4444	0.693	216
B078326	ENSG00000139546	NNC	216	B078326	3693	55.68	0.3333	0.0000	0.293	216
B078332	ENSG00000032219	NNC	216	B078332	5344	64.96	0.4259	0.1713	0.541	216
B078334	ENSG00000183044	NNC	216	B078334	4852	82.78	0.7778	0.6250	0.675	216
B078349	ENSG00000116096	NNC	216	B078349	2744	87.37	0.8750	0.7407	0.852	216
B078355	ENSG00000197121	NNC	216	B078355	777	79.49	0.7963	0.3009	0.763	216
B078364	ENSG00000205765	NNC	216	B078364	584	78.59	0.6991	0.4630	0.754	216
B078369	ENSG00000113240	NNC	216	B079009	13669	95.70	0.9907	0.9583	0.913	216
B078382	ENSG00000172890	NNC	216	B078382	3933	85.11	0.8935	0.5787	0.773	216
B078385	ENSG00000111540	FSM	215	B081507	19123	83.55	0.7814	0.6465	0.762	215
B078405	ENSG00000090339	FSM	215	B078405	1235	81.69	0.7721	0.6884	0.64	215
B078408	ENSG00000265808	FSM	215	B081724	4276	82.70	0.8000	0.4326	0.683	215
B078417	ENSG00000109805	FSM	215	B089813	1866	82.91	0.7860	0.5628	0.824	215
B078438	ENSG00000025796	FSM	215	B078438	19679	81.55	0.8465	0.2465	0.546	215
B078443	ENSG00000132275	FSM	215	B082795	9964	93.57	0.9581	0.8651	0.905	215
B078444	ENSG00000132749	FSM	215	B082472	250	51.18	0.0093	0.0000	0.13	215
B078461	ENSG00000102910	NIC	215	B078461	13952	70.32	0.6791	0.1256	0.527	215
B078468	ENSG00000013275	NIC	215	B081470	13034	71.91	0.6512	0.1860	0.439	215
B078500	ENSG00000186480	NIC	215	B078500	1593	53.56	0.0000	0.0000	0.362	215
B078509	ENSG00000136936	NIC	215	B081861	3357	82.24	0.7721	0.4744	0.557	215
B078510	ENSG00000130717	NIC	215	B085471	10616	68.31	0.5163	0.2465	0.656	215
B078587	ENSG00000277462	NNC	215	B078587	25376	82.65	0.8140	0.6140	0.595	215
B078599	ENSG00000110768	NNC	215	B078599	1336	79.20	0.7302	0.3721	0.541	215
B078608	ENSG00000170779	NNC	215	B078608	2212	58.65	0.2884	0.0233	0.345	215
B078618	ENSG00000089685	NNC	215	B088911	13285	64.99	0.5628	0.0698	0.6	215
B078643	ENSG00000215114	NNC	215	B084099	2472	58.62	0.3116	0.0140	0.292	215
B078667	ENSG00000144034	FSM	214	B078667	5105	80.43	0.7664	0.5000	0.767	214
B078669	ENSG00000156239	FSM	214	B087176	5449	94.96	0.9813	0.9065	0.914	214
B078680	ENSG00000158806	FSM	214	B086518	1520	72.10	0.4860	0.4112	0.545	214
B078686	ENSG00000125485	FSM	214	B078686	12163	61.87	0.4439	0.1682	0.439	214
B078687	ENSG00000147403	FSM	214	B078687	7218	88.80	0.9112	0.6355	0.806	214
B078695	ENSG00000075856	FSM	214	B078695	12585	79.17	0.7757	0.2243	0.593	214
B078701	ENSG00000101412	FSM	214	B079673	3407	65.70	0.4393	0.2009	0.363	214
B078705	ENSG00000116141	FSM	214	B078705	2820	61.98	0.4019	0.2430	0.345	214
B078709	ENSG00000184575	NIC	214	B078709	1230	92.10	0.9720	0.7430	0.896	214
B078740	ENSG00000204217	NIC	214	B078740	5765	74.52	0.6729	0.3037	0.572	214
B078745	ENSG00000151883	NIC	214	B078745	621	70.28	0.5561	0.1822	0.471	214
B078748	ENSG00000124588	NIC	214	B085562	12986	81.13	0.8037	0.5935	0.798	214
B078752	ENSG00000143761	NIC	214	B083033	21098	72.41	0.5514	0.3738	0.685	214
B078757	ENSG00000127481	NIC	214	B084295	1056	92.36	0.9252	0.8738	0.878	214
B078762	ENSG00000158526	NIC	214	B091341	1325	46.03	0.1402	0.0000	0.293	214
B078772	ENSG00000139597	NIC	214	B078772	3068	71.80	0.6168	0.2850	0.64	214
B078774	ENSG00000137842	NIC	214	B078774	1649	84.23	0.8037	0.6822	0.809	214
B078775	ENSG00000183060	NIC	214	B081705	1278	57.40	0.2336	0.1215	0.245	214
B078823	ENSG00000080819	NNC	214	B078823	10436	96.23	1.0000	0.9579	0.907	214
B078840	ENSG00000106415	NNC	214	B078840	1590	54.79	0.1869	0.0000	0.154	214
B078874	ENSG00000185513	NNC	214	B078874	184	56.39	0.1449	0.0000	0.162	214
B078921	ENSG00000173786	FSM	213	B084071	1880	81.91	0.8357	0.2582	0.731	213
B078936	ENSG00000273899	FSM	213	B087109	2581	72.26	0.5634	0.2582	0.422	213
B078971	ENSG00000139496	NIC	213	B078971	1124	58.20	0.2394	0.1127	0.271	213
B078996	ENSG00000143595	NIC	213	B085108	10458	89.25	0.8545	0.7746	0.775	213
B079011	ENSG00000117697	NIC	213	B079011	1017	71.32	0.5775	0.2676	0.406	213
B079030	ENSG00000126947	NIC	213	B079030	2	30.49	0.0000	0.0000	0.247	213
B079032	ENSG00000122852	NIC	213	B079032	11029	82.65	0.7840	0.5728	0.655	213
B079037	ENSG00000149485	NIC	213	B088635	9347	78.21	0.7793	0.3521	0.629	213
B079038	ENSG00000175115	NIC	213	B079038	1696	62.11	0.4460	0.0798	0.416	213
B079042	ENSG00000111752	NIC	213	B079042	1525	50.25	0.1268	0.0188	0.212	213
B079054	ENSG00000125107	NIC	213	B079054	3322	80.20	0.7934	0.2911	0.779	213
B079058	ENSG00000125450	NIC	213	B079058	1162	77.40	0.7418	0.2958	0.7	213
B079065	ENSG00000183628	NIC	213	B079065	875	65.95	0.5258	0.1784	0.336	213
B079066	ENSG00000133460	NIC	213	B079066	6948	71.45	0.6432	0.0000	0.645	213
B079077	ENSG00000165629	NIC	213	B079077	9099	82.76	0.8404	0.4038	0.719	213
B079085	ENSG00000189409	NNC	213	B079085	13022	85.64	0.8498	0.6056	0.747	213
B079094	ENSG00000134744	NNC	213	B079094	158	54.01	0.0047	0.0000	0.107	213
B079100	ENSG00000168904	NNC	213	B086428	9172	88.74	0.8920	0.6995	0.863	213
B079109	ENSG00000117543	NNC	213	B079109	8322	83.99	0.8169	0.6103	0.731	213
B079135	ENSG00000133872	NNC	213	B079135	2775	77.20	0.6291	0.4601	0.576	213
B079157	ENSG00000133027	NNC	213	B079157	1791	53.20	0.0094	0.0000	0.316	213
B079164	ENSG00000130810	NNC	213	B079164	530	73.51	0.7042	0.1596	0.603	213
B079172	ENSG00000119004	NNC	213	B079172	744	68.93	0.5540	0.0141	0.445	213
B079177	ENSG00000134058	NNC	213	B079177	15463	82.07	0.7840	0.5023	0.816	213
B079185	ENSG00000106400	NNC	213	B079185	3455	61.73	0.3944	0.0469	0.422	213
B079190	ENSG00000167113	NNC	213	B079190	4567	70.75	0.7089	0.0235	0.652	213
B079193	ENSG00000290921	NNC	213	B079193	1475	59.31	0.3380	0.0141	0.3	213
B079201	ENSG00000119720	FSM	212	B091823	978	62.46	0.5236	0.0000	0.521	212
B079217	ENSG00000124839	FSM	212	B086028	15896	82.53	0.7689	0.5566	0.772	212
B079218	ENSG00000176720	FSM	212	B079218	1559	83.52	0.8113	0.5047	0.725	212
B079219	ENSG00000168393	FSM	212	B087436	11480	95.31	0.9858	0.9009	0.91	212
B079221	ENSG00000159086	FSM	212	B079221	1628	63.37	0.3632	0.0519	0.239	212
B079226	ENSG00000181381	FSM	212	B079226	648	83.37	0.8208	0.4245	0.834	212
B079229	ENSG00000112981	FSM	212	B080171	10174	86.24	0.8396	0.7217	0.685	212
B079233	ENSG00000136240	FSM	212	B079233	7354	89.21	0.9009	0.7170	0.864	212
B079250	ENSG00000204348	FSM	212	B079816	1888	79.79	0.7830	0.4198	0.668	212
B079259	ENSG00000128872	NIC	212	B079259	7708	77.27	0.7170	0.2642	0.615	212
B079263	ENSG00000153815	NIC	212	B079263	5023	90.95	0.9387	0.7736	0.724	212
B079292	ENSG00000157064	NIC	212	B079292	3520	79.65	0.7358	0.5283	0.717	212
B079308	ENSG00000151657	NIC	212	B086086	3134	80.92	0.8160	0.3443	0.601	212
B079326	ENSG00000104177	NIC	212	B072242	12267	69.70	0.5142	0.2453	0.491	212
B079338	ENSG00000144468	NIC	212	B079338	2513	61.73	0.2972	0.0000	0.444	212
B079346	ENSG00000183783	NIC	212	B079346	795	55.08	0.1887	0.0472	0.199	212
B079350	ENSG00000155530	NIC	212	B079350	2505	69.17	0.6132	0.3160	0.595	212
B079357	ENSG00000120647	NNC	212	B087656	1017	86.66	0.8396	0.5755	0.416	212
B079359	ENSG00000173598	NNC	212	B079641	9720	75.60	0.6509	0.5849	0.664	212
B079369	ENSG00000099840	NNC	212	B091098	229	78.86	0.6698	0.4104	0.675	212
B079371	ENSG00000087088	NNC	212	B079371	18668	67.65	0.5849	0.0000	0.609	212
B079386	ENSG00000034693	NNC	212	B079386	1542	81.15	0.8066	0.3349	0.775	212
B079395	ENSG00000164823	NNC	212	B080708	1973	70.22	0.5943	0.3962	0.649	212
B079402	ENSG00000044446	NNC	212	B085928	2832	93.30	0.9764	0.8208	0.9	212
B079407	ENSG00000117984	NNC	212	B079407	13961	94.31	1.0000	0.8632	0.898	212
B079411	ENSG00000036672	NNC	212	B083361	12695	87.29	0.8774	0.5896	0.843	212
B079426	ENSG00000004142	NNC	212	B079948	7732	84.28	0.8349	0.5613	0.791	212
B079428	ENSG00000154080	NNC	212	B086790	6074	94.18	0.9811	0.8679	0.893	212
B079431	ENSG00000135637	NNC	212	B079431	184	53.62	0.1698	0.0330	0.29	212
B079455	ENSG00000178381	NNC	212	B079455	5006	68.26	0.5142	0.0613	0.311	212
B079459	ENSG00000092964	NNC	212	B085910	15488	75.88	0.6274	0.4292	0.547	212
B079466	ENSG00000138138	NNC	212	B079466	16055	70.97	0.6085	0.0000	0.458	212
B079483	ENSG00000167526	FSM	211	B081644	5505	83.20	0.8863	0.3318	0.611	211
B079494	ENSG00000052723	FSM	211	B080685	1403	81.31	0.7583	0.5308	0.301	211
B079496	ENSG00000099910	FSM	211	B079496	5591	59.95	0.4360	0.0427	0.322	211
B079501	ENSG00000116741	FSM	211	B092361	9572	78.77	0.6825	0.5829	0.68	211
B079506	ENSG00000112208	FSM	211	B089876	1000	86.09	0.8246	0.6540	0.653	211
B079514	ENSG00000165813	FSM	211	B080406	397	61.46	0.3270	0.0900	0.224	211
B079521	ENSG00000088038	FSM	211	B079521	3037	65.33	0.4408	0.2749	0.432	211
B079525	ENSG00000198586	FSM	211	B079611	10460	87.57	0.8483	0.7204	0.817	211
B079526	ENSG00000075785	FSM	211	B080698	14545	84.75	0.8341	0.6256	0.823	211
B079543	ENSG00000100557	NIC	211	B083168	9712	54.45	0.1327	0.0664	0.239	211
B079559	ENSG00000086544	NIC	211	B079559	4314	62.63	0.3839	0.2464	0.441	211
B079564	ENSG00000155755	NIC	211	B092347	799	72.73	0.6351	0.0000	0.656	211
B079566	ENSG00000101189	NIC	211	B092568	1922	64.66	0.4502	0.2607	0.408	211
B079567	ENSG00000100228	NIC	211	B079567	9595	66.00	0.5213	0.3175	0.581	211
B079570	ENSG00000197980	NIC	211	B085555	517	92.32	0.9763	0.7583	0.424	211
B079576	ENSG00000164620	NIC	211	B079576	1092	55.49	0.1280	0.0474	0.215	211
B079582	ENSG00000120278	NIC	211	B079582	6462	60.31	0.3175	0.1564	0.348	211
B079585	ENSG00000106305	NIC	211	B079585	5148	86.34	0.8768	0.5877	0.833	211
B079632	ENSG00000177189	NIC	211	B082141	17353	73.58	0.6588	0.2938	0.704	211
B079642	ENSG00000152520	NNC	211	B079642	2810	87.58	0.9194	0.5592	0.683	211
B079645	ENSG00000083520	NNC	211	B079645	9753	81.92	0.8246	0.4408	0.646	211
B079651	ENSG00000065057	NNC	211	B085583	12900	96.20	1.0000	0.9763	0.905	211
B079652	ENSG00000217930	NNC	211	B089843	2	39.95	0.0000	0.0000	0.144	211
B079661	ENSG00000011304	NNC	211	B079661	7306	64.59	0.4265	0.0806	0.487	211
B079669	ENSG00000115233	NNC	211	B079669	6427	58.91	0.4550	0.0237	0.621	211
B079672	ENSG00000101294	NNC	211	B085229	6016	77.94	0.7630	0.1422	0.689	211
B079676	ENSG00000198355	NNC	211	B079676	14217	75.33	0.6825	0.4929	0.625	211
B079689	ENSG00000048544	NNC	211	B091126	5494	72.84	0.5829	0.4882	0.562	211
B079701	ENSG00000198917	NNC	211	B079701	3612	69.00	0.5972	0.1137	0.506	211
B079715	ENSG00000104081	NNC	211	B079715	487	55.13	0.1469	0.0900	0.236	211
B079718	ENSG00000198931	NNC	211	B089034	15483	82.34	0.8057	0.6209	0.795	211
B079725	ENSG00000105726	NNC	211	B079725	3509	85.72	0.8815	0.4692	0.813	211
B079735	ENSG00000115461	NNC	211	B083390	4903	71.41	0.5450	0.2749	0.444	211
B079741	ENSG00000163808	NNC	211	B079741	623	90.78	0.9289	0.6967	0.438	211
B079752	ENSG00000182307	NNC	211	B085861	1487	53.71	0.1611	0.0000	0.308	211
B079766	ENSG00000134697	FSM	210	B079766	655	63.08	0.3524	0.0857	0.23	210
B079768	ENSG00000135452	FSM	210	B082400	1939	84.47	0.8524	0.4095	0.74	210
B079771	ENSG00000126107	FSM	210	B079771	8565	92.01	0.9476	0.8524	0.766	210
B079783	ENSG00000134255	FSM	210	B079783	9915	78.75	0.7571	0.3952	0.694	210
B079808	ENSG00000110717	FSM	210	B092185	19556	83.23	0.8190	0.5333	0.623	210
B079813	ENSG00000138670	FSM	210	B079813	1308	61.70	0.4571	0.1429	0.565	210
B079820	ENSG00000077279	FSM	210	B080096	3486	63.26	0.3810	0.0143	0.445	210
B079828	ENSG00000139517	NIC	210	B079828	10234	83.71	0.8429	0.5762	0.727	210
B079833	ENSG00000129534	NIC	210	B079833	862	62.31	0.3286	0.0857	0.392	210
B079838	ENSG00000166780	NIC	210	B079838	1224	70.40	0.5238	0.4190	0.537	210
B079840	ENSG00000205629	NIC	210	B089170	4229	91.66	0.9476	0.7762	0.857	210
B079848	ENSG00000183077	NIC	210	B079848	3123	78.36	0.7952	0.5048	0.778	210
B079863	ENSG00000121542	NIC	210	B088879	2940	76.97	0.6905	0.5333	0.708	210
B079885	ENSG00000117602	NIC	210	B077153	2596	68.82	0.5048	0.2952	0.464	210
B079899	ENSG00000008283	NIC	210	B079899	4714	87.22	0.8476	0.7095	0.807	210
B079932	ENSG00000068971	NIC	210	B079932	5589	59.59	0.3238	0.0190	0.479	210
B079955	ENSG00000065268	NNC	210	B087098	10360	77.88	0.6286	0.3476	0.505	210
B079966	ENSG00000144560	NNC	210	B081843	581	51.38	0.0190	0.0000	0.124	210
B079970	ENSG00000174720	NNC	210	B084918	10210	83.79	0.8048	0.6000	0.734	210
B079983	ENSG00000028839	NNC	210	B092713	5334	85.30	0.8381	0.7952	0.749	210
B079987	ENSG00000164970	NNC	210	B091023	673	56.03	0.0667	0.0000	0.15	210
B079997	ENSG00000133818	NNC	210	B085232	16252	79.78	0.7048	0.5619	0.761	210
B080000	ENSG00000139613	NNC	210	B080000	1952	62.72	0.3810	0.2095	0.306	210
B080006	ENSG00000078304	NNC	210	B080006	5518	83.59	0.7810	0.6810	0.71	210
B080013	ENSG00000118276	NNC	210	B080013	8109	84.12	0.8762	0.3810	0.827	210
B080015	ENSG00000099622	NNC	210	B080015	23466	53.56	0.2714	0.0000	0.345	210
B080016	ENSG00000178078	NNC	210	B080016	726	64.73	0.4190	0.2286	0.345	210
B080017	ENSG00000197872	NNC	210	B080017	1503	85.39	0.8381	0.6190	0.812	210
B080026	ENSG00000273899	NNC	210	B087109	2467	72.08	0.5619	0.2524	0.443	210
B080034	ENSG00000113272	NNC	210	B080034	4384	85.94	0.8429	0.7667	0.754	210
B080059	ENSG00000177192	FSM	209	B088869	13878	50.95	0.1914	0.0000	0.401	209
B080064	ENSG00000174943	FSM	209	B085824	10213	74.29	0.5263	0.4402	0.547	209
B080065	ENSG00000140718	FSM	209	B080065	840	88.82	0.8421	0.7416	0.823	209
B080075	ENSG00000153107	FSM	209	B080075	183	76.04	0.6746	0.1962	0.727	209
B080078	ENSG00000155744	FSM	209	B084975	1277	87.56	0.8852	0.6220	0.818	209
B080088	ENSG00000013810	FSM	209	B080088	1942	71.26	0.4976	0.4067	0.409	209
B080089	ENSG00000123933	FSM	209	B079493	3280	70.65	0.4498	0.2679	0.383	209
B080092	ENSG00000112312	FSM	209	B088511	1701	67.99	0.4306	0.2679	0.394	209
B080097	ENSG00000265354	FSM	209	B085270	1820	56.47	0.1962	0.0000	0.376	209
B080109	ENSG00000133401	FSM	209	B090816	10337	68.24	0.5789	0.2057	0.438	209
B080122	ENSG00000166783	NIC	209	B080510	758	65.46	0.3923	0.2632	0.422	209
B080155	ENSG00000010256	NIC	209	B086077	10818	86.00	0.8325	0.7608	0.741	209
B080169	ENSG00000112874	NIC	209	B080169	16812	92.20	0.9617	0.8325	0.868	209
B080172	ENSG00000204435	NIC	209	B080172	5087	75.05	0.5789	0.4306	0.546	209
B080173	ENSG00000065029	NIC	209	B080701	624	51.74	0.0574	0.0000	0.286	209
B080185	ENSG00000171163	NIC	209	B090822	8169	72.44	0.6507	0.1722	0.376	209
B080187	ENSG00000155792	NIC	209	B077242	4888	59.11	0.3445	0.1053	0.344	209
B080201	ENSG00000187741	NIC	209	B087302	901	61.78	0.4354	0.0000	0.378	209
B080206	ENSG00000136492	NIC	209	B080206	53	51.88	0.0670	0.0000	0.152	209
B080217	ENSG00000291158	NIC	209	B091307	263	42.24	0.0096	0.0000	0.249	209
B080228	ENSG00000104427	NIC	209	B092653	4716	69.07	0.4833	0.2057	0.303	209
B080243	ENSG00000179361	NNC	209	B080243	413	56.96	0.1866	0.0000	0.186	209
B080249	ENSG00000129219	NNC	209	B083704	11327	92.31	0.9713	0.7847	0.84	209
B080256	ENSG00000134779	NNC	209	B089330	1368	75.28	0.6699	0.2201	0.738	209
B080264	ENSG00000116874	NNC	209	B080264	9650	70.39	0.6842	0.2153	0.621	209
B080272	ENSG00000206120	NNC	209	B088929	11012	76.95	0.7129	0.4211	0.452	209
B080280	ENSG00000112242	NNC	209	B080280	26	40.89	0.0048	0.0000	0.244	209
B080293	ENSG00000185009	NNC	209	B080293	4637	84.77	0.8278	0.5550	0.702	209
B080319	ENSG00000188493	NNC	209	B087240	1193	61.80	0.4354	0.1053	0.403	209
B080339	ENSG00000135272	NNC	209	B080339	551	52.00	0.0335	0.0000	0.111	209
B080378	ENSG00000205517	FSM	208	B066678	6586	77.56	0.6971	0.4663	0.748	208
B080407	ENSG00000186501	FSM	208	B091743	2970	84.14	0.7885	0.6779	0.746	208
B080451	ENSG00000130204	NIC	208	B085958	2825	88.01	0.9615	0.5096	0.69	208
B080458	ENSG00000186141	NIC	208	B081142	962	80.12	0.7788	0.4375	0.685	208
B080469	ENSG00000185619	NIC	208	B084216	3799	80.52	0.7837	0.5817	0.632	208
B080470	ENSG00000174720	NIC	208	B080470	805	61.72	0.2019	0.1635	0.317	208
B080478	ENSG00000008083	NIC	208	B083031	521	74.55	0.6490	0.3317	0.634	208
B080497	ENSG00000108176	NIC	208	B080497	2886	54.80	0.2692	0.0000	0.307	208
B080505	ENSG00000100836	NIC	208	B080505	46	50.58	0.0385	0.0000	0.134	208
B080508	ENSG00000185634	NIC	208	B080508	9777	59.52	0.3798	0.0192	0.463	208
B080511	ENSG00000258315	NIC	208	B080511	1195	57.99	0.2260	0.1587	0.269	208
B080516	ENSG00000005007	NIC	208	B080516	2096	45.36	0.1827	0.0000	0.305	208
B080548	ENSG00000215883	NNC	208	B089206	8180	74.08	0.7163	0.2596	0.619	208
B080562	ENSG00000126457	NNC	208	B086994	11852	78.19	0.7308	0.4279	0.7	208
B080567	ENSG00000176720	NNC	208	B080567	1804	50.54	0.1202	0.0000	0.413	208
B080608	ENSG00000033030	NNC	208	B080608	11119	58.03	0.2788	0.0962	0.3	208
B080626	ENSG00000176890	NNC	208	B080626	14913	64.08	0.5529	0.3942	0.614	208
B080644	ENSG00000197959	NNC	208	B080644	4279	74.14	0.5529	0.3894	0.369	208
B080651	ENSG00000160813	NNC	208	B087764	234	58.55	0.2404	0.0865	0.279	208
B080675	ENSG00000175832	FSM	207	B078271	5895	68.34	0.4493	0.3768	0.491	207
B080688	ENSG00000170035	FSM	207	B085029	18354	83.64	0.7246	0.7101	0.689	207
B080711	ENSG00000183878	FSM	207	B087396	2572	76.97	0.7343	0.3865	0.691	207
B080716	ENSG00000130640	FSM	207	B080716	295	71.29	0.5556	0.1546	0.456	207
B080727	ENSG00000079313	FSM	207	B080727	10196	91.72	0.9662	0.7488	0.859	207
B080784	ENSG00000125037	NIC	207	B080784	2947	69.96	0.5700	0.0242	0.513	207
B080790	ENSG00000070476	NIC	207	B080790	586	48.33	0.0290	0.0000	0.177	207
B080808	ENSG00000147604	NIC	207	B080808	6861	80.94	0.7874	0.4058	0.657	207
B080818	ENSG00000165672	NIC	207	B084013	16810	93.45	0.9420	0.8986	0.881	207
B080824	ENSG00000123374	NIC	207	B080824	17917	84.08	0.8502	0.5217	0.673	207
B080826	ENSG00000142949	NIC	207	B080826	2086	67.28	0.4348	0.1546	0.474	207
B080846	ENSG00000038002	NIC	207	B080846	12771	86.57	0.8213	0.6957	0.79	207
B080855	ENSG00000106025	NIC	207	B089778	3638	73.03	0.6860	0.3720	0.549	207
B080862	ENSG00000156603	NIC	207	B085979	1075	63.10	0.3816	0.0628	0.281	207
B080864	ENSG00000214753	NIC	207	B080864	2550	84.24	0.8068	0.5990	0.746	207
B080876	ENSG00000142875	NNC	207	B080876	19667	72.65	0.6425	0.4928	0.708	207
B080882	ENSG00000115756	NNC	207	B084731	15124	65.22	0.5797	0.0000	0.544	207
B080905	ENSG00000198939	NNC	207	B093322	34375	91.26	0.9952	0.8019	0.611	207
B080906	ENSG00000196482	NNC	207	B080906	13721	65.38	0.3527	0.3285	0.418	207
B080907	ENSG00000198945	NNC	207	B080907	7932	65.08	0.3768	0.3333	0.465	207
B080916	ENSG00000095777	NNC	207	B091339	9242	79.06	0.7633	0.5845	0.742	207
B080926	ENSG00000129158	NNC	207	B080926	5019	79.95	0.7874	0.3333	0.766	207
B080931	ENSG00000172500	NNC	207	B080931	990	89.95	0.9179	0.7053	0.858	207
B080936	ENSG00000185163	NNC	207	B080936	13311	64.75	0.5411	0.0000	0.597	207
B080938	ENSG00000165807	NNC	207	B080938	556	59.00	0.2754	0.0580	0.319	207
B080942	ENSG00000072864	NNC	207	B080942	2653	67.24	0.4879	0.2947	0.252	207
B080944	ENSG00000153786	NNC	207	B080944	12853	83.94	0.8841	0.4734	0.771	207
B080963	ENSG00000100360	NNC	207	B080963	9553	60.77	0.4976	0.1304	0.656	207
B080964	ENSG00000100372	NNC	207	B080964	8856	60.52	0.0676	0.0000	0.444	207
B080966	ENSG00000164078	NNC	207	B080966	12429	81.92	0.7681	0.5217	0.826	207
B080968	ENSG00000144834	NNC	207	B080968	7309	54.16	0.2947	0.0000	0.464	207
B080977	ENSG00000113621	NNC	207	B082781	9358	66.74	0.5024	0.3720	0.515	207
B081014	ENSG00000254858	FSM	206	B081014	8254	83.60	0.8252	0.5049	0.764	206
B081017	ENSG00000132639	FSM	206	B082969	4087	82.53	0.7767	0.5340	0.669	206
B081033	ENSG00000006451	FSM	206	B081015	14634	87.47	0.8641	0.6845	0.808	206
B081036	ENSG00000204065	FSM	206	B090180	548	54.44	0.0049	0.0000	0.143	206
B081037	ENSG00000269556	FSM	206	B091560	857	56.37	0.1408	0.0000	0.377	206
B081045	ENSG00000132330	FSM	206	B081045	15859	85.66	0.8981	0.5194	0.662	206
B081049	ENSG00000198908	FSM	206	B081968	424	53.38	0.1214	0.0000	0.157	206
B081051	ENSG00000082175	NIC	206	B081986	5852	57.47	0.2427	0.0194	0.303	206
B081071	ENSG00000064489	NIC	206	B086391	12828	69.37	0.4417	0.4029	0.461	206
B081074	ENSG00000173960	NIC	206	B082683	3692	69.23	0.5583	0.0922	0.387	206
B081076	ENSG00000144028	NIC	206	B081076	1547	69.00	0.4660	0.0000	0.432	206
B081094	ENSG00000145241	NIC	206	B091675	253	53.04	0.1165	0.0000	0.184	206
B081095	ENSG00000138796	NIC	206	B081095	1067	51.06	0.2670	0.0000	0.521	206
B081103	ENSG00000047932	NIC	206	B081103	836	64.28	0.4903	0.1165	0.343	206
B081130	ENSG00000131467	NIC	206	B081130	2842	73.57	0.6019	0.3447	0.662	206
B081134	ENSG00000105289	NIC	206	B081134	10568	79.78	0.7427	0.6311	0.749	206
B081161	ENSG00000119487	NIC	206	B090881	707	80.32	0.7233	0.4903	0.645	206
B081170	ENSG00000109929	NNC	206	B081170	9392	90.98	0.9320	0.7961	0.833	206
B081171	ENSG00000135437	NNC	206	B086063	10367	87.30	0.8835	0.6990	0.808	206
B081182	ENSG00000172831	NNC	206	B081182	11506	86.88	0.8738	0.6068	0.82	206
B081211	ENSG00000161204	NNC	206	B081211	980	68.02	0.4806	0.0437	0.333	206
B081218	ENSG00000131507	NNC	206	B083028	1458	50.53	0.0485	0.0000	0.299	206
B081242	ENSG00000169213	NNC	206	B081242	14715	60.85	0.4660	0.0000	0.598	206
B081248	ENSG00000067365	NNC	206	B089403	1580	73.59	0.6602	0.3398	0.709	206
B081251	ENSG00000103018	NNC	206	B081251	16653	62.22	0.3883	0.0291	0.425	206
B081285	ENSG00000113328	NNC	206	B081285	2337	85.01	0.8350	0.5437	0.728	206
B081307	ENSG00000203985	FSM	205	B089205	7698	80.58	0.7756	0.5561	0.629	205
B081308	ENSG00000104081	FSM	205	B081308	387	51.41	0.0537	0.0000	0.178	205
B081310	ENSG00000067365	FSM	205	B081310	604	52.01	0.0927	0.0000	0.246	205
B081313	ENSG00000166164	FSM	205	B081313	9304	64.15	0.4098	0.0244	0.357	205
B081326	ENSG00000138069	FSM	205	B090029	17591	82.28	0.7756	0.5951	0.773	205
B081328	ENSG00000125901	FSM	205	B089553	696	86.16	0.8488	0.5561	0.421	205
B081337	ENSG00000164109	FSM	205	B088676	3180	91.26	0.9415	0.8000	0.864	205
B081341	ENSG00000164211	FSM	205	B090048	1128	94.12	0.9805	0.8976	0.892	205
B081343	ENSG00000112679	FSM	205	B089184	10945	88.79	0.8488	0.8244	0.824	205
B081347	ENSG00000135324	FSM	205	B081347	917	55.54	0.1659	0.0829	0.248	205
B081353	ENSG00000167985	FSM	205	B081353	8933	72.12	0.5561	0.3756	0.556	205
B081355	ENSG00000197345	FSM	205	B081627	7923	81.06	0.7561	0.6146	0.629	205
B081368	ENSG00000178381	FSM	205	B081368	4846	56.74	0.3512	0.0000	0.308	205
B081374	ENSG00000116151	NIC	205	B088793	12581	63.05	0.4634	0.3122	0.54	205
B081377	ENSG00000165480	NIC	205	B093612	769	61.04	0.3268	0.1024	0.201	205
B081388	ENSG00000103316	NIC	205	B081388	11811	90.90	0.8829	0.7951	0.868	205
B081399	ENSG00000134779	NIC	205	B083910	2120	72.53	0.6585	0.1951	0.445	205
B081421	ENSG00000241945	NIC	205	B081421	8322	80.33	0.6878	0.4634	0.725	205
B081431	ENSG00000154305	NIC	205	B081431	1441	87.32	0.8293	0.6976	0.494	205
B081438	ENSG00000135272	NIC	205	B085758	1528	48.03	0.0049	0.0000	0.226	205
B081449	ENSG00000138166	NIC	205	B088031	2810	76.53	0.6634	0.4341	0.667	205
B081452	ENSG00000149761	NIC	205	B083571	1636	89.21	0.8976	0.7366	0.844	205
B081459	ENSG00000167526	NIC	205	B081644	7182	82.03	0.8732	0.1951	0.597	205
B081480	ENSG00000100372	NIC	205	B085160	10515	53.05	0.0488	0.0000	0.276	205
B081501	ENSG00000182985	NNC	205	B081501	10440	73.10	0.5366	0.4537	0.432	205
B081504	ENSG00000116885	NNC	205	B091750	665	72.53	0.5756	0.2439	0.344	205
B081527	ENSG00000007080	NNC	205	B081527	1490	64.07	0.2927	0.0439	0.211	205
B081541	ENSG00000197965	NNC	205	B081541	3052	83.38	0.7951	0.5756	0.65	205
B081542	ENSG00000183624	NNC	205	B081542	7584	77.25	0.7561	0.3561	0.716	205
B081545	ENSG00000168228	NNC	205	B081545	6023	83.32	0.8780	0.5463	0.679	205
B081550	ENSG00000112312	NNC	205	B088511	1715	68.08	0.4049	0.2634	0.413	205
B081552	ENSG00000112425	NNC	205	B081552	1532	67.22	0.5268	0.2146	0.637	205
B081568	ENSG00000116151	NNC	205	B089099	14666	86.49	0.8537	0.6829	0.738	205
B081573	ENSG00000010539	NNC	205	B081573	570	36.54	0.0000	0.0000	0.209	205
B081604	ENSG00000291153	NNC	205	B081604	12363	46.69	0.0000	0.0000	0.28	205
B081606	ENSG00000106330	NNC	205	B089149	2060	71.12	0.5366	0.4146	0.549	205
B081623	ENSG00000166478	NNC	205	B081623	613	57.71	0.2683	0.0000	0.302	205
B081624	ENSG00000170242	NNC	205	B093079	14441	71.29	0.6098	0.1415	0.485	205
B081631	ENSG00000185306	FSM	204	B081631	484	82.88	0.7500	0.5637	0.791	204
B081633	ENSG00000070367	FSM	204	B093449	1899	93.23	0.9461	0.8725	0.873	204
B081642	ENSG00000166780	FSM	204	B090849	1264	72.52	0.5392	0.4510	0.559	204
B081645	ENSG00000108641	FSM	204	B081645	3020	82.71	0.7500	0.6127	0.767	204
B081647	ENSG00000133243	FSM	204	B081647	2765	94.39	0.9706	0.8725	0.766	204
B081654	ENSG00000125841	FSM	204	B081977	766	61.60	0.3382	0.1716	0.422	204
B081657	ENSG00000101189	FSM	204	B089424	1994	67.47	0.4412	0.3382	0.433	204
B081659	ENSG00000100413	FSM	204	B087110	3375	88.42	0.9069	0.7990	0.769	204
B081663	ENSG00000163634	FSM	204	B082394	1584	87.92	0.8971	0.6422	0.459	204
B081693	ENSG00000110429	FSM	204	B081693	7909	84.18	0.8382	0.5735	0.772	204
B081694	ENSG00000172757	FSM	204	B093688	7097	72.64	0.7353	0.0000	0.626	204
B081702	ENSG00000166734	NIC	204	B090074	672	56.49	0.0490	0.0000	0.17	204
B081712	ENSG00000133028	NIC	204	B081712	8108	62.88	0.4853	0.1814	0.403	204
B081716	ENSG00000130733	NIC	204	B085293	3213	76.08	0.6912	0.2794	0.691	204
B081735	ENSG00000249915	NIC	204	B082312	8749	51.24	0.2598	0.0049	0.43	204
B081746	ENSG00000196139	NIC	204	B081746	14099	94.64	1.0000	0.8186	0.88	204
B081750	ENSG00000154330	NIC	204	B081750	6589	93.76	0.9853	0.8775	0.896	204
B081754	ENSG00000165449	NIC	204	B091648	6763	67.89	0.5490	0.0000	0.635	204
B081755	ENSG00000196968	NIC	204	B081755	8121	91.51	0.9853	0.7500	0.746	204
B081777	ENSG00000168813	NIC	204	B081777	3336	58.97	0.3235	0.0490	0.205	204
B081785	ENSG00000180376	NIC	204	B081785	741	61.28	0.2500	0.1225	0.254	204
B081797	ENSG00000161016	NIC	204	B081797	9637	60.50	0.4755	0.1667	0.474	204
B081834	ENSG00000136560	NNC	204	B090356	761	71.84	0.5637	0.3235	0.33	204
B081837	ENSG00000174827	NNC	204	B081837	11215	70.41	0.5392	0.3725	0.555	204
B081845	ENSG00000114450	NNC	204	B081845	11279	76.32	0.7647	0.3039	0.63	204
B081846	ENSG00000183783	NNC	204	B092359	833	58.72	0.2941	0.0833	0.222	204
B081847	ENSG00000075391	NNC	204	B081847	368	50.74	0.0637	0.0000	0.194	204
B081853	ENSG00000164463	NNC	204	B081853	234	56.63	0.1275	0.0000	0.142	204
B081872	ENSG00000181852	NNC	204	B081872	13120	89.84	0.8971	0.7500	0.656	204
B081911	ENSG00000006451	NNC	204	B081911	11909	80.58	0.7990	0.4069	0.774	204
B081916	ENSG00000055118	NNC	204	B081916	11334	66.16	0.3676	0.0000	0.495	204
B081932	ENSG00000100591	FSM	203	B091822	8859	78.71	0.7340	0.5419	0.612	203
B081954	ENSG00000114127	FSM	203	B081954	5653	71.58	0.6502	0.0000	0.666	203
B081957	ENSG00000198498	FSM	203	B081957	1525	79.34	0.7340	0.4680	0.618	203
B081961	ENSG00000169228	FSM	203	B087704	11962	87.76	0.8818	0.7241	0.828	203
B081982	ENSG00000137502	FSM	203	B092529	15717	83.56	0.8079	0.6404	0.804	203
B081984	ENSG00000134627	FSM	203	B081984	8069	76.17	0.7734	0.1133	0.726	203
B082017	ENSG00000011198	NIC	203	B082154	9502	85.67	0.8374	0.5025	0.798	203
B082025	ENSG00000113615	NIC	203	B082025	2896	82.46	0.7931	0.5222	0.772	203
B082027	ENSG00000145979	NIC	203	B093070	908	78.36	0.7094	0.3005	0.679	203
B082031	ENSG00000241685	NIC	203	B082031	5090	88.71	0.8719	0.7980	0.844	203
B082048	ENSG00000171811	NIC	203	B088863	724	84.50	0.7783	0.7241	0.786	203
B082056	ENSG00000136040	NIC	203	B082056	2453	74.53	0.6552	0.2906	0.349	203
B082069	ENSG00000116580	NIC	203	B091112	83	53.88	0.0148	0.0000	0.114	203
B082074	ENSG00000121879	NIC	203	B082074	8383	89.81	0.9310	0.7143	0.832	203
B082084	ENSG00000148481	NIC	203	B087462	3660	91.30	0.9655	0.7438	0.803	203
B082135	ENSG00000130675	NNC	203	B082135	18171	60.61	0.2857	0.2315	0.392	203
B082156	ENSG00000103932	NNC	203	B082156	1332	63.00	0.4286	0.0000	0.559	203
B082162	ENSG00000159593	NNC	203	B082162	2371	90.72	0.9852	0.6995	0.749	203
B082181	ENSG00000105928	NNC	203	B082181	519	80.64	0.8079	0.3251	0.768	203
B082182	ENSG00000122515	NNC	203	B082784	661	53.80	0.1478	0.0000	0.23	203
B082186	ENSG00000135040	NNC	203	B082726	4796	71.36	0.6552	0.1527	0.519	203
B082194	ENSG00000166575	NNC	203	B089021	991	80.45	0.7734	0.3350	0.674	203
B082208	ENSG00000049759	FSM	202	B082725	12823	90.97	0.9653	0.7228	0.707	202
B082212	ENSG00000126460	FSM	202	B091771	4221	71.59	0.5446	0.2178	0.348	202
B082213	ENSG00000162976	FSM	202	B086552	1391	89.04	0.9505	0.6089	0.832	202
B082228	ENSG00000145781	FSM	202	B093787	1316	86.09	0.8465	0.6089	0.662	202
B082239	ENSG00000182287	FSM	202	B086372	6523	78.04	0.6931	0.4307	0.648	202
B082264	ENSG00000186298	NIC	202	B089223	14402	81.89	0.7673	0.6040	0.745	202
B082289	ENSG00000198799	NIC	202	B082289	11194	87.89	0.8762	0.7277	0.674	202
B082309	ENSG00000163291	NIC	202	B088006	1667	78.53	0.7624	0.3218	0.688	202
B082314	ENSG00000043143	NIC	202	B082314	7077	67.66	0.5099	0.2030	0.371	202
B082316	ENSG00000197043	NIC	202	B082316	12097	88.34	0.8416	0.7079	0.777	202
B082318	ENSG00000196878	NIC	202	B082318	964	90.45	0.9505	0.6337	0.414	202
B082323	ENSG00000183780	NIC	202	B082323	1424	67.85	0.5198	0.0000	0.49	202
B082332	ENSG00000147231	NIC	202	B082332	774	74.75	0.6733	0.2574	0.684	202
B082334	ENSG00000165637	NIC	202	B087271	4024	70.96	0.6436	0.0099	0.597	202
B082344	ENSG00000205309	NIC	202	B082344	1285	63.41	0.4851	0.4059	0.554	202
B082347	ENSG00000118276	NIC	202	B093320	9312	92.36	0.9455	0.8465	0.898	202
B082353	ENSG00000168268	NIC	202	B082353	5437	73.69	0.7079	0.1188	0.556	202
B082354	ENSG00000171503	NIC	202	B082354	19734	81.05	0.7525	0.5545	0.765	202
B082361	ENSG00000196814	NIC	202	B076700	1549	75.35	0.6337	0.3119	0.681	202
B082390	ENSG00000160221	NNC	202	B078935	4335	62.47	0.4653	0.2178	0.572	202
B082396	ENSG00000075945	NNC	202	B084342	1554	70.90	0.5545	0.4208	0.559	202
B082397	ENSG00000155329	NNC	202	B082397	2646	58.55	0.2475	0.0941	0.271	202
B082398	ENSG00000145819	NNC	202	B082398	2620	90.98	0.8861	0.8218	0.679	202
B082405	ENSG00000120925	NNC	202	B083741	17180	70.89	0.5891	0.3317	0.535	202
B082420	ENSG00000155265	NNC	202	B082420	1652	64.12	0.4802	0.1386	0.544	202
B082424	ENSG00000152556	NNC	202	B082424	11987	76.26	0.7822	0.0248	0.6	202
B082426	ENSG00000120860	NNC	202	B082426	4333	67.66	0.4703	0.2327	0.339	202
B082433	ENSG00000103591	NNC	202	B082433	1331	73.14	0.6634	0.3366	0.43	202
B082439	ENSG00000130202	NNC	202	B082439	299	61.12	0.2376	0.1089	0.259	202
B082450	ENSG00000151718	NNC	202	B090159	16082	80.69	0.7624	0.5000	0.516	202
B082463	ENSG00000147121	NNC	202	B093401	11702	41.23	0.0842	0.0000	0.331	202
B082470	ENSG00000119953	NNC	202	B071765	8698	70.43	0.6139	0.0545	0.355	202
B082476	ENSG00000163875	FSM	201	B085702	2574	67.06	0.3930	0.2985	0.454	201
B082489	ENSG00000068615	FSM	201	B094501	10223	62.74	0.2488	0.0000	0.372	201
B082500	ENSG00000048544	FSM	201	B091126	5502	75.93	0.6269	0.5224	0.585	201
B082531	ENSG00000213983	FSM	201	B082531	2370	77.14	0.6070	0.5473	0.593	201
B082539	ENSG00000068796	FSM	201	B085497	2141	66.97	0.4279	0.2587	0.361	201
B082541	ENSG00000151640	FSM	201	B082541	1728	40.67	0.1244	0.0000	0.324	201
B082557	ENSG00000141543	NIC	201	B087863	15882	75.59	0.6866	0.4179	0.759	201
B082564	ENSG00000115073	NIC	201	B072459	16341	91.56	0.9801	0.7662	0.821	201
B082565	ENSG00000144504	NIC	201	B082565	6689	70.24	0.6269	0.0249	0.528	201
B082582	ENSG00000075539	NIC	201	B082582	1188	77.11	0.6965	0.3184	0.776	201
B082588	ENSG00000113552	NIC	201	B085248	15501	85.88	0.9254	0.3980	0.793	201
B082605	ENSG00000160408	NIC	201	B082605	5259	82.71	0.8209	0.5373	0.706	201
B082609	ENSG00000165406	NIC	201	B082609	1504	56.16	0.2736	0.0000	0.341	201
B082627	ENSG00000161671	NIC	201	B082627	1464	71.53	0.6020	0.2438	0.518	201
B082657	ENSG00000088451	NNC	201	B092324	8481	61.26	0.4527	0.0398	0.595	201
B082659	ENSG00000088448	NNC	201	B092461	579	56.06	0.1244	0.0498	0.206	201
B082687	ENSG00000134255	NNC	201	B082687	8957	82.79	0.8458	0.5423	0.763	201
B082694	ENSG00000132330	NNC	201	B082694	15594	86.93	0.8706	0.7413	0.786	201
B082696	ENSG00000101347	NNC	201	B082696	4472	81.16	0.8109	0.3682	0.718	201
B082697	ENSG00000265590	NNC	201	B082697	2358	79.44	0.8308	0.2836	0.46	201
B082698	ENSG00000159147	NNC	201	B082698	1033	73.90	0.6368	0.2587	0.584	201
B082703	ENSG00000164088	NNC	201	B082703	3	33.86	0.0000	0.0000	0.116	201
B082710	ENSG00000145439	NNC	201	B082710	15110	90.11	0.8856	0.8756	0.846	201
B082711	ENSG00000164305	NNC	201	B082711	7252	72.91	0.6269	0.4726	0.719	201
B082719	ENSG00000026297	NNC	201	B085565	7043	80.21	0.7214	0.5025	0.764	201
B082735	ENSG00000176171	NNC	201	B089070	1665	57.13	0.2637	0.0746	0.223	201
B082742	ENSG00000159479	NNC	201	B082742	887	62.50	0.4378	0.2139	0.304	201
B082771	ENSG00000180376	NNC	201	B082771	3474	65.87	0.4428	0.1841	0.271	201
B082786	ENSG00000165061	NNC	201	B082786	3105	65.05	0.4677	0.0299	0.308	201
B082801	ENSG00000231887	FSM	200	B089513	119	53.78	0.0400	0.0000	0.127	200
B082804	ENSG00000125375	FSM	200	B082804	2733	89.40	0.8850	0.8050	0.822	200
B082825	ENSG00000084733	FSM	200	B090029	17470	82.12	0.7600	0.5800	0.773	200
B082833	ENSG00000163785	FSM	200	B082833	9893	90.58	0.9000	0.7550	0.903	200
B082835	ENSG00000078140	FSM	200	B087445	15473	94.52	0.9900	0.9200	0.885	200
B082844	ENSG00000291151	FSM	200	B082844	5412	81.79	0.7450	0.6350	0.719	200
B082846	ENSG00000165271	FSM	200	B082846	1677	84.45	0.8600	0.4300	0.788	200
B082852	ENSG00000196507	FSM	200	B090180	543	55.08	0.0050	0.0000	0.145	200
B082871	ENSG00000215301	FSM	200	B082871	17930	82.89	0.8200	0.6100	0.804	200
B082924	ENSG00000010322	NIC	200	B082924	1250	70.30	0.5750	0.2400	0.676	200
B082926	ENSG00000116191	NIC	200	B091061	1110	62.34	0.4150	0.0000	0.447	200
B082936	ENSG00000009844	NIC	200	B083875	2990	67.05	0.6250	0.0000	0.611	200
B082943	ENSG00000168255	NIC	200	B082943	1566	71.53	0.6150	0.1300	0.513	200
B082951	ENSG00000157514	NIC	200	B082951	1874	72.28	0.5750	0.2750	0.572	200
B082960	ENSG00000103067	NIC	200	B082960	8535	63.70	0.4450	0.0500	0.477	200
B083013	ENSG00000105220	NNC	200	B083013	13764	68.18	0.5550	0.1400	0.688	200
B083015	ENSG00000006607	NNC	200	B083015	7214	89.24	0.9150	0.7450	0.816	200
B083022	ENSG00000113966	NNC	200	B087440	10751	81.16	0.7500	0.5750	0.802	200
B083027	ENSG00000153147	NNC	200	B083027	1283	63.70	0.2900	0.0500	0.219	200
B083030	ENSG00000112739	NNC	200	B083030	12921	79.56	0.7700	0.5050	0.739	200
B083063	ENSG00000079313	NNC	200	B083063	829	63.34	0.3100	0.0800	0.228	200
B083065	ENSG00000162694	NNC	200	B083065	3070	86.65	0.8250	0.6900	0.846	200
B083069	ENSG00000101146	NNC	200	B083069	12124	73.29	0.6550	0.4400	0.663	200
B083071	ENSG00000100220	NNC	200	B093377	11844	76.20	0.6750	0.5200	0.664	200
B083072	ENSG00000093000	NNC	200	B083072	2228	64.15	0.4100	0.1900	0.285	200
B083096	ENSG00000169372	FSM	199	B083096	2642	75.64	0.7739	0.0000	0.447	199
B083113	ENSG00000105499	FSM	199	B086022	8870	81.66	0.8241	0.4623	0.744	199
B083118	ENSG00000115317	FSM	199	B083118	22265	75.78	0.7186	0.2362	0.521	199
B083119	ENSG00000101220	FSM	199	B083119	1005	74.31	0.5578	0.3920	0.609	199
B083124	ENSG00000144834	FSM	199	B083122	8583	86.31	0.8593	0.5779	0.737	199
B083128	ENSG00000151470	FSM	199	B091169	2187	94.46	0.9648	0.9045	0.905	199
B083171	ENSG00000162407	NIC	199	B083171	6378	69.29	0.5980	0.0151	0.436	199
B083174	ENSG00000162433	NIC	199	B088186	13097	76.83	0.6784	0.2965	0.727	199
B083192	ENSG00000186487	NIC	199	B083192	1690	57.70	0.1508	0.0352	0.182	199
B083193	ENSG00000084764	NIC	199	B082759	5402	71.39	0.6030	0.2864	0.616	199
B083194	ENSG00000162959	NIC	199	B083194	5737	90.73	0.9196	0.7236	0.82	199
B083234	ENSG00000107175	NIC	199	B083234	8507	72.86	0.5729	0.3970	0.44	199
B083244	ENSG00000139116	NIC	199	B089600	10647	87.88	0.8744	0.7337	0.827	199
B083249	ENSG00000100711	NIC	199	B088800	11665	82.13	0.7889	0.6131	0.732	199
B083259	ENSG00000138092	NIC	199	B083259	285	61.29	0.4121	0.2663	0.339	199
B083299	ENSG00000162434	NNC	199	B079906	11851	94.99	0.9849	0.8995	0.922	199
B083307	ENSG00000176715	NNC	199	B083307	14318	80.46	0.8442	0.3065	0.705	199
B083316	ENSG00000143919	NNC	199	B093104	2700	94.09	0.9799	0.8693	0.896	199
B083325	ENSG00000205758	NNC	199	B083325	3089	83.13	0.8794	0.2563	0.75	199
B083331	ENSG00000153767	NNC	199	B083331	1086	70.82	0.4975	0.3015	0.285	199
B083335	ENSG00000038382	NNC	199	B083335	1074	58.33	0.1910	0.0955	0.198	199
B083342	ENSG00000146530	NNC	199	B083342	12744	88.13	0.9698	0.5980	0.519	199
B083349	ENSG00000172728	NNC	199	B083349	1217	69.07	0.5980	0.2312	0.473	199
B083354	ENSG00000165406	NNC	199	B083354	11398	55.85	0.2111	0.0000	0.307	199
B083356	ENSG00000197601	NNC	199	B083356	9119	89.13	0.9296	0.6332	0.837	199
B083369	ENSG00000152767	NNC	199	B083369	3689	64.21	0.4623	0.1357	0.487	199
B083381	ENSG00000130477	NNC	199	B085864	2537	84.18	0.8191	0.6131	0.756	199
B083386	ENSG00000115392	NNC	199	B083639	8024	90.14	0.9246	0.7638	0.775	199
B083401	ENSG00000138796	NNC	199	B083401	16539	83.98	0.7940	0.6834	0.793	199
B083406	ENSG00000106077	NNC	199	B083406	10228	91.83	0.9648	0.7588	0.854	199
B083409	ENSG00000174371	NNC	199	B083409	688	59.01	0.2211	0.0201	0.213	199
B083427	ENSG00000120833	FSM	198	B083427	5761	79.52	0.7323	0.5606	0.732	198
B083428	ENSG00000165821	FSM	198	B083428	566	55.22	0.1465	0.0606	0.224	198
B083430	ENSG00000119616	FSM	198	B089207	5090	76.39	0.6364	0.3434	0.635	198
B083446	ENSG00000081026	FSM	198	B083446	9403	81.80	0.7879	0.4444	0.761	198
B083466	ENSG00000124508	FSM	198	B083466	6243	79.23	0.6616	0.5859	0.646	198
B083467	ENSG00000112514	FSM	198	B090550	14087	74.70	0.5505	0.5354	0.575	198
B083478	ENSG00000184831	FSM	198	B083478	1536	70.02	0.6263	0.0404	0.349	198
B083479	ENSG00000067992	FSM	198	B086272	4448	81.70	0.7273	0.4747	0.71	198
B083484	ENSG00000175348	FSM	198	B094169	1519	70.30	0.5707	0.0758	0.421	198
B083485	ENSG00000110442	FSM	198	B083485	1367	85.30	0.8485	0.5101	0.668	198
B083532	ENSG00000290425	NIC	198	B083532	7480	74.53	0.7121	0.1818	0.733	198
B083573	ENSG00000126217	NIC	198	B083573	6884	66.28	0.4343	0.2071	0.344	198
B083576	ENSG00000087263	NIC	198	B083576	2472	76.47	0.6919	0.4899	0.647	198
B083593	ENSG00000124783	NIC	198	B083593	1638	67.39	0.4848	0.1970	0.363	198
B083600	ENSG00000148339	NIC	198	B083600	10759	56.65	0.0101	0.0000	0.332	198
B083675	ENSG00000151657	NNC	198	B083675	3101	71.27	0.5404	0.2677	0.478	198
B083687	ENSG00000111540	NNC	198	B085234	14556	63.91	0.4646	0.2020	0.589	198
B083713	ENSG00000065911	NNC	198	B083713	15646	94.68	0.9848	0.8889	0.877	198
B083749	ENSG00000126947	NNC	198	B090179	669	53.67	0.1566	0.0000	0.209	198
B083758	ENSG00000133112	FSM	197	B090844	5718	82.30	0.7411	0.6954	0.734	197
B083767	ENSG00000005884	FSM	197	B083767	2291	69.46	0.5635	0.1777	0.641	197
B083771	ENSG00000161888	FSM	197	B093323	614	87.55	0.9289	0.5431	0.382	197
B083779	ENSG00000099991	FSM	197	B083779	1311	74.84	0.6244	0.4162	0.701	197
B083789	ENSG00000112812	FSM	197	B094798	4405	89.28	0.9442	0.6751	0.781	197
B083792	ENSG00000172348	FSM	197	B088746	2720	76.06	0.6497	0.3604	0.508	197
B083841	ENSG00000102890	NIC	197	B083841	927	75.77	0.6853	0.3299	0.663	197
B083843	ENSG00000073605	NIC	197	B090590	655	75.48	0.6701	0.4569	0.701	197
B083846	ENSG00000167460	NIC	197	B083846	4513	90.40	0.8731	0.7919	0.425	197
B083869	ENSG00000038274	NIC	197	B083869	8987	77.11	0.7970	0.1371	0.722	197
B083870	ENSG00000213719	NIC	197	B083870	3450	87.89	0.9036	0.6548	0.824	197
B083882	ENSG00000120925	NIC	197	B083882	3243	67.87	0.4772	0.0000	0.34	197
B083885	ENSG00000165115	NIC	197	B083885	1131	78.48	0.7157	0.3858	0.443	197
B083904	ENSG00000100601	NIC	197	B087854	1524	77.81	0.7157	0.3807	0.679	197
B083908	ENSG00000132522	NIC	197	B083908	339	48.23	0.0508	0.0000	0.172	197
B083925	ENSG00000175806	NIC	197	B083925	22010	67.27	0.5736	0.2132	0.658	197
B083951	ENSG00000128915	NNC	197	B083951	783	67.85	0.4721	0.2030	0.437	197
B083976	ENSG00000114698	NNC	197	B083976	4487	77.09	0.6904	0.3807	0.773	197
B083982	ENSG00000118412	NNC	197	B083982	1405	80.47	0.7005	0.4619	0.485	197
B083985	ENSG00000186625	NNC	197	B083985	17004	85.54	0.8528	0.5076	0.761	197
B083991	ENSG00000104490	NNC	197	B084731	14768	73.23	0.7107	0.0254	0.642	197
B083995	ENSG00000125485	NNC	197	B083995	4375	66.30	0.4315	0.1878	0.462	197
B083998	ENSG00000126012	NNC	197	B083998	1731	76.87	0.8223	0.0000	0.596	197
B084005	ENSG00000186501	NNC	197	B093659	17773	70.86	0.6396	0.0254	0.586	197
B084008	ENSG00000004478	NNC	197	B092728	11296	89.87	0.8680	0.8173	0.773	197
B084020	ENSG00000178802	NNC	197	B084020	4226	86.18	0.8731	0.5533	0.826	197
B084021	ENSG00000169682	NNC	197	B084021	3450	56.61	0.2487	0.0000	0.343	197
B084037	ENSG00000154642	NNC	197	B084037	517	51.27	0.1168	0.0406	0.24	197
B084040	ENSG00000163785	NNC	197	B084040	7031	75.93	0.7259	0.2589	0.747	197
B084042	ENSG00000127419	NNC	197	B091941	12670	57.72	0.0711	0.0000	0.312	197
B084047	ENSG00000134982	NNC	197	B084047	233	54.24	0.1320	0.0000	0.177	197
B084049	ENSG00000095951	NNC	197	B084049	392	52.48	0.0761	0.0000	0.156	197
B084052	ENSG00000106244	NNC	197	B089577	3339	68.64	0.4670	0.1827	0.309	197
B084063	ENSG00000177225	NNC	197	B084063	6977	68.60	0.6548	0.2081	0.621	197
B084073	ENSG00000161091	FSM	196	B086327	2690	81.92	0.8571	0.2092	0.763	196
B084075	ENSG00000118160	FSM	196	B094004	9356	88.95	0.9949	0.4592	0.771	196
B084087	ENSG00000182983	FSM	196	B084087	14183	53.83	0.2908	0.0000	0.386	196
B084092	ENSG00000025156	FSM	196	B087120	1095	61.54	0.3265	0.0816	0.26	196
B084124	ENSG00000005022	FSM	196	B096099	14937	79.49	0.7959	0.2755	0.726	196
B084135	ENSG00000140563	NIC	196	B096118	3190	69.34	0.6429	0.0102	0.41	196
B084138	ENSG00000168101	NIC	196	B084138	1316	45.18	0.1735	0.0000	0.407	196
B084154	ENSG00000135932	NIC	196	B090998	3549	94.80	0.9745	0.9337	0.89	196
B084158	ENSG00000290796	NIC	196	B084158	8987	69.82	0.6122	0.2398	0.648	196
B084167	ENSG00000138794	NIC	196	B093697	7553	82.77	0.8316	0.4490	0.783	196
B084170	ENSG00000186479	NIC	196	B084170	322	59.67	0.3163	0.1327	0.28	196
B084184	ENSG00000104529	NIC	196	B084184	7287	67.06	0.5204	0.0255	0.423	196
B084186	ENSG00000138835	NIC	196	B084186	765	59.46	0.2194	0.0000	0.236	196
B084198	ENSG00000139921	NIC	196	B088182	1801	53.54	0.1837	0.0000	0.323	196
B084205	ENSG00000138018	NIC	196	B084205	8167	92.71	0.9898	0.8214	0.86	196
B084211	ENSG00000164082	NIC	196	B084211	6116	76.20	0.6939	0.1276	0.739	196
B084241	ENSG00000111602	NNC	196	B091145	1472	68.55	0.5102	0.2398	0.431	196
B084248	ENSG00000103326	NNC	196	B084248	1256	86.62	0.8673	0.5969	0.816	196
B084249	ENSG00000291073	NNC	196	B085203	432	89.20	0.8878	0.7500	0.852	196
B084252	ENSG00000103056	NNC	196	B084252	820	70.69	0.6071	0.0357	0.561	196
B084254	ENSG00000004139	NNC	196	B084254	7889	61.87	0.4490	0.0000	0.573	196
B084267	ENSG00000177917	NNC	196	B087357	656	56.77	0.2908	0.0000	0.339	196
B084272	ENSG00000093010	NNC	196	B088442	9964	83.64	0.8061	0.6582	0.808	196
B084292	ENSG00000121022	NNC	196	B084292	3709	75.55	0.6327	0.2398	0.451	196
B084293	ENSG00000104320	NNC	196	B084293	804	67.07	0.4694	0.1173	0.253	196
B084301	ENSG00000138172	NNC	196	B084302	1628	56.99	0.0000	0.0000	0.362	196
B084323	ENSG00000275700	NNC	196	B088810	2893	74.23	0.6020	0.2194	0.513	196
B084325	ENSG00000291117	NNC	196	B084325	3084	61.53	0.3520	0.0408	0.375	196
B084337	ENSG00000183527	NNC	196	B084337	772	73.02	0.5612	0.2857	0.699	196
B084343	ENSG00000109339	NNC	196	B090549	14092	57.21	0.2806	0.0000	0.346	196
B084356	ENSG00000180773	NNC	196	B093954	5521	68.22	0.4388	0.0204	0.565	196
B084359	ENSG00000110844	FSM	195	B084359	15	39.73	0.0410	0.0000	0.179	195
B084361	ENSG00000176894	FSM	195	B088295	7853	69.43	0.5744	0.0000	0.57	195
B084362	ENSG00000102786	FSM	195	B084362	2322	65.15	0.5436	0.0000	0.645	195
B084367	ENSG00000141298	FSM	195	B089677	2232	67.18	0.5179	0.3282	0.565	195
B084390	ENSG00000198585	FSM	195	B094611	8392	91.44	0.9128	0.8359	0.878	195
B084392	ENSG00000178950	FSM	195	B084392	13436	64.95	0.4051	0.0000	0.444	195
B084397	ENSG00000113597	FSM	195	B084397	2176	84.93	0.8359	0.5487	0.697	195
B084408	ENSG00000148444	FSM	195	B089306	1157	87.25	0.8667	0.6308	0.681	195
B084412	ENSG00000068323	FSM	195	B084757	1973	62.18	0.3282	0.2872	0.356	195
B084414	ENSG00000290921	FSM	195	B085632	2658	75.22	0.6359	0.4410	0.599	195
B084419	ENSG00000124920	FSM	195	B084419	5	28.33	0.0000	0.0000	0.231	195
B084446	ENSG00000088448	NIC	195	B092461	579	55.97	0.1231	0.0051	0.188	195
B084448	ENSG00000273749	NIC	195	B091596	1112	82.02	0.8359	0.2462	0.552	195
B084473	ENSG00000073711	NIC	195	B084473	4452	81.20	0.7179	0.6564	0.683	195
B084474	ENSG00000163655	NIC	195	B084474	6957	92.86	0.9641	0.8462	0.892	195
B084510	ENSG00000169592	NIC	195	B084510	1908	67.20	0.3231	0.2513	0.324	195
B084516	ENSG00000144199	NIC	195	B089744	13243	79.80	0.7641	0.5641	0.703	195
B084520	ENSG00000143409	NIC	195	B084520	4213	76.27	0.7282	0.3333	0.692	195
B084543	ENSG00000123575	NIC	195	B084543	309	57.21	0.1846	0.1128	0.274	195
B084557	ENSG00000260916	NNC	195	B084557	1428	71.23	0.5436	0.3846	0.569	195
B084566	ENSG00000167085	NNC	195	B085288	8983	80.21	0.8564	0.2051	0.496	195
B084579	ENSG00000143727	NNC	195	B084579	13170	63.79	0.5385	0.0000	0.596	195
B084585	ENSG00000242372	NNC	195	B084585	3474	74.63	0.8000	0.0000	0.665	195
B084593	ENSG00000182552	NNC	195	B089563	1983	74.66	0.5795	0.3897	0.582	195
B084601	ENSG00000164627	NNC	195	B084601	1786	71.70	0.6256	0.3128	0.53	195
B084606	ENSG00000248919	NNC	195	B084606	647	50.09	0.0769	0.0000	0.229	195
B084613	ENSG00000148444	NNC	195	B089306	954	81.26	0.7692	0.4051	0.622	195
B084619	ENSG00000138303	NNC	195	B087650	2051	89.90	0.9077	0.7385	0.838	195
B084622	ENSG00000132274	NNC	195	B084622	5077	85.08	0.8256	0.6564	0.827	195
B084623	ENSG00000160075	NNC	195	B085636	2613	93.73	0.9795	0.8667	0.889	195
B084625	ENSG00000168014	NNC	195	B084625	198	57.29	0.1333	0.0103	0.222	195
B084633	ENSG00000150967	NNC	195	B084633	13887	63.10	0.3538	0.1538	0.349	195
B084646	ENSG00000108641	NNC	195	B094923	3169	70.41	0.6000	0.3897	0.65	195
B084648	ENSG00000012048	NNC	195	B084648	12226	65.99	0.5026	0.3179	0.476	195
B084650	ENSG00000159111	NNC	195	B084650	1003	80.22	0.8103	0.2410	0.587	195
B084675	ENSG00000177239	NNC	195	B084675	9506	89.58	0.8923	0.7641	0.853	195
B084684	ENSG00000019144	FSM	194	B096334	6987	88.20	0.8660	0.7010	0.703	194
B084690	ENSG00000120860	FSM	194	B096110	4480	68.54	0.4845	0.2474	0.346	194
B084705	ENSG00000170889	FSM	194	B084705	12507	83.25	0.8918	0.3763	0.699	194
B084710	ENSG00000196141	FSM	194	B075814	1296	70.39	0.4897	0.4330	0.383	194
B084717	ENSG00000172113	FSM	194	B087183	10874	89.37	0.8814	0.8299	0.833	194
B084720	ENSG00000135862	FSM	194	B084720	1432	91.15	0.9021	0.7887	0.448	194
B084722	ENSG00000113369	FSM	194	B092544	3446	73.35	0.5155	0.4330	0.508	194
B084730	ENSG00000121644	FSM	194	B084730	8818	81.18	0.6804	0.4845	0.724	194
B084737	ENSG00000198730	FSM	194	B084737	1603	92.55	0.9897	0.7938	0.84	194
B084738	ENSG00000135387	FSM	194	B086711	771	50.75	0.0722	0.0000	0.123	194
B084739	ENSG00000160075	FSM	194	B085636	2612	95.00	0.9845	0.9175	0.897	194
B084746	ENSG00000159842	FSM	194	B084746	2815	53.01	0.2990	0.0000	0.531	194
B084754	ENSG00000135341	FSM	194	B084754	1613	75.76	0.5722	0.4433	0.453	194
B084755	ENSG00000181450	FSM	194	B084755	26829	59.62	0.4124	0.0000	0.367	194
B084759	ENSG00000084072	NIC	194	B084759	13899	65.61	0.4794	0.1134	0.428	194
B084760	ENSG00000167550	NIC	194	B084760	9430	76.77	0.7216	0.3144	0.781	194
B084768	ENSG00000100938	NIC	194	B087558	17089	91.95	0.9845	0.7423	0.855	194
B084784	ENSG00000125656	NIC	194	B084784	21996	78.05	0.6392	0.5928	0.622	194
B084796	ENSG00000163093	NIC	194	B084796	1189	90.20	0.9433	0.7320	0.815	194
B084826	ENSG00000135069	NIC	194	B084826	10189	95.00	0.9948	0.9588	0.854	194
B084837	ENSG00000155957	NIC	194	B084837	6462	72.52	0.5773	0.0361	0.58	194
B084842	ENSG00000103852	NIC	194	B094983	764	85.56	0.7680	0.6856	0.77	194
B084852	ENSG00000287151	NIC	194	B084852	3017	71.44	0.6495	0.2990	0.646	194
B084870	ENSG00000102181	NIC	194	B084870	581	56.02	0.1443	0.0000	0.191	194
B084888	ENSG00000205309	NNC	194	B084888	2754	81.67	0.7526	0.7268	0.738	194
B084922	ENSG00000113645	NNC	194	B084922	989	82.52	0.7887	0.5928	0.677	194
B084944	ENSG00000148634	NNC	194	B084944	9190	83.02	0.8299	0.4588	0.742	194
B084948	ENSG00000152219	NNC	194	B087723	502	78.31	0.6495	0.6134	0.626	194
B084952	ENSG00000111142	NNC	194	B084952	15396	60.86	0.2423	0.0052	0.22	194
B084962	ENSG00000171241	NNC	194	B084962	713	70.30	0.5515	0.4072	0.572	194
B084982	ENSG00000113048	NNC	194	B092849	526	73.91	0.6598	0.3093	0.512	194
B084998	ENSG00000100564	FSM	193	B077402	906	66.81	0.5285	0.0000	0.511	193
B085006	ENSG00000291266	FSM	193	B085005	383	88.23	0.8705	0.6995	0.849	193
B085008	ENSG00000070761	FSM	193	B091202	3398	91.31	0.9378	0.8187	0.853	193
B085012	ENSG00000105519	FSM	193	B087202	6874	70.17	0.6373	0.0570	0.529	193
B085018	ENSG00000115756	FSM	193	B084731	14099	80.68	0.8290	0.2176	0.727	193
B085028	ENSG00000100150	FSM	193	B085028	2761	80.57	0.7772	0.2280	0.671	193
B085031	ENSG00000067560	FSM	193	B087709	16788	91.76	0.9275	0.8394	0.875	193
B085039	ENSG00000112425	FSM	193	B090105	2005	94.90	0.9637	0.9171	0.909	193
B085047	ENSG00000130695	FSM	193	B091687	954	81.59	0.7927	0.3782	0.37	193
B085055	ENSG00000167595	FSM	193	B085055	667	57.80	0.2021	0.0104	0.261	193
B085060	ENSG00000007402	FSM	193	B085060	712	60.65	0.3212	0.0155	0.271	193
B085063	ENSG00000154358	FSM	193	B085063	4647	82.23	0.8238	0.4974	0.574	193
B085065	ENSG00000158526	FSM	193	B089939	1766	73.82	0.5959	0.2642	0.564	193
B085069	ENSG00000182985	NIC	193	B085069	7960	78.02	0.6736	0.5440	0.59	193
B085074	ENSG00000111325	NIC	193	B090974	630	70.31	0.6166	0.4249	0.533	193
B085078	ENSG00000088451	NIC	193	B085078	15680	83.36	0.8394	0.6166	0.781	193
B085100	ENSG00000116096	NIC	193	B085100	1530	66.07	0.4922	0.2383	0.631	193
B085115	ENSG00000178053	NIC	193	B085115	1816	64.38	0.4456	0.1917	0.504	193
B085134	ENSG00000102103	NIC	193	B095926	8861	72.49	0.5492	0.2021	0.408	193
B085156	ENSG00000105197	NIC	193	B081891	1355	55.67	0.2073	0.0363	0.331	193
B085174	ENSG00000104490	NIC	193	B084731	14872	73.01	0.6839	0.0259	0.615	193
B085184	ENSG00000137513	NIC	193	B093953	16216	94.20	0.9896	0.9016	0.874	193
B085185	ENSG00000150316	NIC	193	B081985	2912	71.50	0.5181	0.1451	0.272	193
B085189	ENSG00000057294	NNC	193	B085189	266	56.67	0.1036	0.0363	0.22	193
B085215	ENSG00000104852	NNC	193	B085215	153	55.80	0.1244	0.0000	0.231	193
B085221	ENSG00000163161	NNC	193	B085221	8605	68.75	0.5544	0.0311	0.559	193
B085242	ENSG00000163291	NNC	193	B085242	3856	89.06	0.9637	0.6269	0.812	193
B085255	ENSG00000130348	NNC	193	B085255	12955	68.26	0.6269	0.3834	0.641	193
B085258	ENSG00000153975	NNC	193	B085258	7501	61.22	0.4093	0.0518	0.265	193
B085286	ENSG00000198920	NNC	193	B085286	3820	66.63	0.4249	0.1036	0.374	193
B085292	ENSG00000070423	NNC	193	B102610	18687	57.12	0.2332	0.0000	0.374	193
B085298	ENSG00000213337	NNC	193	B085546	8010	92.62	0.9689	0.9171	0.816	193
B085317	ENSG00000124713	NNC	193	B085317	4374	80.08	0.7461	0.5699	0.772	193
B085322	ENSG00000130956	NNC	193	B088856	2059	61.27	0.3057	0.0052	0.185	193
B085323	ENSG00000148225	NNC	193	B085323	12131	93.20	0.9637	0.8549	0.877	193
B085324	ENSG00000136877	NNC	193	B085324	6343	53.96	0.3316	0.0000	0.374	193
B085337	ENSG00000175197	FSM	192	B085337	599	66.62	0.4219	0.2604	0.319	192
B085338	ENSG00000111271	FSM	192	B085338	16171	89.25	0.8958	0.7240	0.836	192
B085349	ENSG00000021776	FSM	192	B085349	2069	67.55	0.4740	0.3385	0.437	192
B085352	ENSG00000179889	FSM	192	B085352	1115	61.44	0.3698	0.0365	0.374	192
B085354	ENSG00000169750	FSM	192	B087709	17972	91.79	0.9219	0.8073	0.877	192
B085371	ENSG00000163344	FSM	192	B089863	1903	91.02	0.9583	0.7396	0.864	192
B085379	ENSG00000155329	FSM	192	B096374	2676	59.13	0.2552	0.0885	0.264	192
B085405	ENSG00000258315	FSM	192	B093361	1425	65.89	0.3802	0.2656	0.402	192
B085409	ENSG00000137312	FSM	192	B085409	7514	84.18	0.8646	0.5469	0.46	192
B085423	ENSG00000087302	NIC	192	B088183	1493	77.13	0.7240	0.1979	0.514	192
B085429	ENSG00000127561	NIC	192	B091910	2163	49.97	0.0365	0.0000	0.232	192
B085455	ENSG00000160201	NIC	192	B088775	8355	89.37	0.8854	0.7812	0.846	192
B085460	ENSG00000145439	NIC	192	B091994	14168	91.42	0.9219	0.7865	0.877	192
B085513	ENSG00000166321	NIC	192	B085513	7605	56.90	0.4479	0.0000	0.554	192
B085519	ENSG00000137502	NNC	192	B092529	17146	84.89	0.8333	0.6406	0.825	192
B085526	ENSG00000180998	NNC	192	B086423	955	52.07	0.1406	0.0000	0.254	192
B085535	ENSG00000008283	NNC	192	B093551	4631	77.63	0.6979	0.3750	0.653	192
B085544	ENSG00000204673	NNC	192	B085544	628	61.12	0.2396	0.0208	0.241	192
B085563	ENSG00000064999	NNC	192	B085563	473	60.88	0.2240	0.0417	0.208	192
B085566	ENSG00000015676	NNC	192	B085566	6301	92.18	0.9896	0.7292	0.742	192
B085570	ENSG00000162714	NNC	192	B086519	5301	37.17	0.0000	0.0000	0.234	192
B085581	ENSG00000142856	NNC	192	B085581	573	64.72	0.3958	0.0990	0.381	192
B085595	ENSG00000105483	NNC	192	B085595	1134	66.28	0.4948	0.0521	0.5	192
B085603	ENSG00000274020	NNC	192	B085603	248	34.85	0.0000	0.0000	0.207	192
B085617	ENSG00000064042	NNC	192	B085617	5917	61.24	0.4323	0.0938	0.567	192
B085642	ENSG00000111596	FSM	191	B085642	4902	82.96	0.9267	0.3874	0.623	191
B085645	ENSG00000076555	FSM	191	B085645	9206	73.15	0.6754	0.3613	0.682	191
B085654	ENSG00000168256	FSM	191	B096047	5642	88.68	0.8586	0.7644	0.841	191
B085679	ENSG00000189007	FSM	191	B093389	10951	89.52	0.8743	0.8010	0.835	191
B085684	ENSG00000176248	FSM	191	B085684	4049	74.02	0.6859	0.0524	0.446	191
B085687	ENSG00000214026	FSM	191	B083420	4523	64.64	0.4503	0.3455	0.494	191
B085695	ENSG00000266028	FSM	191	B085695	695	59.90	0.1990	0.1099	0.256	191
B085696	ENSG00000112715	FSM	191	B085696	3663	85.59	0.8325	0.6021	0.523	191
B085729	ENSG00000142396	NIC	191	B085729	2501	69.82	0.5602	0.0942	0.547	191
B085747	ENSG00000109180	NIC	191	B095041	1583	59.34	0.2827	0.0314	0.259	191
B085748	ENSG00000256043	NIC	191	B085748	13640	80.76	0.7435	0.5340	0.73	191
B085752	ENSG00000234745	NIC	191	B085752	11366	91.61	0.9372	0.8796	0.717	191
B085760	ENSG00000197217	NIC	191	B085760	2294	86.92	0.9005	0.5236	0.806	191
B085764	ENSG00000107362	NIC	191	B095628	14339	85.91	0.8848	0.5916	0.803	191
B085793	ENSG00000130540	NIC	191	B088777	8422	73.31	0.7120	0.1780	0.689	191
B085794	ENSG00000154822	NIC	191	B074761	5458	75.98	0.7592	0.1466	0.435	191
B085801	ENSG00000133606	NIC	191	B087900	5269	60.24	0.3141	0.0366	0.306	191
B085813	ENSG00000116922	NNC	191	B085813	511	79.01	0.7696	0.3037	0.697	191
B085842	ENSG00000214021	NNC	191	B089924	2575	77.47	0.7016	0.3770	0.611	191
B085844	ENSG00000144840	NNC	191	B085844	3401	71.66	0.5969	0.3613	0.671	191
B085853	ENSG00000183780	NNC	191	B085853	1358	55.36	0.0366	0.0000	0.421	191
B085854	ENSG00000155530	NNC	191	B085854	211	58.86	0.2618	0.0052	0.314	191
B085866	ENSG00000066697	NNC	191	B085866	187	64.00	0.3665	0.3037	0.382	191
B085870	ENSG00000073464	NNC	191	B085870	3949	77.72	0.7173	0.2618	0.526	191
B085881	ENSG00000126217	NNC	191	B096777	2103	62.80	0.4660	0.2565	0.53	191
B085882	ENSG00000165792	NNC	191	B085882	3734	76.68	0.7016	0.4188	0.711	191
B085887	ENSG00000157470	NNC	191	B085887	646	90.96	0.9529	0.7644	0.389	191
B085896	ENSG00000176105	NNC	191	B085896	12528	69.79	0.5079	0.3508	0.457	191
B085921	ENSG00000120992	NNC	191	B085921	10954	89.87	0.9058	0.7696	0.869	191
B085923	ENSG00000104231	NNC	191	B094884	1396	81.13	0.6859	0.5079	0.678	191
B085925	ENSG00000165113	NNC	191	B085925	1007	79.37	0.6545	0.5759	0.364	191
B085926	ENSG00000167114	NNC	191	B086764	6347	81.80	0.8325	0.3560	0.6	191
B085930	ENSG00000165637	NNC	191	B086823	4132	65.60	0.4450	0.0000	0.564	191
B085935	ENSG00000149428	FSM	190	B085935	785	56.62	0.2211	0.0158	0.258	190
B085950	ENSG00000011304	FSM	190	B081800	9394	86.20	0.9053	0.5579	0.813	190
B085954	ENSG00000162441	FSM	190	B085954	1003	70.25	0.6316	0.0000	0.516	190
B085971	ENSG00000158106	FSM	190	B085971	13812	73.77	0.5526	0.4526	0.559	190
B085974	ENSG00000119446	FSM	190	B095374	8366	70.09	0.5316	0.3947	0.474	190
B085977	ENSG00000107581	FSM	190	B085977	2015	82.68	0.7526	0.5105	0.408	190
B085978	ENSG00000030066	FSM	190	B085978	800	64.87	0.5316	0.1211	0.629	190
B086017	ENSG00000109118	NIC	190	B092623	1367	77.75	0.7053	0.3947	0.479	190
B086031	ENSG00000101220	NIC	190	B086031	928	63.30	0.4316	0.0632	0.564	190
B086043	ENSG00000152348	NIC	190	B097035	2438	60.58	0.4316	0.0368	0.547	190
B086046	ENSG00000132563	NIC	190	B091242	8772	57.91	0.3474	0.0000	0.378	190
B086056	ENSG00000127054	NIC	190	B094077	517	73.22	0.6526	0.0368	0.57	190
B086059	ENSG00000085117	NIC	190	B086059	7186	89.27	0.9316	0.6947	0.795	190
B086061	ENSG00000036672	NIC	190	B086061	10359	84.65	0.8474	0.6000	0.784	190
B086063	ENSG00000258311	NIC	190	B086063	11759	95.27	0.9842	0.9105	0.878	190
B086068	ENSG00000170291	NIC	190	B086068	449	52.14	0.2421	0.0000	0.493	190
B086071	ENSG00000079462	NIC	190	B080680	8796	87.06	0.8895	0.6526	0.809	190
B086084	ENSG00000164675	NIC	190	B086084	352	61.10	0.3684	0.0842	0.334	190
B086111	ENSG00000159248	NNC	190	B086111	5194	58.88	0.3000	0.0000	0.36	190
B086115	ENSG00000166847	NNC	190	B086115	2612	69.47	0.6526	0.0263	0.61	190
B086123	ENSG00000074842	NNC	190	B086123	9690	64.62	0.3947	0.1000	0.598	190
B086143	ENSG00000173950	NNC	190	B086143	1828	91.22	0.9053	0.8684	0.845	190
B086144	ENSG00000152620	NNC	190	B086144	5803	79.54	0.7684	0.4895	0.75	190
B086146	ENSG00000049860	NNC	190	B086834	10639	94.80	0.9737	0.9316	0.89	190
B086162	ENSG00000155621	NNC	190	B086162	2176	53.36	0.2947	0.0000	0.349	190
B086163	ENSG00000120509	NNC	190	B086163	13964	66.01	0.5526	0.0474	0.523	190
B086168	ENSG00000175348	NNC	190	B096572	9238	69.65	0.5368	0.1000	0.437	190
B086176	ENSG00000120662	NNC	190	B090191	5732	75.08	0.7421	0.0842	0.542	190
B086199	ENSG00000149346	NNC	190	B086199	504	54.65	0.0000	0.0000	0.115	190
B086212	ENSG00000285437	NNC	190	B091484	6417	68.94	0.5526	0.3526	0.563	190
B086220	ENSG00000149483	NNC	190	B097831	969	76.50	0.7053	0.1158	0.646	190
B086222	ENSG00000008130	FSM	189	B092129	10105	79.04	0.7513	0.4656	0.736	189
B086223	ENSG00000133703	FSM	189	B095554	17329	87.61	0.8466	0.7143	0.836	189
B086226	ENSG00000089220	FSM	189	B086226	11218	61.91	0.4180	0.0000	0.617	189
B086236	ENSG00000074842	FSM	189	B096429	632	62.32	0.3757	0.0688	0.603	189
B086238	ENSG00000129933	FSM	189	B077670	639	84.62	0.8201	0.6402	0.761	189
B086269	ENSG00000130675	FSM	189	B090318	17350	65.08	0.3280	0.2751	0.417	189
B086271	ENSG00000123130	FSM	189	B086271	3746	87.17	0.9101	0.7090	0.814	189
B086279	ENSG00000175274	FSM	189	B086769	557	72.43	0.5820	0.0741	0.57	189
B086280	ENSG00000176973	FSM	189	B090299	1344	68.25	0.4127	0.2222	0.312	189
B086285	ENSG00000100603	FSM	189	B074104	2646	74.40	0.7090	0.0529	0.3	189
B086286	ENSG00000103319	FSM	189	B086286	844	59.15	0.2540	0.0635	0.274	189
B086289	ENSG00000123607	FSM	189	B086289	1670	73.92	0.6984	0.0317	0.653	189
B086292	ENSG00000241553	FSM	189	B097134	1985	87.86	0.8942	0.7037	0.781	189
B086310	ENSG00000177192	NIC	189	B086310	4875	65.75	0.5185	0.0794	0.552	189
B086312	ENSG00000100813	NIC	189	B086312	1683	73.39	0.5820	0.3228	0.392	189
B086321	ENSG00000166971	NIC	189	B086611	5137	87.04	0.8360	0.7249	0.744	189
B086328	ENSG00000130477	NIC	189	B093252	6406	80.76	0.7407	0.5344	0.708	189
B086342	ENSG00000144741	NIC	189	B094567	11491	63.71	0.2116	0.0000	0.515	189
B086344	ENSG00000151552	NIC	189	B086344	3450	96.43	0.9841	0.9683	0.904	189
B086381	ENSG00000129518	NIC	189	B086381	2066	77.36	0.6508	0.4127	0.601	189
B086383	ENSG00000006432	NIC	189	B086383	14291	86.89	0.8942	0.6296	0.854	189
B086393	ENSG00000115216	NIC	189	B090628	1327	77.73	0.6878	0.3545	0.482	189
B086398	ENSG00000082146	NIC	189	B086398	4213	75.06	0.6825	0.4921	0.649	189
B086401	ENSG00000163818	NIC	189	B086401	775	83.52	0.8042	0.5979	0.605	189
B086404	ENSG00000230124	NIC	189	B089493	12454	86.14	0.7937	0.7513	0.718	189
B086410	ENSG00000130349	NIC	189	B096157	1379	58.83	0.2910	0.1587	0.333	189
B086422	ENSG00000125375	NNC	189	B082804	10567	80.21	0.7513	0.6296	0.737	189
B086445	ENSG00000198843	NNC	189	B086445	2550	78.87	0.7302	0.3598	0.59	189
B086460	ENSG00000158604	NNC	189	B094457	3167	81.93	0.8042	0.3386	0.672	189
B086470	ENSG00000077721	NNC	189	B075867	15984	65.24	0.4603	0.0000	0.505	189
B086475	ENSG00000213593	NNC	189	B086475	2625	70.08	0.5820	0.1429	0.465	189
B086477	ENSG00000172922	NNC	189	B097774	1510	73.08	0.6561	0.2963	0.613	189
B086493	ENSG00000109084	NNC	189	B097172	1771	81.65	0.8042	0.4074	0.771	189
B086503	ENSG00000154743	NNC	189	B086503	1480	69.34	0.5132	0.2222	0.457	189
B086551	ENSG00000142396	FSM	188	B086551	2112	73.66	0.5798	0.2500	0.451	188
B086567	ENSG00000136527	FSM	188	B086567	19370	59.79	0.4149	0.0319	0.464	188
B086596	ENSG00000120458	NIC	188	B086596	1974	58.13	0.2713	0.0000	0.388	188
B086599	ENSG00000058272	NIC	188	B086599	10530	67.09	0.5585	0.0000	0.559	188
B086627	ENSG00000271601	NIC	188	B074568	847	85.91	0.9202	0.4734	0.741	188
B086630	ENSG00000138867	NIC	188	B086630	1064	65.60	0.5000	0.2553	0.635	188
B086631	ENSG00000100100	NIC	188	B086631	8019	66.65	0.4574	0.1383	0.467	188
B086634	ENSG00000114395	NIC	188	B086634	1421	90.61	0.9202	0.7660	0.859	188
B086639	ENSG00000109787	NIC	188	B092581	434	56.72	0.1383	0.0319	0.2	188
B086664	ENSG00000110274	NIC	188	B086664	814	82.56	0.6915	0.6170	0.463	188
B086671	ENSG00000065150	NIC	188	B086671	2658	95.60	1.0000	0.9574	0.905	188
B086679	ENSG00000135720	NIC	188	B086679	2060	67.55	0.5426	0.0000	0.548	188
B086687	ENSG00000115762	NIC	188	B091105	938	46.46	0.0319	0.0000	0.287	188
B086692	ENSG00000072274	NIC	188	B086692	1111	80.29	0.8723	0.1436	0.639	188
B086695	ENSG00000145390	NIC	188	B086695	646	55.46	0.1436	0.0000	0.183	188
B086720	ENSG00000108528	NNC	188	B086720	11342	67.41	0.3457	0.0000	0.487	188
B086739	ENSG00000284130	NNC	188	B086739	1803	48.30	0.0000	0.0000	0.291	188
B086753	ENSG00000112146	NNC	188	B086753	2498	83.00	0.8085	0.5000	0.788	188
B086758	ENSG00000120910	NNC	188	B089886	3535	75.92	0.6968	0.2287	0.535	188
B086788	ENSG00000125454	NNC	188	B092085	9351	59.33	0.2766	0.0000	0.444	188
B086789	ENSG00000101574	NNC	188	B089799	4982	63.18	0.4628	0.0213	0.57	188
B086799	ENSG00000203880	NNC	188	B086799	8088	81.49	0.7766	0.6170	0.704	188
B086803	ENSG00000100241	NNC	188	B086803	1475	62.25	0.3085	0.0372	0.219	188
B086806	ENSG00000163754	NNC	188	B086806	4197	72.65	0.6596	0.0372	0.569	188
B086820	ENSG00000005022	NNC	188	B086820	15596	60.76	0.0904	0.0000	0.454	188
B086822	ENSG00000156110	NNC	188	B087079	4541	92.36	0.8883	0.8670	0.833	188
B086824	ENSG00000133678	NNC	188	B086824	13300	48.32	0.0372	0.0000	0.233	188
B086840	ENSG00000103460	FSM	187	B086840	161	61.04	0.4118	0.0053	0.236	187
B086845	ENSG00000159202	FSM	187	B086845	13018	90.24	0.8984	0.8182	0.81	187
B086853	ENSG00000115368	FSM	187	B086853	7370	73.57	0.6631	0.2460	0.682	187
B086857	ENSG00000291100	FSM	187	B087939	1459	75.47	0.6578	0.0588	0.527	187
B086863	ENSG00000182552	FSM	187	B089563	2704	78.62	0.6203	0.5668	0.609	187
B086864	ENSG00000145782	FSM	187	B086864	2985	66.56	0.4652	0.2888	0.467	187
B086866	ENSG00000204623	FSM	187	B089086	251	69.06	0.4759	0.1283	0.275	187
B086870	ENSG00000146707	FSM	187	B086870	2469	66.46	0.5775	0.1390	0.557	187
B086872	ENSG00000086619	FSM	187	B086872	4092	82.06	0.8449	0.3209	0.747	187
B086890	ENSG00000010322	FSM	187	B086890	1591	50.06	0.2460	0.0000	0.372	187
B086926	ENSG00000140650	NIC	187	B073857	4392	95.45	1.0000	0.9412	0.836	187
B086930	ENSG00000160606	NIC	187	B086930	1521	66.07	0.4171	0.0000	0.598	187
B086946	ENSG00000081721	NIC	187	B079791	4652	81.78	0.7754	0.4973	0.75	187
B086947	ENSG00000206527	NIC	187	B086947	4121	52.88	0.0107	0.0000	0.343	187
B086955	ENSG00000001084	NIC	187	B086955	3192	92.85	0.9626	0.8342	0.831	187
B086972	ENSG00000198917	NIC	187	B097397	3661	73.75	0.6524	0.1390	0.522	187
B086979	ENSG00000149480	NIC	187	B086979	518	63.76	0.3316	0.1176	0.306	187
B086999	ENSG00000242372	NIC	187	B086999	2442	61.24	0.5134	0.0160	0.554	187
B087002	ENSG00000143624	NIC	187	B087002	714	74.67	0.5775	0.4385	0.599	187
B087009	ENSG00000133065	NIC	187	B087009	3187	80.90	0.8128	0.3422	0.789	187
B087031	ENSG00000139597	NNC	187	B087031	2416	51.76	0.2834	0.0267	0.522	187
B087032	ENSG00000120688	NNC	187	B087032	4583	70.88	0.5508	0.2513	0.353	187
B087033	ENSG00000196943	NNC	187	B094023	2270	89.94	0.8930	0.7540	0.826	187
B087037	ENSG00000103994	NNC	187	B089839	8479	83.97	0.7433	0.6417	0.785	187
B087039	ENSG00000047578	NNC	187	B087039	3561	65.04	0.4813	0.2299	0.549	187
B087043	ENSG00000196361	NNC	187	B087043	13810	63.78	0.3797	0.0000	0.43	187
B087046	ENSG00000197223	NNC	187	B087046	3017	73.76	0.6150	0.3957	0.525	187
B087054	ENSG00000152332	NNC	187	B087054	11989	74.17	0.5829	0.2888	0.743	187
B087062	ENSG00000146083	NNC	187	B087062	380	51.06	0.0749	0.0000	0.199	187
B087083	ENSG00000139218	NNC	187	B087083	650	55.10	0.0856	0.0374	0.19	187
B087084	ENSG00000167552	NNC	187	B087084	9853	89.72	0.9679	0.6203	0.826	187
B087099	ENSG00000129354	NNC	187	B087099	5988	74.23	0.6524	0.3850	0.636	187
B087117	ENSG00000137312	NNC	187	B087117	6277	80.29	0.7059	0.4545	0.395	187
B087124	ENSG00000214050	NNC	187	B087124	9304	61.62	0.3048	0.0053	0.236	187
B087130	ENSG00000089289	NNC	187	B093908	2841	75.63	0.6257	0.3048	0.389	187
B087142	ENSG00000167272	FSM	186	B094225	1843	79.68	0.7634	0.4731	0.668	186
B087157	ENSG00000196547	FSM	186	B087157	1702	86.53	0.8656	0.5753	0.796	186
B087173	ENSG00000082898	FSM	186	B087173	2413	86.07	0.8280	0.6237	0.808	186
B087178	ENSG00000100360	FSM	186	B087178	8751	90.74	0.9086	0.7742	0.881	186
B087180	ENSG00000134108	FSM	186	B090542	9519	83.56	0.7742	0.5538	0.824	186
B087185	ENSG00000113966	FSM	186	B087440	11633	92.74	0.9140	0.8763	0.878	186
B087190	ENSG00000028839	FSM	186	B092713	4979	92.35	0.9462	0.9140	0.807	186
B087198	ENSG00000282872	FSM	186	B087198	590	59.47	0.3226	0.0054	0.269	186
B087200	ENSG00000204842	FSM	186	B087200	788	58.49	0.1505	0.0914	0.267	186
B087210	ENSG00000145632	FSM	186	B093699	2990	77.03	0.6935	0.4839	0.672	186
B087232	ENSG00000033627	NIC	186	B087232	5258	74.89	0.6559	0.0484	0.629	186
B087244	ENSG00000170417	NIC	186	B087244	1044	81.14	0.7957	0.3763	0.742	186
B087247	ENSG00000088356	NIC	186	B087247	1521	61.36	0.5323	0.0269	0.482	186
B087249	ENSG00000143363	NIC	186	B092813	1706	75.47	0.6774	0.2742	0.487	186
B087258	ENSG00000163412	NIC	186	B091787	6892	69.42	0.6183	0.0591	0.664	186
B087272	ENSG00000048162	NIC	186	B087272	845	48.58	0.0645	0.0000	0.219	186
B087289	ENSG00000119915	NIC	186	B087289	8843	78.24	0.7849	0.0000	0.694	186
B087295	ENSG00000102796	NIC	186	B086227	6289	73.15	0.6989	0.1989	0.739	186
B087334	ENSG00000050426	NNC	186	B087334	1527	90.33	0.9355	0.7849	0.823	186
B087348	ENSG00000197063	NNC	186	B094557	3528	73.32	0.5430	0.5108	0.441	186
B087353	ENSG00000174917	NNC	186	B087353	739	42.33	0.0645	0.0000	0.25	186
B087365	ENSG00000073169	NNC	186	B094701	7274	85.16	0.8817	0.5054	0.7	186
B087397	ENSG00000166340	NNC	186	B087397	6033	84.66	0.8118	0.6774	0.751	186
B087398	ENSG00000129173	NNC	186	B093034	5643	57.20	0.2151	0.0000	0.242	186
B087411	ENSG00000182185	NNC	186	B087411	10857	86.14	0.8602	0.5269	0.646	186
B087418	ENSG00000186532	NNC	186	B087418	3816	89.95	0.9032	0.7903	0.718	186
B087444	ENSG00000163864	NNC	186	B087444	3923	85.93	0.8763	0.6452	0.681	186
B087461	ENSG00000172172	NNC	186	B097050	9800	86.72	0.8495	0.6720	0.754	186
B087466	ENSG00000169100	NNC	186	B097522	14696	67.08	0.5108	0.0000	0.489	186
B087488	ENSG00000108861	FSM	185	B088909	10643	95.34	0.9676	0.9189	0.914	185
B087502	ENSG00000100324	FSM	185	B087502	1324	43.82	0.0973	0.0000	0.319	185
B087510	ENSG00000124733	FSM	185	B094578	947	63.87	0.4000	0.1405	0.32	185
B087514	ENSG00000180190	FSM	185	B087514	681	55.00	0.0595	0.0000	0.182	185
B087518	ENSG00000164970	FSM	185	B091023	698	60.34	0.1784	0.0486	0.194	185
B087534	ENSG00000088256	FSM	185	B096130	13086	75.97	0.6000	0.3784	0.732	185
B087536	ENSG00000187994	FSM	185	B089040	1605	75.01	0.6270	0.4162	0.582	185
B087538	ENSG00000115942	FSM	185	B097557	2725	72.02	0.6432	0.0000	0.531	185
B087550	ENSG00000139154	NIC	185	B087550	10127	60.94	0.2432	0.0054	0.247	185
B087552	ENSG00000183283	NIC	185	B087552	979	50.81	0.1135	0.0000	0.328	185
B087565	ENSG00000213599	NIC	185	B098026	11412	91.31	0.9351	0.8432	0.855	185
B087581	ENSG00000244687	NIC	185	B087581	5129	58.19	0.3622	0.0000	0.536	185
B087588	ENSG00000145293	NIC	185	B087588	7288	88.89	0.9027	0.6919	0.827	185
B087613	ENSG00000102172	NIC	185	B087613	2773	93.12	0.9568	0.8486	0.885	185
B087648	ENSG00000155959	NIC	185	B087648	2365	59.00	0.3730	0.0919	0.37	185
B087659	ENSG00000089220	NNC	185	B094776	10416	91.70	0.9784	0.7568	0.888	185
B087665	ENSG00000162607	NNC	185	B087665	2301	61.12	0.3189	0.1892	0.375	185
B087667	ENSG00000140367	NNC	185	B093042	3503	74.71	0.6541	0.3405	0.651	185
B087669	ENSG00000177082	NNC	185	B089732	803	78.57	0.7243	0.3297	0.709	185
B087698	ENSG00000138669	NNC	185	B087698	15686	92.00	0.9243	0.8811	0.852	185
B087705	ENSG00000124786	NNC	185	B087705	2595	70.35	0.5243	0.0108	0.488	185
B087714	ENSG00000122705	NNC	185	B087714	2391	64.40	0.3784	0.1784	0.292	185
B087719	ENSG00000130830	NNC	185	B087719	8932	84.53	0.8811	0.2703	0.739	185
B087728	ENSG00000135423	NNC	185	B087728	9630	75.76	0.6919	0.6162	0.669	185
B087743	ENSG00000214087	NNC	185	B097124	5176	82.33	0.8054	0.6324	0.802	185
B087745	ENSG00000137992	NNC	185	B087745	11591	65.37	0.4378	0.3189	0.448	185
B087762	ENSG00000132434	NNC	185	B087762	4478	94.10	0.9676	0.8703	0.894	185
B087772	ENSG00000137714	FSM	184	B094115	11971	76.36	0.5707	0.5543	0.597	184
B087778	ENSG00000111530	FSM	184	B095314	2391	69.55	0.6087	0.2717	0.653	184
B087780	ENSG00000120798	FSM	184	B087780	14010	61.08	0.3913	0.3641	0.479	184
B087794	ENSG00000141452	FSM	184	B087794	1224	86.92	0.9674	0.4783	0.74	184
B087801	ENSG00000143942	FSM	184	B096358	7406	91.50	0.9511	0.7446	0.853	184
B087802	ENSG00000173209	FSM	184	B094934	1758	60.53	0.3533	0.0000	0.406	184
B087806	ENSG00000142185	FSM	184	B090471	7182	90.78	0.9511	0.7935	0.843	184
B087809	ENSG00000178057	FSM	184	B098339	5456	77.82	0.6522	0.5435	0.625	184
B087820	ENSG00000285437	FSM	184	B088166	6337	62.85	0.5054	0.2880	0.49	184
B087821	ENSG00000106615	FSM	184	B095268	9428	87.49	0.9130	0.6630	0.848	184
B087838	ENSG00000126254	FSM	184	B087838	10039	52.97	0.0000	0.0000	0.35	184
B087852	ENSG00000187790	NIC	184	B087852	8853	72.18	0.6196	0.3315	0.595	184
B087858	ENSG00000103148	NIC	184	B096119	901	67.51	0.5489	0.0000	0.483	184
B087866	ENSG00000099622	NIC	184	B098126	22983	54.15	0.3043	0.0000	0.377	184
B087874	ENSG00000123983	NIC	184	B087874	12160	80.70	0.8424	0.1033	0.665	184
B087887	ENSG00000164366	NIC	184	B074864	504	93.81	0.9946	0.8370	0.715	184
B087890	ENSG00000169228	NIC	184	B087890	12438	72.79	0.6793	0.0380	0.738	184
B087901	ENSG00000185420	NIC	184	B089580	17096	90.41	0.9620	0.7065	0.844	184
B087909	ENSG00000166024	NIC	184	B075375	2332	78.13	0.7174	0.2935	0.537	184
B087926	ENSG00000125149	NIC	184	B087926	1280	50.04	0.2337	0.0000	0.473	184
B087929	ENSG00000108389	NIC	184	B087929	1766	85.15	0.7609	0.6413	0.729	184
B087943	ENSG00000168228	NIC	184	B087943	1737	66.50	0.4891	0.1522	0.522	184
B087947	ENSG00000093144	NIC	184	B087947	9919	94.42	0.9674	0.9185	0.852	184
B087949	ENSG00000164885	NIC	184	B087949	15806	76.79	0.7011	0.3207	0.594	184
B087967	ENSG00000157895	NNC	184	B088294	870	61.83	0.3261	0.0924	0.243	184
B087999	ENSG00000184164	NNC	184	B087999	11782	86.95	0.8859	0.6522	0.641	184
B088001	ENSG00000132677	NNC	184	B088001	6718	80.30	0.7446	0.4728	0.698	184
B088017	ENSG00000162819	NNC	184	B098722	1098	81.20	0.7717	0.4402	0.789	184
B088052	ENSG00000101266	NNC	184	B088052	12364	78.78	0.6739	0.6033	0.633	184
B088056	ENSG00000186951	NNC	184	B088056	1945	82.01	0.8043	0.5054	0.751	184
B088067	ENSG00000106367	NNC	184	B097148	6243	83.13	0.8207	0.5815	0.704	184
B088082	ENSG00000173992	NNC	184	B091186	8836	56.27	0.3533	0.0000	0.497	184
B088088	ENSG00000167550	FSM	183	B088700	10296	88.55	0.9235	0.6557	0.856	183
B088101	ENSG00000124067	FSM	183	B088101	7091	57.50	0.2022	0.0000	0.274	183
B088110	ENSG00000130725	FSM	183	B088110	11276	90.21	0.8634	0.8525	0.809	183
B088112	ENSG00000213337	FSM	183	B096685	8486	88.16	0.8798	0.7268	0.781	183
B088118	ENSG00000100201	FSM	183	B088928	209	51.23	0.1967	0.0000	0.173	183
B088122	ENSG00000091317	FSM	183	B098235	966	68.70	0.5301	0.0000	0.548	183
B088127	ENSG00000169019	FSM	183	B095425	1284	85.58	0.9071	0.4973	0.597	183
B088134	ENSG00000122565	FSM	183	B088134	15212	75.27	0.6393	0.3497	0.44	183
B088138	ENSG00000186591	FSM	183	B097819	10974	87.23	0.8579	0.7322	0.78	183
B088157	ENSG00000074603	FSM	183	B088157	2377	85.71	0.8306	0.5683	0.834	183
B088169	ENSG00000149262	FSM	183	B088169	455	78.27	0.7541	0.2077	0.621	183
B088171	ENSG00000149428	NIC	183	B088171	2612	65.94	0.4536	0.2787	0.458	183
B088172	ENSG00000172273	NIC	183	B088172	10131	84.50	0.9344	0.3060	0.598	183
B088180	ENSG00000165821	NIC	183	B088180	10185	58.84	0.2842	0.0000	0.262	183
B088184	ENSG00000126790	NIC	183	B097411	8869	95.98	1.0000	0.9727	0.875	183
B088199	ENSG00000128791	NIC	183	B098827	1143	76.13	0.6721	0.4372	0.622	183
B088210	ENSG00000128654	NIC	183	B091305	1257	87.49	0.9016	0.6885	0.788	183
B088238	ENSG00000291153	NIC	183	B093527	1307	55.31	0.0765	0.0000	0.383	183
B088267	ENSG00000170035	NIC	183	B088267	9759	59.91	0.3333	0.0000	0.456	183
B088279	ENSG00000122512	NIC	183	B078373	13936	78.63	0.7322	0.3825	0.742	183
B088319	ENSG00000088356	NNC	183	B090147	1180	78.47	0.6885	0.4262	0.622	183
B088326	ENSG00000145050	NNC	183	B090217	3003	74.66	0.6612	0.0765	0.548	183
B088329	ENSG00000071794	NNC	183	B088329	14433	88.22	0.9290	0.5574	0.825	183
B088336	ENSG00000112033	NNC	183	B088336	13891	70.10	0.4372	0.3716	0.477	183
B088343	ENSG00000135269	NNC	183	B088343	2039	78.99	0.7377	0.3443	0.689	183
B088344	ENSG00000133740	NNC	183	B088344	4172	64.88	0.4208	0.1639	0.36	183
B088359	ENSG00000108474	NNC	183	B090787	5292	86.07	0.8525	0.6557	0.73	183
B088361	ENSG00000154027	NNC	183	B088361	8960	72.47	0.6284	0.3279	0.633	183
B088370	ENSG00000116691	NNC	183	B088370	643	60.92	0.2404	0.1803	0.261	183
B088372	ENSG00000120333	NNC	183	B088372	9950	67.96	0.5519	0.4590	0.516	183
B088373	ENSG00000163623	NNC	183	B090156	601	55.26	0.2022	0.0000	0.165	183
B088377	ENSG00000143793	NNC	183	B088377	417	54.80	0.1148	0.0164	0.219	183
B088380	ENSG00000004766	NNC	183	B079588	1568	81.81	0.6885	0.5410	0.712	183
B088387	ENSG00000197448	NNC	183	B088387	3229	71.04	0.6230	0.4372	0.62	183
B088401	ENSG00000147403	NNC	183	B094283	7109	85.09	0.8743	0.4754	0.744	183
B088417	ENSG00000257727	FSM	182	B079936	1991	82.34	0.8571	0.4066	0.753	182
B088422	ENSG00000166847	FSM	182	B097538	2569	76.53	0.7363	0.0055	0.664	182
B088423	ENSG00000140931	FSM	182	B098153	1535	60.87	0.1099	0.0000	0.434	182
B088425	ENSG00000198931	FSM	182	B088425	15108	78.31	0.7088	0.5385	0.656	182
B088427	ENSG00000162642	FSM	182	B088427	466	60.62	0.3407	0.0000	0.217	182
B088432	ENSG00000087903	FSM	182	B089281	781	48.95	0.0110	0.0000	0.118	182
B088433	ENSG00000186487	FSM	182	B088433	2770	87.03	0.9121	0.4615	0.504	182
B088434	ENSG00000115866	FSM	182	B077306	12109	84.86	0.8571	0.5495	0.749	182
B088483	ENSG00000125319	NIC	182	B088483	1749	66.64	0.4780	0.2418	0.495	182
B088489	ENSG00000136731	NIC	182	B088489	3170	68.20	0.6044	0.0110	0.408	182
B088507	ENSG00000164164	NIC	182	B097386	8146	74.41	0.6593	0.3736	0.618	182
B088513	ENSG00000112062	NIC	182	B088566	19401	87.42	0.9066	0.5769	0.776	182
B088514	ENSG00000031691	NIC	182	B088514	753	80.44	0.7582	0.2912	0.34	182
B088515	ENSG00000055070	NIC	182	B088515	1597	62.33	0.3022	0.0330	0.23	182
B088523	ENSG00000198042	NIC	182	B092438	3557	67.07	0.4670	0.0934	0.267	182
B088529	ENSG00000142677	NIC	182	B088529	341	55.69	0.1374	0.0714	0.291	182
B088568	ENSG00000123505	NIC	182	B088568	4395	86.80	0.8681	0.6264	0.79	182
B088585	ENSG00000129534	NNC	182	B094001	234	60.09	0.2198	0.0769	0.234	182
B088591	ENSG00000133028	NNC	182	B095459	12717	75.92	0.6484	0.1978	0.728	182
B088592	ENSG00000119559	NNC	182	B088592	665	54.78	0.2143	0.0440	0.229	182
B088598	ENSG00000115446	NNC	182	B088598	2712	78.07	0.7033	0.2747	0.684	182
B088600	ENSG00000171612	NNC	182	B090358	10735	54.38	0.0769	0.0000	0.347	182
B088620	ENSG00000105982	NNC	182	B088620	935	58.98	0.3462	0.0055	0.409	182
B088623	ENSG00000196152	NNC	182	B095975	4761	51.76	0.0055	0.0000	0.119	182
B088625	ENSG00000169249	NNC	182	B088625	7098	74.54	0.6374	0.2582	0.642	182
B088661	ENSG00000131115	NNC	182	B088661	5226	46.94	0.0055	0.0000	0.266	182
B088669	ENSG00000162734	NNC	182	B088669	1328	65.16	0.4670	0.1374	0.476	182
B088670	ENSG00000114904	NNC	182	B088670	11161	50.60	0.0714	0.0000	0.144	182
B088671	ENSG00000144741	NNC	182	B091936	10692	68.43	0.4890	0.0000	0.531	182
B088689	ENSG00000014164	NNC	182	B088689	439	57.08	0.1593	0.0989	0.213	182
B088692	ENSG00000095380	NNC	182	B088692	12029	83.02	0.8352	0.5824	0.651	182
B088702	ENSG00000173598	FSM	181	B096155	9734	83.45	0.7624	0.7017	0.746	181
B088705	ENSG00000171759	FSM	181	B096922	7759	71.90	0.6851	0.0166	0.522	181
B088716	ENSG00000073417	FSM	181	B088716	9120	94.68	0.9724	0.8950	0.862	181
B088717	ENSG00000172183	FSM	181	B094837	8951	93.86	0.9503	0.9171	0.888	181
B088718	ENSG00000140563	FSM	181	B088718	381	58.23	0.1271	0.0000	0.186	181
B088723	ENSG00000228696	FSM	181	B089077	11381	42.79	0.0055	0.0000	0.31	181
B088736	ENSG00000100038	FSM	181	B088736	2597	57.43	0.4807	0.0055	0.507	181
B088737	ENSG00000133422	FSM	181	B088737	443	80.25	0.7072	0.6464	0.518	181
B088738	ENSG00000250151	FSM	181	B097134	1986	90.41	0.9282	0.7790	0.808	181
B088751	ENSG00000106244	FSM	181	B089577	3280	73.63	0.6464	0.2320	0.337	181
B088771	ENSG00000140829	FSM	181	B088771	766	62.01	0.2818	0.0000	0.213	181
B088772	ENSG00000260643	FSM	181	B088772	19323	64.05	0.4751	0.0000	0.506	181
B088780	ENSG00000175054	FSM	181	B088780	10432	85.67	0.8619	0.6188	0.811	181
B088782	ENSG00000181982	FSM	181	B088782	238	60.95	0.1989	0.1105	0.24	181
B088783	ENSG00000164032	FSM	181	B088783	9257	71.53	0.5746	0.4586	0.551	181
B088794	ENSG00000117410	NIC	181	B088794	7899	65.03	0.4530	0.0000	0.484	181
B088798	ENSG00000151327	NIC	181	B088798	1977	70.31	0.5359	0.2265	0.335	181
B088802	ENSG00000142856	NIC	181	B085581	575	65.64	0.4199	0.1271	0.392	181
B088818	ENSG00000087088	NIC	181	B088818	3110	59.01	0.3923	0.0000	0.524	181
B088835	ENSG00000198585	NIC	181	B095571	12942	63.33	0.5193	0.1878	0.621	181
B088838	ENSG00000174796	NIC	181	B091425	3943	71.37	0.5580	0.3315	0.388	181
B088839	ENSG00000138750	NIC	181	B099739	1526	86.68	0.8619	0.6354	0.473	181
B088859	ENSG00000124333	NIC	181	B089376	8459	67.46	0.5138	0.0497	0.484	181
B088861	ENSG00000171307	NIC	181	B091969	9837	89.61	0.9448	0.6630	0.793	181
B088870	ENSG00000100445	NIC	181	B088870	12216	85.35	0.8729	0.6851	0.783	181
B088891	ENSG00000148834	NIC	181	B096770	12104	83.23	0.8398	0.5193	0.762	181
B088897	ENSG00000139437	NNC	181	B088897	1491	91.87	0.8950	0.7956	0.486	181
B088898	ENSG00000167272	NNC	181	B094225	1854	75.62	0.7735	0.2376	0.663	181
B088921	ENSG00000170417	NNC	181	B088921	1000	56.71	0.1934	0.0000	0.407	181
B088930	ENSG00000169019	NNC	181	B095425	1170	82.64	0.8398	0.3702	0.601	181
B088943	ENSG00000106615	NNC	181	B095268	8960	86.67	0.8950	0.6354	0.841	181
B088951	ENSG00000106829	NNC	181	B088551	2010	69.31	0.4751	0.3591	0.417	181
B088955	ENSG00000269313	NNC	181	B088955	581	56.66	0.1934	0.0000	0.216	181
B088968	ENSG00000140382	NNC	181	B088968	1349	83.98	0.8287	0.5525	0.522	181
B088982	ENSG00000023228	NNC	181	B088982	13122	85.51	0.9171	0.4751	0.664	181
B088984	ENSG00000291158	NNC	181	B088984	1488	81.32	0.7790	0.5083	0.758	181
B088988	ENSG00000091317	NNC	181	B088988	949	57.92	0.0552	0.0000	0.398	181
B089031	ENSG00000118900	FSM	180	B095642	2346	71.01	0.5778	0.1111	0.345	180
B089042	ENSG00000197223	FSM	180	B096012	3014	76.14	0.6389	0.4167	0.533	180
B089047	ENSG00000183255	FSM	180	B098284	1786	76.60	0.6556	0.3722	0.497	180
B089066	ENSG00000148120	FSM	180	B095274	774	84.63	0.7667	0.6778	0.754	180
B089093	ENSG00000172663	FSM	180	B085933	1439	52.93	0.1389	0.0000	0.235	180
B089094	ENSG00000110060	NIC	180	B093441	1254	70.39	0.5778	0.2056	0.514	180
B089108	ENSG00000004139	NIC	180	B089108	8061	74.12	0.7056	0.1167	0.67	180
B089127	ENSG00000125870	NIC	180	B089127	10905	78.88	0.7167	0.5167	0.48	180
B089128	ENSG00000156304	NIC	180	B093182	209	56.21	0.2667	0.0000	0.218	180
B089148	ENSG00000158528	NIC	180	B089148	1874	64.41	0.2778	0.1667	0.271	180
B089159	ENSG00000160087	NIC	180	B077151	5325	79.08	0.7222	0.5667	0.533	180
B089174	ENSG00000099864	NIC	180	B089174	2123	61.11	0.3056	0.0667	0.237	180
B089179	ENSG00000100124	NIC	180	B089179	10926	67.16	0.5722	0.0000	0.533	180
B089183	ENSG00000145781	NIC	180	B089183	1352	80.30	0.7611	0.5500	0.539	180
B089187	ENSG00000164896	NIC	180	B089187	530	73.37	0.7222	0.0333	0.48	180
B089191	ENSG00000107902	NIC	180	B089191	8386	86.23	0.8389	0.7278	0.78	180
B089207	ENSG00000119616	NNC	180	B089207	5458	78.04	0.6667	0.3278	0.624	180
B089220	ENSG00000125656	NNC	180	B089220	16120	74.51	0.6000	0.4667	0.664	180
B089221	ENSG00000123154	NNC	180	B089221	11416	85.97	0.9333	0.4333	0.598	180
B089226	ENSG00000115486	NNC	180	B089226	604	75.17	0.6889	0.1444	0.469	180
B089227	ENSG00000125637	NNC	180	B097429	1483	63.84	0.3444	0.0111	0.45	180
B089237	ENSG00000249242	NNC	180	B089237	1644	92.00	0.9278	0.8222	0.853	180
B089253	ENSG00000165392	NNC	180	B089253	8012	89.96	0.8556	0.7889	0.836	180
B089261	ENSG00000095574	NNC	180	B089261	8123	64.06	0.3167	0.2722	0.376	180
B089270	ENSG00000164011	NNC	180	B097468	8556	54.79	0.2111	0.0000	0.229	180
B089272	ENSG00000111229	NNC	180	B093540	2701	89.44	0.9611	0.6333	0.867	180
B089277	ENSG00000102879	NNC	180	B089277	11558	96.41	1.0000	0.9889	0.888	180
B089286	ENSG00000085433	NNC	180	B089286	1422	76.73	0.7222	0.0889	0.693	180
B089288	ENSG00000087586	NNC	180	B094002	16668	72.96	0.6611	0.1944	0.729	180
B089290	ENSG00000159445	NNC	180	B090312	5600	88.16	0.8167	0.6778	0.853	180
B089294	ENSG00000182983	NNC	180	B089294	11811	59.26	0.3444	0.2222	0.395	180
B089301	ENSG00000123505	NNC	180	B089301	3925	83.98	0.8333	0.3667	0.787	180
B089323	ENSG00000168096	FSM	179	B089323	581	83.40	0.7821	0.5698	0.58	179
B089350	ENSG00000205643	FSM	179	B089350	746	55.13	0.1397	0.0000	0.219	179
B089365	ENSG00000290832	FSM	179	B088618	2325	72.84	0.5754	0.4022	0.672	179
B089368	ENSG00000078674	FSM	179	B089368	533	56.90	0.1899	0.0000	0.15	179
B089372	ENSG00000155621	FSM	179	B095273	13910	69.79	0.5419	0.1173	0.506	179
B089378	ENSG00000135365	FSM	179	B096677	14828	76.59	0.6480	0.4246	0.423	179
B089392	ENSG00000159479	NIC	179	B089392	906	67.59	0.5028	0.2402	0.323	179
B089394	ENSG00000110906	NIC	179	B100101	10478	77.41	0.6536	0.4693	0.598	179
B089409	ENSG00000162642	NIC	179	B089409	203	56.53	0.2123	0.0000	0.21	179
B089425	ENSG00000101194	NIC	179	B089425	3550	81.63	0.8268	0.3855	0.72	179
B089451	ENSG00000197448	NIC	179	B078583	3314	91.79	0.9665	0.7709	0.861	179
B089461	ENSG00000147224	NIC	179	B089461	15129	92.44	0.9721	0.8268	0.849	179
B089475	ENSG00000134508	NIC	179	B086724	2575	88.47	0.9330	0.6480	0.823	179
B089478	ENSG00000008869	NIC	179	B089478	2170	70.42	0.5642	0.0838	0.629	179
B089497	ENSG00000205765	NIC	179	B099740	584	68.51	0.5251	0.2458	0.654	179
B089501	ENSG00000291149	NIC	179	B089501	2044	67.30	0.5922	0.1844	0.669	179
B089504	ENSG00000152465	NIC	179	B089654	3654	94.35	0.9944	0.8212	0.879	179
B089524	ENSG00000069943	NNC	179	B089524	3578	86.48	0.8939	0.5698	0.754	179
B089543	ENSG00000142396	NNC	179	B092751	711	56.70	0.2514	0.1955	0.339	179
B089571	ENSG00000146151	NNC	179	B089571	15418	93.18	0.9441	0.8492	0.881	179
B089579	ENSG00000164733	NNC	179	B089579	13923	87.98	0.8939	0.6760	0.759	179
B089581	ENSG00000104361	NNC	179	B089581	4136	61.24	0.3073	0.0000	0.398	179
B089591	ENSG00000107779	NNC	179	B094814	1741	77.11	0.6983	0.3911	0.558	179
B089598	ENSG00000010626	NNC	179	B089598	4749	79.29	0.7207	0.6369	0.745	179
B089609	ENSG00000153048	NNC	179	B089609	12829	63.24	0.4358	0.0838	0.504	179
B089638	ENSG00000145014	NNC	179	B096451	331	55.00	0.0279	0.0000	0.166	179
B089663	ENSG00000150316	NNC	179	B089663	2545	66.87	0.4413	0.0559	0.265	179
B089664	ENSG00000111229	FSM	178	B093540	2705	95.14	0.9831	0.9607	0.916	178
B089671	ENSG00000162086	FSM	178	B082041	19451	81.71	0.7809	0.4944	0.567	178
B089673	ENSG00000038358	FSM	178	B089673	2036	89.75	0.9607	0.6404	0.771	178
B089683	ENSG00000173418	FSM	178	B090360	7466	91.98	0.9775	0.7472	0.862	178
B089692	ENSG00000112983	FSM	178	B089692	1950	79.80	0.7247	0.4551	0.607	178
B089700	ENSG00000172172	FSM	178	B097050	9661	90.11	0.9326	0.7022	0.781	178
B089711	ENSG00000197302	FSM	178	B089711	688	33.47	0.0000	0.0000	0.226	178
B089753	ENSG00000101193	NIC	178	B089753	4140	87.22	0.8764	0.6573	0.699	178
B089755	ENSG00000100201	NIC	178	B089755	18797	87.25	0.9045	0.6292	0.753	178
B089757	ENSG00000144560	NIC	178	B089757	1423	57.72	0.2191	0.0899	0.234	178
B089761	ENSG00000249242	NIC	178	B089761	1299	89.39	0.8764	0.7584	0.793	178
B089768	ENSG00000164587	NIC	178	B089768	9759	66.03	0.5562	0.0506	0.569	178
B089774	ENSG00000153721	NIC	178	B089774	8687	76.13	0.5899	0.4382	0.502	178
B089780	ENSG00000002933	NIC	178	B089780	230	55.34	0.2360	0.0000	0.341	178
B089783	ENSG00000122705	NIC	178	B089783	2572	71.28	0.6180	0.1573	0.316	178
B089802	ENSG00000115526	NIC	178	B089802	2654	76.96	0.7135	0.5169	0.534	178
B089838	ENSG00000165548	NNC	178	B089838	1287	57.98	0.2584	0.0000	0.317	178
B089848	ENSG00000167785	NNC	178	B100411	15884	51.36	0.1910	0.0000	0.335	178
B089872	ENSG00000119048	NNC	178	B089872	15281	77.73	0.7809	0.1798	0.713	178
B089884	ENSG00000106025	NNC	178	B099521	991	67.80	0.4888	0.0000	0.513	178
B089899	ENSG00000137522	NNC	178	B096476	7815	68.86	0.5056	0.0000	0.508	178
B089915	ENSG00000126934	NNC	178	B099609	12427	79.63	0.7247	0.4551	0.734	178
B089940	ENSG00000214026	NNC	178	B098132	5312	76.19	0.6404	0.3989	0.552	178
B089952	ENSG00000104164	FSM	177	B100299	881	79.39	0.6836	0.5537	0.392	177
B090017	ENSG00000131143	NIC	177	B090017	1548	76.12	0.6102	0.3898	0.475	177
B090020	ENSG00000108840	NIC	177	B090020	14839	87.69	0.8927	0.6610	0.721	177
B090022	ENSG00000087191	NIC	177	B091694	17486	80.15	0.8079	0.2825	0.628	177
B090027	ENSG00000133250	NIC	177	B090027	3597	61.72	0.3390	0.1299	0.27	177
B090031	ENSG00000138069	NIC	177	B099723	17855	71.17	0.6215	0.0000	0.727	177
B090035	ENSG00000162441	NIC	177	B090035	874	73.99	0.7232	0.0000	0.588	177
B090040	ENSG00000100360	NIC	177	B090040	8348	60.57	0.4576	0.0000	0.618	177
B090055	ENSG00000112812	NIC	177	B098548	3062	71.26	0.6328	0.2712	0.638	177
B090064	ENSG00000196459	NIC	177	B090064	4280	61.70	0.5537	0.0000	0.58	177
B090069	ENSG00000109919	NIC	177	B091949	2919	64.30	0.3390	0.0000	0.537	177
B090079	ENSG00000108641	NIC	177	B090079	1814	53.33	0.2768	0.0000	0.387	177
B090082	ENSG00000132026	NIC	177	B090082	11392	54.68	0.3220	0.0000	0.42	177
B090105	ENSG00000112425	NIC	177	B090105	2110	95.62	0.9774	0.9435	0.907	177
B090108	ENSG00000158806	NIC	177	B090108	1833	66.16	0.3503	0.2881	0.404	177
B090110	ENSG00000136783	NIC	177	B098007	7356	77.94	0.6667	0.4972	0.666	177
B090112	ENSG00000117298	NIC	177	B090112	9756	90.27	0.9379	0.7910	0.777	177
B090113	ENSG00000155287	NIC	177	B090391	10716	66.88	0.3955	0.0000	0.486	177
B090115	ENSG00000110442	NIC	177	B087527	605	69.63	0.5989	0.0226	0.548	177
B090118	ENSG00000110060	NNC	177	B090118	9128	80.12	0.7232	0.5311	0.595	177
B090129	ENSG00000103507	NNC	177	B090129	5036	82.21	0.7684	0.4802	0.79	177
B090142	ENSG00000144134	NNC	177	B100416	3166	58.55	0.4237	0.0000	0.47	177
B090154	ENSG00000163840	NNC	177	B090154	1329	71.75	0.6158	0.2938	0.496	177
B090185	ENSG00000172757	NNC	177	B093688	7165	81.70	0.8927	0.0904	0.722	177
B090188	ENSG00000127328	NNC	177	B091146	1677	73.12	0.5819	0.4802	0.404	177
B090189	ENSG00000135090	NNC	177	B090189	16164	80.45	0.7288	0.6271	0.688	177
B090207	ENSG00000186812	NNC	177	B093322	24007	89.64	0.9322	0.7345	0.684	177
B090208	ENSG00000105136	NNC	177	B090208	22060	86.72	0.8588	0.6271	0.668	177
B090227	ENSG00000196262	NNC	177	B094881	23772	93.71	0.9266	0.9096	0.875	177
B090241	ENSG00000126756	NNC	177	B090241	6795	63.95	0.5763	0.0000	0.456	177
B090258	ENSG00000109084	FSM	176	B097172	2324	81.68	0.8466	0.2045	0.743	176
B090259	ENSG00000131475	FSM	176	B096824	3003	90.57	0.9830	0.7500	0.747	176
B090271	ENSG00000188542	FSM	176	B090271	9026	88.89	0.8409	0.7955	0.813	176
B090287	ENSG00000153187	FSM	176	B090287	6133	86.93	0.9261	0.5057	0.715	176
B090290	ENSG00000147676	FSM	176	B091486	2080	67.18	0.4773	0.0000	0.546	176
B090292	ENSG00000215126	FSM	176	B090292	3474	62.47	0.4716	0.0000	0.521	176
B090294	ENSG00000188649	FSM	176	B097607	235	57.45	0.1023	0.0000	0.153	176
B090314	ENSG00000214021	FSM	176	B090314	10839	72.77	0.6591	0.3920	0.601	176
B090316	ENSG00000164252	FSM	176	B090316	439	69.13	0.4489	0.3295	0.365	176
B090325	ENSG00000111640	NIC	176	B090325	18896	95.80	0.9886	0.9602	0.888	176
B090353	ENSG00000291127	NIC	176	B090353	1136	72.72	0.5114	0.4318	0.396	176
B090367	ENSG00000071282	NIC	176	B090367	1510	52.32	0.3295	0.0057	0.411	176
B090369	ENSG00000143183	NIC	176	B087753	1539	52.73	0.0000	0.0000	0.307	176
B090377	ENSG00000153363	NIC	176	B100543	5244	56.66	0.1705	0.0000	0.235	176
B090382	ENSG00000291237	NIC	176	B090382	16742	96.47	1.0000	0.9432	0.894	176
B090388	ENSG00000101843	NIC	176	B099857	10074	97.32	0.9886	0.9773	0.909	176
B090389	ENSG00000243660	NIC	176	B090389	6438	37.58	0.0000	0.0000	0.2	176
B090406	ENSG00000228696	NIC	176	B096234	9927	41.57	0.0057	0.0000	0.337	176
B090410	ENSG00000219626	NIC	176	B090410	783	71.43	0.4943	0.1761	0.351	176
B090423	ENSG00000082781	NIC	176	B090423	3171	77.20	0.6761	0.2045	0.489	176
B090444	ENSG00000139668	NNC	176	B097635	8178	93.25	0.9659	0.8864	0.825	176
B090448	ENSG00000172183	NNC	176	B090448	7549	73.10	0.6080	0.4943	0.644	176
B090449	ENSG00000166965	NNC	176	B090953	6966	48.87	0.2045	0.0000	0.466	176
B090464	ENSG00000158417	NNC	176	B090464	1791	68.12	0.5739	0.0568	0.309	176
B090469	ENSG00000244687	NNC	176	B100421	5095	87.01	0.8693	0.6875	0.793	176
B090472	ENSG00000138867	NNC	176	B090472	1479	78.97	0.7557	0.4545	0.734	176
B090490	ENSG00000157224	NNC	176	B090490	250	75.29	0.6307	0.3807	0.654	176
B090503	ENSG00000165169	NNC	176	B090503	3353	64.85	0.5852	0.1875	0.589	176
B090524	ENSG00000007520	NNC	176	B090524	5669	71.64	0.5341	0.4375	0.515	176
B090535	ENSG00000239779	NNC	176	B090535	1423	61.25	0.2670	0.0852	0.294	176
B090551	ENSG00000111832	NNC	176	B090551	5173	89.37	0.9148	0.6761	0.714	176
B090577	ENSG00000184990	FSM	175	B096040	802	74.11	0.6629	0.1886	0.393	175
B090582	ENSG00000197568	FSM	175	B090582	124	39.78	0.0000	0.0000	0.276	175
B090588	ENSG00000131143	FSM	175	B094627	2759	84.70	0.7886	0.7143	0.531	175
B090599	ENSG00000122435	FSM	175	B090599	2269	79.99	0.7886	0.2743	0.432	175
B090600	ENSG00000087086	FSM	175	B095689	8638	92.09	0.9600	0.7714	0.86	175
B090636	ENSG00000158042	FSM	175	B090636	9369	88.82	0.8800	0.7257	0.741	175
B090637	ENSG00000092148	FSM	175	B090637	8904	91.90	0.9657	0.7886	0.771	175
B090640	ENSG00000179361	FSM	175	B090640	1494	51.55	0.0800	0.0000	0.165	175
B090660	ENSG00000011105	NIC	175	B090660	8163	90.36	0.9829	0.6400	0.732	175
B090666	ENSG00000180008	NIC	175	B090666	777	58.92	0.2571	0.0686	0.301	175
B090685	ENSG00000143919	NIC	175	B090685	1922	67.47	0.6457	0.2000	0.677	175
B090691	ENSG00000125901	NIC	175	B090691	497	65.66	0.5143	0.3771	0.407	175
B090707	ENSG00000162889	NIC	175	B098848	791	64.28	0.3829	0.1429	0.257	175
B090721	ENSG00000133872	NIC	175	B090721	792	56.63	0.2914	0.0514	0.191	175
B090768	ENSG00000120910	NIC	175	B090768	19268	80.71	0.7657	0.4171	0.775	175
B090794	ENSG00000126249	NNC	175	B090794	4425	67.80	0.4343	0.3371	0.527	175
B090795	ENSG00000115808	NNC	175	B100068	12194	65.24	0.4171	0.2400	0.393	175
B090799	ENSG00000185414	NNC	175	B090799	6012	72.18	0.6000	0.3600	0.568	175
B090806	ENSG00000101457	NNC	175	B090806	6165	56.22	0.2229	0.0000	0.23	175
B090826	ENSG00000169692	NNC	175	B099376	8978	72.83	0.6743	0.0057	0.636	175
B090828	ENSG00000147144	NNC	175	B090828	464	52.83	0.0343	0.0000	0.133	175
B090832	ENSG00000204219	NNC	175	B083350	8727	82.33	0.8229	0.3257	0.574	175
B090834	ENSG00000110025	NNC	175	B081167	2868	72.20	0.5143	0.4000	0.493	175
B090840	ENSG00000179912	NNC	175	B090840	1173	47.91	0.0000	0.0000	0.133	175
B090846	ENSG00000184302	NNC	175	B091451	2581	74.26	0.6457	0.3829	0.65	175
B090847	ENSG00000138617	NNC	175	B090847	1378	89.72	0.9657	0.6400	0.856	175
B090885	ENSG00000077713	NNC	175	B090885	9784	56.78	0.0057	0.0000	0.379	175
B090893	ENSG00000110911	FSM	174	B090893	9420	74.12	0.7356	0.0172	0.588	174
B090915	ENSG00000101361	FSM	174	B090915	139	62.27	0.2356	0.1667	0.258	174
B090919	ENSG00000182093	FSM	174	B101152	1278	77.63	0.7184	0.2126	0.565	174
B090924	ENSG00000197721	FSM	174	B093296	7788	84.24	0.7529	0.6552	0.663	174
B090925	ENSG00000037241	FSM	174	B099640	11091	78.51	0.7356	0.4023	0.608	174
B090944	ENSG00000196459	FSM	174	B101186	3475	81.85	0.7471	0.6897	0.733	174
B090952	ENSG00000196935	FSM	174	B090952	2471	85.24	0.7759	0.6724	0.63	174
B090957	ENSG00000178904	FSM	174	B090957	2576	91.47	0.9023	0.8276	0.852	174
B090988	ENSG00000006042	NIC	174	B090988	558	68.25	0.5460	0.0000	0.594	174
B090990	ENSG00000160961	NIC	174	B090990	9509	42.55	0.0000	0.0000	0.21	174
B090992	ENSG00000115239	NIC	174	B090992	10228	80.48	0.7241	0.5460	0.773	174
B091001	ENSG00000159208	NIC	174	B091001	888	66.63	0.3448	0.2701	0.382	174
B091013	ENSG00000124733	NIC	174	B091013	482	57.83	0.1839	0.0000	0.19	174
B091033	ENSG00000122378	NIC	174	B094406	1931	79.42	0.7529	0.3793	0.665	174
B091037	ENSG00000007372	NIC	174	B091037	17029	66.04	0.3448	0.2931	0.44	174
B091075	ENSG00000180815	NIC	174	B080348	1444	74.20	0.6207	0.2701	0.346	174
B091079	ENSG00000166135	NIC	174	B091079	10824	87.01	0.8736	0.7184	0.82	174
B091113	ENSG00000172113	NNC	174	B091113	8813	78.49	0.7126	0.6609	0.739	174
B091129	ENSG00000176428	NNC	174	B099799	2066	75.63	0.5920	0.4425	0.486	174
B091138	ENSG00000160539	NNC	174	B097897	728	54.05	0.0230	0.0000	0.254	174
B091148	ENSG00000140025	NNC	174	B091148	2063	73.12	0.6609	0.3046	0.611	174
B091149	ENSG00000100600	NNC	174	B091149	1097	84.20	0.7414	0.6609	0.712	174
B091153	ENSG00000278535	NNC	174	B091153	16250	88.96	0.9138	0.6609	0.863	174
B091170	ENSG00000145782	NNC	174	B091170	794	48.50	0.0172	0.0000	0.272	174
B091173	ENSG00000213347	NNC	174	B091173	2579	58.15	0.2644	0.0000	0.313	174
B091174	ENSG00000055070	NNC	174	B091174	1637	64.26	0.3276	0.0345	0.236	174
B091176	ENSG00000290989	NNC	174	B091176	47	43.46	0.0000	0.0000	0.344	174
B091207	ENSG00000189050	FSM	173	B091207	12755	87.67	0.9480	0.4451	0.707	173
B091212	ENSG00000188641	FSM	173	B091212	13818	82.41	0.8728	0.2197	0.706	173
B091221	ENSG00000143919	FSM	173	B091221	631	64.38	0.4509	0.1676	0.428	173
B091232	ENSG00000113361	FSM	173	B091232	11686	86.56	0.8844	0.6012	0.656	173
B091237	ENSG00000112245	FSM	173	B100676	7536	80.26	0.8439	0.1965	0.747	173
B091253	ENSG00000171723	FSM	173	B091253	12930	61.34	0.3584	0.1156	0.485	173
B091269	ENSG00000136813	FSM	173	B091269	553	84.94	0.8439	0.5260	0.789	173
B091276	ENSG00000157916	NIC	173	B091276	594	54.94	0.1965	0.0000	0.262	173
B091283	ENSG00000162066	NIC	173	B091283	14458	93.82	0.9942	0.8555	0.862	173
B091288	ENSG00000091640	NIC	173	B091288	7569	82.65	0.7399	0.5434	0.65	173
B091296	ENSG00000134758	NIC	173	B097375	11350	73.93	0.6012	0.5491	0.59	173
B091306	ENSG00000079150	NIC	173	B091306	16059	87.42	0.8728	0.6127	0.705	173
B091333	ENSG00000147679	NIC	173	B091333	2760	67.13	0.5954	0.1272	0.655	173
B091335	ENSG00000151632	NIC	173	B098561	14654	95.10	1.0000	0.8497	0.886	173
B091376	ENSG00000167985	NIC	173	B097162	9004	77.94	0.6590	0.4682	0.64	173
B091383	ENSG00000100564	NNC	173	B091383	938	59.92	0.3064	0.0000	0.366	173
B091404	ENSG00000173960	NNC	173	B096491	3339	67.49	0.4682	0.1792	0.404	173
B091417	ENSG00000205643	NNC	173	B091417	1289	67.35	0.5723	0.3353	0.601	173
B091448	ENSG00000173064	NNC	173	B091448	2792	55.42	0.1445	0.0000	0.409	173
B091454	ENSG00000103540	NNC	173	B091454	7536	66.66	0.4220	0.2370	0.352	173
B091459	ENSG00000105767	NNC	173	B091459	3876	84.74	0.8150	0.5145	0.696	173
B091460	ENSG00000130725	NNC	173	B091460	10098	74.91	0.6416	0.4971	0.618	173
B091464	ENSG00000144504	NNC	173	B091464	1178	61.16	0.4335	0.1214	0.552	173
B091474	ENSG00000172493	NNC	173	B091474	1439	67.89	0.4220	0.1445	0.254	173
B091481	ENSG00000056972	NNC	173	B091481	226	60.10	0.2659	0.0116	0.198	173
B091483	ENSG00000166997	NNC	173	B091483	2206	81.57	0.7861	0.3815	0.637	173
B091487	ENSG00000161016	NNC	173	B095107	11338	62.90	0.3757	0.0000	0.407	173
B091509	ENSG00000186665	FSM	172	B097596	512	38.56	0.0000	0.0000	0.327	172
B091521	ENSG00000119862	FSM	172	B098894	4628	86.55	0.7965	0.7907	0.764	172
B091526	ENSG00000070950	FSM	172	B091526	682	63.99	0.3547	0.1977	0.28	172
B091553	ENSG00000288701	FSM	172	B091553	824	52.58	0.0058	0.0000	0.108	172
B091558	ENSG00000120509	FSM	172	B094405	13911	67.99	0.5000	0.1221	0.563	172
B091569	ENSG00000133318	FSM	172	B091569	3675	67.86	0.4593	0.0000	0.305	172
B091579	ENSG00000168268	FSM	172	B099793	1969	82.83	0.7965	0.5581	0.704	172
B091585	ENSG00000160325	FSM	172	B098361	1285	55.41	0.0407	0.0000	0.364	172
B091602	ENSG00000172379	NIC	172	B092979	10167	70.07	0.6395	0.0756	0.4	172
B091615	ENSG00000143942	NIC	172	B096358	7930	86.64	0.8837	0.5698	0.806	172
B091620	ENSG00000115233	NIC	172	B099935	2059	79.03	0.8256	0.2326	0.512	172
B091640	ENSG00000130675	NIC	172	B091640	614	52.97	0.0465	0.0000	0.18	172
B091651	ENSG00000158156	NIC	172	B094470	1969	83.66	0.8488	0.4477	0.738	172
B091654	ENSG00000213593	NIC	172	B094172	8313	85.79	0.8081	0.7442	0.766	172
B091656	ENSG00000110717	NIC	172	B092185	19458	80.59	0.8198	0.2907	0.63	172
B091690	ENSG00000110218	NNC	172	B091690	1613	62.76	0.2558	0.0116	0.362	172
B091730	ENSG00000196139	NNC	172	B091730	14802	89.11	0.8721	0.8023	0.844	172
B091739	ENSG00000204152	NNC	172	B091739	1131	50.29	0.0000	0.0000	0.24	172
B091747	ENSG00000184007	NNC	172	B100676	6374	78.24	0.8198	0.0581	0.744	172
B091748	ENSG00000162241	NNC	172	B091748	13031	74.90	0.6919	0.0116	0.542	172
B091760	ENSG00000042088	NNC	172	B091760	1520	69.74	0.5407	0.3198	0.552	172
B091774	ENSG00000143106	NNC	172	B091774	9636	87.25	0.8488	0.6919	0.831	172
B091777	ENSG00000079150	NNC	172	B091777	12643	69.82	0.5814	0.0058	0.515	172
B091783	ENSG00000158864	NNC	172	B091783	19227	87.65	0.9942	0.2616	0.702	172
B091789	ENSG00000151552	NNC	172	B098951	2096	75.70	0.7151	0.3895	0.725	172
B091793	ENSG00000234284	NNC	172	B079905	27846	85.86	0.8140	0.7267	0.658	172
B091795	ENSG00000112715	NNC	172	B091795	3286	82.85	0.7907	0.5233	0.508	172
B091796	ENSG00000172348	NNC	172	B091796	2565	72.33	0.6221	0.3721	0.519	172
B091818	ENSG00000183735	FSM	171	B091818	425	83.63	0.7895	0.5439	0.448	171
B091825	ENSG00000090470	FSM	171	B093040	781	86.11	0.9298	0.4503	0.451	171
B091834	ENSG00000166260	FSM	171	B091834	10451	77.28	0.7076	0.2047	0.614	171
B091837	ENSG00000101608	FSM	171	B091228	10905	82.71	0.8187	0.5848	0.503	171
B091854	ENSG00000010165	FSM	171	B091854	4191	87.70	0.9708	0.5497	0.825	171
B091874	ENSG00000147121	FSM	171	B093401	10367	46.35	0.1813	0.0000	0.36	171
B091891	ENSG00000154767	FSM	171	B091891	4089	81.03	0.7778	0.5322	0.599	171
B091905	ENSG00000165502	NIC	171	B091905	4565	71.36	0.5380	0.2456	0.477	171
B091909	ENSG00000067221	NIC	171	B091909	8248	71.87	0.6257	0.1579	0.371	171
B091920	ENSG00000117543	NIC	171	B095078	4950	89.78	0.9357	0.7251	0.829	171
B091967	ENSG00000198954	NIC	171	B091967	470	60.01	0.3626	0.0000	0.517	171
B091968	ENSG00000180628	NIC	171	B092723	2057	79.46	0.7427	0.4854	0.597	171
B091972	ENSG00000167792	NIC	171	B091972	13790	91.25	0.9825	0.7427	0.844	171
B091974	ENSG00000126106	NIC	171	B094977	2840	52.47	0.2047	0.0000	0.481	171
B091999	ENSG00000165061	NIC	171	B099033	3219	64.01	0.4269	0.0994	0.295	171
B092035	ENSG00000072135	NNC	171	B101401	10187	76.22	0.7018	0.3977	0.708	171
B092060	ENSG00000122729	NNC	171	B092060	15559	94.26	0.9942	0.8889	0.888	171
B092070	ENSG00000110717	NNC	171	B100208	13327	69.03	0.5731	0.0936	0.334	171
B092088	ENSG00000183048	NNC	171	B095027	11772	56.86	0.0000	0.0000	0.4	171
B092098	ENSG00000007402	NNC	171	B092098	961	75.59	0.6082	0.3860	0.431	171
B092104	ENSG00000137274	NNC	171	B092104	4470	82.52	0.8538	0.2982	0.795	171
B092105	ENSG00000154309	NNC	171	B092105	2591	53.46	0.1696	0.0000	0.207	171
B092110	ENSG00000198874	NNC	171	B092110	1259	58.23	0.2749	0.1111	0.262	171
B092111	ENSG00000146707	NNC	171	B092111	79	57.21	0.1579	0.0000	0.206	171
B092113	ENSG00000147535	NNC	171	B092113	4086	86.19	0.9708	0.2339	0.759	171
B092123	ENSG00000156603	NNC	171	B092123	632	57.27	0.2047	0.0000	0.174	171
B092149	ENSG00000161692	FSM	170	B092149	1226	68.00	0.4000	0.2882	0.368	170
B092153	ENSG00000291147	FSM	170	B095149	1828	64.76	0.4765	0.1824	0.367	170
B092157	ENSG00000244687	FSM	170	B100421	5125	84.90	0.8059	0.7412	0.751	170
B092167	ENSG00000170606	FSM	170	B092167	3812	76.04	0.6294	0.4000	0.588	170
B092169	ENSG00000146457	FSM	170	B097886	1609	83.44	0.8235	0.5059	0.428	170
B092206	ENSG00000137497	FSM	170	B098306	473	74.96	0.5588	0.4824	0.445	170
B092210	ENSG00000109929	NIC	170	B098371	1798	68.34	0.5176	0.0000	0.564	170
B092221	ENSG00000100600	NIC	170	B098886	5528	87.31	0.8176	0.7059	0.8	170
B092223	ENSG00000103855	NIC	170	B092223	3514	81.88	0.7588	0.6059	0.581	170
B092244	ENSG00000163864	NIC	170	B092244	5220	76.24	0.6529	0.4412	0.746	170
B092246	ENSG00000198498	NIC	170	B100703	1280	72.32	0.5824	0.1294	0.505	170
B092294	ENSG00000123933	NIC	170	B097192	2026	59.06	0.2412	0.0882	0.283	170
B092314	ENSG00000133818	NIC	170	B092314	13340	70.14	0.6118	0.1059	0.716	170
B092331	ENSG00000167543	NNC	170	B095828	443	58.90	0.1824	0.0882	0.286	170
B092336	ENSG00000180479	NNC	170	B092336	2883	75.85	0.7118	0.2000	0.553	170
B092342	ENSG00000124380	NNC	170	B097425	2162	54.57	0.1118	0.0000	0.22	170
B092343	ENSG00000071073	NNC	170	B092343	1853	86.20	0.8412	0.7294	0.811	170
B092353	ENSG00000178026	NNC	170	B092353	739	45.70	0.0529	0.0000	0.316	170
B092360	ENSG00000145335	NNC	170	B092360	998	47.65	0.0647	0.0000	0.302	170
B092406	ENSG00000143951	NNC	170	B092406	878	55.18	0.2824	0.0000	0.414	170
B092409	ENSG00000082258	NNC	170	B092409	3183	60.30	0.3412	0.0765	0.293	170
B092410	ENSG00000127837	NNC	170	B092410	8301	77.78	0.6706	0.6529	0.697	170
B092420	ENSG00000143228	NNC	170	B092420	489	90.74	0.9706	0.7176	0.407	170
B092437	ENSG00000153187	NNC	170	B092437	3014	79.42	0.7588	0.4882	0.686	170
B092481	ENSG00000204634	FSM	169	B092481	1714	60.76	0.1953	0.0296	0.18	169
B092484	ENSG00000101236	FSM	169	B098765	14201	63.25	0.4201	0.0769	0.389	169
B092488	ENSG00000114902	FSM	169	B092488	3058	59.00	0.2781	0.0533	0.373	169
B092491	ENSG00000169251	FSM	169	B092491	2770	85.00	0.8639	0.4379	0.658	169
B092495	ENSG00000164182	FSM	169	B092495	5512	80.48	0.7751	0.3491	0.556	169
B092506	ENSG00000126756	FSM	169	B097716	2104	84.41	0.7988	0.5562	0.655	169
B092509	ENSG00000110171	FSM	169	B095954	19044	95.18	0.9822	0.9408	0.894	169
B092512	ENSG00000174903	FSM	169	B091303	18699	77.39	0.6805	0.3728	0.701	169
B092513	ENSG00000139437	FSM	169	B095449	854	91.69	0.9467	0.7456	0.477	169
B092522	ENSG00000125089	FSM	169	B095251	1140	80.76	0.7337	0.5325	0.679	169
B092539	ENSG00000100580	NIC	169	B096855	1897	85.52	0.7988	0.7278	0.777	169
B092542	ENSG00000172183	NIC	169	B092542	6361	57.37	0.4260	0.1361	0.531	169
B092560	ENSG00000265808	NIC	169	B096244	4912	71.68	0.6627	0.0947	0.462	169
B092563	ENSG00000176720	NIC	169	B092563	1521	66.02	0.4911	0.0000	0.498	169
B092574	ENSG00000241553	NIC	169	B102198	1784	57.57	0.4734	0.0118	0.467	169
B092590	ENSG00000019582	NIC	169	B092590	788	55.58	0.1420	0.0651	0.253	169
B092599	ENSG00000147533	NIC	169	B090495	1537	73.56	0.5740	0.4320	0.63	169
B092605	ENSG00000184831	NIC	169	B094404	1570	68.80	0.4201	0.0178	0.325	169
B092635	ENSG00000142197	NIC	169	B092635	2018	80.99	0.7515	0.3018	0.797	169
B092643	ENSG00000118762	NIC	169	B092643	954	70.50	0.5030	0.2308	0.456	169
B092658	ENSG00000120509	NIC	169	B102536	14111	65.16	0.4615	0.0118	0.543	169
B092664	ENSG00000067606	NNC	169	B092664	2468	62.54	0.4142	0.0000	0.511	169
B092674	ENSG00000126562	NNC	169	B092674	1862	61.54	0.2544	0.1716	0.331	169
B092712	ENSG00000093144	NNC	169	B101106	3907	72.88	0.6864	0.2959	0.691	169
B092724	ENSG00000180628	NNC	169	B092724	12445	68.97	0.5858	0.4024	0.59	169
B092731	ENSG00000136153	NNC	169	B092731	2286	69.20	0.4438	0.1716	0.335	169
B092756	ENSG00000101220	NNC	169	B096836	960	70.54	0.5325	0.2485	0.6	169
B092759	ENSG00000101138	NNC	169	B092759	7471	72.80	0.6213	0.3609	0.374	169
B092770	ENSG00000146433	NNC	169	B092770	841	57.44	0.0888	0.0000	0.337	169
B092772	ENSG00000122642	NNC	169	B092772	15802	81.67	0.6864	0.6331	0.66	169
B092773	ENSG00000004948	NNC	169	B092773	5319	60.56	0.2130	0.0000	0.382	169
B092787	ENSG00000182934	FSM	168	B092787	16617	64.41	0.3988	0.0000	0.618	168
B092789	ENSG00000183283	FSM	168	B098309	1015	57.49	0.3036	0.0000	0.42	168
B092792	ENSG00000123080	FSM	168	B097116	10443	92.28	0.9226	0.8690	0.86	168
B092823	ENSG00000070669	FSM	168	B098861	11374	68.61	0.5298	0.1488	0.609	168
B092829	ENSG00000083223	FSM	168	B092829	1231	82.88	0.7798	0.6012	0.583	168
B092834	ENSG00000002330	FSM	168	B094286	410	58.17	0.2321	0.0000	0.26	168
B092842	ENSG00000158417	FSM	168	B092842	4936	72.08	0.5655	0.3214	0.648	168
B092855	ENSG00000256269	NIC	168	B092855	13975	85.26	0.8155	0.6190	0.711	168
B092858	ENSG00000076555	NIC	168	B097593	2076	81.03	0.7560	0.5774	0.656	168
B092871	ENSG00000187607	NIC	168	B092871	9	30.53	0.0000	0.0000	0.183	168
B092872	ENSG00000109111	NIC	168	B092872	212	50.34	0.0952	0.0000	0.231	168
B092886	ENSG00000186716	NIC	168	B092886	7236	57.43	0.4167	0.0000	0.544	168
B092902	ENSG00000158604	NIC	168	B097882	6820	80.40	0.7560	0.3036	0.526	168
B092907	ENSG00000172728	NIC	168	B092907	703	60.04	0.3810	0.0595	0.418	168
B092908	ENSG00000104442	NIC	168	B092908	646	69.13	0.5119	0.1131	0.314	168
B092909	ENSG00000104341	NIC	168	B095166	1136	61.80	0.2381	0.0000	0.42	168
B092911	ENSG00000147118	NIC	168	B092911	11117	51.27	0.3214	0.0000	0.431	168
B092954	ENSG00000105976	NIC	168	B092954	10146	67.05	0.4821	0.2024	0.574	168
B092959	ENSG00000147403	NIC	168	B094283	6443	86.73	0.9226	0.4583	0.721	168
B092983	ENSG00000073605	NNC	168	B092983	963	52.41	0.0417	0.0000	0.466	168
B092984	ENSG00000122417	NNC	168	B092984	1317	94.99	0.9881	0.9048	0.49	168
B092988	ENSG00000177150	NNC	168	B092988	2659	82.18	0.8155	0.3571	0.62	168
B092997	ENSG00000182093	NNC	168	B093060	1156	71.62	0.5119	0.1667	0.514	168
B093005	ENSG00000066279	NNC	168	B093005	5740	87.18	0.7798	0.6726	0.476	168
B093063	ENSG00000134108	NNC	168	B093063	10858	59.97	0.4702	0.0000	0.59	168
B093068	ENSG00000173545	NNC	168	B093068	4817	80.00	0.7024	0.5000	0.639	168
B093072	ENSG00000128573	NNC	168	B093072	649	55.64	0.1726	0.0000	0.214	168
B093073	ENSG00000121644	NNC	168	B094525	13868	69.36	0.6012	0.2560	0.663	168
B093081	ENSG00000167985	NNC	168	B093081	16044	60.51	0.4167	0.0714	0.458	168
B093089	ENSG00000122034	FSM	167	B096477	6457	69.70	0.5928	0.1078	0.43	167
B093096	ENSG00000129993	FSM	167	B093096	13755	80.01	0.6587	0.5569	0.481	167
B093118	ENSG00000206120	FSM	167	B093431	9914	62.85	0.4850	0.1377	0.429	167
B093119	ENSG00000164114	FSM	167	B093119	353	63.77	0.2754	0.0719	0.235	167
B093134	ENSG00000155265	FSM	167	B094769	1654	74.50	0.5808	0.3413	0.628	167
B093137	ENSG00000184007	FSM	167	B100676	7328	84.37	0.8922	0.4551	0.792	167
B093141	ENSG00000013573	FSM	167	B093141	7230	81.14	0.8024	0.6826	0.591	167
B093161	ENSG00000139974	NIC	167	B094026	3416	73.26	0.6647	0.2156	0.556	167
B093165	ENSG00000167186	NIC	167	B093165	4428	50.23	0.0060	0.0000	0.373	167
B093166	ENSG00000159111	NIC	167	B093166	1406	83.90	0.8982	0.3114	0.585	167
B093172	ENSG00000179271	NIC	167	B093172	547	75.98	0.6347	0.4072	0.479	167
B093175	ENSG00000226025	NIC	167	B097942	4176	73.22	0.6287	0.4790	0.638	167
B093187	ENSG00000004838	NIC	167	B093187	1932	79.69	0.8024	0.4132	0.75	167
B093201	ENSG00000135549	NIC	167	B093201	1291	55.65	0.0898	0.0000	0.196	167
B093202	ENSG00000066651	NIC	167	B093202	3803	91.09	0.9820	0.7425	0.802	167
B093222	ENSG00000258986	NIC	167	B093920	1095	63.61	0.3772	0.0599	0.403	167
B093228	ENSG00000167371	NIC	167	B093228	4004	50.64	0.0240	0.0000	0.352	167
B093232	ENSG00000267796	NIC	167	B100885	1094	74.12	0.6287	0.3353	0.499	167
B093282	ENSG00000088970	NNC	167	B102773	771	82.54	0.7425	0.5689	0.394	167
B093290	ENSG00000163634	NNC	167	B097566	1576	89.87	0.9162	0.7246	0.413	167
B093291	ENSG00000185619	NNC	167	B095423	11560	75.20	0.6228	0.5509	0.625	167
B093303	ENSG00000152904	NNC	167	B098492	7948	78.26	0.7485	0.2335	0.725	167
B093310	ENSG00000110442	NNC	167	B095686	806	71.58	0.6587	0.0659	0.609	167
B093314	ENSG00000187815	NNC	167	B093314	12852	58.33	0.3234	0.0000	0.393	167
B093323	ENSG00000161888	NNC	167	B093323	524	84.01	0.7784	0.5509	0.385	167
B093339	ENSG00000165630	NNC	167	B093339	2757	54.70	0.0419	0.0000	0.386	167
B093340	ENSG00000148459	NNC	167	B093340	10892	86.92	0.8743	0.6287	0.834	167
B093342	ENSG00000107882	NNC	167	B093342	2637	83.28	0.7365	0.6587	0.718	167
B093352	ENSG00000165410	FSM	166	B093688	7110	84.94	0.9518	0.1506	0.759	166
B093362	ENSG00000033627	FSM	166	B093362	4011	82.09	0.8976	0.2590	0.563	166
B093369	ENSG00000119772	FSM	166	B093369	141	58.95	0.1265	0.0000	0.12	166
B093370	ENSG00000168887	FSM	166	B101748	582	74.61	0.5843	0.4036	0.376	166
B093377	ENSG00000100220	FSM	166	B093377	12901	89.46	0.8795	0.7048	0.799	166
B093380	ENSG00000143198	FSM	166	B097567	6158	80.31	0.8253	0.3735	0.707	166
B093394	ENSG00000105808	FSM	166	B093394	9319	66.96	0.5602	0.4096	0.611	166
B093427	ENSG00000130684	FSM	166	B103024	11880	65.13	0.3735	0.1867	0.417	166
B093428	ENSG00000101052	FSM	166	B101996	1759	73.80	0.5783	0.1988	0.593	166
B093429	ENSG00000099977	FSM	166	B093429	1844	65.07	0.5361	0.1566	0.54	166
B093440	ENSG00000110400	NIC	166	B093440	2051	71.94	0.5783	0.3434	0.57	166
B093446	ENSG00000173598	NIC	166	B096155	14285	62.44	0.5120	0.0663	0.616	166
B093476	ENSG00000075785	NIC	166	B093476	14451	48.82	0.2771	0.0000	0.504	166
B093485	ENSG00000179632	NIC	166	B093485	116	54.01	0.0904	0.0000	0.14	166
B093490	ENSG00000133142	NIC	166	B093490	573	57.88	0.0482	0.0000	0.113	166
B093491	ENSG00000291033	NIC	166	B093491	2559	76.74	0.6145	0.5783	0.446	166
B093506	ENSG00000141349	NIC	166	B093506	7168	85.06	0.9217	0.3313	0.64	166
B093511	ENSG00000174886	NIC	166	B093511	905	68.91	0.5361	0.0241	0.614	166
B093519	ENSG00000291081	NIC	166	B093519	5318	70.08	0.5964	0.3735	0.677	166
B093557	ENSG00000219626	NNC	166	B093557	993	82.97	0.8675	0.3494	0.53	166
B093563	ENSG00000158470	NNC	166	B093563	7129	88.42	0.8916	0.6386	0.85	166
B093566	ENSG00000099977	NNC	166	B093566	1201	42.74	0.0000	0.0000	0.282	166
B093569	ENSG00000170876	NNC	166	B093569	3192	79.55	0.8133	0.2952	0.443	166
B093574	ENSG00000230124	NNC	166	B093574	8833	69.66	0.5301	0.0482	0.482	166
B093575	ENSG00000197894	NNC	166	B093575	15090	95.98	1.0000	0.9819	0.864	166
B093579	ENSG00000237190	NNC	166	B093579	3948	54.71	0.2169	0.0000	0.424	166
B093588	ENSG00000291237	NNC	166	B093588	15702	87.64	0.8434	0.7470	0.719	166
B093605	ENSG00000166902	NNC	166	B093605	6918	83.32	0.8434	0.5000	0.673	166
B093633	ENSG00000144320	NNC	166	B093633	1770	69.68	0.5843	0.0000	0.475	166
B093635	ENSG00000215305	NNC	166	B093635	2424	94.10	0.9880	0.9217	0.847	166
B093637	ENSG00000205581	NNC	166	B093637	2044	54.94	0.0060	0.0000	0.11	166
B093663	ENSG00000149269	NNC	166	B083920	4504	66.88	0.4217	0.2410	0.427	166
B093669	ENSG00000116717	FSM	165	B099113	1825	75.88	0.7091	0.0970	0.711	165
B093676	ENSG00000198265	FSM	165	B093676	396	79.51	0.7273	0.4121	0.761	165
B093678	ENSG00000089685	FSM	165	B103102	6299	82.52	0.8424	0.5333	0.757	165
B093687	ENSG00000176946	FSM	165	B093687	4651	96.65	0.9879	0.9636	0.891	165
B093690	ENSG00000184787	FSM	165	B103048	12874	94.04	0.9939	0.8545	0.869	165
B093696	ENSG00000132406	FSM	165	B093696	892	57.72	0.0788	0.0000	0.372	165
B093701	ENSG00000145736	FSM	165	B093701	2899	83.79	0.7758	0.5636	0.685	165
B093706	ENSG00000196262	FSM	165	B099895	24091	96.97	0.9939	0.9818	0.904	165
B093707	ENSG00000155530	FSM	165	B093707	1991	67.74	0.4303	0.2424	0.387	165
B093720	ENSG00000175376	FSM	165	B093720	3170	69.23	0.4970	0.1394	0.524	165
B093728	ENSG00000138326	FSM	165	B087956	6975	69.21	0.5697	0.3212	0.548	165
B093755	ENSG00000074842	NIC	165	B093755	647	65.60	0.4788	0.1636	0.592	165
B093760	ENSG00000142552	NIC	165	B096280	4735	75.47	0.6848	0.1576	0.574	165
B093764	ENSG00000169016	NIC	165	B093764	5958	73.90	0.6000	0.1758	0.433	165
B093769	ENSG00000072135	NIC	165	B101401	10866	78.94	0.7515	0.4364	0.743	165
B093785	ENSG00000113638	NIC	165	B095479	4736	81.76	0.7212	0.5333	0.555	165
B093795	ENSG00000285437	NIC	165	B095583	6381	70.02	0.5576	0.3455	0.511	165
B093797	ENSG00000055130	NIC	165	B093797	8456	73.39	0.6788	0.0000	0.632	165
B093820	ENSG00000132024	NIC	165	B093820	491	73.14	0.6424	0.2121	0.527	165
B093831	ENSG00000079974	NIC	165	B100416	6560	65.75	0.4848	0.0606	0.566	165
B093856	ENSG00000162407	NNC	165	B093856	1239	49.48	0.0061	0.0000	0.111	165
B093864	ENSG00000136451	NNC	165	B093864	14851	75.38	0.6545	0.2182	0.504	165
B093877	ENSG00000280071	NNC	165	B093877	5580	59.46	0.5273	0.0545	0.539	165
B093885	ENSG00000171503	NNC	165	B093885	18532	79.93	0.7273	0.4364	0.592	165
B093886	ENSG00000145708	NNC	165	B093886	817	84.07	0.8000	0.5697	0.794	165
B093890	ENSG00000137198	NNC	165	B093890	5973	73.44	0.7091	0.1818	0.618	165
B093907	ENSG00000090432	NNC	165	B093907	11759	90.85	0.9818	0.6364	0.507	165
B093919	ENSG00000205659	NNC	165	B093919	933	62.35	0.2848	0.1212	0.305	165
B093923	ENSG00000133195	NNC	165	B093923	5878	60.80	0.3030	0.0000	0.349	165
B093947	ENSG00000148291	NNC	165	B093947	704	62.69	0.3152	0.0000	0.225	165
B093955	ENSG00000110274	FSM	164	B101118	1003	59.87	0.3171	0.0183	0.254	164
B093963	ENSG00000167515	FSM	164	B102877	3977	77.67	0.7439	0.2378	0.698	164
B093967	ENSG00000108883	FSM	164	B093967	4216	65.81	0.5244	0.0183	0.294	164
B093977	ENSG00000156261	FSM	164	B093977	9151	85.26	0.8293	0.6159	0.695	164
B093980	ENSG00000112972	FSM	164	B093980	4183	80.75	0.8232	0.3049	0.74	164
B093998	ENSG00000051825	FSM	164	B094598	834	70.13	0.4878	0.2988	0.444	164
B094011	ENSG00000227057	FSM	164	B094011	5808	91.27	0.9451	0.8049	0.858	164
B094015	ENSG00000137726	NIC	164	B094015	284	44.77	0.0915	0.0000	0.175	164
B094049	ENSG00000163946	NIC	164	B094049	310	52.32	0.0732	0.0000	0.131	164
B094050	ENSG00000177311	NIC	164	B100035	6858	78.61	0.6890	0.5610	0.685	164
B094057	ENSG00000049167	NIC	164	B099986	4045	87.63	0.8963	0.5854	0.762	164
B094063	ENSG00000146707	NIC	164	B099446	2242	54.01	0.2744	0.0000	0.351	164
B094071	ENSG00000095739	NIC	164	B098183	514	60.37	0.3232	0.0122	0.342	164
B094081	ENSG00000177106	NIC	164	B094081	2345	63.93	0.4085	0.0000	0.386	164
B094088	ENSG00000153786	NIC	164	B094088	1342	52.58	0.0183	0.0000	0.306	164
B094103	ENSG00000138669	NIC	164	B094103	10353	74.42	0.7073	0.3841	0.714	164
B094108	ENSG00000106261	NIC	164	B094108	8103	71.38	0.5549	0.4329	0.531	164
B094131	ENSG00000101751	NNC	164	B094131	700	58.88	0.1829	0.0549	0.247	164
B094139	ENSG00000198586	NNC	164	B094139	10751	89.20	0.9146	0.7073	0.865	164
B094155	ENSG00000145979	NNC	164	B095003	890	76.47	0.5732	0.3537	0.655	164
B094160	ENSG00000175806	NNC	164	B094160	20288	92.14	0.9573	0.8598	0.866	164
B094162	ENSG00000104325	NNC	164	B094162	11760	88.34	0.8415	0.7073	0.799	164
B094174	ENSG00000205352	NNC	164	B103043	275	60.65	0.2195	0.0000	0.218	164
B094200	ENSG00000164109	NNC	164	B094200	3284	76.32	0.7439	0.2561	0.716	164
B094207	ENSG00000204435	NNC	164	B094207	4543	88.58	0.8537	0.7195	0.752	164
B094221	ENSG00000197530	NNC	164	B094221	8366	83.16	0.7683	0.6646	0.489	164
B094228	ENSG00000140025	FSM	163	B100505	8744	85.86	0.8834	0.6380	0.716	163
B094231	ENSG00000245750	FSM	163	B096633	2	32.18	0.0000	0.0000	0.222	163
B094233	ENSG00000140650	FSM	163	B094233	4658	94.81	0.9939	0.9141	0.805	163
B094254	ENSG00000157617	FSM	163	B094254	9858	82.44	0.8283	0.5110	0.737	1002
B094261	ENSG00000159733	FSM	163	B087262	13859	85.35	0.8911	0.5465	0.857	1001
B094273	ENSG00000188343	FSM	163	B094586	3565	42.75	0.1310	0.1180	0.391	1000
B094291	ENSG00000167978	FSM	163	B095185	2582	47.78	0.2319	0.0331	0.319	996
B094298	ENSG00000071205	FSM	163	B097571	6445	61.31	0.4804	0.3015	0.592	995
B094308	ENSG00000166965	NIC	163	B094308	29297	72.98	0.7015	0.1246	0.546	995
B094318	ENSG00000134490	NIC	163	B094318	3568	87.49	0.8975	0.6774	0.744	995
B094324	ENSG00000130758	NIC	163	B094324	3906	51.40	0.2117	0.1885	0.399	992
B094325	ENSG00000162694	NIC	163	B095514	1804	50.09	0.2664	0.1372	0.342	991
B094327	ENSG00000143933	NIC	163	B099545	18284	75.35	0.6899	0.3465	0.649	990
B094330	ENSG00000115461	NIC	163	B094330	2849	69.14	0.6148	0.2932	0.686	989
B094331	ENSG00000291100	NIC	163	B094331	8093	47.90	0.2470	0.1711	0.431	988
B094342	ENSG00000213523	NIC	163	B095859	7377	66.41	0.5269	0.3279	0.5	985
B094349	ENSG00000106588	NIC	163	B096376	4184	56.45	0.4208	0.3248	0.486	979
B094354	ENSG00000160813	NIC	163	B094354	12741	45.69	0.1922	0.0603	0.373	978
B094366	ENSG00000290439	NIC	163	B094366	2103	71.00	0.6133	0.3600	0.273	975
B094375	ENSG00000111530	NIC	163	B094375	11270	86.34	0.8799	0.7074	0.412	974
B094396	ENSG00000188130	NIC	163	B094396	22078	72.74	0.7100	0.4241	0.679	969
B094397	ENSG00000145050	NIC	163	B094397	18309	73.24	0.6849	0.3833	0.573	968
B094412	ENSG00000089597	NIC	163	B094412	1027	55.03	0.3402	0.0951	0.332	967
B094413	ENSG00000166025	NIC	163	B094413	12934	86.12	0.8795	0.5981	0.772	963
B094416	ENSG00000181929	NNC	163	B094416	2401	90.77	0.9854	0.7006	0.769	962
B094425	ENSG00000021645	NNC	163	B094425	2612	81.95	0.8025	0.5405	0.682	962
B094450	ENSG00000113638	NNC	163	B096257	7503	72.83	0.6841	0.3923	0.677	956
B094484	ENSG00000100749	NNC	163	B094484	15740	55.13	0.3718	0.2374	0.367	952
B094487	ENSG00000140545	NNC	163	B094487	17132	67.37	0.5854	0.1688	0.505	948
B094495	ENSG00000186665	NNC	163	B097596	8264	67.28	0.5939	0.3207	0.479	948
B094496	ENSG00000125450	NNC	163	B094496	8721	47.08	0.2078	0.0570	0.395	948
B094499	ENSG00000162882	NNC	163	B094499	3713	79.51	0.8354	0.1276	0.595	948
B094512	ENSG00000053900	NNC	163	B094512	3414	83.03	0.8732	0.4144	0.426	946
B094517	ENSG00000122674	NNC	163	B094517	11376	66.97	0.5424	0.4629	0.418	944
B094518	ENSG00000106443	NNC	163	B094518	1473	62.86	0.5180	0.3464	0.3	944
B094541	ENSG00000205352	FSM	162	B103043	3155	70.97	0.7163	0.0000	0.504	941
B094556	ENSG00000160551	FSM	162	B094556	1087	36.90	0.0000	0.0000	0.181	941
B094557	ENSG00000197063	FSM	162	B094557	3493	43.48	0.0935	0.0000	0.27	941
B094566	ENSG00000088543	FSM	162	B100642	7832	88.43	0.9564	0.6043	0.429	940
B094568	ENSG00000114541	FSM	162	B098713	332	73.76	0.7068	0.0469	0.3	938
B094588	ENSG00000171843	FSM	162	B094588	1768	80.90	0.8081	0.3859	0.827	933
B094597	ENSG00000175115	FSM	162	B094597	1503	74.94	0.7487	0.1117	0.285	931
B094608	ENSG00000115687	FSM	162	B098598	3515	73.81	0.7110	0.1071	0.497	924
B094610	ENSG00000183628	FSM	162	B094610	9099	85.25	0.8514	0.6258	0.877	922
B094634	ENSG00000141574	NIC	162	B098429	19507	75.12	0.7126	0.4523	0.454	922
B094656	ENSG00000153029	NIC	162	B094656	16917	67.21	0.5820	0.1629	0.494	921
B094658	ENSG00000164117	NIC	162	B094658	8010	83.78	0.8564	0.5517	0.77	919
B094661	ENSG00000112679	NIC	162	B094661	10459	88.22	0.9029	0.7394	0.632	917
B094667	ENSG00000155849	NIC	162	B096539	1902	83.79	0.8606	0.5445	0.725	911
B094671	ENSG00000168476	NIC	162	B094671	18830	88.30	0.9383	0.5877	0.677	907
B094689	ENSG00000006062	NIC	162	B094689	20135	48.04	0.2053	0.0508	0.301	906
B094718	ENSG00000151500	NNC	162	B094718	31770	74.61	0.7073	0.1663	0.583	902
B094719	ENSG00000133703	NNC	162	B085232	8999	63.49	0.5344	0.3322	0.569	900
B094743	ENSG00000143947	NNC	162	B097867	4951	82.38	0.8640	0.2910	0.782	897
B094752	ENSG00000143319	NNC	162	B094752	6777	58.09	0.3973	0.1964	0.528	896
B094759	ENSG00000019582	NNC	162	B101789	10443	76.13	0.7098	0.5056	0.746	896
B094783	ENSG00000184939	NNC	162	B098991	2693	80.19	0.8141	0.1982	0.44	893
B094784	ENSG00000140829	NNC	162	B094784	7228	65.85	0.5499	0.2884	0.462	891
B094799	ENSG00000031691	NNC	162	B094799	20480	93.39	0.9966	0.8178	0.901	889
B094821	ENSG00000092841	FSM	161	B103143	10878	72.46	0.6839	0.4218	0.432	889
B094828	ENSG00000152767	FSM	161	B094828	16426	75.53	0.7061	0.3716	0.448	888
B094835	ENSG00000140299	FSM	161	B094835	12299	75.79	0.7297	0.4381	0.668	888
B094841	ENSG00000189067	FSM	161	B094841	8433	57.02	0.4149	0.1398	0.377	887
B094851	ENSG00000167863	FSM	161	B102096	13587	53.82	0.3435	0.1989	0.461	885
B094855	ENSG00000119559	FSM	161	B094855	14105	55.39	0.3179	0.1855	0.49	884
B094857	ENSG00000196235	FSM	161	B094857	11811	81.80	0.8290	0.4134	0.506	883
B094859	ENSG00000115355	FSM	161	B094859	9175	81.53	0.8438	0.3147	0.817	877
B094860	ENSG00000185414	FSM	161	B103020	17979	78.32	0.7463	0.5476	0.607	871
B094866	ENSG00000254806	FSM	161	B094866	1895	58.85	0.3713	0.2724	0.28	870
B094868	ENSG00000186951	FSM	161	B094868	18212	49.69	0.2938	0.2304	0.424	868
B094875	ENSG00000172201	FSM	161	B095861	4806	48.65	0.2445	0.0208	0.417	867
B094897	ENSG00000110925	FSM	161	B094897	18292	91.93	0.9411	0.8972	0.892	866
B094912	ENSG00000106829	FSM	161	B100663	1702	78.89	0.7928	0.2396	0.267	864
B094939	ENSG00000196588	NIC	161	B094939	2629	61.63	0.5273	0.0279	0.54	861
B094950	ENSG00000170522	NIC	161	B094950	2912	64.42	0.5354	0.1185	0.554	861
B094995	ENSG00000101457	NIC	161	B097432	20736	88.82	0.9592	0.5839	0.788	858
B094997	ENSG00000114698	NIC	161	B095249	10085	49.47	0.2086	0.0944	0.287	858
B095011	ENSG00000149262	NIC	161	B095011	27751	71.61	0.6946	0.1527	0.569	858
B095038	ENSG00000178057	NNC	161	B099069	7805	50.22	0.2413	0.1049	0.285	858
B095054	ENSG00000143761	NNC	161	B095054	8928	61.60	0.4959	0.3081	0.459	857
B095061	ENSG00000243660	NNC	161	B095061	12272	59.86	0.4329	0.2357	0.328	857
B095067	ENSG00000213463	NNC	161	B102317	19728	67.89	0.5900	0.2371	0.618	856
B095079	ENSG00000143933	NNC	161	B095079	1559	67.17	0.6311	0.0679	0.618	854
B095094	ENSG00000213523	NNC	161	B095094	17950	77.24	0.7568	0.3713	0.751	851
B095101	ENSG00000135341	NNC	161	B095101	1176	39.09	0.0447	0.0000	0.263	850
B095104	ENSG00000136193	NNC	161	B095104	10523	52.25	0.2491	0.1558	0.285	847
B095125	ENSG00000100888	FSM	160	B095125	5674	59.50	0.4220	0.3345	0.548	846
B095127	ENSG00000162384	FSM	160	B103993	3848	74.87	0.7277	0.3282	0.619	841
B095128	ENSG00000125952	FSM	160	B099814	1967	72.57	0.7133	0.1314	0.577	837
B095176	ENSG00000117318	FSM	160	B095176	3359	88.93	0.9151	0.6854	0.699	836
B095196	ENSG00000118705	FSM	160	B100851	949	42.73	0.0515	0.0168	0.278	835
B095211	ENSG00000111642	NIC	160	B095211	23460	60.62	0.4454	0.2682	0.531	824
B095261	ENSG00000048544	NIC	160	B102986	12656	73.53	0.6902	0.2868	0.678	823
B095283	ENSG00000111716	NIC	160	B100162	8422	48.44	0.2515	0.0838	0.271	823
B095284	ENSG00000182185	NIC	160	B095284	9656	61.69	0.4872	0.3272	0.536	819
B095291	ENSG00000089685	NIC	160	B102030	526	89.05	0.9280	0.7070	0.777	819
B095294	ENSG00000179943	NIC	160	B100844	1568	43.92	0.1002	0.0086	0.307	818
B095295	ENSG00000170264	NIC	160	B095295	7359	82.89	0.8399	0.5293	0.509	818
B095301	ENSG00000100413	NIC	160	B095301	1663	79.20	0.7650	0.4259	0.709	817
B095329	ENSG00000180329	NNC	160	B095329	3572	64.54	0.4957	0.4406	0.631	817
B095349	ENSG00000170364	NNC	160	B095349	12656	52.40	0.4350	0.0000	0.354	816
B095353	ENSG00000113924	NNC	160	B095353	8046	69.24	0.6327	0.1720	0.593	814
B095360	ENSG00000112308	NNC	160	B096557	2081	54.69	0.3440	0.2027	0.448	814
B095361	ENSG00000026950	NNC	160	B095361	10566	90.26	0.9606	0.7245	0.862	813
B095379	ENSG00000155287	NNC	160	B095379	2420	60.39	0.4760	0.1796	0.459	813
B095391	ENSG00000100557	NNC	160	B095391	10417	62.83	0.4778	0.3670	0.472	812
B095393	ENSG00000291266	NNC	160	B095393	8433	43.34	0.0727	0.0603	0.332	812
B095407	ENSG00000173163	NNC	160	B096360	4633	84.77	0.8356	0.7244	0.852	809
B095422	ENSG00000075785	NNC	160	B095422	16236	54.83	0.3876	0.0099	0.305	805
B095477	ENSG00000163623	FSM	159	B095477	6933	79.31	0.7609	0.5928	0.767	803
B095483	ENSG00000116786	FSM	159	B095483	781	44.12	0.0262	0.0025	0.255	803
B095485	ENSG00000164638	FSM	159	B102109	27371	86.64	0.8940	0.6521	0.744	802
B095516	ENSG00000100330	FSM	159	B103490	9541	82.68	0.8602	0.4245	0.666	801
B095518	ENSG00000163376	FSM	159	B102696	457	37.46	0.0112	0.0000	0.23	800
B095546	ENSG00000291266	NIC	159	B095546	3641	59.27	0.4313	0.3825	0.552	800
B095552	ENSG00000161091	NIC	159	B098829	20298	82.92	0.8500	0.4612	0.544	800
B095574	ENSG00000164211	NIC	159	B101053	13837	84.77	0.8430	0.5276	0.785	796
B095582	ENSG00000176428	NIC	159	B095582	12623	46.72	0.1751	0.0264	0.312	794
B095593	ENSG00000119953	NIC	159	B095593	5788	61.26	0.4811	0.3174	0.427	794
B095605	ENSG00000166847	NIC	159	B104214	11304	79.40	0.8045	0.3934	0.743	793
B095617	ENSG00000160221	NIC	159	B095617	640	66.28	0.6207	0.0215	0.49	791
B095639	ENSG00000162433	NNC	159	B095639	2743	72.62	0.6890	0.1896	0.523	791
B095644	ENSG00000167526	NNC	159	B095644	2295	70.99	0.6367	0.3228	0.533	790
B095668	ENSG00000170584	NNC	159	B103967	2105	91.08	0.9405	0.8354	0.891	790
B095671	ENSG00000168216	NNC	159	B095671	10950	80.06	0.7875	0.4873	0.618	786
B095684	ENSG00000138326	NNC	159	B104028	1954	67.50	0.5096	0.4166	0.3	785
B095685	ENSG00000148834	NNC	159	B095685	3373	65.59	0.5543	0.3397	0.424	783
B095687	ENSG00000175274	NNC	159	B095687	2639	48.23	0.2225	0.0882	0.295	782
B095691	ENSG00000184271	NNC	159	B101624	15488	36.25	0.0730	0.0000	0.276	781
B095692	ENSG00000185306	NNC	159	B095692	17915	76.85	0.7260	0.4097	0.535	781
B095697	ENSG00000228696	NNC	159	B101032	9788	67.42	0.5269	0.4141	0.527	780
B095711	ENSG00000290425	NNC	159	B095711	4133	75.75	0.7179	0.5282	0.662	780
B095735	ENSG00000134717	FSM	158	B098629	1141	46.14	0.1463	0.0526	0.28	779
B095746	ENSG00000109083	FSM	158	B103619	1348	77.37	0.7571	0.2506	0.259	778
B095755	ENSG00000143727	FSM	158	B098641	2314	46.38	0.2005	0.0514	0.354	778
B095759	ENSG00000124380	FSM	158	B095759	6284	87.00	0.9138	0.5611	0.657	777
B095771	ENSG00000153363	FSM	158	B095771	2392	54.74	0.3776	0.2345	0.496	776
B095772	ENSG00000106367	FSM	158	B096943	16805	88.18	0.9420	0.5760	0.739	776
B095787	ENSG00000197021	FSM	158	B099456	6745	87.55	0.8798	0.7829	0.726	774
B095789	ENSG00000155252	FSM	158	B101917	14709	82.21	0.8230	0.4548	0.605	774
B095813	ENSG00000123472	NIC	158	B095813	13531	74.99	0.7145	0.5685	0.712	774
B095815	ENSG00000165548	NIC	158	B102755	7424	83.39	0.8016	0.6083	0.809	771
B095842	ENSG00000168887	NIC	158	B096242	22078	88.19	0.9403	0.5883	0.77	770
B095865	ENSG00000111880	NIC	158	B105027	4881	67.41	0.5872	0.2201	0.584	768
B095880	ENSG00000101911	NIC	158	B102307	1338	77.82	0.7773	0.2878	0.274	768
B095881	ENSG00000165169	NIC	158	B101617	2213	75.30	0.7027	0.4029	0.269	767
B095885	ENSG00000291034	NIC	158	B095885	1112	46.09	0.1319	0.0405	0.283	766
B095889	ENSG00000121680	NIC	158	B095889	15457	43.32	0.1207	0.0879	0.333	762
B095890	ENSG00000110514	NIC	158	B095890	21601	79.97	0.7513	0.4289	0.675	760
B095895	ENSG00000162374	NIC	158	B095895	6477	47.02	0.2045	0.1728	0.396	758
B095925	ENSG00000157399	NIC	158	B099802	4506	55.72	0.3937	0.0000	0.356	757
B095944	ENSG00000144401	NNC	158	B103357	10288	71.42	0.6252	0.4358	0.563	755
B095951	ENSG00000178053	NNC	158	B095951	11693	85.06	0.8808	0.5099	0.447	755
B095957	ENSG00000164211	NNC	158	B095957	2998	45.12	0.2284	0.0027	0.322	753
B095982	ENSG00000099194	NNC	158	B095982	12857	75.95	0.7367	0.3271	0.63	752
B095983	ENSG00000023041	NNC	158	B095983	18905	72.50	0.6915	0.2487	0.607	752
B095995	ENSG00000103855	NNC	158	B095995	1285	50.88	0.1720	0.0000	0.23	750
B095997	ENSG00000078328	NNC	158	B098708	13904	60.49	0.5400	0.0133	0.4	750
B096010	ENSG00000087086	NNC	158	B096010	10453	68.72	0.5760	0.4520	0.571	750
B096013	ENSG00000173418	NNC	158	B096013	4477	85.76	0.8865	0.5434	0.833	749
B096020	ENSG00000135862	NNC	158	B096020	2738	68.19	0.6101	0.3351	0.636	749
B096024	ENSG00000254319	NNC	158	B096024	1281	50.56	0.1709	0.0000	0.236	749
B096039	ENSG00000100764	FSM	157	B096039	12176	79.10	0.7597	0.3538	0.754	749
B096044	ENSG00000140943	FSM	157	B096044	8352	92.60	0.9759	0.8128	0.812	748
B096064	ENSG00000144857	FSM	157	B096064	16610	67.32	0.6832	0.0000	0.32	748
B096069	ENSG00000170584	FSM	157	B103967	8554	70.27	0.6426	0.1232	0.448	747
B096084	ENSG00000148737	FSM	157	B097304	534	38.92	0.0000	0.0000	0.168	745
B096096	ENSG00000066777	FSM	157	B096096	2013	90.60	0.9462	0.7849	0.848	744
B096103	ENSG00000158161	FSM	157	B096103	4088	56.68	0.1815	0.0000	0.299	744
B096127	ENSG00000099840	NIC	157	B102404	10894	45.36	0.1736	0.0942	0.318	743
B096140	ENSG00000284130	NIC	157	B096140	817	43.61	0.0350	0.0000	0.241	743
B096150	ENSG00000171444	NIC	157	B096150	21873	92.69	0.9704	0.8194	0.929	742
B096154	ENSG00000196812	NIC	157	B096154	10822	70.29	0.5930	0.3464	0.464	742
B096156	ENSG00000065308	NIC	157	B096156	18127	59.16	0.4276	0.2815	0.387	739
B096174	ENSG00000184990	NIC	157	B101587	3010	81.54	0.8363	0.3139	0.582	739
B096211	ENSG00000002330	NIC	157	B096211	15686	76.45	0.7984	0.3234	0.762	739
B096220	ENSG00000137806	NNC	157	B096220	2427	78.26	0.8374	0.1206	0.598	738
B096240	ENSG00000144034	NNC	157	B100628	1958	59.42	0.4187	0.3211	0.525	738
B096256	ENSG00000249915	NNC	157	B096256	14899	81.56	0.8120	0.4741	0.705	734
B096266	ENSG00000185728	NNC	157	B096266	16220	57.09	0.4372	0.1025	0.345	732
B096270	ENSG00000165209	NNC	157	B096270	1062	54.98	0.3434	0.0766	0.336	731
B096272	ENSG00000171097	NNC	157	B096272	3659	65.08	0.5461	0.4305	0.576	727
B096292	ENSG00000170043	NNC	157	B099618	15899	83.51	0.8473	0.5131	0.79	727
B096298	ENSG00000134215	NNC	157	B096298	11624	45.40	0.2985	0.0000	0.324	727
B096325	ENSG00000065615	NNC	157	B096325	4150	76.04	0.7273	0.4545	0.712	726
B096350	ENSG00000091157	FSM	156	B096350	3582	85.54	0.9091	0.5634	0.651	726
B096359	ENSG00000143947	FSM	156	B097867	1460	88.37	0.9062	0.6662	0.849	725
B096407	ENSG00000151376	FSM	156	B096407	2546	71.22	0.6538	0.2248	0.513	725
B096414	ENSG00000100564	NIC	156	B095129	18775	66.48	0.6022	0.0000	0.323	724
B096441	ENSG00000270276	NIC	156	B096441	24439	81.36	0.7762	0.5000	0.667	724
B096442	ENSG00000183527	NIC	156	B097643	20424	93.36	1.0000	0.7842	0.894	723
B096454	ENSG00000164109	NIC	156	B101320	754	75.24	0.7379	0.2372	0.641	721
B096459	ENSG00000154309	NIC	156	B102162	3023	73.22	0.6838	0.3773	0.646	721
B096472	ENSG00000166478	NIC	156	B096472	9027	71.05	0.6028	0.4153	0.552	720
B096485	ENSG00000180329	NIC	156	B098996	16057	62.67	0.6306	0.0000	0.371	720
B096486	ENSG00000125454	NIC	156	B096486	5128	56.49	0.3588	0.1905	0.324	719
B096495	ENSG00000130294	NIC	156	B096495	20512	65.72	0.5480	0.3227	0.491	719
B096496	ENSG00000125841	NIC	156	B094192	7205	80.88	0.7953	0.3719	0.692	718
B096506	ENSG00000171204	NIC	156	B096506	1457	77.18	0.7577	0.1922	0.282	718
B096508	ENSG00000166086	NNC	156	B096508	5263	64.23	0.4840	0.1604	0.392	717
B096509	ENSG00000139163	NNC	156	B096509	9622	75.98	0.7259	0.1958	0.465	715
B096520	ENSG00000187607	NNC	156	B096520	24913	73.98	0.7245	0.3497	0.68	715
B096542	ENSG00000163156	NNC	156	B102242	15517	54.74	0.3287	0.2364	0.489	715
B096563	ENSG00000157168	NNC	156	B103128	22656	56.48	0.3888	0.2084	0.453	715
B096587	ENSG00000170889	NNC	156	B096587	177	35.54	0.0000	0.0000	0.155	715
B096588	ENSG00000063241	NNC	156	B102603	18795	77.18	0.7692	0.2434	0.645	715
B096601	ENSG00000158615	NNC	156	B096601	7987	65.62	0.5644	0.1429	0.654	714
B096607	ENSG00000107362	NNC	156	B098359	2660	79.64	0.7871	0.5840	0.743	714
B096611	ENSG00000285756	NNC	156	B096611	3512	56.53	0.4250	0.1024	0.304	713
B096613	ENSG00000187325	NNC	156	B096613	6673	75.20	0.7644	0.1122	0.563	713
B096615	ENSG00000170959	NNC	156	B096615	21027	82.40	0.7992	0.4691	0.697	712
B096617	ENSG00000214517	NNC	156	B096617	1733	69.59	0.6287	0.4065	0.671	711
B096623	ENSG00000258311	FSM	155	B096623	31712	73.73	0.6587	0.2849	0.511	709
B096650	ENSG00000063245	FSM	155	B104826	2424	48.73	0.1326	0.0592	0.268	709
B096667	ENSG00000291118	FSM	155	B096667	9471	44.92	0.2285	0.0000	0.276	709
B096671	ENSG00000135002	FSM	155	B100490	2100	85.50	0.8717	0.5416	0.582	709
B096672	ENSG00000107331	FSM	155	B085927	2143	50.82	0.2087	0.1269	0.314	709
B096673	ENSG00000069509	FSM	155	B100205	2672	60.41	0.4972	0.1370	0.523	708
B096695	ENSG00000151500	NIC	155	B096695	14632	43.26	0.1172	0.0099	0.3	708
B096697	ENSG00000135452	NIC	155	B098723	1178	88.50	0.9052	0.6874	0.752	707
B096701	ENSG00000133116	NIC	155	B096701	13804	68.73	0.5941	0.1528	0.57	707
B096709	ENSG00000281991	NIC	155	B096709	10933	83.29	0.8428	0.4703	0.784	706
B096720	ENSG00000174151	NIC	155	B098597	16599	60.50	0.5595	0.0142	0.31	706
B096727	ENSG00000088876	NIC	155	B096727	1359	63.82	0.5255	0.1941	0.656	706
B096739	ENSG00000145736	NIC	155	B096739	16513	84.46	0.8270	0.6908	0.63	705
B096765	ENSG00000167113	NIC	155	B096765	20476	76.75	0.7155	0.4552	0.485	703
B096789	ENSG00000274020	NIC	155	B096789	19696	57.75	0.3903	0.1382	0.348	702
B096797	ENSG00000243232	NIC	155	B096797	1748	83.39	0.8191	0.7179	0.793	702
B096801	ENSG00000159884	NIC	155	B103556	16468	60.45	0.5627	0.0085	0.313	702
B096809	ENSG00000282872	NIC	155	B096809	10030	68.54	0.5763	0.4123	0.411	701
B096868	ENSG00000176273	NNC	155	B101873	1709	69.41	0.6286	0.3329	0.663	700
B096875	ENSG00000183283	NNC	155	B096875	10852	61.42	0.5043	0.2464	0.419	698
B096900	ENSG00000152601	NNC	155	B096900	10447	64.34	0.5466	0.0746	0.608	697
B096910	ENSG00000148690	NNC	155	B104942	2799	49.36	0.1724	0.0417	0.245	696
B096911	ENSG00000214063	NNC	155	B096911	1662	86.42	0.9239	0.4957	0.661	696
B096919	ENSG00000139645	FSM	154	B096919	383	43.49	0.1455	0.0274	0.268	694
B096931	ENSG00000196155	FSM	154	B096931	6700	70.85	0.6633	0.0939	0.633	692
B096945	ENSG00000184983	FSM	154	B096945	17234	73.25	0.7232	0.2681	0.495	690
B096949	ENSG00000163558	FSM	154	B097876	2875	79.43	0.7721	0.4819	0.596	689
B096950	ENSG00000145247	FSM	154	B096950	628	41.70	0.0624	0.0000	0.273	689
B096952	ENSG00000164163	FSM	154	B096952	2133	51.78	0.3173	0.1572	0.44	687
B096957	ENSG00000137269	FSM	154	B096957	7844	60.17	0.4032	0.2038	0.254	687
B096962	ENSG00000106400	FSM	154	B092596	16560	60.59	0.5773	0.0044	0.305	686
B096965	ENSG00000122694	FSM	154	B101713	12834	50.71	0.2770	0.0671	0.346	686
B096983	ENSG00000105229	FSM	154	B096983	8171	63.61	0.5058	0.0000	0.327	686
B096993	ENSG00000137700	NIC	154	B100563	13756	69.42	0.7070	0.0219	0.347	686
B097004	ENSG00000203985	NIC	154	B098221	12042	65.46	0.6847	0.0000	0.381	685
B097019	ENSG00000144233	NIC	154	B097019	12948	87.22	0.9167	0.5424	0.709	684
B097061	ENSG00000175274	NIC	154	B097061	2267	80.88	0.8331	0.3690	0.6	683
B097064	ENSG00000111229	NIC	154	B097064	17024	76.96	0.7247	0.2621	0.436	683
B097096	ENSG00000155542	NIC	154	B097096	651	57.18	0.3031	0.1406	0.387	683
B097115	ENSG00000198431	NNC	154	B097115	950	82.88	0.8067	0.5988	0.821	683
B097136	ENSG00000164032	NNC	154	B097136	9961	81.57	0.8481	0.2389	0.585	678
B097137	ENSG00000133398	NNC	154	B097137	23389	59.38	0.4032	0.2009	0.479	677
B097143	ENSG00000135324	NNC	154	B097143	8157	59.80	0.4062	0.2747	0.5	677
B097156	ENSG00000197779	NNC	154	B097457	11972	80.01	0.8030	0.5126	0.428	675
B097170	ENSG00000131652	NNC	154	B097170	2207	74.37	0.6721	0.4451	0.285	674
B097174	ENSG00000153936	NNC	154	B097174	3445	65.57	0.5290	0.3165	0.43	673
B097176	ENSG00000172006	NNC	154	B097176	8342	65.43	0.5037	0.3804	0.57	673
B097239	ENSG00000168894	FSM	153	B103727	3853	91.20	0.9554	0.7619	0.841	672
B097240	ENSG00000144063	FSM	153	B098646	1347	37.61	0.0000	0.0000	0.165	672
B097248	ENSG00000143515	FSM	153	B097248	6184	56.36	0.3815	0.2817	0.475	671
B097256	ENSG00000129071	FSM	153	B097256	8273	79.32	0.7896	0.4642	0.488	670
B097260	ENSG00000263528	FSM	153	B097260	22821	76.24	0.7925	0.1164	0.635	670
B097273	ENSG00000138190	FSM	153	B097273	5906	65.80	0.5657	0.1209	0.58	670
B097296	ENSG00000291081	FSM	153	B097475	18964	77.70	0.7358	0.5194	0.445	670
B097297	ENSG00000064042	FSM	153	B097297	1882	32.12	0.0000	0.0000	0.193	668
B097302	ENSG00000160401	FSM	153	B097302	2222	82.26	0.8743	0.2680	0.602	668
B097308	ENSG00000119698	NIC	153	B097308	7655	79.39	0.7904	0.4731	0.53	668
B097313	ENSG00000109083	NIC	153	B097313	17815	88.25	0.9655	0.5382	0.772	667
B097314	ENSG00000169750	NIC	153	B097314	10416	90.11	0.9205	0.7571	0.598	667
B097322	ENSG00000143106	NIC	153	B097322	1108	83.65	0.8291	0.6027	0.846	667
B097323	ENSG00000144118	NIC	153	B097323	11653	47.61	0.2024	0.0135	0.291	667
B097332	ENSG00000160752	NIC	153	B101153	9175	69.48	0.5952	0.0345	0.468	667
B097339	ENSG00000124508	NIC	153	B097339	29280	76.79	0.7436	0.1949	0.707	667
B097347	ENSG00000130227	NIC	153	B097347	14584	84.65	0.8769	0.4204	0.807	666
B097359	ENSG00000175348	NIC	153	B097359	3436	33.22	0.0000	0.0000	0.205	665
B097387	ENSG00000151718	NIC	153	B097387	12258	84.20	0.8436	0.6301	0.387	665
B097389	ENSG00000128581	NIC	153	B097389	6782	74.28	0.6350	0.4691	0.749	663
B097418	ENSG00000161692	NNC	153	B097418	5583	66.74	0.5460	0.4721	0.623	663
B097419	ENSG00000008294	NNC	153	B097419	8577	82.74	0.8580	0.4366	0.607	662
B097476	ENSG00000169592	NNC	153	B103718	863	43.66	0.0227	0.0000	0.209	662
B097489	ENSG00000115541	NNC	153	B105892	6918	71.83	0.6163	0.4517	0.575	662
B097528	ENSG00000182359	FSM	152	B098307	5702	77.65	0.7579	0.5159	0.722	661
B097549	ENSG00000104946	FSM	152	B097549	1547	74.88	0.6788	0.4167	0.286	660
B097572	ENSG00000119048	FSM	152	B106328	20822	76.43	0.7527	0.2367	0.761	659
B097576	ENSG00000124596	FSM	152	B098347	6979	58.23	0.4179	0.2979	0.562	658
B097578	ENSG00000055070	FSM	152	B097887	18331	74.98	0.7325	0.1049	0.74	658
B097581	ENSG00000155816	FSM	152	B097581	12826	71.09	0.6307	0.5030	0.53	658
B097608	ENSG00000253313	NIC	152	B097608	2614	78.67	0.7641	0.4049	0.776	657
B097610	ENSG00000133106	NIC	152	B097610	2046	91.16	0.9696	0.7002	0.882	657
B097636	ENSG00000125818	NIC	152	B100363	716	64.77	0.5221	0.1496	0.453	655
B097653	ENSG00000164032	NIC	152	B101164	17032	82.20	0.8412	0.5099	0.781	655
B097661	ENSG00000050393	NIC	152	B097661	1287	52.33	0.2214	0.0000	0.223	655
B097683	ENSG00000173988	NIC	152	B097683	6652	63.96	0.5428	0.2278	0.473	654
B097687	ENSG00000260643	NIC	152	B097687	33314	85.83	0.8853	0.5657	0.786	654
B097696	ENSG00000178026	NIC	152	B097696	11835	71.29	0.6248	0.4196	0.471	653
B097701	ENSG00000196503	NIC	152	B097701	6676	88.38	0.9464	0.5590	0.725	653
B097727	ENSG00000103852	NNC	152	B097727	9281	88.16	0.8896	0.6794	0.667	652
B097743	ENSG00000159055	NNC	152	B097743	3704	83.01	0.8113	0.6334	0.85	652
B097748	ENSG00000170522	NNC	152	B097748	11734	80.45	0.7822	0.3911	0.656	652
B097781	ENSG00000167196	NNC	152	B097932	1453	75.07	0.7316	0.3359	0.372	652
B097791	ENSG00000203326	NNC	152	B097791	1762	75.43	0.6851	0.5422	0.545	651
B097808	ENSG00000157064	NNC	152	B097808	14523	78.70	0.7200	0.6369	0.718	650
B097811	ENSG00000132840	NNC	152	B097811	13594	78.47	0.7581	0.6302	0.789	649
B097813	ENSG00000145996	NNC	152	B103032	33076	85.80	0.8904	0.5617	0.781	648
B097834	ENSG00000064199	FSM	151	B106285	20029	67.05	0.5966	0.1978	0.475	647
B097846	ENSG00000205659	FSM	151	B102547	7834	61.33	0.4281	0.1685	0.249	647
B097854	ENSG00000005882	FSM	151	B097854	7699	76.07	0.7372	0.2628	0.51	647
B097865	ENSG00000160007	FSM	151	B100886	2878	86.99	0.9071	0.5867	0.791	646
B097872	ENSG00000162734	FSM	151	B104010	17879	69.54	0.6362	0.1827	0.48	646
B097873	ENSG00000163618	FSM	151	B093475	10396	51.67	0.2733	0.0109	0.276	644
B097881	ENSG00000164587	FSM	151	B097881	3924	54.18	0.3680	0.1211	0.324	644
B097888	ENSG00000106153	FSM	151	B104248	8940	59.64	0.5543	0.0000	0.352	644
B097954	ENSG00000159128	NIC	151	B097954	9075	87.96	0.9331	0.5630	0.829	643
B097970	ENSG00000290832	NIC	151	B097970	28989	77.43	0.7698	0.2146	0.725	643
B097971	ENSG00000136986	NIC	151	B102444	6495	55.82	0.3717	0.2006	0.495	643
B097972	ENSG00000185189	NIC	151	B097972	17483	62.08	0.4075	0.2815	0.344	643
B097992	ENSG00000227500	NIC	151	B105732	12714	57.78	0.4393	0.1090	0.334	642
B098005	ENSG00000086300	NIC	151	B098005	1887	50.16	0.2477	0.0545	0.231	642
B098047	ENSG00000144847	NNC	151	B102003	2731	66.79	0.5507	0.3635	0.622	641
B098154	ENSG00000103018	FSM	150	B102882	9827	59.01	0.3234	0.0000	0.322	640
B098161	ENSG00000115170	FSM	150	B098161	383	42.80	0.0719	0.0391	0.24	640
B098180	ENSG00000291153	FSM	150	B099520	2233	61.56	0.3991	0.3239	0.342	639
B098186	ENSG00000204152	FSM	150	B101379	12551	83.79	0.8638	0.5509	0.519	639
B098239	ENSG00000131507	NIC	150	B098239	5382	50.17	0.1912	0.1348	0.343	638
B098241	ENSG00000111832	NIC	150	B098241	17410	63.25	0.6132	0.0094	0.309	636
B098245	ENSG00000186591	NIC	150	B098862	13082	60.34	0.5708	0.0000	0.354	636
B098259	ENSG00000152219	NIC	150	B104201	12365	74.81	0.7087	0.3118	0.765	635
B098267	ENSG00000197302	NIC	150	B108104	10793	81.14	0.7921	0.5795	0.599	635
B098272	ENSG00000131475	NIC	150	B098272	11928	51.95	0.2114	0.1262	0.283	634
B098278	ENSG00000104983	NIC	150	B098278	12270	87.14	0.8673	0.7156	0.811	633
B098280	ENSG00000116127	NIC	150	B098280	6381	67.99	0.7314	0.0000	0.334	633
B098292	ENSG00000066279	NIC	150	B098292	6513	65.77	0.6266	0.0000	0.32	632
B098308	ENSG00000111752	NNC	150	B098308	23478	75.76	0.7147	0.4881	0.406	631
B098331	ENSG00000196141	NNC	150	B098331	7762	78.37	0.7718	0.4532	0.691	631
B098390	ENSG00000125037	NNC	150	B098390	23134	81.51	0.8558	0.2219	0.624	631
B098407	ENSG00000158122	NNC	150	B098407	7132	74.98	0.7116	0.2187	0.645	631
B098408	ENSG00000167118	NNC	150	B103426	21983	80.46	0.8683	0.2683	0.715	630
B098416	ENSG00000061936	FSM	149	B100266	14605	91.89	0.9222	0.8714	0.894	630
B098427	ENSG00000198720	FSM	149	B105365	1681	53.60	0.2460	0.0460	0.25	630
B098438	ENSG00000169507	FSM	149	B106820	20045	57.97	0.5143	0.0016	0.386	628
B098443	ENSG00000100109	FSM	149	B104836	2690	82.09	0.8137	0.4618	0.348	628
B098445	ENSG00000163468	FSM	149	B098445	24650	66.82	0.5287	0.4029	0.563	628
B098446	ENSG00000213672	FSM	149	B087255	2154	54.82	0.3429	0.1563	0.337	627
B098447	ENSG00000164088	FSM	149	B098447	1179	55.64	0.3510	0.1010	0.334	624
B098457	ENSG00000112659	FSM	149	B098457	446	48.47	0.2099	0.0449	0.278	624
B098459	ENSG00000130226	FSM	149	B100229	8933	84.40	0.8365	0.6026	0.558	624
B098461	ENSG00000104490	FSM	149	B098461	8009	74.08	0.6955	0.5657	0.725	624
B098462	ENSG00000147804	FSM	149	B098462	1879	50.47	0.2292	0.1330	0.294	624
B098478	ENSG00000168813	FSM	149	B098478	12088	58.12	0.3981	0.1252	0.283	623
B098479	ENSG00000073050	FSM	149	B098479	8633	60.00	0.5136	0.0000	0.29	623
B098487	ENSG00000163820	FSM	149	B102694	779	76.90	0.7186	0.4566	0.734	622
B098500	ENSG00000275778	NIC	149	B098500	17660	66.62	0.5466	0.3987	0.525	622
B098546	ENSG00000112981	NIC	149	B098546	3052	57.66	0.3794	0.2540	0.453	622
B098547	ENSG00000132912	NIC	149	B098547	18553	69.35	0.6463	0.1109	0.664	622
B098557	ENSG00000106244	NIC	149	B098557	9572	83.93	0.8438	0.6747	0.792	621
B098559	ENSG00000106565	NIC	149	B098559	3370	68.06	0.5620	0.3865	0.437	621
B098569	ENSG00000117748	NIC	149	B098569	684	66.61	0.5710	0.2387	0.655	620
B098573	ENSG00000182796	NIC	149	B099291	11548	58.44	0.4362	0.3005	0.559	619
B098584	ENSG00000291300	NIC	149	B098584	11357	85.76	0.8627	0.6123	0.725	619
B098644	ENSG00000115350	NNC	149	B098644	5266	71.40	0.6327	0.4417	0.49	618
B098656	ENSG00000170502	NNC	149	B098656	10529	57.78	0.5381	0.0000	0.374	617
B098727	ENSG00000048740	NNC	149	B098727	10957	66.82	0.5462	0.2853	0.635	617
B098734	ENSG00000137504	NNC	149	B098734	17454	66.48	0.7240	0.0000	0.361	616
B098738	ENSG00000111196	FSM	148	B103391	1317	48.16	0.1526	0.0666	0.293	616
B098740	ENSG00000028203	FSM	148	B098740	4205	57.54	0.4286	0.2597	0.529	616
B098794	ENSG00000178585	FSM	148	B099938	1460	62.43	0.4293	0.3041	0.289	615
B098810	ENSG00000089248	NIC	148	B098810	17914	90.80	0.9544	0.7410	0.75	614
B098830	ENSG00000174917	NIC	148	B098830	19193	45.79	0.1321	0.0000	0.244	613
B098832	ENSG00000143727	NIC	148	B098832	21531	74.63	0.7157	0.3382	0.671	612
B098833	ENSG00000081026	NIC	148	B098833	9135	69.58	0.6062	0.1078	0.479	612
B098867	ENSG00000104518	NIC	148	B098867	2774	79.88	0.7791	0.4599	0.598	611
B098891	ENSG00000225663	NIC	148	B098891	19000	91.82	0.9820	0.7496	0.895	611
B098895	ENSG00000121851	NIC	148	B106082	8223	87.58	0.8754	0.6230	0.875	610
B098912	ENSG00000066697	NIC	148	B092442	12906	60.24	0.5230	0.1426	0.32	610
B098923	ENSG00000135452	NNC	148	B104802	8930	75.17	0.7126	0.4187	0.618	609
B098928	ENSG00000100836	NNC	148	B098928	2363	88.20	0.9012	0.6689	0.662	607
B098941	ENSG00000134758	NNC	148	B104035	6522	51.52	0.3245	0.0132	0.327	607
B098989	ENSG00000116717	NNC	148	B098989	19072	65.81	0.5091	0.0000	0.321	607
B099017	ENSG00000174796	NNC	148	B100799	9027	53.68	0.4422	0.0033	0.365	606
B099023	ENSG00000113615	NNC	148	B099023	3709	63.64	0.5330	0.3581	0.535	606
B099030	ENSG00000106153	NNC	148	B104248	3804	79.45	0.8198	0.2760	0.756	605
B099042	ENSG00000275778	FSM	147	B099042	11044	69.31	0.5191	0.4677	0.594	603
B099051	ENSG00000153048	FSM	147	B099297	8692	78.72	0.7442	0.1927	0.373	602
B099075	ENSG00000186001	FSM	147	B099075	339	46.83	0.1063	0.0000	0.222	602
B099078	ENSG00000184305	FSM	147	B099078	5652	49.55	0.1944	0.1246	0.299	602
B099079	ENSG00000109332	FSM	147	B106626	24417	61.40	0.4502	0.3555	0.395	602
B099095	ENSG00000120910	FSM	147	B099095	9467	85.89	0.8322	0.7027	0.812	602
B099100	ENSG00000285756	FSM	147	B099100	10897	58.30	0.2562	0.0116	0.242	601
B099105	ENSG00000072401	FSM	147	B106626	10428	49.39	0.2762	0.0715	0.4	601
B099110	ENSG00000134569	FSM	147	B099110	16409	76.94	0.7100	0.4633	0.493	600
B099132	ENSG00000102524	NIC	147	B099132	13895	67.35	0.6683	0.0017	0.357	600
B099141	ENSG00000186496	NIC	147	B101611	2175	90.34	0.9467	0.7917	0.79	600
B099149	ENSG00000052723	NIC	147	B094502	21792	72.94	0.7083	0.0000	0.324	600
B099150	ENSG00000115942	NIC	147	B099150	13343	75.15	0.7028	0.2404	0.755	599
B099168	ENSG00000225921	NIC	147	B099680	1999	59.42	0.2654	0.1669	0.374	599
B099170	ENSG00000187987	NIC	147	B103097	22908	68.70	0.5826	0.1369	0.421	599
B099172	ENSG00000028839	NIC	147	B104442	2341	83.85	0.8831	0.3990	0.674	599
B099236	ENSG00000182287	NIC	147	B096943	18389	57.70	0.4130	0.3177	0.522	598
B099247	ENSG00000119703	NNC	147	B099247	1658	79.26	0.7826	0.4632	0.757	598
B099256	ENSG00000143942	NNC	147	B099256	2774	55.15	0.3658	0.2668	0.356	596
B099268	ENSG00000242193	NNC	147	B099268	1699	69.51	0.6393	0.1577	0.694	596
B099284	ENSG00000196459	NNC	147	B101186	2446	87.22	0.8538	0.7378	0.839	595
B099285	ENSG00000108176	NNC	147	B104115	20114	85.23	0.8889	0.4411	0.832	594
B099289	ENSG00000002330	NNC	147	B099289	1006	54.79	0.2391	0.0825	0.3	594
B099294	ENSG00000140391	NNC	147	B099294	2012	56.15	0.3086	0.0978	0.306	593
B099303	ENSG00000272419	NNC	147	B101750	6126	91.45	0.9645	0.7432	0.904	592
B099320	ENSG00000147676	NNC	147	B099320	13951	63.29	0.6064	0.0321	0.37	592
B099342	ENSG00000103326	FSM	146	B099342	13698	47.70	0.2534	0.1014	0.281	592
B099370	ENSG00000146776	FSM	146	B107374	262	42.37	0.0608	0.0000	0.208	592
B099375	ENSG00000167118	FSM	146	B099375	5325	69.67	0.6633	0.2758	0.533	591
B099382	ENSG00000167996	FSM	146	B099382	6009	85.53	0.9103	0.4298	0.789	591
B099400	ENSG00000152520	NIC	146	B099400	15861	56.00	0.3390	0.1644	0.4	590
B099409	ENSG00000108852	NIC	146	B099409	1450	67.19	0.5661	0.3525	0.279	590
B099415	ENSG00000104946	NIC	146	B099415	14335	67.77	0.7012	0.0034	0.39	589
B099435	ENSG00000058085	NIC	146	B099435	6365	71.11	0.6367	0.4363	0.554	589
B099451	ENSG00000119446	NIC	146	B101910	9655	63.45	0.5204	0.0034	0.448	588
B099452	ENSG00000148334	NIC	146	B099452	8724	59.02	0.4031	0.3265	0.503	588
B099453	ENSG00000167118	NIC	146	B099453	19265	66.99	0.6797	0.0000	0.348	587
B099485	ENSG00000160075	NIC	146	B099485	3478	55.92	0.3345	0.1672	0.278	586
B099493	ENSG00000092208	NNC	146	B103760	7338	84.67	0.8311	0.6314	0.741	586
B099511	ENSG00000196503	NNC	146	B099511	15639	65.50	0.5973	0.1263	0.476	586
B099523	ENSG00000180190	NNC	146	B099523	8266	53.23	0.2713	0.0085	0.495	586
B099539	ENSG00000120833	NNC	146	B099539	15950	73.87	0.6502	0.5478	0.561	586
B099551	ENSG00000213246	NNC	146	B099551	5943	56.16	0.3162	0.2718	0.444	585
B099555	ENSG00000197563	NNC	146	B099555	18660	85.46	0.8923	0.5487	0.807	585
B099556	ENSG00000196505	NNC	146	B099556	1438	54.25	0.3060	0.2205	0.417	585
B099570	ENSG00000163605	NNC	146	B099570	2483	85.01	0.8784	0.4161	0.824	584
B099584	ENSG00000151632	NNC	146	B101766	5262	71.00	0.6449	0.3877	0.59	583
B099585	ENSG00000147642	NNC	146	B099585	19313	65.84	0.5283	0.3739	0.395	583
B099590	ENSG00000196507	NNC	146	B099591	15826	84.54	0.8591	0.5498	0.673	582
B099592	ENSG00000291034	NNC	146	B099592	18326	72.26	0.6512	0.5498	0.571	582
B099607	ENSG00000213463	FSM	145	B102317	13601	77.54	0.7560	0.3333	0.62	582
B099610	ENSG00000140386	FSM	145	B099610	2944	50.23	0.3058	0.0000	0.327	582
B099613	ENSG00000217930	FSM	145	B105353	8017	61.54	0.5680	0.0310	0.402	581
B099618	ENSG00000170043	FSM	145	B099618	3578	69.24	0.5603	0.3776	0.633	580
B099629	ENSG00000144134	FSM	145	B100892	1484	58.03	0.3603	0.0759	0.377	580
B099630	ENSG00000287151	FSM	145	B104137	11811	93.47	0.9585	0.8912	0.912	579
B099646	ENSG00000173726	FSM	145	B099646	14166	54.40	0.4335	0.0864	0.377	579
B099671	ENSG00000130758	FSM	145	B099671	779	44.85	0.0777	0.0035	0.221	579
B099684	ENSG00000291034	FSM	145	B100813	1536	70.03	0.6079	0.3938	0.679	579
B099691	ENSG00000123415	NIC	145	B095447	2080	80.92	0.7686	0.4801	0.285	579
B099692	ENSG00000135404	NIC	145	B104870	4712	76.33	0.7439	0.4360	0.633	578
B099726	ENSG00000124380	NIC	145	B097425	1338	56.68	0.3201	0.2076	0.279	578
B099728	ENSG00000177917	NIC	145	B101833	4138	54.14	0.2855	0.1419	0.361	578
B099731	ENSG00000144401	NIC	145	B099731	13245	63.47	0.5173	0.1419	0.395	578
B099764	ENSG00000171365	NIC	145	B099764	28217	71.11	0.6834	0.1851	0.3	578
B099766	ENSG00000187325	NIC	145	B099766	11743	66.09	0.4541	0.0000	0.321	577
B099781	ENSG00000198231	NIC	145	B099781	18249	57.74	0.3432	0.1369	0.293	577
B099787	ENSG00000135930	NIC	145	B103313	2015	49.97	0.2374	0.0000	0.23	577
B099828	ENSG00000287151	NNC	145	B099828	3846	74.17	0.6534	0.5719	0.715	577
B099836	ENSG00000067560	NNC	145	B099836	15722	60.91	0.5251	0.0000	0.33	577
B099850	ENSG00000173041	NNC	145	B099850	4446	71.27	0.6632	0.3819	0.337	576
B099870	ENSG00000185813	NNC	145	B099870	5979	56.12	0.3299	0.2708	0.451	576
B099872	ENSG00000179271	NNC	145	B099872	21867	68.28	0.5486	0.2066	0.544	576
B099890	ENSG00000164587	NNC	145	B099890	12824	68.97	0.7061	0.0661	0.366	575
B099896	ENSG00000106462	NNC	145	B099896	9772	88.69	0.8815	0.7021	0.882	574
B099899	ENSG00000136986	NNC	145	B099899	12758	59.90	0.4599	0.0000	0.357	574
B099907	ENSG00000009780	NNC	145	B107285	1714	72.75	0.6672	0.0976	0.679	574
B099923	ENSG00000166822	FSM	144	B106474	17257	76.85	0.7648	0.4059	0.776	574
B099957	ENSG00000106245	FSM	144	B103922	1542	51.51	0.1780	0.1030	0.294	573
B099965	ENSG00000198692	FSM	144	B104940	2394	57.20	0.3368	0.1832	0.315	573
B099979	ENSG00000291158	FSM	144	B099979	11112	57.85	0.3630	0.2443	0.383	573
B099990	ENSG00000083168	FSM	144	B099990	9833	89.67	0.9511	0.7208	0.696	573
B100003	ENSG00000117480	NIC	144	B104765	11311	81.41	0.8357	0.3199	0.718	572
B100017	ENSG00000119559	NIC	144	B105242	1225	71.47	0.6136	0.4336	0.291	572
B100032	ENSG00000172113	NIC	144	B100032	12430	59.05	0.4038	0.1486	0.384	572
B100049	ENSG00000126524	NIC	144	B103973	15465	89.00	0.8636	0.8094	0.835	572
B100071	ENSG00000144134	NIC	144	B102192	2060	47.23	0.0577	0.0000	0.185	572
B100085	ENSG00000118412	NIC	144	B101059	19028	73.06	0.7517	0.0507	0.749	572
B100091	ENSG00000148444	NIC	144	B107654	23218	70.04	0.6276	0.3129	0.362	572
B100095	ENSG00000198546	NIC	144	B100095	14618	70.25	0.6224	0.3444	0.596	572
B100145	ENSG00000186480	NNC	144	B100145	3368	54.93	0.2942	0.0788	0.236	571
B100155	ENSG00000069509	NNC	144	B100155	2195	87.44	0.8932	0.6287	0.874	571
B100167	ENSG00000134717	NNC	144	B100771	1232	71.58	0.6112	0.4378	0.29	571
B100179	ENSG00000227500	NNC	144	B100179	5181	75.05	0.7776	0.1086	0.507	571
B100196	ENSG00000188732	NNC	144	B100196	16369	69.13	0.6193	0.3088	0.405	570
B100199	ENSG00000186591	NNC	144	B100199	20527	77.84	0.7750	0.3779	0.363	569
B100209	ENSG00000171204	NNC	144	B092207	10358	60.28	0.4446	0.1863	0.49	569
B100253	ENSG00000013374	FSM	143	B100253	5041	48.76	0.1002	0.0879	0.291	569
B100279	ENSG00000147130	FSM	143	B100279	2789	78.99	0.7627	0.3392	0.423	569
B100296	ENSG00000165410	NIC	143	B103665	2740	86.38	0.8662	0.6461	0.866	568
B100317	ENSG00000144485	NIC	143	B100317	7334	84.92	0.8627	0.6180	0.595	568
B100318	ENSG00000132639	NIC	143	B100318	14702	69.61	0.7025	0.0299	0.369	568
B100331	ENSG00000168118	NIC	143	B100331	4658	48.09	0.1866	0.1039	0.352	568
B100332	ENSG00000166925	NIC	143	B100332	1859	69.98	0.6526	0.3563	0.667	567
B100352	ENSG00000069667	NIC	143	B100352	694	74.58	0.7002	0.3439	0.68	567
B100365	ENSG00000273899	NIC	143	B100365	8613	63.01	0.5414	0.0000	0.288	567
B100408	ENSG00000109083	NNC	143	B108294	10565	57.78	0.5062	0.0000	0.343	567
B100424	ENSG00000163412	NNC	143	B100424	12497	48.06	0.1270	0.0899	0.287	567
B100430	ENSG00000263528	NNC	143	B100430	7012	93.16	0.9770	0.8622	0.911	566
B100446	ENSG00000136874	NNC	143	B100871	1968	85.60	0.8816	0.4753	0.852	566
B100449	ENSG00000102054	NNC	143	B100767	3947	73.17	0.6779	0.1522	0.265	565
B100455	ENSG00000151835	NNC	143	B100455	1311	41.14	0.0000	0.0000	0.147	565
B100481	ENSG00000164366	NNC	143	B100481	15253	54.71	0.3434	0.1858	0.241	565
B100503	ENSG00000197045	FSM	142	B102754	807	64.97	0.5327	0.2743	0.61	565
B100527	ENSG00000135905	FSM	142	B100527	9070	71.52	0.6637	0.2708	0.575	565
B100533	ENSG00000154174	FSM	142	B100533	13112	84.09	0.9255	0.2784	0.822	564
B100534	ENSG00000154277	FSM	142	B090371	944	72.41	0.6277	0.3617	0.669	564
B100560	ENSG00000286264	FSM	142	B105822	947	43.02	0.0372	0.0213	0.241	564
B100583	ENSG00000105856	FSM	142	B100583	18103	86.26	0.8810	0.6536	0.694	563
B100595	ENSG00000257727	NIC	142	B100595	13050	68.21	0.7318	0.0000	0.375	563
B100596	ENSG00000175197	NIC	142	B100596	11630	51.06	0.1705	0.0906	0.302	563
B100624	ENSG00000180479	NIC	142	B100624	10933	69.96	0.5836	0.3345	0.41	562
B100625	ENSG00000084733	NIC	142	B100625	2604	78.04	0.7224	0.5552	0.692	562
B100637	ENSG00000163156	NIC	142	B102565	5400	81.16	0.8345	0.4786	0.801	562
B100646	ENSG00000109534	NIC	142	B100646	528	73.83	0.6524	0.3387	0.482	561
B100676	ENSG00000184007	NIC	142	B100676	2216	45.44	0.0856	0.0089	0.22	561
B100689	ENSG00000178585	NIC	142	B101256	651	63.22	0.4759	0.0606	0.48	561
B100707	ENSG00000112584	NIC	142	B100707	5484	65.44	0.5571	0.1089	0.55	560
B100718	ENSG00000258311	NNC	142	B106201	4374	85.64	0.8661	0.6321	0.797	560
B100730	ENSG00000101558	NNC	142	B100730	19944	87.73	0.9286	0.5964	0.787	560
B100732	ENSG00000105229	NNC	142	B100732	13625	74.35	0.6351	0.5528	0.709	559
B100760	ENSG00000136936	NNC	142	B100760	14761	72.38	0.6225	0.5546	0.69	559
B100772	ENSG00000092148	NNC	142	B100772	13807	67.97	0.6308	0.0108	0.363	558
B100787	ENSG00000105289	NNC	142	B100787	1847	47.33	0.1326	0.0556	0.281	558
B100808	ENSG00000107371	NNC	142	B100808	6741	70.16	0.5835	0.5566	0.686	557
B100810	ENSG00000119446	NNC	142	B100810	1532	82.81	0.7986	0.4424	0.771	556
B100820	ENSG00000178028	FSM	141	B100820	18201	79.34	0.7914	0.4442	0.653	556
B100863	ENSG00000134982	FSM	141	B100863	10512	84.14	0.8721	0.4198	0.597	555
B100877	ENSG00000079387	FSM	141	B100877	10292	76.14	0.7365	0.2726	0.714	554
B100888	ENSG00000272419	FSM	141	B101750	7035	93.08	0.9675	0.8646	0.865	554
B100918	ENSG00000109066	NIC	141	B100918	1169	74.39	0.7040	0.4693	0.721	554
B100940	ENSG00000163344	NIC	141	B100940	1055	78.61	0.7726	0.2653	0.397	554
B100942	ENSG00000120333	NIC	141	B104578	4781	90.43	0.8951	0.8571	0.887	553
B100946	ENSG00000152620	NIC	141	B100946	9016	52.87	0.3725	0.0000	0.37	553
B100967	ENSG00000175220	NIC	141	B100967	10774	67.02	0.5407	0.4593	0.507	553
B100970	ENSG00000176973	NIC	141	B100970	623	60.37	0.3191	0.0851	0.277	141
B101005	ENSG00000113272	NIC	141	B102437	2942	70.40	0.5603	0.0993	0.531	141
B101012	ENSG00000121644	NIC	141	B103281	22	47.47	0.0000	0.0000	0.155	141
B101034	ENSG00000082212	NNC	141	B101034	8741	86.73	0.8298	0.7092	0.752	141
B101035	ENSG00000257591	NNC	141	B101035	11939	40.18	0.0000	0.0000	0.29	141
B101038	ENSG00000284308	NNC	141	B101038	688	65.08	0.3050	0.1844	0.339	141
B101043	ENSG00000154822	NNC	141	B106620	547	76.99	0.6667	0.5177	0.594	141
B101084	ENSG00000183010	NNC	141	B101084	7123	74.02	0.6738	0.3972	0.682	141
B101087	ENSG00000162976	NNC	141	B101087	2433	75.77	0.6596	0.0000	0.616	141
B101116	ENSG00000156500	NNC	141	B101116	745	54.17	0.0071	0.0000	0.133	141
B101117	ENSG00000158042	NNC	141	B101117	7335	73.30	0.6454	0.4113	0.632	141
B101142	ENSG00000174917	FSM	140	B101142	700	61.31	0.3071	0.0000	0.244	140
B101163	ENSG00000145335	FSM	140	B105293	1052	58.93	0.1000	0.0000	0.237	140
B101169	ENSG00000168394	FSM	140	B101169	19841	87.15	0.9571	0.5429	0.75	140
B101215	ENSG00000146263	FSM	140	B102527	457	47.87	0.0000	0.0000	0.274	140
B101219	ENSG00000013503	NIC	140	B101219	6012	83.91	0.8929	0.4429	0.615	140
B101280	ENSG00000160563	NIC	140	B106195	1035	93.69	0.9857	0.8500	0.879	140
B101284	ENSG00000102096	NIC	140	B101284	11438	77.61	0.7071	0.4500	0.557	140
B101285	ENSG00000072401	NIC	140	B101285	14955	58.53	0.4429	0.0000	0.528	140
B101298	ENSG00000100647	NIC	140	B101298	3879	62.39	0.4643	0.1143	0.488	140
B101301	ENSG00000166822	NIC	140	B104426	1034	61.50	0.2929	0.0000	0.344	140
B101330	ENSG00000186501	NIC	140	B101330	2355	54.74	0.3571	0.0000	0.472	140
B101344	ENSG00000100934	NNC	140	B101344	3034	78.72	0.8714	0.0143	0.69	140
B101352	ENSG00000131143	NNC	140	B101352	2462	77.84	0.6857	0.5786	0.531	140
B101392	ENSG00000258315	NNC	140	B101392	686	62.27	0.3000	0.0857	0.28	140
B101394	ENSG00000162642	NNC	140	B101394	11428	87.48	0.8934	0.6875	0.821	544
B101399	ENSG00000057935	NNC	140	B101399	3637	63.84	0.5000	0.2500	0.369	544
B101402	ENSG00000115159	NNC	140	B101402	12735	88.16	0.9375	0.5827	0.748	544
B101412	ENSG00000113712	NNC	140	B104752	12730	86.25	0.8897	0.6691	0.684	544
B101419	ENSG00000241685	NNC	140	B101419	25110	85.71	0.8674	0.6354	0.822	543
B101423	ENSG00000117308	NNC	140	B101423	19952	78.13	0.7459	0.4936	0.729	543
B101435	ENSG00000258289	FSM	139	B109095	22661	91.30	0.9503	0.7993	0.885	543
B101497	ENSG00000122257	FSM	139	B101497	16772	75.13	0.7551	0.2910	0.76	543
B101511	ENSG00000005469	FSM	139	B106281	2702	85.73	0.8616	0.6218	0.754	542
B101541	ENSG00000115350	NIC	139	B101541	15689	87.68	0.8985	0.6531	0.739	542
B101553	ENSG00000163257	NIC	139	B101553	9948	74.01	0.6863	0.4834	0.462	542
B101564	ENSG00000204564	NIC	139	B101612	5436	71.09	0.6052	0.4207	0.607	542
B101566	ENSG00000172348	NIC	139	B099661	1549	48.05	0.2232	0.1402	0.383	542
B101569	ENSG00000291151	NIC	139	B105485	15154	82.82	0.8299	0.4861	0.65	541
B101572	ENSG00000180190	NIC	139	B108626	4461	86.78	0.8669	0.6396	0.83	541
B101584	ENSG00000092841	NIC	139	B103143	1149	42.07	0.1275	0.0203	0.254	541
B101601	ENSG00000188452	NIC	139	B101601	4888	59.22	0.4067	0.2033	0.448	541
B101625	ENSG00000155957	NNC	139	B101625	1271	64.66	0.5296	0.2370	0.543	540
B101628	ENSG00000123191	NNC	139	B101628	23396	76.70	0.7019	0.3333	0.496	540
B101634	ENSG00000166971	NNC	139	B101634	15149	69.50	0.5852	0.4685	0.5	540
B101643	ENSG00000115762	NNC	139	B101643	13465	79.01	0.7667	0.5148	0.662	540
B101645	ENSG00000135905	NNC	139	B101645	903	73.19	0.5926	0.4000	0.277	540
B101652	ENSG00000078140	NNC	139	B101652	2552	90.38	0.9647	0.6735	0.904	539
B101661	ENSG00000111817	NNC	139	B101661	12098	81.67	0.7996	0.5770	0.615	539
B101679	ENSG00000282872	NNC	139	B107891	7013	84.71	0.7937	0.7584	0.777	538
B101685	ENSG00000149300	NNC	139	B101685	1724	79.54	0.7305	0.5706	0.793	538
B101690	ENSG00000162384	NNC	139	B101690	10979	71.17	0.6394	0.4275	0.429	538
B101704	ENSG00000100413	NNC	139	B101704	6980	75.92	0.7058	0.2737	0.583	537
B101718	ENSG00000167996	NNC	139	B104262	2280	70.02	0.6257	0.2961	0.597	537
B101754	ENSG00000088727	FSM	138	B101754	886	49.48	0.1231	0.0000	0.229	536
B101788	ENSG00000243927	FSM	138	B107984	15390	88.70	0.9196	0.6692	0.78	535
B101793	ENSG00000131269	FSM	138	B101793	2025	69.39	0.5308	0.3963	0.333	535
B101810	ENSG00000174444	NIC	138	B101810	3390	83.38	0.7682	0.5682	0.596	535
B101844	ENSG00000144834	NIC	138	B101844	5489	56.81	0.3290	0.2860	0.427	535
B101874	ENSG00000155265	NIC	138	B101874	19123	90.42	0.9775	0.6498	0.832	534
B101899	ENSG00000146109	NIC	138	B101899	5875	91.31	0.9644	0.7266	0.839	534
B101900	ENSG00000112514	NIC	138	B101900	12519	87.35	0.8951	0.6610	0.794	534
B101944	ENSG00000126005	NNC	138	B101944	18155	79.26	0.7978	0.2172	0.732	534
B101953	ENSG00000114125	NNC	138	B101953	5882	57.75	0.3483	0.2978	0.46	534
B101973	ENSG00000182796	NNC	138	B101973	7446	86.07	0.8614	0.7116	0.751	534
B101991	ENSG00000126261	NNC	138	B101991	1169	68.95	0.6079	0.2664	0.622	533
B101992	ENSG00000068903	NNC	138	B101992	785	80.56	0.7580	0.5572	0.792	533
B102007	ENSG00000048162	NNC	138	B105865	7344	80.76	0.7575	0.5395	0.642	532
B102019	ENSG00000081760	FSM	137	B102019	7011	88.63	0.8835	0.7199	0.848	532
B102042	ENSG00000153827	FSM	137	B102042	21615	55.55	0.4633	0.0000	0.368	531
B102057	ENSG00000198843	FSM	137	B102847	3158	81.14	0.8154	0.4256	0.729	531
B102060	ENSG00000157796	FSM	137	B102060	4074	57.99	0.3465	0.2561	0.423	531
B102061	ENSG00000133065	FSM	137	B102061	14076	65.77	0.5660	0.1019	0.407	530
B102071	ENSG00000106290	FSM	137	B102071	2398	84.16	0.8717	0.5094	0.748	530
B102075	ENSG00000147533	FSM	137	B100488	8264	48.61	0.3528	0.0132	0.383	530
B102088	ENSG00000170322	FSM	137	B102088	1546	46.88	0.2000	0.0509	0.346	530
B102102	ENSG00000071794	FSM	137	B102102	16512	64.27	0.5434	0.2698	0.504	530
B102118	ENSG00000185306	NIC	137	B102118	11276	81.62	0.8170	0.3415	0.74	530
B102146	ENSG00000067560	NIC	137	B102146	16553	61.84	0.6011	0.0000	0.381	529
B102150	ENSG00000137628	NIC	137	B102150	5882	58.03	0.3478	0.3062	0.466	529
B102159	ENSG00000106615	NIC	137	B109491	22489	80.49	0.7902	0.6181	0.79	529
B102166	ENSG00000265354	NIC	137	B102166	16286	65.10	0.5463	0.3195	0.518	529
B102185	ENSG00000261408	NIC	137	B102185	3191	79.74	0.7803	0.4261	0.667	528
B102190	ENSG00000130726	NIC	137	B102190	5464	56.16	0.3542	0.2860	0.371	528
B102193	ENSG00000241399	NIC	137	B102193	18809	93.42	0.9848	0.8235	0.698	527
B102200	ENSG00000163840	NIC	137	B102200	13625	89.88	0.9393	0.6793	0.772	527
B102213	ENSG00000132275	NIC	137	B103034	2491	83.37	0.8425	0.5237	0.369	527
B102240	ENSG00000101236	NNC	137	B102240	11305	88.39	0.9393	0.6072	0.796	527
B102248	ENSG00000206527	NNC	137	B102248	17673	75.79	0.7985	0.2662	0.705	526
B102261	ENSG00000196511	NNC	137	B102579	866	71.64	0.6255	0.3289	0.699	526
B102273	ENSG00000132026	NNC	137	B102273	12855	49.05	0.1445	0.0970	0.296	526
B102288	ENSG00000132406	NNC	137	B102288	17968	58.80	0.3878	0.0152	0.32	526
B102292	ENSG00000132837	NNC	137	B102292	3700	46.84	0.1578	0.0285	0.255	526
B102299	ENSG00000128581	NNC	137	B102299	2558	90.72	0.9295	0.8286	0.895	525
B102302	ENSG00000067082	NNC	137	B102302	9287	62.18	0.6305	0.0000	0.406	525
B102306	ENSG00000158526	NNC	137	B103134	17428	65.48	0.5592	0.3569	0.525	524
B102308	ENSG00000183878	NNC	137	B102308	6347	70.80	0.6279	0.1546	0.345	524
B102323	ENSG00000064270	FSM	136	B102323	540	44.60	0.0038	0.0000	0.223	524
B102343	ENSG00000143553	FSM	136	B102343	201	43.44	0.0954	0.0210	0.202	524
B102352	ENSG00000112739	FSM	136	B109439	1045	51.57	0.1319	0.0516	0.271	523
B102354	ENSG00000163041	FSM	136	B109017	5885	68.48	0.5698	0.4493	0.565	523
B102384	ENSG00000077458	NIC	136	B102384	15497	80.21	0.8429	0.3410	0.797	522
B102455	ENSG00000076053	NIC	136	B106839	2431	78.81	0.7625	0.4080	0.768	522
B102537	ENSG00000166228	NNC	136	B106833	2129	62.89	0.4502	0.2337	0.42	522
B102542	ENSG00000166225	NNC	136	B102542	24596	79.81	0.7370	0.5624	0.731	521
B102555	ENSG00000127452	NNC	136	B102555	17352	85.81	0.8618	0.6910	0.691	521
B102564	ENSG00000143418	NNC	136	B102564	1971	46.89	0.1708	0.1036	0.329	521
B102572	ENSG00000250802	NNC	136	B102572	8106	46.67	0.1727	0.0480	0.298	521
B102586	ENSG00000179912	FSM	135	B093315	10323	67.83	0.7159	0.0000	0.389	521
B102621	ENSG00000164111	FSM	135	B102621	12289	60.09	0.5605	0.0000	0.39	521
B102623	ENSG00000133398	FSM	135	B110235	923	42.33	0.1192	0.0038	0.239	520
B102630	ENSG00000137210	FSM	135	B103374	10197	65.81	0.5019	0.3596	0.421	520
B102633	ENSG00000290989	FSM	135	B109128	16573	83.49	0.8673	0.4712	0.833	520
B102641	ENSG00000165591	FSM	135	B105910	2966	75.70	0.7673	0.0654	0.752	520
B102667	ENSG00000062650	FSM	135	B102667	4865	69.21	0.6250	0.3865	0.658	520
B102712	ENSG00000215114	NIC	135	B102712	15077	58.43	0.5635	0.0000	0.411	520
B102734	ENSG00000100147	NIC	135	B102734	8358	85.71	0.9151	0.4344	0.817	518
B102741	ENSG00000127914	NIC	135	B102741	17121	67.72	0.6931	0.0000	0.346	518
B102749	ENSG00000169372	NNC	135	B102749	11610	52.37	0.2181	0.0116	0.269	518
B102759	ENSG00000166822	NNC	135	B109319	2070	58.87	0.3275	0.0795	0.35	516
B102772	ENSG00000273045	NNC	135	B102772	1375	75.36	0.6550	0.5019	0.327	516
B102776	ENSG00000184900	NNC	135	B102776	10123	64.35	0.6279	0.0000	0.341	516
B102805	ENSG00000182518	NNC	135	B109234	14463	48.76	0.1748	0.0505	0.278	515
B102807	ENSG00000198908	NNC	135	B102807	10972	69.52	0.5670	0.4583	0.638	515
B102815	ENSG00000175115	NNC	135	B102815	16339	76.38	0.7592	0.2835	0.547	515
B102817	ENSG00000139645	NNC	135	B102817	9806	82.79	0.8191	0.7121	0.766	514
B102850	ENSG00000164182	NNC	135	B102850	764	43.27	0.0117	0.0000	0.229	514
B102854	ENSG00000122565	NNC	135	B102854	11757	63.60	0.6537	0.0097	0.343	514
B102857	ENSG00000148153	NNC	135	B102857	2569	80.25	0.7719	0.5478	0.662	513
B102858	ENSG00000183943	NNC	135	B102858	3314	75.06	0.6803	0.4639	0.462	513
B102883	ENSG00000141994	FSM	134	B102883	1169	70.87	0.5263	0.4327	0.36	513
B102891	ENSG00000163029	FSM	134	B102891	12095	89.30	0.9453	0.6270	0.889	512
B102896	ENSG00000133460	FSM	134	B102896	1382	69.22	0.5742	0.3867	0.393	512
B102916	ENSG00000157514	FSM	134	B104255	7190	70.07	0.5918	0.5059	0.554	512
B102949	ENSG00000291053	NIC	134	B102949	14018	78.68	0.7520	0.3398	0.575	512
B102969	ENSG00000130706	NIC	134	B109472	4144	83.43	0.8043	0.6928	0.524	511
B103010	ENSG00000133112	NIC	134	B103010	3434	79.16	0.7515	0.3718	0.707	511
B103058	ENSG00000188542	NNC	134	B107672	9647	78.36	0.7945	0.3366	0.647	511
B103069	ENSG00000164031	NNC	134	B105156	25373	74.41	0.6824	0.3725	0.648	510
B103077	ENSG00000112208	NNC	134	B103641	22267	59.40	0.4961	0.0667	0.332	510
B103087	ENSG00000183621	NNC	134	B103087	2373	49.87	0.1706	0.0000	0.242	510
B103095	ENSG00000102524	NNC	134	B104207	10169	87.27	0.8843	0.6059	0.725	510
B103133	ENSG00000160325	NNC	134	B103133	8846	80.14	0.7662	0.6542	0.735	509
B103147	ENSG00000172915	FSM	133	B103147	6656	75.89	0.7289	0.4303	0.73	509
B103170	ENSG00000138449	FSM	133	B103170	6764	60.79	0.3772	0.1886	0.389	509
B103174	ENSG00000088356	FSM	133	B103959	3646	71.48	0.6319	0.3858	0.309	508
B103177	ENSG00000205559	FSM	133	B108111	12990	87.83	0.8878	0.7776	0.78	508
B103200	ENSG00000068971	FSM	133	B103200	1365	69.04	0.5650	0.3701	0.393	508
B103209	ENSG00000275066	FSM	133	B103209	27558	68.81	0.7067	0.0000	0.329	508
B103212	ENSG00000203326	FSM	133	B102534	972	81.04	0.7909	0.4398	0.8	507
B103228	ENSG00000070367	NIC	133	B103228	3004	51.46	0.2071	0.1361	0.331	507
B103246	ENSG00000087086	NIC	133	B103246	13530	90.54	0.9034	0.8363	0.872	507
B103247	ENSG00000167555	NIC	133	B099672	340	49.26	0.1026	0.0000	0.215	507
B103263	ENSG00000132406	NIC	133	B093696	1205	71.50	0.6036	0.4655	0.307	507
B103284	ENSG00000130558	NIC	133	B106097	564	44.00	0.0671	0.0256	0.165	507
B103328	ENSG00000126756	NIC	133	B103328	4387	75.56	0.7332	0.3360	0.747	506
B103342	ENSG00000285331	NNC	133	B103611	591	47.79	0.0673	0.0059	0.218	505
B103344	ENSG00000127561	NNC	133	B103344	11602	74.32	0.6198	0.5901	0.668	505
B103352	ENSG00000115216	NNC	133	B103352	14628	74.55	0.6871	0.2812	0.622	505
B103392	ENSG00000066084	NNC	133	B103392	12768	85.75	0.8792	0.5188	0.855	505
B103399	ENSG00000103316	NNC	133	B103399	2418	61.43	0.5089	0.1267	0.586	505
B103407	ENSG00000142185	NNC	133	B110740	4310	75.83	0.7639	0.3036	0.758	504
B103424	ENSG00000107105	NNC	133	B104988	1675	86.03	0.8571	0.7897	0.795	504
B103467	ENSG00000197980	FSM	132	B103467	12742	50.72	0.1488	0.1190	0.303	504
B103483	ENSG00000149016	FSM	132	B103483	3032	83.18	0.8234	0.5635	0.801	504
B103500	ENSG00000137714	NIC	132	B103500	1170	80.12	0.8056	0.2222	0.794	504
B103544	ENSG00000206120	NIC	132	B103544	21010	78.52	0.7361	0.3730	0.662	504
B103546	ENSG00000078140	NIC	132	B103681	19480	84.66	0.8730	0.5258	0.774	504
B103548	ENSG00000182552	NIC	132	B105811	9353	79.95	0.7857	0.5258	0.747	504
B103563	ENSG00000101811	NIC	132	B103563	15094	60.06	0.5905	0.0000	0.417	503
B103577	ENSG00000186185	NIC	132	B103577	662	62.63	0.4215	0.2505	0.334	503
B103579	ENSG00000153234	NIC	132	B103579	14714	74.94	0.6859	0.3042	0.631	503
B103607	ENSG00000180263	NNC	132	B103607	13121	68.40	0.6155	0.0578	0.507	502
B103626	ENSG00000151353	NNC	132	B109110	14493	76.14	0.6972	0.3028	0.64	502
B103628	ENSG00000265808	NNC	132	B103628	2653	81.36	0.8207	0.3865	0.768	502
B103629	ENSG00000291100	NNC	132	B104833	177	49.97	0.2789	0.0020	0.432	502
B103653	ENSG00000189376	NNC	132	B103653	1472	79.89	0.7649	0.5837	0.763	502
B103662	ENSG00000257727	NNC	132	B102177	4789	88.43	0.8765	0.7809	0.871	502
B103667	ENSG00000125952	NNC	132	B108676	547	45.89	0.0619	0.0140	0.232	501
B103674	ENSG00000198799	NNC	132	B103674	2422	63.44	0.5309	0.1677	0.51	501
B103687	ENSG00000185803	NNC	132	B103687	1740	55.68	0.2156	0.1417	0.296	501
B103688	ENSG00000186638	NNC	132	B103688	8009	91.94	0.9240	0.9120	0.885	500
B103755	ENSG00000291033	FSM	131	B099905	703	38.43	0.0580	0.0160	0.213	500
B103767	ENSG00000115350	FSM	131	B103767	1781	63.13	0.5460	0.0020	0.478	500
B103776	ENSG00000089597	FSM	131	B106256	1780	89.25	0.9218	0.6894	0.862	499
B103794	ENSG00000197063	NIC	131	B094557	16776	63.65	0.6393	0.0000	0.384	499
B103807	ENSG00000069849	NIC	131	B103807	9256	67.15	0.5611	0.4028	0.47	499
B103820	ENSG00000118503	NIC	131	B103820	17787	68.32	0.5663	0.4398	0.639	498
B103822	ENSG00000181450	NIC	131	B103822	9230	73.55	0.6948	0.2851	0.485	498
B103823	ENSG00000143793	NIC	131	B110761	11154	78.25	0.7068	0.6124	0.743	498
B103827	ENSG00000291118	NIC	131	B109490	13974	71.62	0.6546	0.2691	0.439	498
B103865	ENSG00000143198	NIC	131	B103865	7099	67.29	0.7229	0.0000	0.412	498
B103866	ENSG00000169019	NIC	131	B103866	4510	73.29	0.6486	0.4157	0.727	498
B103872	ENSG00000064999	NIC	131	B103872	19991	65.96	0.5674	0.1529	0.269	497
B103875	ENSG00000122779	NIC	131	B110355	2069	80.66	0.7641	0.5464	0.281	496
B103889	ENSG00000137726	NNC	131	B103889	18599	82.34	0.7520	0.5968	0.789	496
B103898	ENSG00000123080	NNC	131	B103898	743	65.90	0.4617	0.3952	0.354	496
B103899	ENSG00000203985	NNC	131	B103899	12183	82.82	0.7984	0.6915	0.645	496
B103918	ENSG00000169228	NNC	131	B103918	958	44.50	0.0464	0.0000	0.178	496
B103942	ENSG00000167186	NNC	131	B103942	10000	58.58	0.4234	0.0121	0.394	496
B103953	ENSG00000028116	NNC	131	B103953	6668	54.44	0.4315	0.0000	0.36	496
B103956	ENSG00000115866	NNC	131	B103956	1795	46.36	0.1290	0.0383	0.235	496
B103999	ENSG00000140575	FSM	130	B103999	624	46.93	0.0990	0.0283	0.205	495
B104004	ENSG00000178607	FSM	130	B104004	15616	56.87	0.4061	0.1414	0.274	495
B104057	ENSG00000140391	NIC	130	B104057	3883	67.18	0.5717	0.2364	0.395	495
B104082	ENSG00000132879	NIC	130	B104082	8035	56.64	0.4465	0.1798	0.344	495
B104097	ENSG00000112308	NIC	130	B104097	1123	83.98	0.8303	0.6242	0.855	495
B104117	ENSG00000133678	NIC	130	B104117	12785	50.68	0.1535	0.1131	0.298	495
B104119	ENSG00000176171	NIC	130	B104119	9023	80.85	0.8219	0.3887	0.713	494
B104130	ENSG00000136104	NIC	130	B104130	4186	67.90	0.6296	0.1093	0.606	494
B104165	ENSG00000205250	NNC	130	B104165	1662	57.42	0.2976	0.0405	0.308	494
B104208	ENSG00000165410	NNC	130	B111517	17273	73.44	0.7505	0.0913	0.623	493
B104231	ENSG00000163618	NNC	130	B104231	3006	68.54	0.5639	0.2657	0.439	493
B104250	ENSG00000106565	NNC	130	B104250	3048	46.69	0.0568	0.0000	0.244	493
B104259	ENSG00000166024	NNC	130	B104259	11328	89.02	0.9390	0.6646	0.838	492
B104299	ENSG00000116580	FSM	129	B104299	1316	45.18	0.0549	0.0000	0.208	492
B104302	ENSG00000163995	FSM	129	B104302	19731	82.46	0.8167	0.5173	0.781	491
B104304	ENSG00000150961	FSM	129	B104304	2306	80.76	0.8208	0.4440	0.817	491
B104314	ENSG00000006459	FSM	129	B107079	19815	64.13	0.5601	0.0000	0.354	491
B104342	ENSG00000274020	FSM	129	B104342	2074	79.63	0.7495	0.5295	0.826	491
B104345	ENSG00000114904	FSM	129	B110816	3772	46.63	0.1690	0.0285	0.302	491
B104351	ENSG00000136750	FSM	129	B104351	16780	65.05	0.5367	0.2531	0.321	490
B104363	ENSG00000162384	NIC	129	B104363	6435	63.52	0.6776	0.0000	0.371	490
B104385	ENSG00000115446	NIC	129	B104385	7278	71.83	0.6122	0.1776	0.606	490
B104431	ENSG00000272419	NIC	129	B105190	2110	66.11	0.5890	0.2270	0.645	489
B104438	ENSG00000112312	NIC	129	B104438	14765	72.78	0.6708	0.3476	0.517	489
B104444	ENSG00000254319	NIC	129	B104444	10414	58.49	0.3947	0.0000	0.321	489
B104446	ENSG00000167110	NIC	129	B104446	12515	77.23	0.7239	0.4438	0.619	489
B104472	ENSG00000134321	NNC	129	B104472	9718	69.20	0.5706	0.3027	0.307	489
B104484	ENSG00000185630	NNC	129	B104484	12985	53.87	0.2168	0.1329	0.36	489
B104495	ENSG00000186479	NNC	129	B109298	5183	69.42	0.6217	0.3395	0.537	489
B104517	ENSG00000099785	NNC	129	B104517	3569	47.17	0.1373	0.0307	0.273	488
B104520	ENSG00000142552	NNC	129	B104520	2572	72.09	0.6045	0.4693	0.683	488
B104534	ENSG00000172785	NNC	129	B108170	1930	80.23	0.7561	0.5615	0.293	488
B104535	ENSG00000286264	NNC	129	B104535	12174	84.74	0.8627	0.5328	0.758	488
B104555	ENSG00000225663	FSM	128	B104555	4112	77.23	0.7618	0.3634	0.772	487
B104562	ENSG00000134324	FSM	128	B107060	600	46.44	0.0513	0.0000	0.211	487
B104573	ENSG00000132677	FSM	128	B104573	583	47.12	0.0432	0.0082	0.207	486
B104578	ENSG00000120333	FSM	128	B104578	7788	94.95	0.9897	0.9259	0.935	486
B104605	ENSG00000121680	FSM	128	B106836	3102	73.05	0.6337	0.2531	0.719	486
B104630	ENSG00000111540	NIC	128	B104659	7102	55.15	0.2572	0.1667	0.266	486
B104631	ENSG00000169372	NIC	128	B111180	12111	62.57	0.4938	0.2160	0.64	486
B104649	ENSG00000119862	NIC	128	B107480	448	45.57	0.0288	0.0000	0.183	486
B104657	ENSG00000184787	NIC	128	B104657	13451	72.21	0.6330	0.4948	0.54	485
B104663	ENSG00000116741	NIC	128	B104663	8474	52.45	0.3093	0.0000	0.293	485
B104667	ENSG00000169131	NIC	128	B104667	3549	62.45	0.4309	0.1649	0.312	485
B104677	ENSG00000253250	NIC	128	B110716	1357	58.51	0.4206	0.1897	0.519	485
B104682	ENSG00000158122	NIC	128	B104682	5335	80.30	0.8144	0.4990	0.788	485
B104695	ENSG00000262246	NIC	128	B104695	5207	73.43	0.7052	0.4165	0.576	485
B104709	ENSG00000088543	NIC	128	B104709	1342	80.21	0.7526	0.3649	0.299	485
B104751	ENSG00000138814	NNC	128	B104751	2511	68.49	0.5930	0.3450	0.632	484
B104776	ENSG00000184787	NNC	128	B104776	9282	79.56	0.7438	0.5496	0.759	484
B104778	ENSG00000184983	NNC	128	B107837	1876	84.11	0.8595	0.5331	0.705	484
B104827	ENSG00000151353	FSM	127	B109110	13209	50.61	0.2128	0.0124	0.293	484
B104852	ENSG00000145908	FSM	127	B104852	18332	70.61	0.7273	0.0000	0.359	484
B104854	ENSG00000164506	FSM	127	B104854	4966	55.97	0.3602	0.0932	0.256	483
B104864	ENSG00000133678	FSM	127	B105975	13114	89.96	0.9627	0.6749	0.835	483
B104866	ENSG00000133818	FSM	127	B104866	18314	95.04	0.9876	0.9130	0.918	483
B104876	ENSG00000160602	FSM	127	B104876	1843	73.47	0.7122	0.0186	0.558	483
B104890	ENSG00000160293	FSM	127	B104890	12172	57.65	0.3458	0.2257	0.331	483
B104905	ENSG00000189050	NIC	127	B104905	13102	84.01	0.8613	0.6749	0.417	483
B104911	ENSG00000213096	NIC	127	B104911	12412	88.90	0.8758	0.7516	0.871	483
B104917	ENSG00000115541	NIC	127	B104917	17020	61.78	0.4783	0.0952	0.533	483
B104923	ENSG00000205643	NIC	127	B104923	3437	58.80	0.4410	0.1801	0.404	483
B104932	ENSG00000235109	NIC	127	B104932	19694	87.63	0.9232	0.5996	0.801	482
B104941	ENSG00000213551	NIC	127	B104941	8625	78.98	0.7241	0.6494	0.744	482
B104992	ENSG00000167515	NNC	127	B104992	1979	90.92	0.9523	0.7365	0.848	482
B104999	ENSG00000158411	NNC	127	B104999	7206	65.03	0.5498	0.4419	0.606	482
B105036	ENSG00000291080	NNC	127	B105036	5181	64.22	0.6307	0.0000	0.36	482
B105039	ENSG00000129083	NNC	127	B105039	14511	62.07	0.5301	0.3243	0.432	481
B105044	ENSG00000197045	NNC	127	B105044	8856	73.39	0.7588	0.1060	0.408	481
B105047	ENSG00000103226	NNC	127	B105831	3383	61.63	0.4823	0.1726	0.382	481
B105056	ENSG00000105698	NNC	127	B105056	3355	68.99	0.6071	0.3576	0.382	481
B105070	ENSG00000095209	NNC	127	B105070	966	46.10	0.0750	0.0000	0.209	480
B105083	ENSG00000135424	FSM	126	B105083	14565	64.34	0.6271	0.0000	0.339	480
B105111	ENSG00000115541	FSM	126	B112204	14574	83.43	0.8208	0.5833	0.785	480
B105133	ENSG00000148356	FSM	126	B105133	1034	57.80	0.3507	0.2129	0.423	479
B105182	ENSG00000214087	NIC	126	B105182	8724	69.51	0.5720	0.3027	0.306	479
B105183	ENSG00000101608	NIC	126	B105183	2578	58.95	0.3570	0.1482	0.345	479
B105191	ENSG00000115540	NIC	126	B105191	16483	79.77	0.9311	0.0000	0.388	479
B105202	ENSG00000154277	NIC	126	B105202	14943	76.94	0.7469	0.4247	0.653	478
B105216	ENSG00000064393	NIC	126	B105216	2701	75.26	0.7170	0.5262	0.716	477
B105234	ENSG00000140931	NIC	126	B105234	10780	66.46	0.5157	0.3459	0.374	477
B105246	ENSG00000176024	NIC	126	B105246	2807	88.71	0.9161	0.7002	0.857	477
B105247	ENSG00000130725	NIC	126	B110652	4036	77.87	0.7479	0.4979	0.725	476
B105250	ENSG00000088930	NIC	126	B105250	17006	63.36	0.5273	0.1492	0.516	476
B105277	ENSG00000167550	NNC	126	B105277	6635	62.53	0.5357	0.1471	0.404	476
B105323	ENSG00000174886	NNC	126	B105323	8305	85.12	0.8424	0.6071	0.653	476
B105327	ENSG00000160679	NNC	126	B105327	14135	65.87	0.6218	0.0483	0.398	476
B105332	ENSG00000154277	NNC	126	B105332	9125	84.19	0.8487	0.5336	0.757	476
B105380	ENSG00000273045	FSM	125	B112389	2502	79.67	0.7832	0.4147	0.811	475
B105390	ENSG00000150753	FSM	125	B105390	6311	56.85	0.3789	0.0800	0.352	475
B105447	ENSG00000170043	NIC	125	B106612	1170	76.46	0.7368	0.1768	0.759	475
B105486	ENSG00000158623	NIC	125	B105486	1626	56.18	0.3705	0.0126	0.38	475
B105522	ENSG00000124596	NIC	125	B105522	1478	73.86	0.6646	0.3629	0.746	474
B105533	ENSG00000174903	NIC	125	B105533	7458	74.74	0.6835	0.2595	0.628	474
B105539	ENSG00000104164	NNC	125	B105539	18791	68.04	0.6456	0.0570	0.435	474
B105561	ENSG00000109332	NNC	125	B111235	2353	83.14	0.8165	0.6456	0.794	474
B105620	ENSG00000145247	NNC	125	B105620	12759	88.71	0.9006	0.7759	0.881	473
B105622	ENSG00000291055	NNC	125	B105622	14097	57.65	0.4017	0.2326	0.39	473
B105624	ENSG00000172201	NNC	125	B108761	13226	92.17	0.9556	0.7907	0.837	473
B105654	ENSG00000189164	FSM	124	B109070	11155	80.49	0.7949	0.4989	0.639	473
B105667	ENSG00000163406	FSM	124	B110853	6005	77.28	0.7273	0.5074	0.599	473
B105712	ENSG00000169213	NIC	124	B105861	21888	87.12	0.8771	0.7373	0.834	472
B105730	ENSG00000185813	NIC	124	B105730	8521	88.30	0.8877	0.6631	0.903	472
B105738	ENSG00000170889	NIC	124	B105738	1049	79.93	0.7839	0.4131	0.681	472
B105739	ENSG00000173163	NIC	124	B105739	10898	73.96	0.6794	0.3843	0.454	471
B105743	ENSG00000101236	NIC	124	B111769	12279	56.79	0.2590	0.1699	0.279	471
B105748	ENSG00000154642	NIC	124	B105748	6257	84.85	0.8641	0.5605	0.831	471
B105763	ENSG00000112208	NIC	124	B105763	1823	66.77	0.4628	0.3715	0.304	471
B105818	ENSG00000147676	NIC	124	B107191	10665	77.80	0.7134	0.4098	0.52	471
B105836	ENSG00000213096	NNC	124	B105836	12890	70.35	0.7643	0.0000	0.378	471
B105839	ENSG00000079385	NNC	124	B110595	11964	86.99	0.8769	0.7176	0.627	471
B105862	ENSG00000172062	NNC	124	B105862	24708	71.11	0.6277	0.2894	0.495	470
B105867	ENSG00000187554	NNC	124	B105867	17108	87.74	0.9000	0.6638	0.7	470
B105873	ENSG00000175376	NNC	124	B109029	360	42.43	0.0000	0.0000	0.138	470
B105901	ENSG00000204623	NNC	124	B107990	5948	74.10	0.7362	0.2957	0.741	470
B105914	ENSG00000149300	FSM	123	B110404	18759	79.16	0.6994	0.5586	0.748	469
B105962	ENSG00000173041	FSM	123	B105962	1290	42.51	0.0021	0.0000	0.146	469
B105972	ENSG00000044446	FSM	123	B105972	13350	39.26	0.0597	0.0000	0.246	469
B105973	ENSG00000077721	FSM	123	B105973	1752	46.03	0.0874	0.0000	0.22	469
B105991	ENSG00000120756	FSM	123	B105991	474	57.80	0.3761	0.0192	0.268	468
B106022	ENSG00000162976	NIC	123	B111953	12882	77.70	0.7222	0.5962	0.575	468
B106052	ENSG00000104231	NIC	123	B106052	14073	75.43	0.7201	0.2842	0.645	468
B106057	ENSG00000142733	NIC	123	B106057	2710	60.34	0.4017	0.2479	0.345	468
B106059	ENSG00000175376	NIC	123	B106059	3095	78.88	0.7479	0.6154	0.514	468
B106100	ENSG00000198932	NIC	123	B106100	3763	76.36	0.7756	0.2179	0.737	468
B106101	ENSG00000214026	NIC	123	B106101	2109	61.66	0.4957	0.2201	0.335	468
B106126	ENSG00000173209	NNC	123	B106126	14048	72.50	0.6603	0.3868	0.596	468
B106127	ENSG00000168894	NNC	123	B106127	10069	56.07	0.3953	0.0000	0.303	468
B106136	ENSG00000146263	NNC	123	B106136	2527	81.05	0.8223	0.2805	0.734	467
B106138	ENSG00000290832	NNC	123	B107952	1763	78.35	0.7923	0.2420	0.743	467
B106194	ENSG00000155792	NNC	123	B106194	12490	51.19	0.2355	0.0771	0.325	467
B106210	ENSG00000166455	FSM	122	B108292	4040	85.55	0.8844	0.5675	0.832	467
B106248	ENSG00000165169	FSM	122	B112101	3894	87.77	0.8801	0.7944	0.849	467
B106253	ENSG00000126705	FSM	122	B106253	6675	89.58	0.9464	0.7082	0.802	466
B106268	ENSG00000203943	FSM	122	B111939	19141	91.25	0.9464	0.7446	0.921	466
B106272	ENSG00000115839	FSM	122	B106272	760	76.23	0.7103	0.3112	0.281	466
B106276	ENSG00000131375	FSM	122	B106494	6734	78.80	0.7554	0.5343	0.585	466
B106283	ENSG00000196632	FSM	122	B106507	1402	83.43	0.8348	0.4142	0.289	466
B106290	ENSG00000007376	NIC	122	B103716	14295	60.12	0.5172	0.2489	0.439	466
B106321	ENSG00000164305	NIC	122	B106321	1885	68.16	0.5386	0.4163	0.6	466
B106329	ENSG00000119048	NIC	122	B106329	11411	91.38	0.9376	0.7548	0.896	465
B106358	ENSG00000285331	NIC	122	B110783	3124	88.17	0.9097	0.7333	0.759	465
B106374	ENSG00000114902	NIC	122	B102287	4034	66.70	0.4645	0.2086	0.346	465
B106411	ENSG00000101247	NNC	122	B106411	12510	81.26	0.8151	0.5355	0.648	465
B106416	ENSG00000143183	NNC	122	B106416	512	52.47	0.3204	0.0000	0.232	465
B106441	ENSG00000084710	NNC	122	B106441	1272	56.83	0.3247	0.2086	0.323	465
B106480	ENSG00000105647	FSM	121	B106480	474	58.36	0.3935	0.0387	0.271	465
B106504	ENSG00000143761	FSM	121	B108919	2029	57.41	0.3677	0.0280	0.482	465
B106520	ENSG00000015568	FSM	121	B112549	9702	84.60	0.8276	0.7220	0.816	464
B106522	ENSG00000126005	FSM	121	B112811	447	91.02	0.9440	0.7629	0.891	464
B106535	ENSG00000092098	NIC	121	B106535	13010	92.59	0.9330	0.8553	0.897	463
B106536	ENSG00000125375	NIC	121	B106536	1996	69.13	0.6091	0.2981	0.576	463
B106549	ENSG00000128789	NIC	121	B106549	2293	54.71	0.3290	0.0974	0.282	462
B106558	ENSG00000173418	NIC	121	B106558	10540	90.14	0.9242	0.8225	0.877	462
B106559	ENSG00000182093	NIC	121	B108069	8547	81.64	0.7835	0.5498	0.786	462
B106560	ENSG00000128245	NIC	121	B106560	1094	74.24	0.6710	0.4177	0.726	462
B106566	ENSG00000114744	NIC	121	B106566	1659	84.16	0.8398	0.5411	0.31	462
B106571	ENSG00000109332	NIC	121	B106626	734	49.91	0.1494	0.0000	0.244	462
B106587	ENSG00000157224	NIC	121	B106587	3412	92.10	0.9437	0.8485	0.888	462
B106614	ENSG00000132005	NIC	121	B111998	7496	72.45	0.6688	0.4567	0.64	462
B106699	ENSG00000128973	NNC	121	B106699	14313	41.33	0.0887	0.0000	0.286	462
B106700	ENSG00000117971	NNC	121	B106700	11844	90.78	0.9458	0.7354	0.902	461
B106702	ENSG00000103266	NNC	121	B106702	1116	74.41	0.7007	0.3297	0.709	461
B106713	ENSG00000176024	NNC	121	B106713	2449	80.22	0.7462	0.5683	0.652	461
B106721	ENSG00000143198	NNC	121	B106721	6747	71.69	0.7809	0.0022	0.426	461
B106748	ENSG00000047578	FSM	120	B106748	1111	51.51	0.2278	0.0651	0.235	461
B106776	ENSG00000168273	FSM	120	B113372	7787	85.24	0.7918	0.6421	0.874	461
B106788	ENSG00000009954	FSM	120	B106788	19926	91.16	0.9566	0.7679	0.882	461
B106811	ENSG00000139746	FSM	120	B106811	10682	79.89	0.7874	0.4967	0.827	461
B106827	ENSG00000164659	FSM	120	B109987	19866	57.36	0.5119	0.0000	0.373	461
B106833	ENSG00000166228	FSM	120	B106833	16449	64.85	0.5315	0.2516	0.548	461
B106842	ENSG00000205352	NIC	120	B112111	19139	68.61	0.5326	0.3522	0.396	460
B106843	ENSG00000123080	NIC	120	B110032	984	56.05	0.2630	0.2326	0.343	460
B106845	ENSG00000258289	NIC	120	B106845	13819	85.39	0.8913	0.4696	0.804	460
B106878	ENSG00000189007	NIC	120	B108167	1558	57.82	0.2826	0.0957	0.274	460
B106884	ENSG00000155621	NIC	120	B106884	11299	86.93	0.8870	0.7565	0.827	460
B106899	ENSG00000205659	NIC	120	B109896	13427	95.81	0.9935	0.9630	0.92	459
B106914	ENSG00000114125	NIC	120	B106914	2550	64.53	0.4357	0.3856	0.485	459
B106926	ENSG00000152904	NIC	120	B109305	1454	52.74	0.2353	0.0283	0.22	459
B106938	ENSG00000137714	NNC	120	B110637	1579	56.63	0.3094	0.1503	0.315	459
B106947	ENSG00000291053	NNC	120	B106947	7295	92.42	0.9412	0.8366	0.891	459
B106954	ENSG00000101557	NNC	120	B106954	613	73.80	0.6427	0.2048	0.346	459
B106972	ENSG00000106245	NNC	120	B106972	14693	78.63	0.7429	0.4749	0.648	459
B107010	ENSG00000178585	NNC	120	B107010	4774	94.38	0.9716	0.9017	0.929	458
B107024	ENSG00000145982	NNC	120	B107024	3899	92.44	0.9672	0.8581	0.893	458
B107053	ENSG00000105289	FSM	119	B107053	13772	63.21	0.4651	0.0371	0.41	458
B107067	ENSG00000284130	FSM	119	B105196	12669	74.61	0.6812	0.5328	0.636	458
B107098	ENSG00000213246	FSM	119	B110217	5930	77.41	0.6747	0.5939	0.696	458
B107137	ENSG00000186665	NIC	119	B107137	13664	74.66	0.6528	0.6048	0.54	458
B107178	ENSG00000135324	NIC	119	B107178	16340	84.92	0.8100	0.7052	0.812	458
B107194	ENSG00000107371	NIC	119	B107194	1795	93.32	0.9607	0.8777	0.879	458
B107200	ENSG00000198105	NIC	119	B107200	3109	85.74	0.8493	0.6376	0.768	458
B107213	ENSG00000197568	NIC	119	B107213	14983	85.32	0.8362	0.7249	0.826	458
B107226	ENSG00000145782	NIC	119	B112298	216	41.72	0.0000	0.0000	0.146	458
B107244	ENSG00000128872	NNC	119	B107244	16753	84.91	0.7790	0.6630	0.714	457
B107253	ENSG00000174151	NNC	119	B107253	916	80.86	0.7768	0.6236	0.79	457
B107278	ENSG00000135002	NNC	119	B107278	864	66.67	0.5580	0.2407	0.658	457
B107334	ENSG00000253313	FSM	118	B112670	1553	84.36	0.7877	0.6718	0.813	457
B107338	ENSG00000285331	FSM	118	B107338	16877	70.96	0.6206	0.1535	0.491	456
B107366	ENSG00000145740	FSM	118	B107366	14480	81.54	0.8070	0.7127	0.772	456
B107388	ENSG00000084112	FSM	118	B107388	19175	80.43	0.7763	0.4605	0.645	456
B107390	ENSG00000132849	FSM	118	B107390	3672	56.83	0.3209	0.2044	0.384	455
B107407	ENSG00000136738	FSM	118	B107407	11753	59.12	0.5560	0.0000	0.359	455
B107411	ENSG00000057294	NIC	118	B107411	489	46.25	0.1407	0.0330	0.259	455
B107431	ENSG00000226763	NIC	118	B107431	107	37.40	0.0000	0.0000	0.126	454
B107443	ENSG00000160679	NIC	118	B112601	2107	90.31	0.9185	0.8084	0.862	454
B107481	ENSG00000197223	NIC	118	B111293	6078	84.67	0.8414	0.6762	0.806	454
B107500	ENSG00000166997	NIC	118	B108922	5607	82.28	0.7974	0.6542	0.808	454
B107512	ENSG00000170291	NNC	118	B107512	2612	76.27	0.6976	0.5982	0.726	453
B107533	ENSG00000189007	NNC	118	B107533	13521	60.93	0.5453	0.0044	0.399	453
B107546	ENSG00000110756	NNC	118	B107546	4275	53.88	0.3135	0.1876	0.343	453
B107550	ENSG00000075856	NNC	118	B107550	9786	84.90	0.8208	0.6350	0.853	452
B107562	ENSG00000104808	NNC	118	B107562	923	89.95	0.9204	0.8009	0.852	452
B107585	ENSG00000173726	NNC	118	B107585	11432	53.13	0.4027	0.0000	0.285	452
B107595	ENSG00000198830	NNC	118	B107595	21144	83.33	0.8252	0.6261	0.714	452
B107652	ENSG00000253250	FSM	117	B110716	1196	64.41	0.5088	0.1504	0.443	452
B107663	ENSG00000130779	FSM	117	B113305	12904	86.78	0.8891	0.7428	0.825	451
B107689	ENSG00000167272	NIC	117	B107689	3377	68.12	0.5366	0.3703	0.56	451
B107717	ENSG00000173209	NIC	117	B107717	2740	69.79	0.5898	0.2993	0.385	451
B107719	ENSG00000091409	NIC	117	B107719	10337	71.13	0.6674	0.1707	0.67	451
B107737	ENSG00000114867	NIC	117	B107737	14733	71.03	0.5898	0.4213	0.403	451
B107755	ENSG00000135002	NIC	117	B107755	14696	95.77	0.9800	0.9578	0.923	450
B107766	ENSG00000126705	NIC	117	B112330	6743	87.35	0.8733	0.6156	0.876	450
B107776	ENSG00000133027	NIC	117	B107776	2303	87.50	0.8911	0.7044	0.777	450
B107792	ENSG00000143553	NIC	117	B107792	19205	79.14	0.7689	0.5533	0.529	450
B107798	ENSG00000184840	NIC	117	B107798	13078	58.86	0.5267	0.0356	0.368	450
B107809	ENSG00000117318	NIC	117	B111554	8553	78.86	0.7667	0.3644	0.533	450
B107815	ENSG00000139496	NNC	117	B107815	17373	57.91	0.4378	0.0489	0.386	450
B107825	ENSG00000198342	NNC	117	B103951	1689	69.81	0.5778	0.0511	0.682	450
B107828	ENSG00000151693	NNC	117	B107828	10631	96.63	0.9978	0.9555	0.934	449
B107835	ENSG00000274265	NNC	117	B107835	830	73.89	0.6927	0.2183	0.66	449
B107848	ENSG00000137210	NNC	117	B107848	1449	72.91	0.6637	0.1626	0.718	449
B107853	ENSG00000135549	NNC	117	B107853	2900	84.72	0.8664	0.4833	0.284	449
B107857	ENSG00000291149	NNC	117	B107857	3169	89.07	0.8664	0.7528	0.83	449
B107859	ENSG00000135048	NNC	117	B107859	2897	71.96	0.6281	0.2962	0.368	449
B107862	ENSG00000166181	NNC	117	B107862	19793	78.65	0.7973	0.2784	0.557	449
B107879	ENSG00000025156	NNC	117	B112995	3425	75.55	0.7439	0.0935	0.589	449
B107892	ENSG00000019995	NNC	117	B107892	86	46.87	0.0469	0.0000	0.185	448
B107909	ENSG00000166938	FSM	116	B107909	6901	76.37	0.6964	0.6562	0.716	448
B107920	ENSG00000008869	FSM	116	B107920	10255	62.01	0.4598	0.4085	0.424	448
B107927	ENSG00000205581	FSM	116	B107927	1894	52.77	0.2879	0.0647	0.396	448
B107942	ENSG00000237190	FSM	116	B111737	13861	92.23	0.9754	0.7857	0.903	448
B107945	ENSG00000204569	FSM	116	B107945	25508	88.31	0.9353	0.5982	0.542	448
B107961	ENSG00000182518	FSM	116	B109141	285	83.10	0.8438	0.4978	0.284	448
B108000	ENSG00000111196	NIC	116	B108000	1485	67.09	0.5414	0.4564	0.578	447
B108036	ENSG00000171729	NIC	116	B108036	19899	65.82	0.5145	0.1208	0.483	447
B108043	ENSG00000167700	NIC	116	B108043	1314	72.71	0.6734	0.3378	0.726	447
B108044	ENSG00000164970	NIC	116	B109150	1335	76.92	0.7673	0.2237	0.536	447
B108049	ENSG00000198692	NIC	116	B111869	14687	89.86	0.9172	0.7897	0.866	447
B108054	ENSG00000173992	NIC	116	B108054	2564	69.99	0.6286	0.3132	0.651	447
B108078	ENSG00000155329	NIC	116	B112060	1383	59.41	0.3714	0.2953	0.412	447
B108083	ENSG00000290989	NIC	116	B111500	15174	83.64	0.8076	0.5884	0.732	447
B108094	ENSG00000149483	NIC	116	B108094	1271	78.89	0.7489	0.3229	0.312	446
B108101	ENSG00000167863	NNC	116	B102096	10741	60.45	0.4776	0.2848	0.535	446
B108103	ENSG00000101608	NNC	116	B108103	13627	78.94	0.7623	0.4574	0.582	446
B108113	ENSG00000114650	NNC	116	B108113	8680	66.47	0.6659	0.0269	0.427	446
B108117	ENSG00000135828	NNC	116	B108117	828	56.30	0.2175	0.1637	0.3	446
B108118	ENSG00000112245	NNC	116	B108118	6335	74.45	0.6480	0.4193	0.527	446
B108129	ENSG00000175352	NNC	116	B108129	13353	49.79	0.1592	0.0000	0.319	446
B108131	ENSG00000133315	NNC	116	B108131	19539	78.18	0.8000	0.3573	0.674	445
B108132	ENSG00000167612	NNC	116	B108132	3369	94.59	1.0000	0.9011	0.857	445
B108136	ENSG00000140092	NNC	116	B108136	7185	91.78	0.9573	0.7663	0.849	445
B108152	ENSG00000170264	NNC	116	B108152	6587	94.59	0.9775	0.9393	0.933	445
B108159	ENSG00000088543	NNC	116	B108159	14866	55.92	0.3596	0.0000	0.325	445
B108175	ENSG00000171307	NNC	116	B108175	15057	80.54	0.7685	0.7191	0.779	445
B108226	ENSG00000234745	FSM	115	B108226	15070	84.64	0.8401	0.5878	0.74	444
B108288	ENSG00000245750	NIC	115	B108288	14456	94.02	0.9640	0.8851	0.9	444
B108304	ENSG00000168894	NIC	115	B108304	6748	74.50	0.6982	0.4459	0.691	444
B108316	ENSG00000145335	NIC	115	B109213	5543	76.70	0.6982	0.3694	0.787	444
B108326	ENSG00000164627	NIC	115	B108326	10417	56.59	0.3536	0.0023	0.327	444
B108328	ENSG00000122565	NIC	115	B110101	2142	77.43	0.7050	0.4212	0.828	444
B108339	ENSG00000182518	NIC	115	B109234	13696	91.73	0.9437	0.8266	0.853	444
B108387	ENSG00000204065	NIC	115	B109996	624	63.54	0.3679	0.2528	0.365	443
B108403	ENSG00000225663	NNC	115	B108449	1482	65.49	0.5350	0.2641	0.455	443
B108409	ENSG00000144063	NNC	115	B108409	24806	89.50	0.8804	0.7991	0.755	443
B108413	ENSG00000291147	NNC	115	B108413	12815	84.32	0.8104	0.7359	0.752	443
B108424	ENSG00000163041	NNC	115	B114696	2915	70.23	0.5869	0.3815	0.607	443
B108443	ENSG00000132376	NNC	115	B108443	13456	85.99	0.8442	0.7336	0.832	443
B108465	ENSG00000243927	NNC	115	B108808	3829	85.70	0.8781	0.5734	0.862	443
B108466	ENSG00000130540	NNC	115	B108466	5191	79.48	0.7127	0.5950	0.806	442
B108482	ENSG00000101850	NNC	115	B108482	3767	72.89	0.6878	0.1290	0.457	442
B108511	ENSG00000138081	FSM	114	B108511	5696	64.13	0.4774	0.3529	0.527	442
B108526	ENSG00000134987	FSM	114	B108526	4197	85.19	0.8303	0.5407	0.631	442
B108536	ENSG00000254319	FSM	114	B108536	1403	75.21	0.7217	0.4887	0.729	442
B108559	ENSG00000113615	FSM	114	B108559	697	63.09	0.3869	0.2172	0.266	442
B108564	ENSG00000020922	FSM	114	B108564	7505	82.59	0.8778	0.3665	0.805	442
B108575	ENSG00000159248	NIC	114	B108575	11286	53.39	0.4253	0.0226	0.381	442
B108581	ENSG00000103018	NIC	114	B108581	14406	85.68	0.8281	0.7692	0.833	442
B108598	ENSG00000173744	NIC	114	B113970	297	55.61	0.2217	0.0950	0.276	442
B108603	ENSG00000184900	NIC	114	B110334	7751	68.29	0.5995	0.1471	0.587	442
B108664	ENSG00000178381	NIC	114	B108664	1314	51.09	0.3145	0.1380	0.41	442
B108700	ENSG00000251595	NNC	114	B108700	11261	49.10	0.1674	0.0023	0.25	442
B108718	ENSG00000290439	NNC	114	B108718	13625	56.18	0.4444	0.0068	0.346	441
B108725	ENSG00000111247	NNC	114	B108725	193	46.46	0.0499	0.0204	0.226	441
B108729	ENSG00000258289	NNC	114	B108729	1326	49.30	0.1905	0.1224	0.3	441
B108735	ENSG00000203943	NNC	114	B111939	12381	56.30	0.2562	0.1859	0.279	441
B108811	ENSG00000114125	FSM	113	B113560	5485	75.82	0.6553	0.2494	0.459	441
B108869	ENSG00000187391	FSM	113	B108869	17979	87.45	0.9342	0.5986	0.47	441
B108877	ENSG00000213463	NIC	113	B102317	1056	87.13	0.8614	0.7636	0.822	440
B108912	ENSG00000075651	NIC	113	B108912	7586	70.52	0.5727	0.0932	0.61	440
B108917	ENSG00000204623	NIC	113	B108917	14540	86.74	0.8750	0.5636	0.832	440
B108939	ENSG00000172922	NIC	113	B108939	2460	91.66	0.9568	0.7977	0.905	440
B108942	ENSG00000111371	NIC	113	B108942	32973	68.45	0.6091	0.1682	0.558	440
B108954	ENSG00000274265	NIC	113	B108954	3037	58.27	0.3659	0.1318	0.342	440
B108999	ENSG00000168393	NNC	113	B108999	2300	74.81	0.6818	0.4023	0.566	440
B109013	ENSG00000177932	NNC	113	B109013	554	45.56	0.0182	0.0000	0.177	440
B109023	ENSG00000253250	NNC	113	B110716	10343	73.06	0.7000	0.2955	0.36	440
B109051	ENSG00000168256	NNC	113	B114119	2156	86.41	0.8659	0.6955	0.611	440
B109086	ENSG00000165915	NNC	113	B109086	15850	73.77	0.7000	0.4818	0.667	440
B109112	ENSG00000162869	FSM	112	B109112	631	88.06	0.9091	0.6591	0.786	440
B109171	ENSG00000110218	NIC	112	B109171	5554	60.09	0.3841	0.2273	0.383	440
B109181	ENSG00000058799	NIC	112	B109181	3673	66.74	0.5513	0.0706	0.337	439
B109216	ENSG00000164615	NIC	112	B109216	3511	77.08	0.6993	0.4966	0.769	439
B109233	ENSG00000069509	NIC	112	B109233	10582	51.99	0.2870	0.0000	0.388	439
B109249	ENSG00000161888	NIC	112	B109249	4195	79.36	0.8246	0.2528	0.676	439
B109250	ENSG00000257591	NIC	112	B113404	4641	82.44	0.8474	0.4282	0.747	439
B109253	ENSG00000151353	NIC	112	B109253	892	67.87	0.5353	0.4419	0.528	439
B109259	ENSG00000254806	NIC	112	B109259	10626	80.70	0.8087	0.4647	0.717	439
B109261	ENSG00000241484	NIC	112	B109261	16471	72.52	0.6355	0.5011	0.549	439
B109274	ENSG00000198830	NIC	112	B115427	3587	77.10	0.7540	0.1617	0.592	439
B109277	ENSG00000185559	NNC	112	B109277	2845	80.87	0.7745	0.5011	0.762	439
B109287	ENSG00000119862	NNC	112	B109657	11812	72.12	0.7654	0.0000	0.362	439
B109318	ENSG00000102978	NNC	112	B109318	1909	68.57	0.5535	0.3052	0.452	439
B109326	ENSG00000080189	NNC	112	B109326	13159	56.07	0.4510	0.0182	0.395	439
B109352	ENSG00000047621	FSM	111	B109352	1646	91.29	0.9589	0.7626	0.644	438
B109371	ENSG00000214087	FSM	111	B108102	6558	85.60	0.8516	0.7466	0.844	438
B109381	ENSG00000088876	FSM	111	B109381	20292	90.39	0.9132	0.8059	0.745	438
B109388	ENSG00000290920	FSM	111	B109388	17818	79.04	0.7192	0.5616	0.686	438
B109433	ENSG00000274265	FSM	111	B112003	20694	87.37	0.9064	0.5685	0.813	438
B109469	ENSG00000144063	NIC	111	B113411	2307	57.22	0.3767	0.2534	0.52	438
B109476	ENSG00000178057	NIC	111	B109476	10299	58.76	0.3447	0.2352	0.278	438
B109537	ENSG00000197021	NIC	111	B109537	1751	72.74	0.6438	0.4954	0.604	438
B109590	ENSG00000130707	NNC	111	B109590	308	46.32	0.1259	0.0458	0.251	437
B109612	ENSG00000115364	NNC	111	B109612	20305	85.29	0.8673	0.5950	0.511	437
B109613	ENSG00000101189	NNC	111	B109613	3080	92.65	0.9794	0.7963	0.923	437
B109618	ENSG00000183474	NNC	111	B109618	3261	61.07	0.4508	0.0000	0.397	437
B109661	ENSG00000054356	FSM	110	B109661	1027	69.45	0.6041	0.2883	0.525	437
B109667	ENSG00000145246	FSM	110	B109667	3640	77.06	0.7529	0.2563	0.611	437
B109683	ENSG00000147316	FSM	110	B109683	3957	71.44	0.6628	0.1055	0.269	436
B109697	ENSG00000148634	FSM	110	B109697	3290	87.02	0.9060	0.5803	0.77	436
B109722	ENSG00000057935	FSM	110	B109722	8208	79.87	0.7936	0.4885	0.744	436
B109729	ENSG00000094975	FSM	110	B112008	2579	77.35	0.7179	0.4106	0.555	436
B109750	ENSG00000116717	NIC	110	B109750	14216	57.59	0.3532	0.1927	0.289	436
B109755	ENSG00000167515	NIC	110	B114117	23805	77.48	0.8440	0.0000	0.369	436
B109758	ENSG00000181007	NIC	110	B109758	3852	57.03	0.3945	0.2156	0.489	436
B109765	ENSG00000135900	NIC	110	B109765	316	34.97	0.0757	0.0000	0.229	436
B109794	ENSG00000112245	NIC	110	B115215	2493	61.59	0.3509	0.3211	0.436	436
B109809	ENSG00000172663	NIC	110	B109809	559	50.40	0.0460	0.0000	0.184	435
B109847	ENSG00000257390	NNC	110	B109847	1283	53.13	0.2529	0.0000	0.407	435
B109856	ENSG00000291110	NNC	110	B113772	1630	58.48	0.3494	0.1862	0.391	435
B109876	ENSG00000109180	NNC	110	B109876	11085	66.67	0.6161	0.1793	0.386	435
B109880	ENSG00000113580	NNC	110	B109880	8669	95.64	0.9908	0.9149	0.917	435
B109901	ENSG00000108389	NNC	110	B109901	8392	84.23	0.8871	0.3871	0.778	434
B109902	ENSG00000261408	NNC	110	B110356	6310	72.05	0.6129	0.5714	0.681	434
B109918	ENSG00000188338	NNC	110	B109918	16779	72.27	0.5576	0.4332	0.622	434
B109919	ENSG00000114744	NNC	110	B110071	16582	65.84	0.6060	0.0184	0.434	434
B109978	ENSG00000067113	FSM	109	B109978	21969	78.55	0.7097	0.6406	0.758	434
B109982	ENSG00000145996	FSM	109	B109982	510	39.64	0.0138	0.0000	0.201	434
B109984	ENSG00000135549	FSM	109	B112363	9819	68.75	0.5658	0.4088	0.591	433
B110029	ENSG00000149300	NIC	109	B110404	8344	81.59	0.8776	0.2402	0.704	433
B110035	ENSG00000197045	NIC	109	B111620	2481	61.50	0.4065	0.0924	0.462	433
B110037	ENSG00000119616	NIC	109	B110037	10437	87.11	0.9007	0.5889	0.804	433
B110045	ENSG00000278535	NIC	109	B105601	22569	84.61	0.8776	0.4781	0.807	433
B110063	ENSG00000291147	NIC	109	B110063	13595	64.07	0.4619	0.3510	0.442	433
B110107	ENSG00000243927	NIC	109	B112134	10470	61.63	0.3949	0.2587	0.433	433
B110138	ENSG00000189050	NNC	109	B110138	25743	72.84	0.5579	0.2546	0.713	432
B110148	ENSG00000205559	NNC	109	B110148	8208	89.85	0.9097	0.8449	0.873	432
B110154	ENSG00000198961	NNC	109	B114043	11141	85.65	0.8889	0.5139	0.747	432
B110156	ENSG00000104714	NNC	109	B111854	8657	78.70	0.7639	0.4213	0.796	432
B110162	ENSG00000187079	NNC	109	B110162	1208	76.49	0.7014	0.4861	0.315	432
B110180	ENSG00000168887	NNC	109	B110180	9784	87.87	0.8306	0.7564	0.809	431
B110182	ENSG00000100147	NNC	109	B110182	3437	89.61	0.9023	0.7953	0.659	430
B110219	ENSG00000226025	FSM	108	B110219	5143	79.72	0.7465	0.5907	0.591	430
B110230	ENSG00000082781	FSM	108	B110230	1220	53.54	0.2116	0.0419	0.229	430
B110234	ENSG00000291055	FSM	108	B110234	7278	70.21	0.6000	0.1767	0.446	430
B110245	ENSG00000128581	FSM	108	B110245	3048	76.29	0.7512	0.1302	0.541	430
B110257	ENSG00000117298	FSM	108	B110257	859	48.62	0.0884	0.0093	0.203	430
B110263	ENSG00000100934	FSM	108	B110263	7510	62.31	0.4791	0.1814	0.365	430
B110272	ENSG00000104859	FSM	108	B110272	12431	79.83	0.7837	0.4093	0.587	430
B110285	ENSG00000107164	FSM	108	B110285	1975	76.23	0.7279	0.2419	0.545	430
B110344	ENSG00000151470	NIC	108	B114549	1348	83.46	0.7674	0.6186	0.744	430
B110361	ENSG00000204152	NIC	108	B110361	11848	65.23	0.5478	0.3520	0.435	429
B110371	ENSG00000111261	NIC	108	B110371	11433	87.00	0.8998	0.6364	0.867	429
B110375	ENSG00000153048	NIC	108	B110375	3800	81.55	0.7995	0.3660	0.635	429
B110386	ENSG00000156239	NIC	108	B110386	16114	59.04	0.3939	0.1655	0.261	429
B110432	ENSG00000181458	NNC	108	B110432	5171	89.29	0.9044	0.7273	0.887	429
B110473	ENSG00000104976	NNC	108	B113324	1349	64.08	0.4825	0.2168	0.326	429
B110513	ENSG00000162613	FSM	107	B110513	1749	89.56	0.9207	0.7599	0.547	429
B110514	ENSG00000108840	FSM	107	B110514	1467	75.45	0.7103	0.4182	0.736	428
B110609	ENSG00000198843	NIC	107	B112943	5455	53.34	0.2360	0.1799	0.323	428
B110618	ENSG00000170584	NIC	107	B112991	862	72.93	0.6612	0.2243	0.495	428
B110636	ENSG00000172757	NIC	107	B111517	3223	88.24	0.8925	0.6916	0.792	428
B110642	ENSG00000134717	NIC	107	B115706	11639	84.77	0.8668	0.4673	0.658	428
B110657	ENSG00000159445	NIC	107	B111484	23417	61.91	0.4720	0.2547	0.371	428
B110677	ENSG00000157837	NNC	107	B110677	4175	70.55	0.6145	0.1729	0.47	428
B110712	ENSG00000065308	NNC	107	B110712	2178	87.15	0.9159	0.5888	0.708	428
B110725	ENSG00000064199	NNC	107	B110726	10055	64.89	0.5070	0.3668	0.502	428
B110743	ENSG00000114541	NNC	107	B110743	27679	79.79	0.7407	0.7009	0.748	428
B110746	ENSG00000013810	NNC	107	B110746	1334	64.09	0.4439	0.3692	0.336	428
B110747	ENSG00000109705	NNC	107	B110747	3382	71.16	0.6519	0.0911	0.535	428
B110757	ENSG00000050748	NNC	107	B110757	13160	77.23	0.7400	0.5480	0.76	427
B110775	ENSG00000066135	FSM	106	B110775	4137	77.09	0.7354	0.5550	0.591	427
B110779	ENSG00000165502	FSM	106	B110779	2437	51.87	0.2342	0.1054	0.256	427
B110804	ENSG00000144028	FSM	106	B110804	6618	60.56	0.4450	0.0703	0.299	427
B110821	ENSG00000067248	FSM	106	B110821	8223	62.40	0.4122	0.1944	0.351	427
B110846	ENSG00000124831	FSM	106	B110846	5837	74.29	0.6643	0.4930	0.739	426
B110861	ENSG00000137200	FSM	106	B110861	5012	88.02	0.9014	0.7324	0.879	426
B110869	ENSG00000175467	FSM	106	B110869	9130	67.75	0.5446	0.2864	0.46	426
B110887	ENSG00000131115	NIC	106	B115743	13668	79.00	0.7770	0.2817	0.616	426
B110898	ENSG00000134108	NIC	106	B114848	5944	91.35	0.9601	0.7089	0.686	426
B110899	ENSG00000242193	NIC	106	B110899	2460	87.63	0.8662	0.6150	0.838	426
B110902	ENSG00000133398	NIC	106	B110902	6932	80.69	0.7746	0.4836	0.785	426
B110906	ENSG00000145908	NIC	106	B115447	1443	65.44	0.5094	0.2019	0.341	426
B110954	ENSG00000237190	NIC	106	B114860	2406	56.19	0.4437	0.1878	0.456	426
B110978	ENSG00000278318	NNC	106	B110978	555	81.15	0.7136	0.5047	0.29	426
B111016	ENSG00000176973	NNC	106	B111016	3148	71.53	0.6056	0.2746	0.653	426
B111053	ENSG00000130349	NNC	106	B111053	821	54.91	0.2871	0.2000	0.262	425
B111060	ENSG00000117318	NNC	106	B111060	6750	85.16	0.8988	0.4800	0.83	425
B111069	ENSG00000182796	FSM	105	B111069	10867	71.05	0.6518	0.5388	0.668	425
B111122	ENSG00000130227	FSM	105	B111122	4870	69.80	0.5835	0.1506	0.434	425
B111164	ENSG00000106263	FSM	105	B114800	3407	84.04	0.9247	0.2424	0.622	425
B111188	ENSG00000128923	NIC	105	B111188	4892	85.59	0.8282	0.6588	0.807	425
B111192	ENSG00000103056	NIC	105	B111192	7659	92.00	0.9412	0.8706	0.856	425
B111196	ENSG00000213246	NIC	105	B111196	9022	57.86	0.5247	0.0259	0.411	425
B111234	ENSG00000164850	NIC	105	B111234	4023	86.21	0.8612	0.5482	0.638	425
B111261	ENSG00000167863	NIC	105	B112682	20790	72.95	0.7153	0.0329	0.579	425
B111266	ENSG00000099785	NIC	105	B111266	18265	89.79	0.9035	0.8518	0.847	425
B111320	ENSG00000021776	NNC	105	B111320	11150	90.66	0.9129	0.7788	0.826	425
B111332	ENSG00000181896	NNC	105	B111332	1758	60.11	0.3600	0.1435	0.286	425
B111338	ENSG00000144468	NNC	105	B111338	3903	74.31	0.7153	0.0965	0.746	425
B111374	ENSG00000108559	FSM	104	B111374	2577	56.81	0.3247	0.1247	0.336	425
B111375	ENSG00000068137	FSM	104	B111375	7438	68.02	0.5859	0.2847	0.397	425
B111416	ENSG00000148153	FSM	104	B111416	2519	52.06	0.1647	0.0871	0.245	425
B111418	ENSG00000197779	FSM	104	B114586	14164	83.53	0.8353	0.6824	0.519	425
B111425	ENSG00000205213	FSM	104	B111425	10822	80.24	0.7576	0.5106	0.359	425
B111492	ENSG00000053900	NIC	104	B111492	537	73.99	0.7170	0.2406	0.634	424
B111503	ENSG00000143633	NIC	104	B111503	1358	49.80	0.0660	0.0542	0.238	424
B111512	ENSG00000166228	NIC	104	B111512	13661	69.12	0.4599	0.3160	0.482	424
B111521	ENSG00000123411	NIC	104	B111521	658	54.51	0.2476	0.0637	0.22	424
B111547	ENSG00000137210	NIC	104	B112173	3534	74.55	0.6910	0.3514	0.541	424
B111557	ENSG00000167996	NIC	104	B111557	11378	62.99	0.6297	0.0000	0.375	424
B111575	ENSG00000167555	NNC	104	B115015	1613	62.92	0.4057	0.2925	0.364	424
B111588	ENSG00000114902	NNC	104	B115347	112	44.81	0.0495	0.0000	0.172	424
B111594	ENSG00000187987	NNC	104	B111594	4936	90.22	0.9505	0.6981	0.691	424
B111604	ENSG00000122694	NNC	104	B111857	2494	72.77	0.6698	0.3373	0.579	424
B111637	ENSG00000291081	NNC	104	B111637	428	45.84	0.0000	0.0000	0.146	424
B111645	ENSG00000047932	NNC	104	B111645	7174	90.78	0.8794	0.8345	0.815	423
B111650	ENSG00000133142	NNC	104	B113529	28342	77.35	0.7967	0.0307	0.622	423
B111655	ENSG00000066084	FSM	103	B111655	12705	75.40	0.6761	0.5839	0.575	423
B111682	ENSG00000270276	FSM	103	B111682	1037	47.09	0.0520	0.0355	0.245	423
B111684	ENSG00000184900	FSM	103	B113556	10864	73.85	0.6950	0.2955	0.706	423
B111692	ENSG00000251595	FSM	103	B111692	19565	50.24	0.3239	0.0378	0.366	423
B111713	ENSG00000176102	FSM	103	B111713	6925	81.04	0.7660	0.6690	0.762	423
B111736	ENSG00000250802	FSM	103	B114613	9111	76.39	0.7305	0.2861	0.731	423
B111748	ENSG00000066185	NIC	103	B111748	5626	62.24	0.3901	0.0000	0.21	423
B111766	ENSG00000143947	NIC	103	B112938	6480	83.19	0.8085	0.6974	0.795	423
B111785	ENSG00000136240	NIC	103	B111785	974	73.14	0.5887	0.4303	0.351	423
B111812	ENSG00000106153	NIC	103	B111812	5452	72.94	0.6336	0.5650	0.655	423
B111813	ENSG00000106245	NIC	103	B111813	1878	53.22	0.2624	0.2080	0.335	423
B111815	ENSG00000122694	NIC	103	B113441	10943	70.19	0.6312	0.4492	0.608	423
B111833	ENSG00000103249	NNC	103	B111833	2360	86.18	0.8152	0.6517	0.864	422
B111838	ENSG00000267796	NNC	103	B111838	5843	83.11	0.8152	0.6706	0.515	422
B111868	ENSG00000155959	NNC	103	B111868	5508	53.41	0.2820	0.0000	0.243	422
B111892	ENSG00000176014	NNC	103	B114323	1326	82.40	0.8057	0.6398	0.731	422
B111900	ENSG00000052723	NNC	103	B111900	17809	78.45	0.7488	0.3910	0.62	422
B111917	ENSG00000106261	NNC	103	B111917	9521	62.38	0.4360	0.0284	0.577	422
B111940	ENSG00000108389	FSM	102	B113815	8259	53.73	0.2749	0.0711	0.27	422
B111954	ENSG00000163214	FSM	102	B111954	1427	88.32	0.8839	0.7773	0.312	422
B111964	ENSG00000114650	FSM	102	B111964	95	37.32	0.0000	0.0000	0.144	422
B112012	ENSG00000104613	FSM	102	B112834	4480	73.38	0.6469	0.4810	0.469	422
B112087	ENSG00000145247	NIC	102	B114751	1990	87.06	0.8791	0.7251	0.871	422
B112088	ENSG00000250802	NIC	102	B114613	1267	88.62	0.8981	0.6469	0.625	422
B112094	ENSG00000173726	NIC	102	B112094	12820	74.65	0.7062	0.2891	0.644	422
B112107	ENSG00000133318	NIC	102	B112107	2265	61.93	0.4052	0.0521	0.598	422
B112126	ENSG00000175832	NNC	102	B112126	17103	87.02	0.8884	0.6675	0.719	421
B112141	ENSG00000156017	NNC	102	B112141	8890	71.86	0.6770	0.1781	0.613	421
B112162	ENSG00000005007	NNC	102	B112162	1613	74.44	0.7292	0.2708	0.727	421
B112167	ENSG00000079974	NNC	102	B112208	10685	85.35	0.8432	0.6793	0.797	421
B112175	ENSG00000173852	NNC	102	B112175	8951	93.27	0.9382	0.8979	0.9	421
B112184	ENSG00000197345	NNC	102	B112184	4176	63.19	0.5012	0.1188	0.377	421
B112266	ENSG00000136381	NIC	101	B112266	2670	73.55	0.7363	0.2542	0.55	421
B112296	ENSG00000145708	NIC	101	B112296	15830	78.09	0.7411	0.5724	0.755	421
B112350	ENSG00000185414	NIC	101	B114365	18349	92.89	0.9452	0.8357	0.887	420
B112365	ENSG00000196262	NIC	101	B112365	473	46.08	0.0786	0.0310	0.216	420
B112367	ENSG00000106367	NIC	101	B112367	15388	83.35	0.8214	0.5119	0.804	420
B112372	ENSG00000129173	NIC	101	B112372	13566	94.88	0.9857	0.8952	0.929	420
B112381	ENSG00000245750	NNC	101	B112381	3858	70.73	0.6214	0.1952	0.583	420
B112401	ENSG00000106484	NNC	101	B113289	12576	88.44	0.8571	0.7024	0.825	420
B112407	ENSG00000056277	NNC	101	B112407	3092	84.93	0.8476	0.7214	0.802	420
B112408	ENSG00000198692	NNC	101	B112408	16667	84.39	0.8429	0.5952	0.745	420
B112412	ENSG00000111196	NNC	101	B115274	1264	58.91	0.3262	0.2357	0.329	420
B112431	ENSG00000126460	NNC	101	B112431	1144	75.56	0.6738	0.4738	0.474	420
B112438	ENSG00000183255	NNC	101	B114410	8979	78.81	0.7262	0.5524	0.783	420
B112439	ENSG00000163820	NNC	101	B112439	796	59.20	0.2738	0.1976	0.353	420
B112451	ENSG00000181450	NNC	101	B112451	3726	73.87	0.6881	0.2690	0.699	420
B112455	ENSG00000158806	NNC	101	B112455	536	42.61	0.0000	0.0000	0.151	420
B112466	ENSG00000166012	NNC	101	B112466	488	46.66	0.0095	0.0000	0.135	420
B112480	ENSG00000119698	FSM	100	B112480	4902	67.67	0.5776	0.2625	0.689	419
B112509	ENSG00000136518	FSM	100	B112509	1767	65.45	0.4916	0.0525	0.46	419
B112513	ENSG00000242193	FSM	100	B112513	6692	84.80	0.8186	0.7232	0.77	419
B112519	ENSG00000184840	FSM	100	B112519	2142	85.20	0.8807	0.5155	0.749	419
B112545	ENSG00000174842	FSM	100	B112545	9296	86.51	0.8950	0.6444	0.732	419
B112572	ENSG00000125952	NIC	100	B115112	1484	43.19	0.0788	0.0000	0.229	419
B112578	ENSG00000189067	NIC	100	B112873	1513	91.83	0.9284	0.8735	0.886	419
B112593	ENSG00000197635	NIC	100	B112890	7021	68.42	0.5561	0.3103	0.442	419
B112618	ENSG00000112715	NIC	100	B112618	2580	65.71	0.4845	0.3604	0.572	419
B112629	ENSG00000148153	NIC	100	B112629	3936	65.38	0.5048	0.4067	0.507	418
B112640	ENSG00000133111	NIC	100	B112640	1773	67.56	0.5072	0.3110	0.293	418
B112693	ENSG00000149474	NNC	100	B112693	5410	74.96	0.7536	0.1962	0.73	418
B112732	ENSG00000058600	NNC	100	B112732	1901	68.69	0.5167	0.3971	0.294	418
B112734	ENSG00000213599	NNC	100	B112734	3787	73.93	0.6890	0.2799	0.591	418
B112762	ENSG00000147533	NNC	100	B112762	5487	90.66	0.9306	0.7679	0.733	418
B112765	ENSG00000165271	NNC	100	B112765	1909	72.37	0.6053	0.3517	0.485	418
B112785	ENSG00000116641	FSM	99	B112785	5952	57.48	0.3900	0.0048	0.367	418
B112865	ENSG00000133703	NIC	99	B107289	2333	78.92	0.7392	0.5407	0.68	418
B112867	ENSG00000089220	NIC	99	B112867	5187	57.37	0.3693	0.2398	0.37	417
B112891	ENSG00000125863	NIC	99	B112891	6861	62.64	0.4365	0.2422	0.423	417
B112926	ENSG00000120860	NIC	99	B112926	1689	79.25	0.7890	0.2638	0.586	417
B112970	ENSG00000133112	NNC	99	B112970	3181	71.03	0.6882	0.1823	0.682	417
B112972	ENSG00000189067	NNC	99	B112972	4617	80.76	0.8129	0.3861	0.463	417
B113035	ENSG00000165672	NNC	99	B113035	531	87.14	0.8801	0.6930	0.462	417
B113061	ENSG00000151693	FSM	98	B113061	1056	49.70	0.1679	0.0000	0.2	417
B113072	ENSG00000182973	FSM	98	B113072	1755	70.41	0.5923	0.4173	0.306	417
B113080	ENSG00000146021	FSM	98	B113080	10856	87.78	0.8921	0.6739	0.832	417
B113174	ENSG00000037241	NIC	98	B113174	3618	65.86	0.4471	0.3221	0.373	416
B113189	ENSG00000169100	NIC	98	B113189	1393	73.30	0.6466	0.3942	0.706	416
B113191	ENSG00000147121	NIC	98	B113191	9769	81.87	0.8149	0.4375	0.746	416
B113197	ENSG00000158042	NIC	98	B114574	10294	53.15	0.3678	0.0000	0.301	416
B113213	ENSG00000061938	NIC	98	B113213	1290	52.72	0.2284	0.0769	0.366	416
B113238	ENSG00000108861	NNC	98	B113238	5176	78.91	0.7332	0.6130	0.702	416
B113252	ENSG00000241127	NNC	98	B113252	10469	87.85	0.8798	0.6779	0.777	416
B113267	ENSG00000162374	NNC	98	B113267	14854	46.86	0.0841	0.0553	0.224	416
B113268	ENSG00000165502	NNC	98	B113268	6706	76.43	0.7236	0.4062	0.736	416
B113309	ENSG00000072110	FSM	97	B113309	1945	89.05	0.8846	0.7620	0.86	416
B113368	ENSG00000291053	FSM	97	B115280	1740	86.24	0.8726	0.6322	0.556	416
B113422	ENSG00000164182	NIC	97	B114233	7871	82.27	0.8458	0.3928	0.727	415
B113446	ENSG00000165322	NIC	97	B113446	3620	92.03	0.9639	0.7687	0.876	415
B113472	ENSG00000205559	NIC	97	B113704	2951	56.31	0.3373	0.0000	0.414	415
B113482	ENSG00000160949	NIC	97	B113482	12976	75.76	0.7277	0.5012	0.76	415
B113484	ENSG00000285756	NIC	97	B107681	5953	78.51	0.7711	0.4651	0.624	415
B113494	ENSG00000197568	NNC	97	B113494	1063	68.03	0.5880	0.2892	0.581	415
B113541	ENSG00000258986	NNC	97	B113541	6257	69.27	0.5952	0.3446	0.552	415
B113562	ENSG00000163257	NNC	97	B113562	2875	52.31	0.2024	0.0964	0.249	415
B113565	ENSG00000037241	NNC	97	B113565	4754	75.05	0.6892	0.3735	0.44	415
B113601	ENSG00000160190	FSM	96	B114455	245	44.47	0.0337	0.0000	0.168	415
B113647	ENSG00000090530	FSM	96	B113647	4609	76.57	0.7398	0.4313	0.614	415
B113649	ENSG00000180104	FSM	96	B113649	643	53.89	0.2024	0.0386	0.224	415
B113660	ENSG00000197530	FSM	96	B113660	2313	59.35	0.3060	0.0265	0.235	415
B113714	ENSG00000172062	NIC	96	B113714	1329	74.94	0.6627	0.4313	0.257	415
B113763	ENSG00000111581	NNC	96	B113763	8410	94.90	0.9928	0.9155	0.898	414
B113765	ENSG00000248905	NNC	96	B113765	3857	86.82	0.8454	0.7512	0.853	414
B113781	ENSG00000168273	NNC	96	B114849	25632	91.77	0.9275	0.8575	0.767	414
B113788	ENSG00000112062	NNC	96	B113788	7661	88.53	0.9227	0.6522	0.807	414
B113824	ENSG00000135930	NNC	96	B113824	12311	90.51	0.9420	0.7681	0.877	414
B113846	ENSG00000104524	NNC	96	B113846	1987	80.43	0.7754	0.5628	0.647	414
B113850	ENSG00000137726	FSM	95	B115271	8973	75.69	0.6908	0.5362	0.704	414
B113890	ENSG00000109689	FSM	95	B113890	22486	72.09	0.7174	0.0000	0.651	414
B113958	ENSG00000109084	NIC	95	B113958	3690	68.19	0.6014	0.1908	0.639	414
B113999	ENSG00000164741	NIC	95	B113999	10216	90.48	0.9203	0.8333	0.865	414
B114014	ENSG00000286264	NIC	95	B114014	7254	56.12	0.3116	0.1763	0.333	414
B114080	ENSG00000270276	NNC	95	B114080	451	47.63	0.0024	0.0000	0.153	414
B114081	ENSG00000159208	NNC	95	B114081	6057	61.27	0.4189	0.0920	0.405	413
B114104	ENSG00000072401	NNC	95	B109997	1610	74.50	0.6538	0.4552	0.651	413
B114107	ENSG00000011105	NNC	95	B114107	6576	62.48	0.4092	0.0073	0.608	413
B114124	ENSG00000134186	NNC	95	B114595	1974	40.84	0.0508	0.0000	0.222	413
B114138	ENSG00000153363	NNC	95	B114376	4856	90.93	0.9177	0.8063	0.869	413
B114184	ENSG00000100226	FSM	94	B114184	3364	87.42	0.8935	0.7022	0.622	413
B114193	ENSG00000151883	FSM	94	B114193	2366	78.54	0.7651	0.2978	0.746	413
B114242	ENSG00000064199	NIC	94	B114242	1131	61.37	0.3971	0.2494	0.257	413
B114315	ENSG00000133121	NIC	94	B114315	380	47.47	0.0291	0.0000	0.188	413
B114317	ENSG00000140025	NIC	94	B114317	712	87.00	0.9056	0.5496	0.866	413
B114318	ENSG00000170779	NIC	94	B114318	13244	68.30	0.6683	0.0339	0.423	413
B114350	ENSG00000137502	NIC	94	B114350	5100	74.48	0.6659	0.2954	0.757	413
B114452	ENSG00000065413	FSM	93	B114452	6210	72.30	0.6286	0.2718	0.635	412
B114490	ENSG00000137642	FSM	93	B114490	21816	72.53	0.7136	0.0000	0.376	412
B114530	ENSG00000104859	NIC	93	B114530	19462	94.80	0.9806	0.8956	0.913	412
B114536	ENSG00000126005	NIC	93	B112811	2758	83.13	0.7840	0.6966	0.726	412
B114542	ENSG00000162734	NIC	93	B114542	2757	82.54	0.8325	0.5825	0.789	412
B114586	ENSG00000184939	NIC	93	B114586	20241	84.53	0.9417	0.2573	0.697	412
B114605	ENSG00000205581	NIC	93	B115300	8579	89.81	0.9320	0.7087	0.75	412
B114610	ENSG00000118849	NIC	93	B114610	17566	65.78	0.4442	0.3811	0.556	412
B114621	ENSG00000160539	NIC	93	B115152	4047	52.78	0.2676	0.0608	0.256	411
B114667	ENSG00000109919	NNC	93	B114667	1810	66.09	0.5766	0.0097	0.295	411
B114688	ENSG00000138449	NNC	93	B114688	12083	92.21	0.9343	0.8443	0.913	411
B114692	ENSG00000133422	NNC	93	B114692	14955	93.75	0.9367	0.9173	0.898	411
B114716	ENSG00000100644	FSM	92	B114716	4383	90.41	0.9343	0.7543	0.866	411
B114838	ENSG00000116752	NIC	92	B114838	13404	69.11	0.5572	0.3382	0.424	411
B114849	ENSG00000168273	NIC	92	B114849	8983	88.79	0.8954	0.8345	0.86	411
B114896	ENSG00000189164	NIC	92	B114896	679	51.69	0.1071	0.0316	0.221	411
B114901	ENSG00000183255	NIC	92	B114901	14145	54.29	0.2968	0.1509	0.37	411
B114929	ENSG00000226025	NNC	92	B114929	796	78.77	0.7445	0.4818	0.688	411
B114949	ENSG00000092841	NNC	92	B114950	1133	55.57	0.1922	0.1144	0.23	411
B115064	ENSG00000166266	FSM	91	B115064	21117	72.52	0.6837	0.1192	0.618	411
B115078	ENSG00000062822	FSM	91	B115078	10416	53.99	0.3090	0.1655	0.319	411
B115081	ENSG00000070371	FSM	91	B115081	11402	85.04	0.8537	0.6049	0.802	410
B115084	ENSG00000100241	FSM	91	B115084	4325	95.00	1.0000	0.8829	0.828	410
B115088	ENSG00000039560	FSM	91	B115088	9698	96.20	1.0000	0.9805	0.914	410
B115091	ENSG00000157741	FSM	91	B115091	3344	86.20	0.8439	0.7195	0.867	410
B115123	ENSG00000273045	NIC	91	B112389	11729	66.25	0.6268	0.0000	0.419	410
B115133	ENSG00000091317	NIC	91	B115133	6426	62.46	0.3098	0.0000	0.581	410
B115141	ENSG00000143479	NIC	91	B115141	693	74.93	0.6854	0.3146	0.693	410
B115145	ENSG00000163041	NIC	91	B115145	1718	53.85	0.2439	0.1854	0.405	410
B115161	ENSG00000172890	NIC	91	B115161	1614	53.29	0.2659	0.0366	0.211	410
B115235	ENSG00000068097	NNC	91	B115235	1918	55.08	0.2512	0.1878	0.298	410
B115241	ENSG00000119820	NNC	91	B115241	12811	77.52	0.7415	0.3317	0.356	410
B115325	ENSG00000169093	FSM	90	B115325	13518	66.01	0.6601	0.0000	0.423	409
B115329	ENSG00000198830	FSM	90	B113034	14933	64.78	0.5257	0.0000	0.395	409
B115337	ENSG00000012048	FSM	90	B115337	23440	82.97	0.8264	0.6822	0.811	409
B115388	ENSG00000099977	NIC	90	B115388	2886	89.82	0.9389	0.7971	0.744	409
B115391	ENSG00000184983	NIC	90	B115391	7804	93.12	0.9927	0.7946	0.844	409
B115407	ENSG00000241127	NIC	90	B115407	2686	65.85	0.4108	0.3741	0.469	409
B115425	ENSG00000005022	NIC	90	B115700	3182	93.40	0.9804	0.8900	0.849	409
B115441	ENSG00000203943	NIC	90	B115441	5550	79.58	0.8411	0.3056	0.763	409
B115447	ENSG00000120784	NIC	90	B115447	849	50.52	0.0807	0.0367	0.207	409
B115450	ENSG00000101161	NIC	90	B115450	16375	57.50	0.3447	0.1394	0.353	409
B115456	ENSG00000113966	NIC	90	B115456	347	40.26	0.0000	0.0000	0.13	409
B115474	ENSG00000103876	NNC	90	B115474	15136	55.00	0.2770	0.1814	0.344	408
B115475	ENSG00000214575	NNC	90	B115475	370	54.85	0.2745	0.0490	0.392	408
B115498	ENSG00000119977	NNC	90	B115498	366	56.28	0.2211	0.0762	0.239	407
B115522	ENSG00000198498	NNC	90	B115522	7153	83.54	0.8329	0.6560	0.823	407
B115576	ENSG00000198355	FSM	89	B115576	8562	71.87	0.6486	0.0442	0.576	407
B115605	ENSG00000176715	FSM	89	B115605	3879	75.07	0.6855	0.5086	0.449	407
B115663	ENSG00000138375	NIC	89	B115663	3556	91.14	0.9263	0.7322	0.841	407
B115683	ENSG00000111846	NIC	89	B115683	6022	92.04	0.9089	0.8842	0.846	406
B115750	ENSG00000114867	NNC	89	B115750	3520	52.56	0.1552	0.1158	0.264	406
