unique_id	gene	category	length	cluster
B089700	ENSG00000172172	FSM	178	B097050
B075858	ENSG00000172172	NIC	224	B075858
B087461	ENSG00000172172	NNC	186	B097050
B081343	ENSG00000112679	FSM	205	B089184
B094661	ENSG00000112679	NIC	162	B094661
B068227	ENSG00000112679	NNC	251	B068227
B070005	ENSG00000026652	FSM	244	B080420
B050332	ENSG00000026652	NIC	324	B040299
B060933	ENSG00000026652	NNC	279	B060933
B053999	ENSG00000100243	FSM	307	B061170
B077314	ENSG00000100243	NIC	219	B077314
B055606	ENSG00000100243	NNC	301	B061170
B015882	ENSG00000169683	FSM	602	B015882
B042425	ENSG00000169683	NIC	364	B037375
B062150	ENSG00000169683	NNC	274	B074209
B003860	ENSG00000167110	FSM	975	B004221
B104446	ENSG00000167110	NIC	129	B104446
B057272	ENSG00000167110	NNC	294	B057272
B030275	ENSG00000112874	FSM	444	B030275
B080169	ENSG00000112874	NIC	209	B080169
B029988	ENSG00000112874	NNC	447	B030275
B058045	ENSG00000107175	FSM	290	B049817
B083234	ENSG00000107175	NIC	199	B083234
B063485	ENSG00000107175	NNC	269	B063485
B055642	ENSG00000099326	FSM	300	B055642
B062250	ENSG00000099326	NIC	273	B062250
B046860	ENSG00000099326	NNC	341	B056130
B067262	ENSG00000136826	FSM	254	B071358
B070969	ENSG00000136826	NIC	241	B071358
B034223	ENSG00000136826	NNC	416	B032247
B103467	ENSG00000197980	FSM	132	B103467
B079570	ENSG00000197980	NIC	211	B085555
B078298	ENSG00000197980	NNC	216	B078298
B111069	ENSG00000182796	FSM	105	B111069
B098573	ENSG00000182796	NIC	149	B099291
B101973	ENSG00000182796	NNC	138	B101973
B010941	ENSG00000119778	FSM	698	B015069
B053608	ENSG00000119778	NIC	309	B043579
B062402	ENSG00000119778	NNC	273	B062402
B059764	ENSG00000197894	FSM	283	B059964
B053865	ENSG00000197894	NIC	308	B047030
B093575	ENSG00000197894	NNC	166	B093575
B081337	ENSG00000164109	FSM	205	B088676
B096454	ENSG00000164109	NIC	156	B101320
B094200	ENSG00000164109	NNC	164	B094200
B089683	ENSG00000173418	FSM	178	B090360
B106558	ENSG00000173418	NIC	121	B106558
B096013	ENSG00000173418	NNC	158	B096013
B092829	ENSG00000083223	FSM	168	B092829
B045963	ENSG00000083223	NIC	345	B045963
B071110	ENSG00000083223	NNC	241	B071110
B010658	ENSG00000262246	FSM	705	B006385
B104695	ENSG00000262246	NIC	128	B104695
B033491	ENSG00000262246	NNC	421	B022795
B049185	ENSG00000148300	FSM	329	B036010
B065231	ENSG00000148300	NIC	262	B070654
B052649	ENSG00000148300	NNC	314	B052649
B062691	ENSG00000125744	FSM	271	B062691
B060524	ENSG00000125744	NIC	280	B061503
B024757	ENSG00000125744	NNC	493	B026929
B054928	ENSG00000101076	FSM	303	B054928
B054480	ENSG00000101076	NIC	305	B054480
B042692	ENSG00000101076	NNC	363	B042692
B074573	ENSG00000196588	FSM	228	B082864
B094939	ENSG00000196588	NIC	161	B094939
B040225	ENSG00000196588	NNC	377	B040225
B006939	ENSG00000119844	FSM	818	B007484
B064341	ENSG00000119844	NIC	265	B064341
B066628	ENSG00000119844	NNC	257	B066628
B058306	ENSG00000172667	FSM	289	B068953
B069525	ENSG00000172667	NIC	246	B069525
B036779	ENSG00000172667	NNC	399	B036779
B038097	ENSG00000170743	FSM	390	B040015
B029433	ENSG00000170743	NIC	451	B029433
B045267	ENSG00000170743	NNC	349	B045309
B037004	ENSG00000117394	FSM	397	B029450
B052698	ENSG00000117394	NIC	313	B052698
B064962	ENSG00000117394	NNC	263	B064962
B082846	ENSG00000165271	FSM	200	B082846
B020462	ENSG00000165271	NIC	539	B014693
B112765	ENSG00000165271	NNC	100	B112765
B076035	ENSG00000162433	FSM	223	B088186
B083174	ENSG00000162433	NIC	199	B088186
B095639	ENSG00000162433	NNC	159	B095639
B040635	ENSG00000137221	FSM	374	B040635
B028452	ENSG00000137221	NIC	459	B028452
B076313	ENSG00000137221	NNC	223	B084927
B005530	ENSG00000177119	FSM	877	B006062
B038107	ENSG00000177119	NIC	390	B038801
B056064	ENSG00000177119	NNC	299	B056064
B063537	ENSG00000164082	FSM	268	B063537
B084211	ENSG00000164082	NIC	196	B084211
B070221	ENSG00000164082	NNC	244	B070221
B093963	ENSG00000167515	FSM	164	B102877
B109755	ENSG00000167515	NIC	110	B114117
B104992	ENSG00000167515	NNC	127	B104992
B054664	ENSG00000065057	FSM	304	B054664
B048812	ENSG00000065057	NIC	331	B048812
B079651	ENSG00000065057	NNC	211	B085583
B076071	ENSG00000161013	FSM	223	B071975
B039191	ENSG00000161013	NIC	383	B039191
B057951	ENSG00000161013	NNC	291	B071975
B047151	ENSG00000148218	FSM	339	B057887
B068139	ENSG00000148218	NIC	251	B075369
B063954	ENSG00000148218	NNC	267	B077347
B043505	ENSG00000183943	FSM	358	B058673
B071569	ENSG00000183943	NIC	239	B072682
B102858	ENSG00000183943	NNC	135	B102858
B055657	ENSG00000136243	FSM	300	B055657
B066832	ENSG00000136243	NIC	256	B066832
B063695	ENSG00000136243	NNC	268	B066937
B028195	ENSG00000184792	FSM	461	B028195
B027637	ENSG00000184792	NIC	466	B027637
B062411	ENSG00000184792	NNC	273	B062411
B098794	ENSG00000178585	FSM	148	B099938
B100689	ENSG00000178585	NIC	142	B101256
B107010	ENSG00000178585	NNC	120	B107010
B097846	ENSG00000205659	FSM	151	B102547
B106899	ENSG00000205659	NIC	120	B109896
B093919	ENSG00000205659	NNC	165	B093919
B065644	ENSG00000163945	FSM	260	B065644
B063321	ENSG00000163945	NIC	269	B063321
B069892	ENSG00000163945	NNC	245	B069892
B030948	ENSG00000130726	FSM	439	B030948
B102190	ENSG00000130726	NIC	137	B102190
B059219	ENSG00000130726	NNC	286	B071392
B055667	ENSG00000148290	FSM	300	B057274
B058645	ENSG00000148290	NIC	288	B071832
B056860	ENSG00000148290	NNC	296	B057274
B088138	ENSG00000186591	FSM	183	B097819
B098245	ENSG00000186591	NIC	150	B098862
B100199	ENSG00000186591	NNC	144	B100199
B063521	ENSG00000105854	FSM	268	B066793
B058101	ENSG00000105854	NIC	290	B063005
B043671	ENSG00000105854	NNC	358	B044273
B087173	ENSG00000082898	FSM	186	B087173
B063365	ENSG00000082898	NIC	269	B063578
B065317	ENSG00000082898	NNC	262	B065317
B007063	ENSG00000123908	FSM	813	B008597
B037336	ENSG00000123908	NIC	395	B037336
B052413	ENSG00000123908	NNC	315	B052413
B035593	ENSG00000168014	FSM	406	B035593
B062549	ENSG00000168014	NIC	272	B072946
B084625	ENSG00000168014	NNC	195	B084625
B059498	ENSG00000278023	FSM	284	B070376
B067346	ENSG00000278023	NIC	254	B072324
B067911	ENSG00000278023	NNC	252	B072324
B050709	ENSG00000181544	FSM	322	B050709
B045009	ENSG00000181544	NIC	350	B045009
B018670	ENSG00000181544	NNC	561	B018670
B099370	ENSG00000146776	FSM	146	B107374
B018636	ENSG00000146776	NIC	561	B018636
B052196	ENSG00000146776	NNC	316	B052196
B076647	ENSG00000063241	FSM	221	B078556
B071201	ENSG00000063241	NIC	240	B071201
B096588	ENSG00000063241	NNC	156	B102603
B102352	ENSG00000112739	FSM	136	B109439
B072372	ENSG00000112739	NIC	236	B072372
B083030	ENSG00000112739	NNC	200	B083030
B012587	ENSG00000157601	FSM	662	B013726
B064901	ENSG00000157601	NIC	263	B064901
B049316	ENSG00000157601	NNC	329	B049316
B033814	ENSG00000156875	FSM	418	B031789
B060576	ENSG00000156875	NIC	280	B064610
B039739	ENSG00000156875	NNC	380	B034020
B110804	ENSG00000144028	FSM	106	B110804
B081076	ENSG00000144028	NIC	206	B081076
B055140	ENSG00000144028	NNC	303	B060129
B054213	ENSG00000278845	FSM	306	B056025
B072954	ENSG00000278845	NIC	234	B072954
B077166	ENSG00000278845	NNC	220	B084456
B082228	ENSG00000145781	FSM	202	B093787
B089183	ENSG00000145781	NIC	180	B089183
B074472	ENSG00000145781	NNC	229	B074472
B084738	ENSG00000135387	FSM	194	B086711
B053434	ENSG00000135387	NIC	310	B053434
B065904	ENSG00000135387	NNC	260	B065904
B085684	ENSG00000176248	FSM	191	B085684
B063387	ENSG00000176248	NIC	269	B063387
B053742	ENSG00000176248	NNC	309	B053742
B089365	ENSG00000290832	FSM	179	B088618
B097970	ENSG00000290832	NIC	151	B097970
B106138	ENSG00000290832	NNC	123	B107952
B061228	ENSG00000189057	FSM	277	B060605
B060605	ENSG00000189057	NIC	280	B060605
B047945	ENSG00000189057	NNC	336	B047945
B004252	ENSG00000014164	FSM	948	B004252
B061534	ENSG00000014164	NIC	276	B061534
B088689	ENSG00000014164	NNC	182	B088689
B032399	ENSG00000136699	FSM	428	B032399
B072640	ENSG00000136699	NIC	235	B072640
B076222	ENSG00000136699	NNC	223	B076222
B061206	ENSG00000064545	FSM	277	B061206
B052078	ENSG00000064545	NIC	316	B052078
B029589	ENSG00000064545	NNC	450	B037644
B074570	ENSG00000135930	FSM	228	B074330
B099787	ENSG00000135930	NIC	145	B103313
B113824	ENSG00000135930	NNC	96	B113824
B085065	ENSG00000158526	FSM	193	B089939
B078762	ENSG00000158526	NIC	214	B091341
B102306	ENSG00000158526	NNC	137	B103134
B065113	ENSG00000148187	FSM	262	B066179
B076497	ENSG00000148187	NIC	222	B076497
B071985	ENSG00000148187	NNC	238	B082947
B060242	ENSG00000185803	FSM	281	B065189
B034595	ENSG00000185803	NIC	413	B043706
B103687	ENSG00000185803	NNC	132	B103687
B047357	ENSG00000105983	FSM	338	B047357
B062569	ENSG00000105983	NIC	272	B062569
B043994	ENSG00000105983	NNC	356	B043994
B054005	ENSG00000157064	FSM	307	B064354
B079292	ENSG00000157064	NIC	212	B079292
B097808	ENSG00000157064	NNC	152	B097808
B113850	ENSG00000137726	FSM	95	B115271
B094015	ENSG00000137726	NIC	164	B094015
B103889	ENSG00000137726	NNC	131	B103889
B064286	ENSG00000164627	FSM	265	B073834
B108326	ENSG00000164627	NIC	115	B108326
B084601	ENSG00000164627	NNC	195	B084601
B070835	ENSG00000189079	FSM	241	B070835
B071252	ENSG00000189079	NIC	240	B071252
B006815	ENSG00000189079	NNC	823	B007249
B107909	ENSG00000166938	FSM	116	B107909
B063812	ENSG00000166938	NIC	267	B063812
B059943	ENSG00000166938	NNC	283	B059943
B046299	ENSG00000112033	FSM	343	B051450
B065783	ENSG00000112033	NIC	260	B065783
B088336	ENSG00000112033	NNC	183	B088336
B043104	ENSG00000116874	FSM	360	B043104
B061999	ENSG00000116874	NIC	274	B061999
B080264	ENSG00000116874	NNC	209	B080264
B030677	ENSG00000173320	FSM	441	B030677
B008382	ENSG00000173320	NIC	766	B008382
B007976	ENSG00000173320	NNC	779	B008382
B104555	ENSG00000225663	FSM	128	B104555
B098891	ENSG00000225663	NIC	148	B098891
B108403	ENSG00000225663	NNC	115	B108449
B057355	ENSG00000185189	FSM	293	B066240
B097972	ENSG00000185189	NIC	151	B097972
B032489	ENSG00000185189	NNC	428	B023889
B097273	ENSG00000138190	FSM	153	B097273
B067900	ENSG00000138190	NIC	252	B067900
B060204	ENSG00000138190	NNC	282	B060204
B010807	ENSG00000100092	FSM	701	B015649
B020193	ENSG00000100092	NIC	542	B015649
B050018	ENSG00000100092	NNC	326	B050018
B069979	ENSG00000087302	FSM	244	B078518
B085423	ENSG00000087302	NIC	192	B088183
B068193	ENSG00000087302	NNC	251	B078518
B030976	ENSG00000132740	FSM	439	B030976
B065240	ENSG00000132740	NIC	262	B065240
B043083	ENSG00000132740	NNC	361	B043083
B054697	ENSG00000103707	FSM	304	B054697
B052270	ENSG00000103707	NIC	315	B048010
B063977	ENSG00000103707	NNC	267	B075200
B029243	ENSG00000166035	FSM	452	B032703
B067601	ENSG00000166035	NIC	253	B067601
B054378	ENSG00000166035	NNC	306	B054378
B053327	ENSG00000067221	FSM	310	B044047
B091909	ENSG00000067221	NIC	171	B091909
B075600	ENSG00000067221	NNC	225	B075600
B052894	ENSG00000133250	FSM	312	B054089
B090027	ENSG00000133250	NIC	177	B090027
B035071	ENSG00000133250	NNC	410	B038073
B083124	ENSG00000144834	FSM	199	B083122
B101844	ENSG00000144834	NIC	138	B101844
B080968	ENSG00000144834	NNC	207	B080968
B045318	ENSG00000291110	FSM	348	B036234
B029515	ENSG00000291110	NIC	450	B036234
B109856	ENSG00000291110	NNC	110	B113772
B047566	ENSG00000113712	FSM	337	B057650
B077638	ENSG00000113712	NIC	218	B077638
B101412	ENSG00000113712	NNC	140	B104752
B112785	ENSG00000116641	FSM	99	B112785
B075564	ENSG00000116641	NIC	225	B075564
B064217	ENSG00000116641	NNC	266	B064217
B058790	ENSG00000196923	FSM	287	B058790
B053622	ENSG00000196923	NIC	309	B053622
B069072	ENSG00000196923	NNC	248	B069072
B059051	ENSG00000167986	FSM	286	B059051
B056015	ENSG00000167986	NIC	299	B056015
B078026	ENSG00000167986	NNC	217	B090184
B007624	ENSG00000164675	FSM	791	B008479
B086084	ENSG00000164675	NIC	190	B086084
B032329	ENSG00000164675	NNC	429	B032329
B051540	ENSG00000101911	FSM	318	B056802
B095880	ENSG00000101911	NIC	158	B102307
B074234	ENSG00000101911	NNC	230	B074234
B026946	ENSG00000164169	FSM	472	B031291
B059826	ENSG00000164169	NIC	283	B059826
B016199	ENSG00000164169	NNC	598	B016199
B075725	ENSG00000180329	FSM	224	B075725
B096485	ENSG00000180329	NIC	156	B098996
B095329	ENSG00000180329	NNC	160	B095329
B050277	ENSG00000273749	FSM	324	B050277
B084448	ENSG00000273749	NIC	195	B091596
B055301	ENSG00000273749	NNC	302	B055301
B068592	ENSG00000144535	FSM	249	B079438
B061317	ENSG00000144535	NIC	277	B061317
B040593	ENSG00000144535	NNC	375	B040593
B064266	ENSG00000134779	FSM	265	B067763
B081399	ENSG00000134779	NIC	205	B083910
B080256	ENSG00000134779	NNC	209	B089330
B104299	ENSG00000116580	FSM	129	B104299
B082069	ENSG00000116580	NIC	203	B091112
B014216	ENSG00000116580	NNC	630	B014216
B057351	ENSG00000117868	FSM	293	B070965
B050142	ENSG00000117868	NIC	325	B050142
B050263	ENSG00000117868	NNC	325	B050263
B109371	ENSG00000214087	FSM	111	B108102
B105182	ENSG00000214087	NIC	126	B105182
B087743	ENSG00000214087	NNC	185	B097124
B103209	ENSG00000275066	FSM	133	B103209
B044318	ENSG00000275066	NIC	354	B044318
B055594	ENSG00000275066	NNC	301	B055594
B052433	ENSG00000186017	FSM	314	B040743
B055032	ENSG00000186017	NIC	303	B068277
B029201	ENSG00000186017	NNC	453	B019672
B053147	ENSG00000015676	FSM	311	B052738
B058099	ENSG00000015676	NIC	290	B058099
B085566	ENSG00000015676	NNC	192	B085566
B035760	ENSG00000117984	FSM	405	B041454
B050568	ENSG00000117984	NIC	323	B050568
B079407	ENSG00000117984	NNC	212	B079407
B052887	ENSG00000007520	FSM	312	B063401
B055944	ENSG00000007520	NIC	299	B071185
B090524	ENSG00000007520	NNC	176	B090524
B060731	ENSG00000069849	FSM	279	B062953
B103807	ENSG00000069849	NIC	131	B103807
B071097	ENSG00000069849	NNC	241	B071097
B057570	ENSG00000166971	FSM	292	B059781
B086321	ENSG00000166971	NIC	189	B086611
B101634	ENSG00000166971	NNC	139	B101634
B014105	ENSG00000153815	FSM	631	B012264
B079263	ENSG00000153815	NIC	212	B079263
B064428	ENSG00000153815	NNC	265	B064428
B069203	ENSG00000156831	FSM	247	B080398
B077959	ENSG00000156831	NIC	217	B086968
B060647	ENSG00000156831	NNC	280	B060647
B010562	ENSG00000135249	FSM	707	B011226
B063848	ENSG00000135249	NIC	267	B077037
B042551	ENSG00000135249	NNC	364	B042551
B102586	ENSG00000179912	FSM	135	B093315
B074689	ENSG00000179912	NIC	228	B074689
B090840	ENSG00000179912	NNC	175	B090840
B067761	ENSG00000108474	FSM	252	B075506
B062764	ENSG00000108474	NIC	271	B062764
B088359	ENSG00000108474	NNC	183	B090787
B068047	ENSG00000176428	FSM	251	B068822
B095582	ENSG00000176428	NIC	159	B095582
B091129	ENSG00000176428	NNC	174	B099799
B046072	ENSG00000185634	FSM	344	B046072
B080508	ENSG00000185634	NIC	208	B080508
B075079	ENSG00000185634	NNC	227	B088040
B079521	ENSG00000088038	FSM	211	B079521
B010072	ENSG00000088038	NIC	719	B010098
B067970	ENSG00000088038	NNC	252	B067970
B073701	ENSG00000079462	FSM	231	B083164
B086071	ENSG00000079462	NIC	190	B080680
B077779	ENSG00000079462	NNC	218	B077779
B039437	ENSG00000150995	FSM	381	B039437
B002473	ENSG00000150995	NIC	1095	B002473
B057025	ENSG00000150995	NNC	295	B057025
B115091	ENSG00000157741	FSM	91	B115091
B011352	ENSG00000157741	NIC	689	B016612
B028625	ENSG00000157741	NNC	458	B028625
B110861	ENSG00000137200	FSM	106	B110861
B053867	ENSG00000137200	NIC	308	B055802
B023673	ENSG00000137200	NNC	504	B023673
B077845	ENSG00000135048	FSM	217	B082869
B012845	ENSG00000135048	NIC	657	B012845
B107859	ENSG00000135048	NNC	117	B107859
B015378	ENSG00000085274	FSM	610	B021400
B019526	ENSG00000085274	NIC	550	B021400
B024465	ENSG00000085274	NNC	496	B021400
B105972	ENSG00000044446	FSM	123	B105972
B066050	ENSG00000044446	NIC	259	B066050
B079402	ENSG00000044446	NNC	212	B085928
B102891	ENSG00000163029	FSM	134	B102891
B068170	ENSG00000163029	NIC	251	B068170
B033375	ENSG00000163029	NNC	422	B033375
B096103	ENSG00000158161	FSM	157	B096103
B073290	ENSG00000158161	NIC	233	B073290
B055578	ENSG00000158161	NNC	301	B055578
B112480	ENSG00000119698	FSM	100	B112480
B097308	ENSG00000119698	NIC	153	B097308
B053676	ENSG00000119698	NNC	309	B053676
B064582	ENSG00000135318	FSM	264	B066876
B025809	ENSG00000135318	NIC	483	B020893
B040399	ENSG00000135318	NNC	376	B040399
B052902	ENSG00000163166	FSM	312	B064939
B027175	ENSG00000163166	NIC	470	B027175
B047051	ENSG00000163166	NNC	340	B047051
B012349	ENSG00000047315	FSM	667	B012349
B057398	ENSG00000047315	NIC	293	B057398
B066688	ENSG00000047315	NNC	257	B066688
B038408	ENSG00000138162	FSM	388	B026225
B003641	ENSG00000138162	NIC	992	B004577
B070242	ENSG00000138162	NNC	244	B071925
B114184	ENSG00000100226	FSM	94	B114184
B062561	ENSG00000100226	NIC	272	B062561
B027215	ENSG00000100226	NNC	470	B027215
B090287	ENSG00000153187	FSM	176	B090287
B055532	ENSG00000153187	NIC	301	B060100
B092437	ENSG00000153187	NNC	170	B092437
B021889	ENSG00000111647	FSM	522	B031112
B047838	ENSG00000111647	NIC	336	B047838
B061824	ENSG00000111647	NNC	275	B061824
B055436	ENSG00000152620	FSM	301	B069410
B100946	ENSG00000152620	NIC	141	B100946
B086144	ENSG00000152620	NNC	190	B086144
B050282	ENSG00000219626	FSM	324	B059175
B090410	ENSG00000219626	NIC	176	B090410
B093557	ENSG00000219626	NNC	166	B093557
B040952	ENSG00000117595	FSM	372	B045764
B047855	ENSG00000117595	NIC	336	B047855
B059684	ENSG00000117595	NNC	284	B059684
B104573	ENSG00000132677	FSM	128	B104573
B064349	ENSG00000132677	NIC	265	B072470
B088001	ENSG00000132677	NNC	184	B088001
B079233	ENSG00000136240	FSM	212	B079233
B111785	ENSG00000136240	NIC	103	B111785
B053707	ENSG00000136240	NNC	309	B053707
B074286	ENSG00000290439	FSM	229	B074286
B094366	ENSG00000290439	NIC	163	B094366
B108718	ENSG00000290439	NNC	114	B108718
B045350	ENSG00000213347	FSM	348	B045350
B076490	ENSG00000213347	NIC	222	B087211
B091173	ENSG00000213347	NNC	174	B091173
B059032	ENSG00000163605	FSM	286	B074409
B043193	ENSG00000163605	NIC	360	B033973
B099570	ENSG00000163605	NNC	146	B099570
B028525	ENSG00000188321	FSM	458	B024447
B024447	ENSG00000188321	NIC	496	B024447
B073645	ENSG00000188321	NNC	232	B078870
B014101	ENSG00000090621	FSM	631	B017882
B017882	ENSG00000090621	NIC	572	B017882
B054317	ENSG00000090621	NNC	306	B054317
B093669	ENSG00000116717	FSM	165	B099113
B109750	ENSG00000116717	NIC	110	B109750
B098989	ENSG00000116717	NNC	148	B098989
B053345	ENSG00000158220	FSM	310	B053345
B070119	ENSG00000158220	NIC	244	B070119
B047925	ENSG00000158220	NNC	336	B047925
B087838	ENSG00000126254	FSM	184	B087838
B052324	ENSG00000126254	NIC	315	B052324
B056270	ENSG00000126254	NNC	298	B065823
B050301	ENSG00000135069	FSM	324	B050301
B084826	ENSG00000135069	NIC	194	B084826
B051053	ENSG00000135069	NNC	321	B050301
B058031	ENSG00000113719	FSM	290	B072968
B072102	ENSG00000113719	NIC	237	B072102
B056525	ENSG00000113719	NNC	297	B056525
B027374	ENSG00000104112	FSM	468	B037485
B037485	ENSG00000104112	NIC	394	B037485
B027770	ENSG00000104112	NNC	465	B037485
B057815	ENSG00000123600	FSM	291	B058470
B063824	ENSG00000123600	NIC	267	B073820
B043831	ENSG00000123600	NNC	357	B052690
B054695	ENSG00000050426	FSM	304	B057523
B072618	ENSG00000050426	NIC	235	B081454
B087334	ENSG00000050426	NNC	186	B087334
B091232	ENSG00000113361	FSM	173	B091232
B074075	ENSG00000113361	NIC	230	B080030
B046477	ENSG00000113361	NNC	343	B054886
B005970	ENSG00000127980	FSM	858	B005970
B052093	ENSG00000127980	NIC	316	B052093
B062909	ENSG00000127980	NNC	271	B062909
B075736	ENSG00000291127	FSM	224	B076220
B090353	ENSG00000291127	NIC	176	B090353
B071960	ENSG00000291127	NNC	238	B076220
B092149	ENSG00000161692	FSM	170	B092149
B059364	ENSG00000161692	NIC	285	B059364
B097418	ENSG00000161692	NNC	153	B097418
B023690	ENSG00000121417	FSM	503	B020564
B014317	ENSG00000121417	NIC	628	B020564
B022147	ENSG00000121417	NNC	520	B020564
B066998	ENSG00000100601	FSM	255	B066998
B083904	ENSG00000100601	NIC	197	B087854
B051010	ENSG00000100601	NNC	321	B040042
B068338	ENSG00000172785	FSM	250	B068338
B055499	ENSG00000172785	NIC	301	B040318
B104534	ENSG00000172785	NNC	129	B108170
B026935	ENSG00000078070	FSM	472	B026935
B056475	ENSG00000078070	NIC	297	B056475
B058186	ENSG00000078070	NNC	290	B058186
B080097	ENSG00000265354	FSM	209	B085270
B102166	ENSG00000265354	NIC	137	B102166
B076878	ENSG00000265354	NNC	221	B085270
B046725	ENSG00000104852	FSM	341	B060375
B042766	ENSG00000104852	NIC	362	B041166
B085215	ENSG00000104852	NNC	193	B085215
B038371	ENSG00000167377	FSM	388	B038371
B013454	ENSG00000167377	NIC	644	B017783
B011549	ENSG00000167377	NNC	685	B017783
B078936	ENSG00000273899	FSM	213	B087109
B100365	ENSG00000273899	NIC	143	B100365
B080026	ENSG00000273899	NNC	210	B087109
B052002	ENSG00000107672	FSM	316	B053721
B046810	ENSG00000107672	NIC	341	B046810
B053721	ENSG00000107672	NNC	309	B053721
B053367	ENSG00000171466	FSM	310	B044236
B061049	ENSG00000171466	NIC	278	B061049
B069660	ENSG00000171466	NNC	246	B069660
B104854	ENSG00000164506	FSM	127	B104854
B039323	ENSG00000164506	NIC	382	B039323
B036928	ENSG00000164506	NNC	398	B036928
B040927	ENSG00000139668	FSM	372	B040927
B063808	ENSG00000139668	NIC	267	B063808
B090444	ENSG00000139668	NNC	176	B097635
B098740	ENSG00000028203	FSM	148	B098740
B062294	ENSG00000028203	NIC	273	B062294
B046617	ENSG00000028203	NNC	342	B046617
B063793	ENSG00000085117	FSM	267	B063793
B086059	ENSG00000085117	NIC	190	B086059
B071660	ENSG00000085117	NNC	239	B071660
B033260	ENSG00000007341	FSM	422	B025725
B056184	ENSG00000007341	NIC	298	B056184
B049304	ENSG00000007341	NNC	329	B049304
B025782	ENSG00000153317	FSM	483	B025782
B073553	ENSG00000153317	NIC	232	B073553
B059233	ENSG00000153317	NNC	286	B059233
B005377	ENSG00000006432	FSM	885	B005919
B086383	ENSG00000006432	NIC	189	B086383
B044341	ENSG00000006432	NNC	354	B044341
B057330	ENSG00000142875	FSM	293	B057331
B077061	ENSG00000142875	NIC	220	B080253
B080876	ENSG00000142875	NNC	207	B080876
B041667	ENSG00000157470	FSM	368	B041667
B060813	ENSG00000157470	NIC	279	B064700
B085887	ENSG00000157470	NNC	191	B085887
B054236	ENSG00000110063	FSM	306	B059289
B070030	ENSG00000110063	NIC	244	B070030
B065858	ENSG00000110063	NNC	260	B075312
B051117	ENSG00000158864	FSM	320	B051117
B060786	ENSG00000158864	NIC	279	B068330
B091783	ENSG00000158864	NNC	172	B091783
B045336	ENSG00000151657	FSM	348	B045336
B079308	ENSG00000151657	NIC	212	B086086
B083675	ENSG00000151657	NNC	198	B083675
B039952	ENSG00000177082	FSM	378	B043212
B066764	ENSG00000177082	NIC	256	B066764
B087669	ENSG00000177082	NNC	185	B089732
B110219	ENSG00000226025	FSM	108	B110219
B093175	ENSG00000226025	NIC	167	B097942
B114929	ENSG00000226025	NNC	92	B114929
B078417	ENSG00000109805	FSM	215	B089813
B064629	ENSG00000109805	NIC	264	B064629
B060926	ENSG00000109805	NNC	279	B060926
B096983	ENSG00000105229	FSM	154	B096983
B065150	ENSG00000105229	NIC	262	B065150
B100732	ENSG00000105229	NNC	142	B100732
B093980	ENSG00000112972	FSM	164	B093980
B066596	ENSG00000112972	NIC	257	B078634
B050612	ENSG00000112972	NNC	323	B050612
B059512	ENSG00000130540	FSM	284	B067979
B085793	ENSG00000130540	NIC	191	B088777
B108466	ENSG00000130540	NNC	115	B108466
B039028	ENSG00000137145	FSM	384	B050622
B031134	ENSG00000137145	NIC	438	B031134
B066656	ENSG00000137145	NNC	257	B066656
B057821	ENSG00000158793	FSM	291	B057821
B076433	ENSG00000158793	NIC	222	B077073
B060923	ENSG00000158793	NNC	279	B060923
B057334	ENSG00000116127	FSM	293	B067027
B098280	ENSG00000116127	NIC	150	B098280
B049305	ENSG00000116127	NNC	329	B049305
B012951	ENSG00000149474	FSM	654	B013014
B035634	ENSG00000149474	NIC	406	B035634
B112693	ENSG00000149474	NNC	100	B112693
B054016	ENSG00000132604	FSM	307	B054016
B061043	ENSG00000132604	NIC	278	B051645
B024124	ENSG00000132604	NNC	499	B033809
B059278	ENSG00000112357	FSM	285	B050509
B075549	ENSG00000112357	NIC	225	B075549
B066646	ENSG00000112357	NNC	257	B066646
B109661	ENSG00000054356	FSM	110	B109661
B049896	ENSG00000054356	NIC	326	B049896
B053261	ENSG00000054356	NNC	311	B053261
B040653	ENSG00000119547	FSM	374	B040653
B073256	ENSG00000119547	NIC	233	B073256
B056505	ENSG00000119547	NNC	297	B056505
B056624	ENSG00000117479	FSM	296	B056624
B060826	ENSG00000117479	NIC	279	B061375
B053533	ENSG00000117479	NNC	310	B062841
B047353	ENSG00000171307	FSM	338	B047353
B088861	ENSG00000171307	NIC	181	B091969
B108175	ENSG00000171307	NNC	116	B108175
B070843	ENSG00000103064	FSM	241	B070843
B054040	ENSG00000103064	NIC	307	B054040
B074448	ENSG00000103064	NNC	229	B084365
B012904	ENSG00000198919	FSM	655	B012904
B055040	ENSG00000198919	NIC	303	B055040
B068810	ENSG00000198919	NNC	249	B081426
B049605	ENSG00000087191	FSM	327	B041831
B090022	ENSG00000087191	NIC	177	B091694
B037416	ENSG00000087191	NNC	395	B041831
B071770	ENSG00000149476	FSM	238	B071770
B062548	ENSG00000149476	NIC	272	B070135
B050270	ENSG00000149476	NNC	325	B050270
B051122	ENSG00000151718	FSM	320	B066211
B097387	ENSG00000151718	NIC	153	B097387
B082450	ENSG00000151718	NNC	202	B090159
B110230	ENSG00000082781	FSM	108	B110230
B090423	ENSG00000082781	NIC	176	B090423
B043451	ENSG00000082781	NNC	359	B043451
B055664	ENSG00000196139	FSM	300	B059599
B081746	ENSG00000196139	NIC	204	B081746
B091730	ENSG00000196139	NNC	172	B091730
B004032	ENSG00000138768	FSM	962	B004032
B054495	ENSG00000138768	NIC	305	B054495
B045499	ENSG00000138768	NNC	348	B045499
B076371	ENSG00000291237	FSM	222	B081152
B090382	ENSG00000291237	NIC	176	B090382
B093588	ENSG00000291237	NNC	166	B093588
B115337	ENSG00000012048	FSM	90	B115337
B044846	ENSG00000012048	NIC	351	B044846
B084648	ENSG00000012048	NNC	195	B084648
B050676	ENSG00000182054	FSM	322	B065970
B067818	ENSG00000182054	NIC	252	B069826
B053297	ENSG00000182054	NNC	311	B053297
B064549	ENSG00000166133	FSM	264	B064549
B030024	ENSG00000166133	NIC	446	B030024
B051224	ENSG00000166133	NNC	320	B051224
B074860	ENSG00000109790	FSM	227	B074860
B068432	ENSG00000109790	NIC	250	B068432
B047061	ENSG00000109790	NNC	340	B047061
B069479	ENSG00000138821	FSM	246	B069479
B049230	ENSG00000138821	NIC	329	B060441
B030639	ENSG00000138821	NNC	442	B030639
B020831	ENSG00000122884	FSM	534	B025229
B025228	ENSG00000122884	NIC	488	B025229
B046712	ENSG00000122884	NNC	342	B050163
B059520	ENSG00000125347	FSM	284	B059520
B056199	ENSG00000125347	NIC	298	B059520
B071051	ENSG00000125347	NNC	241	B071912
B025204	ENSG00000135127	FSM	488	B019497
B074895	ENSG00000135127	NIC	227	B078214
B063133	ENSG00000135127	NNC	270	B063133
B098459	ENSG00000130226	FSM	149	B100229
B041566	ENSG00000130226	NIC	369	B041566
B055158	ENSG00000130226	NNC	303	B067212
B035749	ENSG00000100983	FSM	405	B035749
B071557	ENSG00000100983	NIC	239	B081727
B073936	ENSG00000100983	NNC	231	B073936
B035910	ENSG00000114302	FSM	404	B040970
B062782	ENSG00000114302	NIC	271	B072471
B068487	ENSG00000114302	NNC	250	B073507
B089047	ENSG00000183255	FSM	180	B098284
B114901	ENSG00000183255	NIC	92	B114901
B112438	ENSG00000183255	NNC	101	B114410
B053153	ENSG00000102096	FSM	311	B056692
B101284	ENSG00000102096	NIC	140	B101284
B066119	ENSG00000102096	NNC	259	B066119
B052211	ENSG00000128872	FSM	315	B046027
B079259	ENSG00000128872	NIC	212	B079259
B107244	ENSG00000128872	NNC	119	B107244
B080711	ENSG00000183878	FSM	207	B087396
B060801	ENSG00000183878	NIC	279	B060801
B102308	ENSG00000183878	NNC	137	B102308
B057325	ENSG00000100445	FSM	293	B064389
B088870	ENSG00000100445	NIC	181	B088870
B054807	ENSG00000100445	NNC	304	B064389
B086223	ENSG00000133703	FSM	189	B095554
B112865	ENSG00000133703	NIC	99	B107289
B094719	ENSG00000133703	NNC	162	B085232
B062208	ENSG00000126261	FSM	273	B065152
B055949	ENSG00000126261	NIC	299	B055949
B101991	ENSG00000126261	NNC	138	B101991
B055220	ENSG00000113552	FSM	302	B067046
B082588	ENSG00000113552	NIC	201	B085248
B060444	ENSG00000113552	NNC	281	B067046
B066719	ENSG00000101266	FSM	256	B066719
B049898	ENSG00000101266	NIC	326	B049898
B088052	ENSG00000101266	NNC	184	B088052
B048975	ENSG00000170264	FSM	330	B048975
B095295	ENSG00000170264	NIC	160	B095295
B108152	ENSG00000170264	NNC	116	B108152
B085642	ENSG00000111596	FSM	191	B085642
B038583	ENSG00000111596	NIC	387	B026952
B045613	ENSG00000111596	NNC	347	B045613
B052430	ENSG00000109066	FSM	314	B057156
B100918	ENSG00000109066	NIC	141	B100918
B064503	ENSG00000109066	NNC	265	B078044
B079494	ENSG00000052723	FSM	211	B080685
B099149	ENSG00000052723	NIC	147	B094502
B111900	ENSG00000052723	NNC	103	B111900
B080675	ENSG00000175832	FSM	207	B078271
B055947	ENSG00000175832	NIC	299	B064627
B112126	ENSG00000175832	NNC	102	B112126
B046095	ENSG00000164190	FSM	344	B046377
B043542	ENSG00000164190	NIC	358	B043542
B037251	ENSG00000164190	NNC	396	B037251
B058508	ENSG00000100519	FSM	288	B064479
B055469	ENSG00000100519	NIC	301	B055469
B072240	ENSG00000100519	NNC	237	B072240
B043134	ENSG00000164823	FSM	360	B043134
B049518	ENSG00000164823	NIC	328	B049518
B079395	ENSG00000164823	NNC	212	B080708
B086279	ENSG00000175274	FSM	189	B086769
B097061	ENSG00000175274	NIC	154	B097061
B095687	ENSG00000175274	NNC	159	B095687
B053753	ENSG00000153786	FSM	308	B053753
B094088	ENSG00000153786	NIC	164	B094088
B080944	ENSG00000153786	NNC	207	B080944
B069473	ENSG00000108654	FSM	246	B069473
B055476	ENSG00000108654	NIC	301	B062246
B076285	ENSG00000108654	NNC	223	B076285
B078701	ENSG00000101412	FSM	214	B079673
B058331	ENSG00000101412	NIC	289	B058331
B065265	ENSG00000101412	NNC	262	B079673
B046509	ENSG00000143376	FSM	342	B046509
B077678	ENSG00000143376	NIC	218	B082764
B072259	ENSG00000143376	NNC	237	B072259
B018127	ENSG00000136040	FSM	568	B022431
B082056	ENSG00000136040	NIC	203	B082056
B077099	ENSG00000136040	NNC	220	B067047
B069177	ENSG00000142530	FSM	247	B075086
B062516	ENSG00000142530	NIC	272	B077302
B076586	ENSG00000142530	NNC	222	B084462
B003265	ENSG00000126562	FSM	1020	B003265
B055029	ENSG00000126562	NIC	303	B062094
B092674	ENSG00000126562	NNC	169	B092674
B090924	ENSG00000197721	FSM	174	B093296
B050970	ENSG00000197721	NIC	321	B050970
B050026	ENSG00000197721	NNC	326	B050026
B015377	ENSG00000051382	FSM	610	B015377
B049265	ENSG00000051382	NIC	329	B049265
B066384	ENSG00000051382	NNC	258	B066384
B058544	ENSG00000129158	FSM	288	B058544
B066571	ENSG00000129158	NIC	257	B073729
B080926	ENSG00000129158	NNC	207	B080926
B022062	ENSG00000185404	FSM	520	B017314
B057872	ENSG00000185404	NIC	291	B057872
B074465	ENSG00000185404	NNC	229	B085226
B036697	ENSG00000095951	FSM	399	B041656
B033728	ENSG00000095951	NIC	419	B033728
B084049	ENSG00000095951	NNC	197	B084049
B070531	ENSG00000133116	FSM	242	B070531
B096701	ENSG00000133116	NIC	155	B096701
B032894	ENSG00000133116	NNC	425	B032894
B059277	ENSG00000213722	FSM	285	B066104
B060069	ENSG00000213722	NIC	282	B060069
B052596	ENSG00000213722	NNC	314	B060069
B047559	ENSG00000159128	FSM	337	B049899
B097954	ENSG00000159128	NIC	151	B097954
B047256	ENSG00000159128	NNC	339	B049899
B094841	ENSG00000189067	FSM	161	B094841
B112578	ENSG00000189067	NIC	100	B112873
B112972	ENSG00000189067	NNC	99	B112972
B032956	ENSG00000161558	FSM	424	B035992
B068649	ENSG00000161558	NIC	249	B074809
B058926	ENSG00000161558	NNC	287	B058926
B026448	ENSG00000166006	FSM	476	B033610
B059299	ENSG00000166006	NIC	285	B074381
B077705	ENSG00000166006	NNC	218	B077705
B042593	ENSG00000167792	FSM	363	B032866
B091972	ENSG00000167792	NIC	171	B091972
B074550	ENSG00000167792	NNC	229	B074550
B013695	ENSG00000154162	FSM	639	B012714
B027087	ENSG00000154162	NIC	471	B027087
B040876	ENSG00000154162	NNC	373	B040876
B003529	ENSG00000154822	FSM	1001	B003939
B085794	ENSG00000154822	NIC	191	B074761
B101043	ENSG00000154822	NNC	141	B106620
B109112	ENSG00000162869	FSM	112	B109112
B057674	ENSG00000162869	NIC	292	B057674
B063989	ENSG00000162869	NNC	267	B073259
B033122	ENSG00000110888	FSM	423	B027911
B070975	ENSG00000110888	NIC	241	B070975
B008641	ENSG00000110888	NNC	758	B006423
B072021	ENSG00000145439	FSM	237	B082710
B085460	ENSG00000145439	NIC	192	B091994
B082710	ENSG00000145439	NNC	201	B082710
B090600	ENSG00000087086	FSM	175	B095689
B103246	ENSG00000087086	NIC	133	B103246
B096010	ENSG00000087086	NNC	158	B096010
B052003	ENSG00000177106	FSM	316	B053072
B094081	ENSG00000177106	NIC	164	B094081
B070185	ENSG00000177106	NNC	244	B076063
B084737	ENSG00000198730	FSM	194	B084737
B042270	ENSG00000198730	NIC	365	B042270
B031200	ENSG00000198730	NNC	438	B031200
B058773	ENSG00000291073	FSM	287	B058773
B058124	ENSG00000291073	NIC	290	B058124
B084249	ENSG00000291073	NNC	196	B085203
B055658	ENSG00000152904	FSM	300	B055658
B106926	ENSG00000152904	NIC	120	B109305
B093303	ENSG00000152904	NNC	167	B098492
B115605	ENSG00000176715	FSM	89	B115605
B053176	ENSG00000176715	NIC	311	B058222
B083307	ENSG00000176715	NNC	199	B083307
B056892	ENSG00000124713	FSM	295	B066166
B072373	ENSG00000124713	NIC	236	B072373
B085317	ENSG00000124713	NNC	193	B085317
B056120	ENSG00000167962	FSM	298	B056120
B035811	ENSG00000167962	NIC	405	B035811
B063727	ENSG00000167962	NNC	268	B078435
B072044	ENSG00000099840	FSM	237	B081400
B096127	ENSG00000099840	NIC	157	B102404
B079369	ENSG00000099840	NNC	212	B091098
B088112	ENSG00000213337	FSM	183	B096685
B061998	ENSG00000213337	NIC	274	B061998
B085298	ENSG00000213337	NNC	193	B085546
B069741	ENSG00000204580	FSM	245	B069741
B057443	ENSG00000204580	NIC	293	B057443
B063750	ENSG00000204580	NNC	268	B063750
B052222	ENSG00000167555	FSM	315	B052222
B103247	ENSG00000167555	NIC	133	B099672
B111575	ENSG00000167555	NNC	104	B115015
B020085	ENSG00000176105	FSM	543	B026363
B047602	ENSG00000176105	NIC	337	B039530
B085896	ENSG00000176105	NNC	191	B085896
B084408	ENSG00000148444	FSM	195	B089306
B100091	ENSG00000148444	NIC	144	B107654
B084613	ENSG00000148444	NNC	195	B089306
B086292	ENSG00000241553	FSM	189	B097134
B092574	ENSG00000241553	NIC	169	B102198
B076908	ENSG00000241553	NNC	221	B076908
B058515	ENSG00000183010	FSM	288	B051324
B070050	ENSG00000183010	NIC	244	B077821
B101084	ENSG00000183010	NNC	141	B101084
B044788	ENSG00000008256	FSM	351	B040992
B052518	ENSG00000008256	NIC	314	B052518
B074231	ENSG00000008256	NNC	230	B075898
B111940	ENSG00000108389	FSM	102	B113815
B087929	ENSG00000108389	NIC	184	B087929
B109901	ENSG00000108389	NNC	110	B109901
B088423	ENSG00000140931	FSM	182	B098153
B105234	ENSG00000140931	NIC	126	B105234
B074508	ENSG00000140931	NNC	229	B074508
B102633	ENSG00000290989	FSM	135	B109128
B108083	ENSG00000290989	NIC	116	B111500
B091176	ENSG00000290989	NNC	174	B091176
B063798	ENSG00000113048	FSM	267	B063798
B054309	ENSG00000113048	NIC	306	B048629
B084982	ENSG00000113048	NNC	194	B092849
B085654	ENSG00000168256	FSM	191	B096047
B060773	ENSG00000168256	NIC	279	B060773
B109051	ENSG00000168256	NNC	113	B114119
B059535	ENSG00000174165	FSM	284	B068307
B065502	ENSG00000174165	NIC	261	B065502
B075443	ENSG00000174165	NNC	226	B084500
B059280	ENSG00000104221	FSM	285	B059280
B077041	ENSG00000104221	NIC	220	B077041
B039384	ENSG00000104221	NNC	382	B039384
B054232	ENSG00000186063	FSM	306	B069361
B064368	ENSG00000186063	NIC	265	B064368
B055155	ENSG00000186063	NNC	303	B069361
B055205	ENSG00000029639	FSM	302	B055205
B058603	ENSG00000029639	NIC	288	B058603
B061175	ENSG00000029639	NNC	278	B061175
B041306	ENSG00000276293	FSM	370	B046178
B066533	ENSG00000276293	NIC	257	B073861
B058171	ENSG00000276293	NNC	290	B058171
B022443	ENSG00000125651	FSM	516	B025118
B028328	ENSG00000125651	NIC	460	B025118
B024655	ENSG00000125651	NNC	494	B025118
B018177	ENSG00000179941	FSM	567	B018177
B035009	ENSG00000179941	NIC	410	B035009
B037235	ENSG00000179941	NNC	396	B037235
B077536	ENSG00000172175	FSM	218	B077536
B052710	ENSG00000172175	NIC	313	B058415
B048689	ENSG00000172175	NNC	332	B048689
B058776	ENSG00000101751	FSM	287	B058776
B060279	ENSG00000101751	NIC	281	B044849
B094131	ENSG00000101751	NNC	164	B094131
B092495	ENSG00000164182	FSM	169	B092495
B113422	ENSG00000164182	NIC	97	B114233
B102850	ENSG00000164182	NNC	135	B102850
B062738	ENSG00000189409	FSM	271	B062738
B063031	ENSG00000189409	NIC	270	B067742
B079085	ENSG00000189409	NNC	213	B079085
B073714	ENSG00000124588	FSM	231	B085035
B078748	ENSG00000124588	NIC	214	B085562
B050655	ENSG00000124588	NNC	323	B050655
B012353	ENSG00000147324	FSM	667	B013167
B007585	ENSG00000147324	NIC	793	B005361
B018587	ENSG00000147324	NNC	562	B013167
B081017	ENSG00000132639	FSM	206	B082969
B100318	ENSG00000132639	NIC	143	B100318
B073015	ENSG00000132639	NNC	234	B082969
B043876	ENSG00000145569	FSM	356	B043876
B070343	ENSG00000145569	NIC	243	B083540
B051891	ENSG00000145569	NNC	317	B065326
B024789	ENSG00000177054	FSM	492	B029539
B056486	ENSG00000177054	NIC	297	B056486
B054158	ENSG00000177054	NNC	307	B043000
B074849	ENSG00000091640	FSM	227	B079101
B091288	ENSG00000091640	NIC	173	B091288
B075606	ENSG00000091640	NNC	225	B079101
B049168	ENSG00000088340	FSM	329	B049168
B057171	ENSG00000088340	NIC	294	B047382
B050805	ENSG00000088340	NNC	322	B050805
B015702	ENSG00000066279	FSM	605	B015702
B098292	ENSG00000066279	NIC	150	B098292
B093005	ENSG00000066279	NNC	168	B093005
B062446	ENSG00000100532	FSM	272	B075388
B054777	ENSG00000100532	NIC	304	B054777
B063136	ENSG00000100532	NNC	270	B075388
B089372	ENSG00000155621	FSM	179	B095273
B106884	ENSG00000155621	NIC	120	B106884
B086162	ENSG00000155621	NNC	190	B086162
B048187	ENSG00000112242	FSM	334	B039580
B065459	ENSG00000112242	NIC	261	B065459
B080280	ENSG00000112242	NNC	209	B080280
B076364	ENSG00000174796	FSM	222	B089057
B088838	ENSG00000174796	NIC	181	B091425
B099017	ENSG00000174796	NNC	148	B100799
B007616	ENSG00000072121	FSM	791	B007616
B060765	ENSG00000072121	NIC	279	B060765
B049570	ENSG00000072121	NNC	328	B049570
B037938	ENSG00000102054	FSM	391	B038151
B057194	ENSG00000102054	NIC	294	B065010
B100449	ENSG00000102054	NNC	143	B100767
B110245	ENSG00000128581	FSM	108	B110245
B097389	ENSG00000128581	NIC	153	B097389
B102299	ENSG00000128581	NNC	137	B102299
B048985	ENSG00000112763	FSM	330	B048985
B072720	ENSG00000112763	NIC	235	B073607
B053740	ENSG00000112763	NNC	309	B053740
B063273	ENSG00000148672	FSM	269	B070577
B037975	ENSG00000148672	NIC	391	B037975
B045307	ENSG00000148672	NNC	349	B045307
B055926	ENSG00000132840	FSM	299	B055926
B067093	ENSG00000132840	NIC	255	B067093
B097811	ENSG00000132840	NNC	152	B097811
B033974	ENSG00000164038	FSM	417	B026745
B068434	ENSG00000164038	NIC	250	B068434
B059470	ENSG00000164038	NNC	285	B066097
B049874	ENSG00000167588	FSM	326	B052939
B068991	ENSG00000167588	NIC	248	B075230
B042681	ENSG00000167588	NNC	363	B042681
B064831	ENSG00000171503	FSM	263	B064831
B082354	ENSG00000171503	NIC	202	B082354
B093885	ENSG00000171503	NNC	165	B093885
B057129	ENSG00000165637	FSM	294	B059766
B082334	ENSG00000165637	NIC	202	B087271
B085930	ENSG00000165637	NNC	191	B086823
B038100	ENSG00000103148	FSM	390	B027629
B087858	ENSG00000103148	NIC	184	B096119
B057463	ENSG00000103148	NNC	293	B057463
B084717	ENSG00000172113	FSM	194	B087183
B100032	ENSG00000172113	NIC	144	B100032
B091113	ENSG00000172113	NNC	174	B091113
B049404	ENSG00000157349	FSM	328	B049740
B073182	ENSG00000157349	NIC	233	B080300
B074510	ENSG00000157349	NNC	229	B074510
B036835	ENSG00000183018	FSM	398	B036045
B059135	ENSG00000183018	NIC	286	B059135
B051229	ENSG00000183018	NNC	320	B066532
B064557	ENSG00000128789	FSM	264	B071130
B106549	ENSG00000128789	NIC	121	B106549
B057708	ENSG00000128789	NNC	292	B057708
B055402	ENSG00000184271	FSM	301	B062638
B068992	ENSG00000184271	NIC	248	B068992
B095691	ENSG00000184271	NNC	159	B101624
B037282	ENSG00000100429	FSM	395	B039236
B054989	ENSG00000100429	NIC	303	B068384
B049087	ENSG00000100429	NNC	330	B049087
B043864	ENSG00000115526	FSM	356	B057387
B089802	ENSG00000115526	NIC	178	B089802
B058928	ENSG00000115526	NNC	287	B058929
B027377	ENSG00000117971	FSM	468	B027377
B052026	ENSG00000117971	NIC	316	B062927
B106700	ENSG00000117971	NNC	121	B106700
B014001	ENSG00000115339	FSM	633	B021043
B078164	ENSG00000115339	NIC	216	B078164
B068478	ENSG00000115339	NNC	250	B068478
B099923	ENSG00000166822	FSM	144	B106474
B101301	ENSG00000166822	NIC	140	B104426
B102759	ENSG00000166822	NNC	135	B109319
B104562	ENSG00000134324	FSM	128	B107060
B051805	ENSG00000134324	NIC	317	B051805
B056761	ENSG00000134324	NNC	296	B056761
B034558	ENSG00000164855	FSM	413	B035428
B064637	ENSG00000164855	NIC	264	B070695
B049977	ENSG00000164855	NNC	326	B049977
B101511	ENSG00000005469	FSM	139	B106281
B070643	ENSG00000005469	NIC	242	B070643
B056850	ENSG00000005469	NNC	296	B048108
B054006	ENSG00000155324	FSM	307	B054006
B055252	ENSG00000155324	NIC	302	B056690
B030903	ENSG00000155324	NNC	440	B031823
B061949	ENSG00000049860	FSM	274	B061949
B055250	ENSG00000049860	NIC	302	B055250
B086146	ENSG00000049860	NNC	190	B086834
B066505	ENSG00000161016	FSM	257	B071107
B081797	ENSG00000161016	NIC	204	B081797
B091487	ENSG00000161016	NNC	173	B095107
B083118	ENSG00000115317	FSM	199	B083118
B029907	ENSG00000115317	NIC	447	B035846
B059461	ENSG00000115317	NNC	285	B059461
B001995	ENSG00000132953	FSM	1151	B004092
B070306	ENSG00000132953	NIC	243	B070306
B060412	ENSG00000132953	NNC	281	B060412
B088110	ENSG00000130725	FSM	183	B088110
B105247	ENSG00000130725	NIC	126	B110652
B091460	ENSG00000130725	NNC	173	B091460
B058539	ENSG00000119383	FSM	288	B055013
B046173	ENSG00000119383	NIC	344	B035326
B065337	ENSG00000119383	NNC	262	B071986
B084414	ENSG00000290921	FSM	195	B085632
B044473	ENSG00000290921	NIC	353	B044473
B079193	ENSG00000290921	NNC	213	B079193
B038075	ENSG00000181007	FSM	390	B038371
B109758	ENSG00000181007	NIC	110	B109758
B025743	ENSG00000181007	NNC	484	B038371
B079506	ENSG00000112208	FSM	211	B089876
B105763	ENSG00000112208	NIC	124	B105763
B103077	ENSG00000112208	NNC	134	B103641
B081036	ENSG00000204065	FSM	206	B090180
B108387	ENSG00000204065	NIC	115	B109996
B070467	ENSG00000204065	NNC	243	B070467
B074270	ENSG00000113360	FSM	229	B074270
B065453	ENSG00000113360	NIC	261	B065453
B055151	ENSG00000113360	NNC	303	B055151
B090925	ENSG00000037241	FSM	174	B099640
B113174	ENSG00000037241	NIC	98	B113174
B113565	ENSG00000037241	NNC	97	B113565
B059248	ENSG00000090060	FSM	285	B059248
B055024	ENSG00000090060	NIC	303	B055024
B064753	ENSG00000090060	NNC	264	B064970
B036218	ENSG00000054277	FSM	402	B036218
B067097	ENSG00000054277	NIC	255	B067097
B052197	ENSG00000054277	NNC	316	B052197
B050047	ENSG00000100580	FSM	325	B064171
B092539	ENSG00000100580	NIC	169	B096855
B066420	ENSG00000100580	NNC	258	B066420
B000713	ENSG00000151240	FSM	1449	B000713
B043401	ENSG00000151240	NIC	359	B033038
B060646	ENSG00000151240	NNC	280	B061646
B099382	ENSG00000167996	FSM	146	B099382
B111557	ENSG00000167996	NIC	104	B111557
B101718	ENSG00000167996	NNC	139	B104262
B073414	ENSG00000241399	FSM	232	B084381
B102193	ENSG00000241399	NIC	137	B102193
B068476	ENSG00000241399	NNC	250	B068476
B015938	ENSG00000160803	FSM	601	B019056
B075531	ENSG00000160803	NIC	225	B075531
B033203	ENSG00000160803	NNC	423	B039062
B050092	ENSG00000151151	FSM	325	B050092
B062029	ENSG00000151151	NIC	274	B069809
B042374	ENSG00000151151	NNC	365	B043126
B058010	ENSG00000126777	FSM	290	B058010
B004512	ENSG00000126777	NIC	931	B005719
B028100	ENSG00000126777	NNC	462	B028100
B063536	ENSG00000141956	FSM	268	B063536
B067311	ENSG00000141956	NIC	254	B067311
B026048	ENSG00000141956	NNC	481	B026048
B060733	ENSG00000143156	FSM	279	B067930
B051380	ENSG00000143156	NIC	319	B051380
B067930	ENSG00000143156	NNC	252	B067930
B065945	ENSG00000106772	FSM	259	B065945
B057886	ENSG00000106772	NIC	291	B044437
B001140	ENSG00000106772	NNC	1310	B001140
B006143	ENSG00000160957	FSM	851	B007793
B052558	ENSG00000160957	NIC	314	B052558
B037434	ENSG00000160957	NNC	395	B037434
B014580	ENSG00000128573	FSM	623	B011932
B050383	ENSG00000128573	NIC	324	B056103
B093072	ENSG00000128573	NNC	168	B093072
B103174	ENSG00000088356	FSM	133	B103959
B087247	ENSG00000088356	NIC	186	B087247
B088319	ENSG00000088356	NNC	183	B090147
B072598	ENSG00000175806	FSM	235	B072598
B083925	ENSG00000175806	NIC	197	B083925
B094160	ENSG00000175806	NNC	164	B094160
B099610	ENSG00000140386	FSM	145	B099610
B038747	ENSG00000140386	NIC	386	B038747
B063400	ENSG00000140386	NNC	269	B063400
B072868	ENSG00000187672	FSM	234	B073986
B019430	ENSG00000187672	NIC	551	B019430
B012700	ENSG00000187672	NNC	660	B011172
B053372	ENSG00000106331	FSM	310	B053372
B062275	ENSG00000106331	NIC	273	B064680
B059197	ENSG00000106331	NNC	286	B064680
B067490	ENSG00000176890	FSM	253	B077258
B061555	ENSG00000176890	NIC	276	B061555
B080626	ENSG00000176890	NNC	208	B080626
B034828	ENSG00000147140	FSM	411	B034828
B054313	ENSG00000147140	NIC	306	B054313
B067217	ENSG00000147140	NNC	255	B071573
B067780	ENSG00000290796	FSM	252	B075938
B084158	ENSG00000290796	NIC	196	B084158
B072207	ENSG00000290796	NNC	237	B072207
B109982	ENSG00000145996	FSM	109	B109982
B057403	ENSG00000145996	NIC	293	B062614
B097813	ENSG00000145996	NNC	152	B103032
B082844	ENSG00000291151	FSM	200	B082844
B101569	ENSG00000291151	NIC	139	B105485
B066940	ENSG00000291151	NNC	256	B066940
B026082	ENSG00000131831	FSM	480	B026082
B024439	ENSG00000131831	NIC	496	B026082
B060656	ENSG00000131831	NNC	280	B060890
B057323	ENSG00000157895	FSM	293	B068082
B064867	ENSG00000157895	NIC	263	B068082
B087967	ENSG00000157895	NNC	184	B088294
B026089	ENSG00000256294	FSM	480	B023086
B013650	ENSG00000256294	NIC	640	B014577
B023280	ENSG00000256294	NNC	508	B014577
B085379	ENSG00000155329	FSM	192	B096374
B108078	ENSG00000155329	NIC	116	B112060
B082397	ENSG00000155329	NNC	202	B082397
B044771	ENSG00000138029	FSM	351	B044771
B047177	ENSG00000138029	NIC	339	B037698
B059717	ENSG00000138029	NNC	284	B067830
B039017	ENSG00000162736	FSM	384	B040845
B054272	ENSG00000162736	NIC	306	B054272
B054354	ENSG00000162736	NNC	306	B054354
B068854	ENSG00000122417	FSM	248	B068854
B045201	ENSG00000122417	NIC	349	B033438
B092984	ENSG00000122417	NNC	168	B092984
B057133	ENSG00000075089	FSM	294	B066611
B073741	ENSG00000075089	NIC	231	B073741
B058456	ENSG00000075089	NNC	289	B058456
B062702	ENSG00000093010	FSM	271	B062702
B057641	ENSG00000093010	NIC	292	B057641
B084272	ENSG00000093010	NNC	196	B088442
B059752	ENSG00000153936	FSM	283	B074252
B056180	ENSG00000153936	NIC	298	B056180
B097174	ENSG00000153936	NNC	154	B097174
B003514	ENSG00000105397	FSM	1002	B003514
B047374	ENSG00000105397	NIC	338	B047374
B056269	ENSG00000105397	NNC	298	B056269
B085645	ENSG00000076555	FSM	191	B085645
B092858	ENSG00000076555	NIC	168	B097593
B054803	ENSG00000076555	NNC	304	B054803
B070280	ENSG00000138134	FSM	243	B063125
B059608	ENSG00000138134	NIC	284	B059608
B053744	ENSG00000138134	NNC	309	B053744
B010472	ENSG00000162302	FSM	709	B008767
B036896	ENSG00000162302	NIC	398	B046681
B055398	ENSG00000162302	NNC	302	B056447
B062974	ENSG00000172273	FSM	270	B062974
B088172	ENSG00000172273	NIC	183	B088172
B051864	ENSG00000172273	NNC	317	B062974
B111964	ENSG00000114650	FSM	102	B111964
B074068	ENSG00000114650	NIC	230	B074068
B108113	ENSG00000114650	NNC	116	B108113
B069737	ENSG00000109180	FSM	245	B069737
B085747	ENSG00000109180	NIC	191	B095041
B109876	ENSG00000109180	NNC	110	B109876
B094011	ENSG00000227057	FSM	164	B094011
B066555	ENSG00000227057	NIC	257	B066555
B058699	ENSG00000227057	NNC	288	B058699
B087514	ENSG00000180190	FSM	185	B087514
B101572	ENSG00000180190	NIC	139	B108626
B099523	ENSG00000180190	NNC	146	B099523
B067776	ENSG00000124228	FSM	252	B066546
B049054	ENSG00000124228	NIC	330	B049054
B061108	ENSG00000124228	NNC	278	B062950
B105991	ENSG00000120756	FSM	123	B105991
B048240	ENSG00000120756	NIC	334	B048240
B015913	ENSG00000120756	NNC	602	B021592
B048206	ENSG00000136603	FSM	334	B048206
B035967	ENSG00000136603	NIC	404	B024436
B067931	ENSG00000136603	NNC	252	B067931
B024410	ENSG00000136861	FSM	496	B028219
B047412	ENSG00000136861	NIC	338	B047412
B064800	ENSG00000136861	NNC	264	B064800
B023123	ENSG00000165449	FSM	509	B033317
B081754	ENSG00000165449	NIC	204	B091648
B033628	ENSG00000165449	NNC	420	B033628
B034269	ENSG00000110002	FSM	415	B037050
B060036	ENSG00000110002	NIC	282	B060036
B072988	ENSG00000110002	NNC	234	B072988
B087180	ENSG00000134108	FSM	186	B090542
B110898	ENSG00000134108	NIC	106	B114848
B093063	ENSG00000134108	NNC	168	B093063
B056654	ENSG00000157168	FSM	296	B067943
B043166	ENSG00000157168	NIC	360	B043166
B096563	ENSG00000157168	NNC	156	B103128
B102060	ENSG00000157796	FSM	137	B102060
B046564	ENSG00000157796	NIC	342	B046564
B072479	ENSG00000157796	NNC	236	B072479
B039599	ENSG00000143418	FSM	380	B039599
B059572	ENSG00000143418	NIC	284	B067611
B102564	ENSG00000143418	NNC	136	B102564
B053778	ENSG00000146151	FSM	308	B046959
B076444	ENSG00000146151	NIC	222	B076444
B089571	ENSG00000146151	NNC	179	B089571
B019575	ENSG00000114933	FSM	549	B020018
B074400	ENSG00000114933	NIC	229	B074400
B048296	ENSG00000114933	NNC	334	B048296
B046105	ENSG00000165487	FSM	344	B046621
B072062	ENSG00000165487	NIC	237	B072062
B055763	ENSG00000165487	NNC	300	B055763
B017862	ENSG00000159840	FSM	572	B020296
B070697	ENSG00000159840	NIC	242	B081108
B052153	ENSG00000159840	NNC	316	B052153
B076384	ENSG00000171714	FSM	222	B076384
B071538	ENSG00000171714	NIC	239	B071538
B058260	ENSG00000171714	NNC	290	B058260
B034825	ENSG00000152465	FSM	411	B032436
B089504	ENSG00000152465	NIC	179	B089654
B061914	ENSG00000152465	NNC	275	B061914
B066988	ENSG00000106105	FSM	255	B066988
B037818	ENSG00000106105	NIC	392	B049330
B065006	ENSG00000106105	NNC	263	B065006
B035286	ENSG00000174738	FSM	408	B035286
B066040	ENSG00000174738	NIC	259	B066040
B058476	ENSG00000174738	NNC	289	B058476
B045320	ENSG00000198356	FSM	348	B057007
B075570	ENSG00000198356	NIC	225	B075570
B057007	ENSG00000198356	NNC	295	B057007
B056378	ENSG00000154642	FSM	297	B066826
B105748	ENSG00000154642	NIC	124	B105748
B084037	ENSG00000154642	NNC	197	B084037
B056396	ENSG00000151632	FSM	297	B059599
B091335	ENSG00000151632	NIC	173	B098561
B099584	ENSG00000151632	NNC	146	B101766
B068312	ENSG00000111490	FSM	250	B068312
B040658	ENSG00000111490	NIC	374	B040658
B013517	ENSG00000111490	NNC	643	B013517
B007330	ENSG00000095539	FSM	803	B008753
B071836	ENSG00000095539	NIC	238	B071836
B045836	ENSG00000095539	NNC	346	B045836
B033419	ENSG00000135269	FSM	421	B041175
B056695	ENSG00000135269	NIC	296	B056695
B088343	ENSG00000135269	NNC	183	B088343
B083792	ENSG00000172348	FSM	197	B088746
B101566	ENSG00000172348	NIC	139	B099661
B091796	ENSG00000172348	NNC	172	B091796
B046087	ENSG00000080189	FSM	344	B047880
B064670	ENSG00000080189	NIC	264	B064670
B109326	ENSG00000080189	NNC	112	B109326
B057112	ENSG00000173085	FSM	294	B068072
B062059	ENSG00000173085	NIC	274	B062059
B056039	ENSG00000173085	NNC	299	B056039
B056633	ENSG00000161057	FSM	296	B064479
B040010	ENSG00000161057	NIC	378	B040010
B051900	ENSG00000161057	NNC	317	B051900
B009196	ENSG00000006282	FSM	742	B011973
B056967	ENSG00000006282	NIC	295	B056967
B053523	ENSG00000006282	NNC	310	B053523
B016083	ENSG00000084463	FSM	599	B016083
B055020	ENSG00000084463	NIC	303	B067006
B046674	ENSG00000084463	NNC	342	B046674
B017442	ENSG00000153975	FSM	578	B020285
B061812	ENSG00000153975	NIC	275	B061812
B085258	ENSG00000153975	NNC	193	B085258
B046521	ENSG00000157693	FSM	342	B046521
B077922	ENSG00000157693	NIC	217	B077922
B071111	ENSG00000157693	NNC	241	B081752
B051747	ENSG00000133961	FSM	317	B051747
B028440	ENSG00000133961	NIC	459	B028809
B059877	ENSG00000133961	NNC	283	B051747
B045698	ENSG00000144339	FSM	346	B059569
B057434	ENSG00000144339	NIC	293	B059569
B073653	ENSG00000144339	NNC	232	B073653
B034684	ENSG00000141101	FSM	412	B047798
B067016	ENSG00000141101	NIC	255	B071191
B036762	ENSG00000141101	NNC	399	B038445
B058012	ENSG00000171475	FSM	290	B058012
B073474	ENSG00000171475	NIC	232	B073474
B048731	ENSG00000171475	NNC	332	B048731
B009570	ENSG00000140265	FSM	732	B006146
B042633	ENSG00000140265	NIC	363	B043955
B029585	ENSG00000140265	NNC	450	B025324
B068051	ENSG00000136986	FSM	251	B073723
B097971	ENSG00000136986	NIC	151	B102444
B099899	ENSG00000136986	NNC	145	B099899
B039146	ENSG00000104064	FSM	383	B039304
B045362	ENSG00000104064	NIC	348	B039304
B038807	ENSG00000104064	NNC	386	B039304
B067228	ENSG00000103249	FSM	254	B067228
B048811	ENSG00000103249	NIC	331	B035740
B111833	ENSG00000103249	NNC	103	B111833
B055905	ENSG00000164366	FSM	299	B055905
B087887	ENSG00000164366	NIC	184	B074864
B100481	ENSG00000164366	NNC	143	B100481
B050885	ENSG00000116176	FSM	321	B050885
B069827	ENSG00000116176	NIC	245	B069827
B050400	ENSG00000116176	NNC	324	B050885
B084684	ENSG00000019144	FSM	194	B096334
B040813	ENSG00000019144	NIC	373	B040813
B049567	ENSG00000019144	NNC	328	B049567
B031217	ENSG00000143870	FSM	437	B038722
B076790	ENSG00000143870	NIC	221	B081073
B070731	ENSG00000143870	NNC	242	B081073
B016914	ENSG00000092820	FSM	586	B020876
B034348	ENSG00000092820	NIC	415	B034348
B020876	ENSG00000092820	NNC	534	B020876
B111418	ENSG00000197779	FSM	104	B114586
B035972	ENSG00000197779	NIC	404	B035972
B097156	ENSG00000197779	NNC	154	B097457
B030281	ENSG00000214753	FSM	444	B030652
B080864	ENSG00000214753	NIC	207	B080864
B058497	ENSG00000214753	NNC	289	B058497
B060734	ENSG00000116191	FSM	279	B069012
B082926	ENSG00000116191	NIC	200	B091061
B065267	ENSG00000116191	NNC	262	B065267
B043106	ENSG00000188760	FSM	360	B043106
B068382	ENSG00000188760	NIC	250	B068382
B054580	ENSG00000188760	NNC	305	B061423
B050099	ENSG00000139496	FSM	325	B057662
B078971	ENSG00000139496	NIC	213	B078971
B107815	ENSG00000139496	NNC	117	B107815
B060964	ENSG00000137161	FSM	278	B062906
B073274	ENSG00000137161	NIC	233	B086355
B056349	ENSG00000137161	NNC	298	B062906
B018838	ENSG00000087074	FSM	558	B018838
B057629	ENSG00000087074	NIC	292	B057629
B033074	ENSG00000087074	NNC	424	B036235
B012449	ENSG00000198538	FSM	665	B015643
B033167	ENSG00000198538	NIC	423	B033167
B012322	ENSG00000198538	NNC	668	B015643
B087780	ENSG00000120798	FSM	184	B087780
B064926	ENSG00000120798	NIC	263	B064926
B041942	ENSG00000120798	NNC	367	B044560
B017388	ENSG00000198105	FSM	579	B023284
B107200	ENSG00000198105	NIC	119	B107200
B040893	ENSG00000198105	NNC	373	B040893
B058307	ENSG00000113838	FSM	289	B058307
B067845	ENSG00000113838	NIC	252	B067845
B042000	ENSG00000113838	NNC	367	B042000
B051554	ENSG00000085382	FSM	318	B051554
B054279	ENSG00000085382	NIC	306	B054279
B052866	ENSG00000085382	NNC	313	B052866
B052437	ENSG00000179915	FSM	314	B052437
B059565	ENSG00000179915	NIC	284	B059565
B064772	ENSG00000179915	NNC	264	B064772
B107053	ENSG00000105289	FSM	119	B107053
B081134	ENSG00000105289	NIC	206	B081134
B100787	ENSG00000105289	NNC	142	B100787
B042060	ENSG00000155755	FSM	366	B042060
B079564	ENSG00000155755	NIC	211	B092347
B040053	ENSG00000155755	NNC	378	B042060
B049167	ENSG00000009307	FSM	329	B049167
B047429	ENSG00000009307	NIC	338	B047429
B071962	ENSG00000009307	NNC	238	B075406
B097248	ENSG00000143515	FSM	153	B097248
B053617	ENSG00000143515	NIC	309	B062523
B010251	ENSG00000143515	NNC	715	B010251
B051334	ENSG00000109339	FSM	319	B063429
B045003	ENSG00000109339	NIC	350	B032517
B084343	ENSG00000109339	NNC	196	B090549
B056138	ENSG00000178917	FSM	298	B060437
B047618	ENSG00000178917	NIC	337	B034608
B034663	ENSG00000178917	NNC	413	B034608
B021178	ENSG00000179950	FSM	530	B021178
B017463	ENSG00000179950	NIC	578	B021178
B070821	ENSG00000179950	NNC	242	B070821
B055427	ENSG00000143595	FSM	301	B063422
B078996	ENSG00000143595	NIC	213	B085108
B055378	ENSG00000143595	NNC	302	B063422
B034805	ENSG00000129534	FSM	411	B034805
B079833	ENSG00000129534	NIC	210	B079833
B088585	ENSG00000129534	NNC	182	B094001
B075186	ENSG00000204209	FSM	226	B075186
B054278	ENSG00000204209	NIC	306	B054278
B017041	ENSG00000204209	NNC	585	B014619
B028649	ENSG00000170085	FSM	457	B036748
B062062	ENSG00000170085	NIC	274	B065171
B068501	ENSG00000170085	NNC	250	B068501
B089952	ENSG00000104164	FSM	177	B100299
B028322	ENSG00000104164	NIC	460	B028322
B105539	ENSG00000104164	NNC	125	B105539
B057121	ENSG00000146833	FSM	294	B062427
B074352	ENSG00000146833	NIC	229	B074352
B045827	ENSG00000146833	NNC	346	B045827
B062703	ENSG00000176444	FSM	271	B056095
B037515	ENSG00000176444	NIC	394	B043416
B030225	ENSG00000176444	NNC	445	B030225
B062685	ENSG00000141699	FSM	271	B070674
B047218	ENSG00000141699	NIC	339	B033573
B063460	ENSG00000141699	NNC	269	B070674
B072002	ENSG00000157916	FSM	237	B084069
B091276	ENSG00000157916	NIC	173	B091276
B073850	ENSG00000157916	NNC	231	B084069
B066474	ENSG00000139154	FSM	257	B066022
B087550	ENSG00000139154	NIC	185	B087550
B022320	ENSG00000139154	NNC	518	B023681
B062465	ENSG00000082701	FSM	272	B066279
B043364	ENSG00000082701	NIC	359	B036356
B051293	ENSG00000082701	NNC	320	B058177
B057581	ENSG00000115364	FSM	292	B057581
B067565	ENSG00000115364	NIC	253	B077484
B109612	ENSG00000115364	NNC	111	B109612
B028632	ENSG00000117399	FSM	457	B024053
B047632	ENSG00000117399	NIC	337	B047632
B068782	ENSG00000117399	NNC	249	B068782
B040800	ENSG00000198728	FSM	373	B034830
B052061	ENSG00000198728	NIC	316	B052061
B062917	ENSG00000198728	NNC	271	B063491
B059283	ENSG00000106785	FSM	285	B059283
B068403	ENSG00000106785	NIC	250	B068403
B046888	ENSG00000106785	NNC	341	B035031
B039451	ENSG00000023041	FSM	381	B040852
B053666	ENSG00000023041	NIC	309	B068448
B095983	ENSG00000023041	NNC	158	B095983
B023592	ENSG00000166181	FSM	504	B024560
B053242	ENSG00000166181	NIC	311	B067694
B107862	ENSG00000166181	NNC	117	B107862
B045525	ENSG00000140382	FSM	347	B056816
B072898	ENSG00000140382	NIC	234	B078404
B088968	ENSG00000140382	NNC	181	B088968
B093352	ENSG00000165410	FSM	166	B093688
B100296	ENSG00000165410	NIC	143	B103665
B104208	ENSG00000165410	NNC	130	B111517
B050913	ENSG00000155792	FSM	321	B039615
B080187	ENSG00000155792	NIC	209	B077242
B106194	ENSG00000155792	NNC	123	B106194
B069442	ENSG00000099785	FSM	246	B067510
B111266	ENSG00000099785	NIC	105	B111266
B104517	ENSG00000099785	NNC	129	B104517
B000567	ENSG00000136731	FSM	1531	B000592
B088489	ENSG00000136731	NIC	182	B088489
B058234	ENSG00000136731	NNC	290	B058234
B082531	ENSG00000213983	FSM	201	B082531
B063556	ENSG00000213983	NIC	268	B072697
B055066	ENSG00000213983	NNC	303	B055066
B023786	ENSG00000112200	FSM	502	B024438
B072106	ENSG00000112200	NIC	237	B076916
B041819	ENSG00000112200	NNC	368	B041819
B054019	ENSG00000138376	FSM	307	B054019
B073768	ENSG00000138376	NIC	231	B073768
B046049	ENSG00000138376	NNC	345	B046049
B099965	ENSG00000198692	FSM	144	B104940
B108049	ENSG00000198692	NIC	116	B111869
B112408	ENSG00000198692	NNC	101	B112408
B006905	ENSG00000006062	FSM	819	B006905
B094689	ENSG00000006062	NIC	162	B094689
B064763	ENSG00000006062	NNC	264	B064763
B071728	ENSG00000253710	FSM	238	B084128
B049444	ENSG00000253710	NIC	328	B035649
B051007	ENSG00000253710	NNC	321	B051007
B069710	ENSG00000150967	FSM	245	B069710
B054245	ENSG00000150967	NIC	306	B053021
B084633	ENSG00000150967	NNC	195	B084633
B046295	ENSG00000105447	FSM	343	B046295
B059561	ENSG00000105447	NIC	284	B068102
B045233	ENSG00000105447	NNC	349	B045233
B049829	ENSG00000135677	FSM	326	B058069
B063089	ENSG00000135677	NIC	270	B068361
B034486	ENSG00000135677	NNC	414	B034486
B087142	ENSG00000167272	FSM	186	B094225
B107689	ENSG00000167272	NIC	117	B107689
B088898	ENSG00000167272	NNC	181	B094225
B059244	ENSG00000240771	FSM	285	B068152
B033885	ENSG00000240771	NIC	418	B026724
B044147	ENSG00000240771	NNC	355	B044147
B067808	ENSG00000105821	FSM	252	B067808
B069535	ENSG00000105821	NIC	246	B069535
B041971	ENSG00000105821	NNC	367	B041971
B070252	ENSG00000291300	FSM	243	B070252
B098584	ENSG00000291300	NIC	149	B098584
B069109	ENSG00000291300	NNC	248	B070252
B110775	ENSG00000066135	FSM	106	B110775
B019410	ENSG00000066135	NIC	551	B019410
B025937	ENSG00000066135	NNC	482	B017833
B095128	ENSG00000125952	FSM	160	B099814
B112572	ENSG00000125952	NIC	100	B115112
B103667	ENSG00000125952	NNC	132	B108676
B046069	ENSG00000174373	FSM	344	B046069
B056174	ENSG00000174373	NIC	298	B056174
B053468	ENSG00000174373	NNC	310	B053468
B029618	ENSG00000177628	FSM	449	B029618
B077682	ENSG00000177628	NIC	218	B077682
B046866	ENSG00000177628	NNC	341	B051114
B016844	ENSG00000186300	FSM	587	B016953
B031388	ENSG00000186300	NIC	436	B036322
B050010	ENSG00000186300	NNC	326	B056130
B076360	ENSG00000114395	FSM	222	B086634
B086634	ENSG00000114395	NIC	188	B086634
B070746	ENSG00000114395	NNC	242	B070746
B045117	ENSG00000103876	FSM	349	B036800
B075204	ENSG00000103876	NIC	226	B075204
B115474	ENSG00000103876	NNC	90	B115474
B034559	ENSG00000291080	FSM	413	B034559
B067101	ENSG00000291080	NIC	255	B067101
B105036	ENSG00000291080	NNC	127	B105036
B010289	ENSG00000283761	FSM	713	B017141
B027431	ENSG00000283761	NIC	468	B031789
B071598	ENSG00000283761	NNC	239	B071598
B019680	ENSG00000161202	FSM	548	B026742
B054534	ENSG00000161202	NIC	305	B060449
B059426	ENSG00000161202	NNC	285	B060449
B000340	ENSG00000109111	FSM	1726	B000460
B092872	ENSG00000109111	NIC	168	B092872
B063731	ENSG00000109111	NNC	268	B063731
B041316	ENSG00000134072	FSM	370	B050653
B053652	ENSG00000134072	NIC	309	B050653
B050653	ENSG00000134072	NNC	323	B050653
B013846	ENSG00000197863	FSM	636	B018822
B016524	ENSG00000197863	NIC	592	B011695
B022039	ENSG00000197863	NNC	521	B033673
B045720	ENSG00000107105	FSM	346	B045720
B063890	ENSG00000107105	NIC	267	B070035
B103424	ENSG00000107105	NNC	133	B104988
B101788	ENSG00000243927	FSM	138	B107984
B110107	ENSG00000243927	NIC	109	B112134
B108465	ENSG00000243927	NNC	115	B108808
B062699	ENSG00000143363	FSM	271	B062699
B087249	ENSG00000143363	NIC	186	B092813
B054632	ENSG00000143363	NNC	305	B054632
B036693	ENSG00000138496	FSM	399	B048032
B049029	ENSG00000138496	NIC	330	B049029
B077729	ENSG00000138496	NNC	218	B090811
B092157	ENSG00000244687	FSM	170	B100421
B087581	ENSG00000244687	NIC	185	B087581
B090469	ENSG00000244687	NNC	176	B100421
B004666	ENSG00000088179	FSM	922	B004666
B056428	ENSG00000088179	NIC	297	B070796
B016967	ENSG00000088179	NNC	586	B024576
B006808	ENSG00000008277	FSM	823	B009815
B074418	ENSG00000008277	NIC	229	B074418
B027455	ENSG00000008277	NNC	468	B027455
B087210	ENSG00000145632	FSM	186	B093699
B071521	ENSG00000145632	NIC	239	B071521
B037558	ENSG00000145632	NNC	394	B042624
B071426	ENSG00000011105	FSM	239	B074134
B090660	ENSG00000011105	NIC	175	B090660
B114107	ENSG00000011105	NNC	95	B114107
B090259	ENSG00000131475	FSM	176	B096824
B098272	ENSG00000131475	NIC	150	B098272
B071086	ENSG00000131475	NNC	241	B084324
B082239	ENSG00000182287	FSM	202	B086372
B099236	ENSG00000182287	NIC	147	B096943
B076019	ENSG00000182287	NNC	224	B086372
B068016	ENSG00000008283	FSM	251	B076405
B079899	ENSG00000008283	NIC	210	B079899
B085535	ENSG00000008283	NNC	192	B093551
B091585	ENSG00000160325	FSM	172	B098361
B072724	ENSG00000160325	NIC	235	B082085
B103133	ENSG00000160325	NNC	134	B103133
B069743	ENSG00000130349	FSM	245	B071152
B086410	ENSG00000130349	NIC	189	B096157
B111053	ENSG00000130349	NNC	106	B111053
B089350	ENSG00000205643	FSM	179	B089350
B104923	ENSG00000205643	NIC	127	B104923
B091417	ENSG00000205643	NNC	173	B091417
B085008	ENSG00000070761	FSM	193	B091202
B068372	ENSG00000070761	NIC	250	B068372
B068465	ENSG00000070761	NNC	250	B073859
B081645	ENSG00000108641	FSM	204	B081645
B090079	ENSG00000108641	NIC	177	B090079
B084646	ENSG00000108641	NNC	195	B094923
B047352	ENSG00000177853	FSM	338	B047352
B010480	ENSG00000177853	NIC	709	B006040
B006183	ENSG00000177853	NNC	850	B006183
B091207	ENSG00000189050	FSM	173	B091207
B104905	ENSG00000189050	NIC	127	B104905
B110138	ENSG00000189050	NNC	109	B110138
B045120	ENSG00000197943	FSM	349	B045120
B060770	ENSG00000197943	NIC	279	B060770
B076204	ENSG00000197943	NNC	223	B076204
B072321	ENSG00000110047	FSM	236	B077848
B032423	ENSG00000110047	NIC	428	B026155
B054653	ENSG00000110047	NNC	305	B053599
B096962	ENSG00000106400	FSM	154	B092596
B068397	ENSG00000106400	NIC	250	B068397
B079185	ENSG00000106400	NNC	213	B079185
B019858	ENSG00000113595	FSM	546	B022294
B055749	ENSG00000113595	NIC	300	B055749
B062354	ENSG00000113595	NNC	273	B062354
B036064	ENSG00000075539	FSM	403	B036064
B082582	ENSG00000075539	NIC	201	B082582
B018370	ENSG00000075539	NNC	565	B018370
B078443	ENSG00000132275	FSM	215	B082795
B102213	ENSG00000132275	NIC	137	B103034
B032468	ENSG00000132275	NNC	428	B032468
B055401	ENSG00000084072	FSM	301	B063394
B084759	ENSG00000084072	NIC	194	B084759
B056312	ENSG00000084072	NNC	298	B063394
B013297	ENSG00000102057	FSM	647	B015134
B046839	ENSG00000102057	NIC	341	B046839
B044745	ENSG00000102057	NNC	352	B044745
B051337	ENSG00000164117	FSM	319	B060963
B094658	ENSG00000164117	NIC	162	B094658
B078303	ENSG00000164117	NNC	216	B078303
B075166	ENSG00000101843	FSM	226	B085046
B090388	ENSG00000101843	NIC	176	B099857
B075964	ENSG00000101843	NNC	224	B085046
B058530	ENSG00000112365	FSM	288	B060072
B036114	ENSG00000112365	NIC	403	B028654
B056350	ENSG00000112365	NNC	298	B056350
B087809	ENSG00000178057	FSM	184	B098339
B109476	ENSG00000178057	NIC	111	B109476
B095038	ENSG00000178057	NNC	161	B099069
B023500	ENSG00000080644	FSM	505	B023759
B048848	ENSG00000080644	NIC	331	B048848
B023759	ENSG00000080644	NNC	503	B023759
B097240	ENSG00000144063	FSM	153	B098646
B109469	ENSG00000144063	NIC	111	B113411
B108409	ENSG00000144063	NNC	115	B108409
B054663	ENSG00000095906	FSM	304	B054663
B043343	ENSG00000095906	NIC	359	B047244
B075604	ENSG00000095906	NNC	225	B078806
B053586	ENSG00000132274	FSM	309	B053586
B058617	ENSG00000132274	NIC	288	B063187
B084622	ENSG00000132274	NNC	195	B084622
B055414	ENSG00000133028	FSM	301	B063098
B081712	ENSG00000133028	NIC	204	B081712
B088591	ENSG00000133028	NNC	182	B095459
B061721	ENSG00000107371	FSM	275	B073947
B107194	ENSG00000107371	NIC	119	B107194
B100808	ENSG00000107371	NNC	142	B100808
B098186	ENSG00000204152	FSM	150	B101379
B110361	ENSG00000204152	NIC	108	B110361
B091739	ENSG00000204152	NNC	172	B091739
B019160	ENSG00000143951	FSM	554	B019883
B017411	ENSG00000143951	NIC	579	B011637
B092406	ENSG00000143951	NNC	170	B092406
B072596	ENSG00000106330	FSM	235	B080703
B076492	ENSG00000106330	NIC	222	B076492
B081606	ENSG00000106330	NNC	205	B089149
B084390	ENSG00000198585	FSM	195	B094611
B088835	ENSG00000198585	NIC	181	B095571
B075096	ENSG00000198585	NNC	227	B075696
B043495	ENSG00000135315	FSM	358	B034425
B051385	ENSG00000135315	NIC	319	B050420
B034380	ENSG00000135315	NNC	415	B034380
B036065	ENSG00000132912	FSM	403	B039490
B098547	ENSG00000132912	NIC	149	B098547
B051896	ENSG00000132912	NNC	317	B039490
B062455	ENSG00000177150	FSM	272	B071089
B071197	ENSG00000177150	NIC	240	B071089
B092988	ENSG00000177150	NNC	168	B092988
B071469	ENSG00000163939	FSM	239	B071469
B053231	ENSG00000163939	NIC	311	B048063
B045450	ENSG00000163939	NNC	348	B045450
B042045	ENSG00000148339	FSM	366	B039006
B083600	ENSG00000148339	NIC	198	B083600
B045676	ENSG00000148339	NNC	347	B045676
B077856	ENSG00000185513	FSM	217	B077856
B053452	ENSG00000185513	NIC	310	B053452
B078874	ENSG00000185513	NNC	214	B078874
B050275	ENSG00000089916	FSM	324	B065625
B068087	ENSG00000089916	NIC	251	B068087
B042521	ENSG00000089916	NNC	364	B039457
B034689	ENSG00000254004	FSM	412	B042310
B053188	ENSG00000254004	NIC	311	B056130
B024930	ENSG00000254004	NNC	491	B024930
B092823	ENSG00000070669	FSM	168	B098861
B052520	ENSG00000070669	NIC	314	B052520
B046482	ENSG00000070669	NNC	343	B046482
B016922	ENSG00000117114	FSM	586	B016922
B033295	ENSG00000117114	NIC	422	B033295
B071593	ENSG00000117114	NNC	239	B071593
B110779	ENSG00000165502	FSM	106	B110779
B091905	ENSG00000165502	NIC	171	B091905
B113268	ENSG00000165502	NNC	98	B113268
B039985	ENSG00000152256	FSM	378	B041542
B063580	ENSG00000152256	NIC	268	B072749
B074752	ENSG00000152256	NNC	228	B074752
B082835	ENSG00000078140	FSM	200	B087445
B103546	ENSG00000078140	NIC	132	B103681
B101652	ENSG00000078140	NNC	139	B101652
B021356	ENSG00000155275	FSM	528	B027022
B010002	ENSG00000155275	NIC	721	B010002
B029957	ENSG00000155275	NNC	447	B029957
B016516	ENSG00000197121	FSM	592	B017199
B039471	ENSG00000197121	NIC	381	B042874
B078355	ENSG00000197121	NNC	216	B078355
B043480	ENSG00000101255	FSM	358	B043480
B064089	ENSG00000101255	NIC	266	B065320
B062890	ENSG00000101255	NNC	271	B062890
B085055	ENSG00000167595	FSM	193	B085055
B014533	ENSG00000167595	NIC	624	B015062
B046907	ENSG00000167595	NNC	341	B046907
B107945	ENSG00000204569	FSM	116	B107945
B053657	ENSG00000204569	NIC	309	B053657
B031447	ENSG00000204569	NNC	436	B031447
B074861	ENSG00000138760	FSM	227	B074861
B051167	ENSG00000138760	NIC	320	B051167
B056520	ENSG00000138760	NNC	297	B056520
B054955	ENSG00000109919	FSM	303	B060019
B090069	ENSG00000109919	NIC	177	B091949
B114667	ENSG00000109919	NNC	93	B114667
B058774	ENSG00000170836	FSM	287	B058774
B035606	ENSG00000170836	NIC	406	B035606
B047506	ENSG00000170836	NNC	338	B047506
B020920	ENSG00000147231	FSM	533	B020920
B082332	ENSG00000147231	NIC	202	B082332
B035884	ENSG00000147231	NNC	405	B035884
B065653	ENSG00000095739	FSM	260	B066885
B094071	ENSG00000095739	NIC	164	B098183
B063957	ENSG00000095739	NNC	267	B066885
B056901	ENSG00000137522	FSM	295	B058498
B073801	ENSG00000137522	NIC	231	B073801
B089899	ENSG00000137522	NNC	178	B096476
B046253	ENSG00000182199	FSM	343	B049490
B063626	ENSG00000182199	NIC	268	B074553
B032893	ENSG00000182199	NNC	425	B032899
B028197	ENSG00000117593	FSM	461	B028197
B047028	ENSG00000117593	NIC	340	B047028
B049764	ENSG00000117593	NNC	327	B049764
B048379	ENSG00000186496	FSM	333	B048379
B099141	ENSG00000186496	NIC	147	B101611
B064181	ENSG00000186496	NNC	266	B068794
B055903	ENSG00000163660	FSM	299	B057027
B053654	ENSG00000163660	NIC	309	B057027
B056519	ENSG00000163660	NNC	297	B057027
B041334	ENSG00000152601	FSM	370	B041334
B054990	ENSG00000152601	NIC	303	B069545
B096900	ENSG00000152601	NNC	155	B096900
B057142	ENSG00000134574	FSM	294	B057142
B051194	ENSG00000134574	NIC	320	B051194
B047313	ENSG00000134574	NNC	339	B047313
B053337	ENSG00000115183	FSM	310	B053337
B067608	ENSG00000115183	NIC	253	B073068
B013023	ENSG00000115183	NNC	653	B013023
B093967	ENSG00000108883	FSM	164	B093967
B008059	ENSG00000108883	NIC	776	B006151
B050008	ENSG00000108883	NNC	326	B050008
B030547	ENSG00000130558	FSM	442	B032770
B103284	ENSG00000130558	NIC	133	B106097
B065553	ENSG00000130558	NNC	261	B069832
B024058	ENSG00000129636	FSM	499	B024058
B073810	ENSG00000129636	NIC	231	B067638
B057239	ENSG00000129636	NNC	294	B057239
B042936	ENSG00000014138	FSM	361	B046064
B046612	ENSG00000014138	NIC	342	B046612
B032211	ENSG00000014138	NNC	430	B024029
B025792	ENSG00000175104	FSM	483	B030212
B063084	ENSG00000175104	NIC	270	B063084
B061880	ENSG00000175104	NNC	275	B071935
B085018	ENSG00000115756	FSM	193	B084731
B072354	ENSG00000115756	NIC	236	B081408
B080882	ENSG00000115756	NNC	207	B084731
B074282	ENSG00000165061	FSM	229	B083280
B091999	ENSG00000165061	NIC	171	B099033
B082786	ENSG00000165061	NNC	201	B082786
B022654	ENSG00000266412	FSM	514	B022654
B057689	ENSG00000266412	NIC	292	B057689
B045472	ENSG00000266412	NNC	348	B045472
B028540	ENSG00000077327	FSM	458	B032331
B072681	ENSG00000077327	NIC	235	B072681
B032331	ENSG00000077327	NNC	429	B032331
B001920	ENSG00000085552	FSM	1163	B002426
B014380	ENSG00000085552	NIC	627	B014380
B007566	ENSG00000085552	NNC	794	B007566
B029256	ENSG00000070476	FSM	452	B029033
B080790	ENSG00000070476	NIC	207	B080790
B039896	ENSG00000070476	NNC	379	B039896
B104302	ENSG00000163995	FSM	129	B104302
B065725	ENSG00000163995	NIC	260	B075240
B036461	ENSG00000163995	NNC	401	B036461
B093696	ENSG00000132406	FSM	165	B093696
B103263	ENSG00000132406	NIC	133	B093696
B102288	ENSG00000132406	NNC	137	B102288
B012633	ENSG00000091127	FSM	661	B012633
B077917	ENSG00000091127	NIC	217	B086652
B044027	ENSG00000091127	NNC	356	B044027
B052203	ENSG00000110060	FSM	315	B052203
B089094	ENSG00000110060	NIC	180	B093441
B090118	ENSG00000110060	NNC	177	B090118
B049624	ENSG00000112941	FSM	327	B063937
B039518	ENSG00000112941	NIC	381	B031564
B047301	ENSG00000112941	NNC	339	B047301
B048417	ENSG00000143443	FSM	333	B049672
B049672	ENSG00000143443	NIC	327	B049672
B062406	ENSG00000143443	NNC	273	B062406
B108536	ENSG00000254319	FSM	114	B108536
B104444	ENSG00000254319	NIC	129	B104444
B096024	ENSG00000254319	NNC	158	B096024
B039007	ENSG00000090006	FSM	384	B039007
B071200	ENSG00000090006	NIC	240	B071200
B042490	ENSG00000090006	NNC	364	B042490
B007827	ENSG00000174791	FSM	783	B011847
B040016	ENSG00000174791	NIC	378	B040016
B047744	ENSG00000174791	NNC	337	B047744
B026574	ENSG00000255561	FSM	475	B033630
B071776	ENSG00000255561	NIC	238	B071776
B065243	ENSG00000255561	NNC	262	B065243
B031592	ENSG00000068354	FSM	434	B031592
B018951	ENSG00000068354	NIC	557	B018951
B068826	ENSG00000068354	NNC	249	B077513
B109683	ENSG00000147316	FSM	110	B109683
B039871	ENSG00000147316	NIC	379	B039871
B049775	ENSG00000147316	NNC	327	B049775
B104866	ENSG00000133818	FSM	127	B104866
B092314	ENSG00000133818	NIC	170	B092314
B079997	ENSG00000133818	NNC	210	B085232
B107652	ENSG00000253250	FSM	117	B110716
B104677	ENSG00000253250	NIC	128	B110716
B109023	ENSG00000253250	NNC	113	B110716
B025635	ENSG00000111642	FSM	484	B025635
B095211	ENSG00000111642	NIC	160	B095211
B019803	ENSG00000111642	NNC	547	B019803
B095789	ENSG00000155252	FSM	158	B101917
B043588	ENSG00000155252	NIC	358	B043588
B063712	ENSG00000155252	NNC	268	B072527
B113660	ENSG00000197530	FSM	96	B113660
B006940	ENSG00000197530	NIC	818	B004486
B094221	ENSG00000197530	NNC	164	B094221
B066734	ENSG00000026297	FSM	256	B079014
B077642	ENSG00000026297	NIC	218	B079014
B082719	ENSG00000026297	NNC	201	B085565
B096069	ENSG00000170584	FSM	157	B103967
B110618	ENSG00000170584	NIC	107	B112991
B095668	ENSG00000170584	NNC	159	B103967
B088751	ENSG00000106244	FSM	181	B089577
B098557	ENSG00000106244	NIC	149	B098557
B084052	ENSG00000106244	NNC	197	B089577
B086845	ENSG00000159202	FSM	187	B086845
B063100	ENSG00000159202	NIC	270	B055308
B069656	ENSG00000159202	NNC	246	B069656
B075460	ENSG00000116752	FSM	225	B088820
B114838	ENSG00000116752	NIC	92	B114838
B068475	ENSG00000116752	NNC	250	B068475
B044762	ENSG00000275700	FSM	351	B044762
B050765	ENSG00000275700	NIC	322	B050765
B084323	ENSG00000275700	NNC	196	B088810
B027395	ENSG00000153560	FSM	468	B031309
B044646	ENSG00000153560	NIC	352	B031309
B056342	ENSG00000153560	NNC	298	B069671
B006519	ENSG00000097096	FSM	835	B006519
B050729	ENSG00000097096	NIC	322	B050729
B072250	ENSG00000097096	NNC	237	B072250
B016392	ENSG00000163655	FSM	594	B016862
B084474	ENSG00000163655	NIC	195	B084474
B064787	ENSG00000163655	NNC	264	B069889
B056632	ENSG00000172354	FSM	296	B055408
B075550	ENSG00000172354	NIC	225	B075550
B053102	ENSG00000172354	NNC	312	B055408
B049848	ENSG00000105223	FSM	326	B045735
B046992	ENSG00000105223	NIC	340	B046992
B064182	ENSG00000105223	NNC	266	B064182
B063264	ENSG00000136636	FSM	269	B071056
B065228	ENSG00000136636	NIC	262	B065228
B043456	ENSG00000136636	NNC	359	B043456
B046743	ENSG00000145687	FSM	341	B042574
B057185	ENSG00000145687	NIC	294	B068007
B055567	ENSG00000145687	NNC	301	B068007
B097576	ENSG00000124596	FSM	152	B098347
B105522	ENSG00000124596	NIC	125	B105522
B074538	ENSG00000124596	NNC	229	B074538
B080065	ENSG00000140718	FSM	209	B080065
B054720	ENSG00000140718	NIC	304	B054720
B047456	ENSG00000140718	NNC	338	B061389
B059784	ENSG00000143337	FSM	283	B059784
B038593	ENSG00000143337	NIC	387	B038593
B052864	ENSG00000143337	NNC	313	B059679
B003307	ENSG00000164741	FSM	1017	B003445
B113999	ENSG00000164741	NIC	95	B113999
B069421	ENSG00000164741	NNC	247	B069421
B058048	ENSG00000102078	FSM	290	B058048
B071288	ENSG00000102078	NIC	240	B081446
B044746	ENSG00000102078	NNC	352	B044746
B023018	ENSG00000100784	FSM	510	B023018
B054518	ENSG00000100784	NIC	305	B054518
B017620	ENSG00000100784	NNC	576	B020694
B058274	ENSG00000132591	FSM	289	B058274
B070045	ENSG00000132591	NIC	244	B081943
B055832	ENSG00000132591	NNC	300	B064178
B023293	ENSG00000196628	FSM	507	B028070
B065479	ENSG00000196628	NIC	261	B072346
B055835	ENSG00000196628	NNC	300	B055835
B055626	ENSG00000137513	FSM	300	B070895
B085184	ENSG00000137513	NIC	193	B093953
B038363	ENSG00000137513	NNC	389	B038363
B000043	ENSG00000142197	FSM	2298	B000125
B092635	ENSG00000142197	NIC	169	B092635
B024933	ENSG00000142197	NNC	491	B024933
B027263	ENSG00000138814	FSM	469	B031104
B046375	ENSG00000138814	NIC	343	B051819
B104751	ENSG00000138814	NNC	128	B104751
B015030	ENSG00000162852	FSM	616	B009839
B061787	ENSG00000162852	NIC	275	B061787
B045465	ENSG00000162852	NNC	348	B045465
B083779	ENSG00000099991	FSM	197	B083779
B063316	ENSG00000099991	NIC	269	B063316
B058474	ENSG00000099991	NNC	289	B058474
B115084	ENSG00000100241	FSM	91	B115084
B044455	ENSG00000100241	NIC	353	B044455
B086803	ENSG00000100241	NNC	188	B086803
B066218	ENSG00000257923	FSM	258	B066218
B065178	ENSG00000257923	NIC	262	B065178
B056532	ENSG00000257923	NNC	297	B056532
B058797	ENSG00000107874	FSM	287	B058797
B072688	ENSG00000107874	NIC	235	B072688
B073094	ENSG00000107874	NNC	234	B073094
B021984	ENSG00000173744	FSM	521	B021984
B108598	ENSG00000173744	NIC	114	B113970
B046413	ENSG00000173744	NNC	343	B046413
B015325	ENSG00000164292	FSM	611	B025108
B032434	ENSG00000164292	NIC	428	B025108
B044713	ENSG00000164292	NNC	352	B044713
B019236	ENSG00000198799	FSM	553	B013497
B082289	ENSG00000198799	NIC	202	B082289
B103674	ENSG00000198799	NNC	132	B103674
B040965	ENSG00000156860	FSM	372	B040965
B064134	ENSG00000156860	NIC	266	B064134
B048085	ENSG00000156860	NNC	335	B048085
B024173	ENSG00000163462	FSM	498	B026686
B041001	ENSG00000163462	NIC	372	B041001
B040226	ENSG00000163462	NNC	377	B040226
B054462	ENSG00000165283	FSM	305	B054462
B076181	ENSG00000165283	NIC	223	B081160
B056051	ENSG00000165283	NNC	299	B056051
B064579	ENSG00000204231	FSM	264	B064579
B038921	ENSG00000204231	NIC	385	B038921
B052639	ENSG00000204231	NNC	314	B052639
B096359	ENSG00000143947	FSM	156	B097867
B111766	ENSG00000143947	NIC	103	B112938
B094743	ENSG00000143947	NNC	162	B097867
B103212	ENSG00000203326	FSM	133	B102534
B032873	ENSG00000203326	NIC	425	B033167
B097791	ENSG00000203326	NNC	152	B097791
B009495	ENSG00000053108	FSM	734	B009495
B052047	ENSG00000053108	NIC	316	B052047
B057949	ENSG00000053108	NNC	291	B063165
B061960	ENSG00000168255	FSM	274	B069805
B082943	ENSG00000168255	NIC	200	B082943
B045255	ENSG00000168255	NNC	349	B045299
B052885	ENSG00000168904	FSM	312	B056177
B061491	ENSG00000168904	NIC	276	B069235
B079100	ENSG00000168904	NNC	213	B086428
B060254	ENSG00000134684	FSM	281	B063281
B057694	ENSG00000134684	NIC	292	B057694
B030793	ENSG00000134684	NNC	441	B030793
B093998	ENSG00000051825	FSM	164	B094598
B024422	ENSG00000051825	NIC	496	B024422
B055821	ENSG00000051825	NNC	300	B055821
B053135	ENSG00000145506	FSM	311	B053135
B053828	ENSG00000145506	NIC	308	B053828
B037096	ENSG00000145506	NNC	397	B037096
B015148	ENSG00000198682	FSM	614	B019046
B053212	ENSG00000198682	NIC	311	B053212
B054151	ENSG00000198682	NNC	307	B054151
B088169	ENSG00000149262	FSM	183	B088169
B095011	ENSG00000149262	NIC	161	B095011
B032212	ENSG00000149262	NNC	430	B032212
B092488	ENSG00000114902	FSM	169	B092488
B106374	ENSG00000114902	NIC	122	B102287
B111588	ENSG00000114902	NNC	104	B115347
B057564	ENSG00000058272	FSM	292	B052726
B086599	ENSG00000058272	NIC	188	B086599
B031796	ENSG00000058272	NNC	433	B034985
B051102	ENSG00000132485	FSM	320	B052481
B068157	ENSG00000132485	NIC	251	B068157
B049951	ENSG00000132485	NNC	326	B052481
B043709	ENSG00000151116	FSM	357	B051606
B056014	ENSG00000151116	NIC	299	B056014
B069093	ENSG00000151116	NNC	248	B074194
B060970	ENSG00000122852	FSM	278	B069811
B079032	ENSG00000122852	NIC	213	B079032
B056112	ENSG00000122852	NNC	299	B069811
B012755	ENSG00000162607	FSM	658	B012755
B054715	ENSG00000162607	NIC	304	B054715
B087665	ENSG00000162607	NNC	185	B087665
B088427	ENSG00000162642	FSM	182	B088427
B089409	ENSG00000162642	NIC	179	B089409
B101394	ENSG00000162642	NNC	140	B101394
B061195	ENSG00000126106	FSM	277	B069432
B091974	ENSG00000126106	NIC	171	B094977
B062577	ENSG00000126106	NNC	272	B069432
B055629	ENSG00000139974	FSM	300	B055629
B093161	ENSG00000139974	NIC	167	B094026
B032896	ENSG00000139974	NNC	425	B032896
B044618	ENSG00000108239	FSM	352	B034072
B012170	ENSG00000108239	NIC	671	B010864
B063228	ENSG00000108239	NNC	270	B063228
B071141	ENSG00000143384	FSM	240	B071141
B072909	ENSG00000143384	NIC	234	B072909
B043608	ENSG00000143384	NNC	358	B043608
B100533	ENSG00000154174	FSM	142	B100533
B064906	ENSG00000154174	NIC	263	B067360
B044020	ENSG00000154174	NNC	356	B044020
B036993	ENSG00000100056	FSM	397	B038652
B056942	ENSG00000100056	NIC	295	B056942
B041777	ENSG00000100056	NNC	368	B041777
B025890	ENSG00000152778	FSM	482	B034071
B040355	ENSG00000152778	NIC	376	B041255
B076879	ENSG00000152778	NNC	221	B076879
B052684	ENSG00000148337	FSM	313	B064644
B007866	ENSG00000148337	NIC	782	B007866
B013671	ENSG00000148337	NNC	640	B013671
B023204	ENSG00000144224	FSM	508	B023204
B059568	ENSG00000144224	NIC	284	B059568
B054628	ENSG00000144224	NNC	305	B054628
B027496	ENSG00000168216	FSM	467	B027496
B047435	ENSG00000168216	NIC	338	B049551
B095671	ENSG00000168216	NNC	159	B095671
B048787	ENSG00000205060	FSM	331	B060551
B057408	ENSG00000205060	NIC	293	B071980
B065061	ENSG00000205060	NNC	263	B073722
B069449	ENSG00000085982	FSM	246	B069449
B049926	ENSG00000085982	NIC	326	B049926
B034921	ENSG00000085982	NNC	411	B036238
B034306	ENSG00000213390	FSM	415	B034306
B058647	ENSG00000213390	NIC	288	B058647
B056861	ENSG00000213390	NNC	296	B056861
B077817	ENSG00000141027	FSM	217	B077817
B046544	ENSG00000141027	NIC	342	B046544
B058225	ENSG00000141027	NNC	290	B048334
B062730	ENSG00000133135	FSM	271	B066120
B043560	ENSG00000133135	NIC	358	B056306
B038796	ENSG00000133135	NNC	386	B041755
B088101	ENSG00000124067	FSM	183	B088101
B070608	ENSG00000124067	NIC	242	B070608
B042302	ENSG00000124067	NNC	365	B042302
B051976	ENSG00000108423	FSM	316	B044765
B062245	ENSG00000108423	NIC	273	B062245
B058172	ENSG00000108423	NNC	290	B058172
B069213	ENSG00000172922	FSM	247	B069213
B108939	ENSG00000172922	NIC	113	B108939
B086477	ENSG00000172922	NNC	189	B097774
B070841	ENSG00000170779	FSM	241	B082431
B114318	ENSG00000170779	NIC	94	B114318
B078608	ENSG00000170779	NNC	215	B078608
B052249	ENSG00000148690	FSM	315	B076621
B052992	ENSG00000148690	NIC	312	B052992
B096910	ENSG00000148690	NNC	155	B104942
B017868	ENSG00000063046	FSM	572	B018350
B042604	ENSG00000063046	NIC	363	B042855
B042855	ENSG00000063046	NNC	362	B042855
B040617	ENSG00000166965	FSM	374	B040617
B094308	ENSG00000166965	NIC	163	B094308
B090449	ENSG00000166965	NNC	176	B090953
B057346	ENSG00000145979	FSM	293	B063277
B082027	ENSG00000145979	NIC	203	B093070
B094155	ENSG00000145979	NNC	164	B095003
B029245	ENSG00000254685	FSM	452	B029245
B051560	ENSG00000254685	NIC	318	B051560
B055307	ENSG00000254685	NNC	302	B065253
B075182	ENSG00000138363	FSM	226	B075182
B054529	ENSG00000138363	NIC	305	B054529
B045632	ENSG00000138363	NNC	347	B045632
B096623	ENSG00000258311	FSM	155	B096623
B086063	ENSG00000258311	NIC	190	B086063
B100718	ENSG00000258311	NNC	142	B106201
B087200	ENSG00000204842	FSM	186	B087200
B018410	ENSG00000204842	NIC	564	B018410
B045484	ENSG00000204842	NNC	348	B045484
B005781	ENSG00000132837	FSM	866	B008137
B057882	ENSG00000132837	NIC	291	B057882
B102292	ENSG00000132837	NNC	137	B102292
B088737	ENSG00000133422	FSM	181	B088737
B023732	ENSG00000133422	NIC	503	B020444
B114692	ENSG00000133422	NNC	93	B114692
B060953	ENSG00000090447	FSM	278	B060953
B068700	ENSG00000090447	NIC	249	B068700
B050184	ENSG00000090447	NNC	325	B060953
B081353	ENSG00000167985	FSM	205	B081353
B091376	ENSG00000167985	NIC	173	B097162
B093081	ENSG00000167985	NNC	168	B093081
B002546	ENSG00000144290	FSM	1088	B003394
B052764	ENSG00000144290	NIC	313	B052764
B059462	ENSG00000144290	NNC	285	B059462
B104827	ENSG00000151353	FSM	127	B109110
B109253	ENSG00000151353	NIC	112	B109253
B103626	ENSG00000151353	NNC	132	B109110
B047785	ENSG00000140553	FSM	336	B047785
B051837	ENSG00000140553	NIC	317	B051837
B014853	ENSG00000140553	NNC	619	B014853
B032395	ENSG00000126767	FSM	428	B035624
B056738	ENSG00000126767	NIC	296	B056738
B055115	ENSG00000126767	NNC	303	B065852
B002769	ENSG00000131899	FSM	1064	B004230
B046315	ENSG00000131899	NIC	343	B055075
B055075	ENSG00000131899	NNC	303	B055075
B053788	ENSG00000130956	FSM	308	B046664
B069269	ENSG00000130956	NIC	247	B069269
B085322	ENSG00000130956	NNC	193	B088856
B110285	ENSG00000107164	FSM	108	B110285
B064162	ENSG00000107164	NIC	266	B064162
B068301	ENSG00000107164	NNC	251	B076284
B046512	ENSG00000138669	FSM	342	B060144
B094103	ENSG00000138669	NIC	164	B094103
B087698	ENSG00000138669	NNC	185	B087698
B106272	ENSG00000115839	FSM	122	B106272
B067566	ENSG00000115839	NIC	253	B067566
B057247	ENSG00000115839	NNC	294	B057247
B021540	ENSG00000198846	FSM	526	B024573
B023618	ENSG00000198846	NIC	504	B024573
B024573	ENSG00000198846	NNC	495	B024573
B020581	ENSG00000163161	FSM	537	B014169
B060582	ENSG00000163161	NIC	280	B048499
B085221	ENSG00000163161	NNC	193	B085221
B023297	ENSG00000196236	FSM	507	B025716
B054054	ENSG00000196236	NIC	307	B054054
B061169	ENSG00000196236	NNC	278	B061169
B068317	ENSG00000166145	FSM	250	B081059
B028799	ENSG00000166145	NIC	456	B028495
B051691	ENSG00000166145	NNC	318	B051691
B055912	ENSG00000171316	FSM	299	B055912
B060797	ENSG00000171316	NIC	279	B060797
B035262	ENSG00000171316	NNC	409	B025857
B086226	ENSG00000089220	FSM	189	B086226
B112867	ENSG00000089220	NIC	99	B112867
B087659	ENSG00000089220	NNC	185	B094776
B035928	ENSG00000109576	FSM	404	B035928
B068436	ENSG00000109576	NIC	250	B077687
B057065	ENSG00000109576	NNC	295	B057065
B095755	ENSG00000143727	FSM	158	B098641
B098832	ENSG00000143727	NIC	148	B098832
B084579	ENSG00000143727	NNC	195	B084579
B102071	ENSG00000106290	FSM	137	B102071
B050140	ENSG00000106290	NIC	325	B050140
B063481	ENSG00000106290	NNC	269	B066173
B074263	ENSG00000100147	FSM	229	B086741
B102734	ENSG00000100147	NIC	135	B102734
B110182	ENSG00000100147	NNC	109	B110182
B017109	ENSG00000048028	FSM	583	B017109
B027730	ENSG00000048028	NIC	465	B039876
B026879	ENSG00000048028	NNC	473	B016788
B058525	ENSG00000163382	FSM	288	B063797
B073827	ENSG00000163382	NIC	231	B082014
B061113	ENSG00000163382	NNC	278	B061113
B031240	ENSG00000105429	FSM	437	B031240
B052538	ENSG00000105429	NIC	314	B052538
B057244	ENSG00000105429	NNC	294	B069597
B080059	ENSG00000177192	FSM	209	B088869
B086310	ENSG00000177192	NIC	189	B086310
B055062	ENSG00000177192	NNC	303	B060668
B022564	ENSG00000120738	FSM	515	B022564
B039661	ENSG00000120738	NIC	380	B039661
B050615	ENSG00000120738	NNC	323	B050615
B047147	ENSG00000164733	FSM	339	B058749
B051215	ENSG00000164733	NIC	320	B051215
B089579	ENSG00000164733	NNC	179	B089579
B091825	ENSG00000090470	FSM	171	B093040
B035602	ENSG00000090470	NIC	406	B035602
B062583	ENSG00000090470	NNC	272	B062583
B043892	ENSG00000102225	FSM	356	B051736
B072116	ENSG00000102225	NIC	237	B073677
B077753	ENSG00000102225	NNC	218	B077753
B069197	ENSG00000155849	FSM	247	B069197
B094667	ENSG00000155849	NIC	162	B096539
B072273	ENSG00000155849	NNC	237	B072273
B073139	ENSG00000196586	FSM	233	B073139
B029934	ENSG00000196586	NIC	447	B023722
B052641	ENSG00000196586	NNC	314	B052641
B033401	ENSG00000102580	FSM	421	B029556
B059794	ENSG00000102580	NIC	283	B059794
B042479	ENSG00000102580	NNC	364	B042479
B090636	ENSG00000158042	FSM	175	B090636
B113197	ENSG00000158042	NIC	98	B114574
B101117	ENSG00000158042	NNC	141	B101117
B004296	ENSG00000006704	FSM	944	B004296
B053833	ENSG00000006704	NIC	308	B042512
B016673	ENSG00000006704	NNC	590	B014690
B099375	ENSG00000167118	FSM	146	B099375
B099453	ENSG00000167118	NIC	146	B099453
B098408	ENSG00000167118	NNC	150	B103426
B086872	ENSG00000086619	FSM	187	B086872
B048044	ENSG00000086619	NIC	335	B048044
B067940	ENSG00000086619	NNC	252	B080182
B031235	ENSG00000147872	FSM	437	B036630
B055715	ENSG00000147872	NIC	300	B053838
B054145	ENSG00000147872	NNC	307	B054145
B059768	ENSG00000112511	FSM	283	B059768
B042087	ENSG00000112511	NIC	366	B043282
B073609	ENSG00000112511	NNC	232	B073609
B094541	ENSG00000205352	FSM	162	B103043
B106842	ENSG00000205352	NIC	120	B112111
B094174	ENSG00000205352	NNC	164	B103043
B033561	ENSG00000147642	FSM	420	B033561
B027755	ENSG00000147642	NIC	465	B020006
B099585	ENSG00000147642	NNC	146	B099585
B082500	ENSG00000048544	FSM	201	B091126
B095261	ENSG00000048544	NIC	160	B102986
B079689	ENSG00000048544	NNC	211	B091126
B079771	ENSG00000126107	FSM	210	B079771
B027061	ENSG00000126107	NIC	471	B037917
B048871	ENSG00000126107	NNC	331	B048871
B054435	ENSG00000169660	FSM	305	B054435
B077366	ENSG00000169660	NIC	219	B077366
B028108	ENSG00000169660	NNC	462	B031982
B050714	ENSG00000205758	FSM	322	B050714
B066327	ENSG00000205758	NIC	258	B077310
B083325	ENSG00000205758	NNC	199	B083325
B037278	ENSG00000135929	FSM	395	B037278
B062053	ENSG00000135929	NIC	274	B062053
B059412	ENSG00000135929	NNC	285	B059412
B048593	ENSG00000105928	FSM	332	B048593
B041921	ENSG00000105928	NIC	367	B041921
B082181	ENSG00000105928	NNC	203	B082181
B051141	ENSG00000215114	FSM	320	B061294
B102712	ENSG00000215114	NIC	135	B102712
B078643	ENSG00000215114	NNC	215	B084099
B096673	ENSG00000069509	FSM	155	B100205
B109233	ENSG00000069509	NIC	112	B109233
B100155	ENSG00000069509	NNC	144	B100155
B048795	ENSG00000015413	FSM	331	B048795
B053442	ENSG00000015413	NIC	310	B043602
B070420	ENSG00000015413	NNC	243	B070420
B010233	ENSG00000156599	FSM	715	B015234
B057204	ENSG00000156599	NIC	294	B057204
B021609	ENSG00000156599	NNC	526	B015234
B047975	ENSG00000152382	FSM	335	B047975
B073776	ENSG00000152382	NIC	231	B073776
B054831	ENSG00000152382	NNC	304	B047975
B093687	ENSG00000176946	FSM	165	B093687
B033324	ENSG00000176946	NIC	422	B033639
B050017	ENSG00000176946	NNC	326	B050017
B071447	ENSG00000138867	FSM	239	B071447
B086630	ENSG00000138867	NIC	188	B086630
B090472	ENSG00000138867	NNC	176	B090472
B047558	ENSG00000271601	FSM	337	B054825
B086627	ENSG00000271601	NIC	188	B074568
B075993	ENSG00000271601	NNC	224	B076225
B057342	ENSG00000138794	FSM	293	B070070
B084167	ENSG00000138794	NIC	196	B093697
B058997	ENSG00000138794	NNC	287	B070070
B051353	ENSG00000147144	FSM	319	B051353
B051393	ENSG00000147144	NIC	319	B051393
B090828	ENSG00000147144	NNC	175	B090828
B053344	ENSG00000138231	FSM	310	B053344
B059862	ENSG00000138231	NIC	283	B071148
B057302	ENSG00000138231	NNC	294	B070948
B014951	ENSG00000131845	FSM	617	B018231
B018231	ENSG00000131845	NIC	567	B018231
B031032	ENSG00000131845	NNC	439	B031581
B018407	ENSG00000174358	FSM	564	B022512
B047228	ENSG00000174358	NIC	339	B047228
B009339	ENSG00000174358	NNC	739	B009339
B054421	ENSG00000140395	FSM	305	B063046
B054468	ENSG00000140395	NIC	305	B063046
B077104	ENSG00000140395	NNC	220	B079206
B113072	ENSG00000182973	FSM	98	B113072
B061772	ENSG00000182973	NIC	275	B069941
B061623	ENSG00000182973	NNC	276	B061847
B055901	ENSG00000163818	FSM	299	B060134
B086401	ENSG00000163818	NIC	189	B086401
B075417	ENSG00000163818	NNC	226	B075417
B041521	ENSG00000148334	FSM	369	B051955
B099452	ENSG00000148334	NIC	146	B099452
B051955	ENSG00000148334	NNC	317	B051955
B068598	ENSG00000160679	FSM	249	B070215
B107443	ENSG00000160679	NIC	118	B112601
B105327	ENSG00000160679	NNC	126	B105327
B054455	ENSG00000160959	FSM	305	B054455
B058899	ENSG00000160959	NIC	287	B058899
B076874	ENSG00000160959	NNC	221	B076874
B051985	ENSG00000143624	FSM	316	B060251
B087002	ENSG00000143624	NIC	187	B087002
B019279	ENSG00000143624	NNC	553	B014149
B010022	ENSG00000131115	FSM	720	B010022
B110887	ENSG00000131115	NIC	106	B115743
B088661	ENSG00000131115	NNC	182	B088661
B020741	ENSG00000131242	FSM	535	B020741
B040339	ENSG00000131242	NIC	376	B040339
B047249	ENSG00000131242	NNC	339	B047249
B062471	ENSG00000146109	FSM	272	B067732
B101899	ENSG00000146109	NIC	138	B101899
B051461	ENSG00000146109	NNC	319	B051461
B088433	ENSG00000186487	FSM	182	B088433
B083192	ENSG00000186487	NIC	199	B083192
B055086	ENSG00000186487	NNC	303	B051703
B076057	ENSG00000197858	FSM	223	B076057
B049239	ENSG00000197858	NIC	329	B049239
B017098	ENSG00000197858	NNC	584	B017098
B055921	ENSG00000181929	FSM	299	B067617
B064865	ENSG00000181929	NIC	263	B066808
B094416	ENSG00000181929	NNC	163	B094416
B088738	ENSG00000250151	FSM	181	B097134
B063065	ENSG00000250151	NIC	270	B063065
B056837	ENSG00000250151	NNC	296	B060094
B106811	ENSG00000139746	FSM	120	B106811
B023062	ENSG00000139746	NIC	510	B028362
B074138	ENSG00000139746	NNC	230	B074138
B096919	ENSG00000139645	FSM	154	B096919
B051833	ENSG00000139645	NIC	317	B052547
B102817	ENSG00000139645	NNC	135	B102817
B077854	ENSG00000108666	FSM	217	B087345
B052705	ENSG00000108666	NIC	313	B052705
B042304	ENSG00000108666	NNC	365	B037114
B052898	ENSG00000119812	FSM	312	B052898
B053451	ENSG00000119812	NIC	310	B063876
B037384	ENSG00000119812	NNC	395	B045169
B089711	ENSG00000197302	FSM	178	B089711
B098267	ENSG00000197302	NIC	150	B108104
B078264	ENSG00000197302	NNC	216	B078264
B009169	ENSG00000143190	FSM	743	B009250
B044137	ENSG00000143190	NIC	355	B044137
B061627	ENSG00000143190	NNC	276	B061627
B051525	ENSG00000247596	FSM	318	B051525
B047001	ENSG00000247596	NIC	340	B047001
B051291	ENSG00000247596	NNC	320	B051291
B074249	ENSG00000127561	FSM	229	B074249
B085429	ENSG00000127561	NIC	192	B091910
B103344	ENSG00000127561	NNC	133	B103344
B063256	ENSG00000197965	FSM	269	B071698
B075832	ENSG00000197965	NIC	224	B075832
B081541	ENSG00000197965	NNC	205	B081541
B052229	ENSG00000143224	FSM	315	B049368
B070339	ENSG00000143224	NIC	243	B070339
B030497	ENSG00000143224	NNC	443	B028845
B051099	ENSG00000166949	FSM	320	B056465
B044282	ENSG00000166949	NIC	354	B039819
B074143	ENSG00000166949	NNC	230	B074143
B017863	ENSG00000092964	FSM	572	B023142
B030882	ENSG00000092964	NIC	440	B030882
B079459	ENSG00000092964	NNC	212	B085910
B074571	ENSG00000101193	FSM	228	B074571
B089753	ENSG00000101193	NIC	178	B089753
B073018	ENSG00000101193	NNC	234	B074571
B043328	ENSG00000099194	FSM	359	B043328
B078211	ENSG00000099194	NIC	216	B078211
B095982	ENSG00000099194	NNC	158	B095982
B061944	ENSG00000176095	FSM	274	B061944
B053454	ENSG00000176095	NIC	310	B053454
B045449	ENSG00000176095	NNC	348	B045449
B008955	ENSG00000101310	FSM	749	B013700
B027543	ENSG00000101310	NIC	467	B026197
B056511	ENSG00000101310	NNC	297	B041619
B051140	ENSG00000283189	FSM	320	B051140
B030034	ENSG00000283189	NIC	446	B025894
B078056	ENSG00000283189	NNC	217	B072916
B062675	ENSG00000187778	FSM	271	B062675
B029391	ENSG00000187778	NIC	451	B029711
B029711	ENSG00000187778	NNC	449	B029711
B038543	ENSG00000179526	FSM	387	B043429
B054541	ENSG00000179526	NIC	305	B054541
B047899	ENSG00000179526	NNC	336	B043429
B099684	ENSG00000291034	FSM	145	B100813
B095885	ENSG00000291034	NIC	158	B095885
B099592	ENSG00000291034	NNC	146	B099592
B079766	ENSG00000134697	FSM	210	B079766
B059058	ENSG00000134697	NIC	286	B059058
B017892	ENSG00000134697	NNC	572	B014012
B057126	ENSG00000044459	FSM	294	B052647
B061814	ENSG00000044459	NIC	275	B063603
B032941	ENSG00000044459	NNC	425	B032941
B061726	ENSG00000066697	FSM	275	B061726
B098912	ENSG00000066697	NIC	148	B092442
B085866	ENSG00000066697	NNC	191	B085866
B076672	ENSG00000113240	FSM	221	B076672
B077028	ENSG00000113240	NIC	220	B089438
B078369	ENSG00000113240	NNC	216	B079009
B076329	ENSG00000197056	FSM	222	B076329
B041386	ENSG00000197056	NIC	370	B041386
B032760	ENSG00000197056	NNC	426	B032760
B067276	ENSG00000137500	FSM	254	B072428
B072428	ENSG00000137500	NIC	236	B072428
B064539	ENSG00000137500	NNC	265	B072428
B095518	ENSG00000163376	FSM	159	B102696
B031740	ENSG00000163376	NIC	433	B022934
B071403	ENSG00000163376	NNC	240	B071403
B074298	ENSG00000150316	FSM	229	B081985
B085185	ENSG00000150316	NIC	193	B081985
B089663	ENSG00000150316	NNC	179	B089663
B058305	ENSG00000025708	FSM	289	B058305
B064096	ENSG00000025708	NIC	266	B064096
B029954	ENSG00000025708	NNC	447	B035175
B004295	ENSG00000089639	FSM	944	B007280
B043578	ENSG00000089639	NIC	358	B043578
B073865	ENSG00000089639	NNC	231	B073865
B071471	ENSG00000185842	FSM	239	B076006
B059633	ENSG00000185842	NIC	284	B071826
B071105	ENSG00000185842	NNC	241	B071105
B057607	ENSG00000107949	FSM	292	B057607
B074683	ENSG00000107949	NIC	228	B074683
B052165	ENSG00000107949	NNC	316	B057607
B081347	ENSG00000135324	FSM	205	B081347
B107178	ENSG00000135324	NIC	119	B107178
B097143	ENSG00000135324	NNC	154	B097143
B055190	ENSG00000116649	FSM	302	B065486
B070383	ENSG00000116649	NIC	243	B076659
B076905	ENSG00000116649	NNC	221	B076905
B019326	ENSG00000196943	FSM	552	B019326
B054076	ENSG00000196943	NIC	307	B054076
B087033	ENSG00000196943	NNC	187	B094023
B087178	ENSG00000100360	FSM	186	B087178
B090040	ENSG00000100360	NIC	177	B090040
B080963	ENSG00000100360	NNC	207	B080963
B061705	ENSG00000186812	FSM	275	B064661
B075215	ENSG00000186812	NIC	226	B087069
B090207	ENSG00000186812	NNC	177	B093322
B007914	ENSG00000115808	FSM	780	B012213
B044134	ENSG00000115808	NIC	355	B044134
B090795	ENSG00000115808	NNC	175	B100068
B046761	ENSG00000163960	FSM	341	B034027
B049723	ENSG00000163960	NIC	327	B049723
B071699	ENSG00000163960	NNC	239	B071699
B041328	ENSG00000241685	FSM	370	B041328
B082031	ENSG00000241685	NIC	203	B082031
B101419	ENSG00000241685	NNC	140	B101419
B050898	ENSG00000171612	FSM	321	B059912
B071506	ENSG00000171612	NIC	239	B071506
B088600	ENSG00000171612	NNC	182	B090358
B045703	ENSG00000163864	FSM	346	B057681
B092244	ENSG00000163864	NIC	170	B092244
B087444	ENSG00000163864	NNC	186	B087444
B088157	ENSG00000074603	FSM	183	B088157
B068370	ENSG00000074603	NIC	250	B082617
B054112	ENSG00000074603	NNC	307	B062090
B088723	ENSG00000228696	FSM	181	B089077
B090406	ENSG00000228696	NIC	176	B096234
B095697	ENSG00000228696	NNC	159	B101032
B047155	ENSG00000204179	FSM	339	B047155
B074680	ENSG00000204179	NIC	228	B074680
B077210	ENSG00000204179	NNC	220	B075167
B059783	ENSG00000003393	FSM	283	B059783
B036260	ENSG00000003393	NIC	402	B033678
B065318	ENSG00000003393	NNC	262	B065318
B099618	ENSG00000170043	FSM	145	B099618
B105447	ENSG00000170043	NIC	125	B106612
B096292	ENSG00000170043	NNC	157	B099618
B112012	ENSG00000104613	FSM	102	B112834
B060598	ENSG00000104613	NIC	280	B073030
B070814	ENSG00000104613	NNC	242	B070814
B048001	ENSG00000103507	FSM	335	B048001
B057667	ENSG00000103507	NIC	292	B047247
B090129	ENSG00000103507	NNC	177	B090129
B060714	ENSG00000182185	FSM	279	B071178
B095284	ENSG00000182185	NIC	160	B095284
B087411	ENSG00000182185	NNC	186	B087411
B067485	ENSG00000140391	FSM	253	B072994
B104057	ENSG00000140391	NIC	130	B104057
B099294	ENSG00000140391	NNC	147	B099294
B086857	ENSG00000291100	FSM	187	B087939
B094331	ENSG00000291100	NIC	163	B094331
B103629	ENSG00000291100	NNC	132	B104833
B107927	ENSG00000205581	FSM	116	B107927
B114605	ENSG00000205581	NIC	93	B115300
B093637	ENSG00000205581	NNC	166	B093637
B054199	ENSG00000182985	FSM	306	B065127
B085069	ENSG00000182985	NIC	193	B085069
B081501	ENSG00000182985	NNC	205	B081501
B070006	ENSG00000157224	FSM	244	B072488
B106587	ENSG00000157224	NIC	121	B106587
B090490	ENSG00000157224	NNC	176	B090490
B013845	ENSG00000184939	FSM	636	B016409
B114586	ENSG00000184939	NIC	93	B114586
B094783	ENSG00000184939	NNC	162	B098991
B048771	ENSG00000006007	FSM	331	B048771
B055684	ENSG00000006007	NIC	300	B048771
B061086	ENSG00000006007	NNC	278	B067383
B099105	ENSG00000072401	FSM	147	B106626
B101285	ENSG00000072401	NIC	140	B101285
B114104	ENSG00000072401	NNC	95	B109997
B066751	ENSG00000065029	FSM	256	B066751
B080173	ENSG00000065029	NIC	209	B080701
B052405	ENSG00000065029	NNC	315	B041439
B047355	ENSG00000155367	FSM	338	B063067
B077949	ENSG00000155367	NIC	217	B077949
B045283	ENSG00000155367	NNC	349	B045283
B069445	ENSG00000267796	FSM	246	B079272
B093232	ENSG00000267796	NIC	167	B100885
B111838	ENSG00000267796	NNC	103	B111838
B019401	ENSG00000122512	FSM	551	B019401
B088279	ENSG00000122512	NIC	183	B078373
B039553	ENSG00000122512	NNC	381	B039553
B099957	ENSG00000106245	FSM	144	B103922
B111813	ENSG00000106245	NIC	103	B111813
B106972	ENSG00000106245	NNC	120	B106972
B101497	ENSG00000122257	FSM	139	B101497
B059070	ENSG00000122257	NIC	286	B059070
B065029	ENSG00000122257	NNC	263	B065029
B051506	ENSG00000135437	FSM	318	B051743
B062817	ENSG00000135437	NIC	271	B062817
B081171	ENSG00000135437	NNC	206	B086063
B091553	ENSG00000288701	FSM	172	B091553
B052057	ENSG00000288701	NIC	316	B053284
B074186	ENSG00000288701	NNC	230	B074186
B066235	ENSG00000157014	FSM	258	B066235
B060095	ENSG00000157014	NIC	282	B060095
B045291	ENSG00000157014	NNC	349	B045291
B074264	ENSG00000079974	FSM	229	B074264
B093831	ENSG00000079974	NIC	165	B100416
B112167	ENSG00000079974	NNC	102	B112208
B004753	ENSG00000035681	FSM	917	B008941
B056450	ENSG00000035681	NIC	297	B056450
B053507	ENSG00000035681	NNC	310	B053507
B001876	ENSG00000196878	FSM	1172	B001876
B082318	ENSG00000196878	NIC	202	B082318
B057781	ENSG00000196878	NNC	292	B057781
B075180	ENSG00000132300	FSM	226	B075180
B054262	ENSG00000132300	NIC	306	B061562
B052364	ENSG00000132300	NNC	315	B061260
B002600	ENSG00000196497	FSM	1081	B002600
B038557	ENSG00000196497	NIC	387	B038557
B028702	ENSG00000196497	NNC	457	B028702
B053370	ENSG00000159208	FSM	310	B053370
B091001	ENSG00000159208	NIC	174	B091001
B114081	ENSG00000159208	NNC	95	B114081
B081633	ENSG00000070367	FSM	204	B093449
B103228	ENSG00000070367	NIC	133	B103228
B074141	ENSG00000070367	NNC	230	B085344
B094860	ENSG00000185414	FSM	161	B103020
B112350	ENSG00000185414	NIC	101	B114365
B090799	ENSG00000185414	NNC	175	B090799
B069181	ENSG00000006607	FSM	247	B069181
B018151	ENSG00000006607	NIC	568	B010478
B083015	ENSG00000006607	NNC	200	B083015
B036869	ENSG00000243232	FSM	398	B038121
B096797	ENSG00000243232	NIC	155	B096797
B060695	ENSG00000243232	NNC	280	B060695
B047983	ENSG00000077063	FSM	335	B047983
B053421	ENSG00000077063	NIC	310	B053421
B067992	ENSG00000077063	NNC	252	B067992
B013152	ENSG00000177239	FSM	650	B013152
B036267	ENSG00000177239	NIC	402	B047695
B084675	ENSG00000177239	NNC	195	B084675
B107961	ENSG00000182518	FSM	116	B109141
B108339	ENSG00000182518	NIC	115	B109234
B102805	ENSG00000182518	NNC	135	B109234
B074255	ENSG00000171853	FSM	229	B074255
B058081	ENSG00000171853	NIC	290	B058081
B067452	ENSG00000171853	NNC	254	B067713
B055929	ENSG00000173992	FSM	299	B055929
B108054	ENSG00000173992	NIC	116	B108054
B088082	ENSG00000173992	NNC	184	B091186
B110263	ENSG00000100934	FSM	108	B110263
B068085	ENSG00000100934	NIC	251	B068085
B101344	ENSG00000100934	NNC	140	B101344
B027043	ENSG00000063244	FSM	471	B028788
B039679	ENSG00000063244	NIC	380	B039679
B055319	ENSG00000063244	NNC	302	B055319
B054670	ENSG00000144048	FSM	304	B054670
B074059	ENSG00000144048	NIC	230	B062692
B055088	ENSG00000144048	NNC	303	B062692
B018474	ENSG00000234284	FSM	563	B027342
B025003	ENSG00000234284	NIC	490	B027342
B091793	ENSG00000234284	NNC	172	B079905
B011114	ENSG00000123485	FSM	694	B013972
B021750	ENSG00000123485	NIC	524	B013972
B057481	ENSG00000123485	NNC	293	B061617
B070874	ENSG00000148834	FSM	241	B078433
B088891	ENSG00000148834	NIC	181	B096770
B095685	ENSG00000148834	NNC	159	B095685
B093377	ENSG00000100220	FSM	166	B093377
B043361	ENSG00000100220	NIC	359	B031988
B083071	ENSG00000100220	NNC	200	B093377
B056139	ENSG00000164077	FSM	298	B056139
B062057	ENSG00000164077	NIC	274	B062057
B043660	ENSG00000164077	NNC	358	B043660
B055654	ENSG00000170502	FSM	300	B057492
B071818	ENSG00000170502	NIC	238	B080165
B098656	ENSG00000170502	NNC	149	B098656
B024587	ENSG00000101557	FSM	494	B034143
B034143	ENSG00000101557	NIC	416	B034143
B106954	ENSG00000101557	NNC	120	B106954
B106268	ENSG00000203943	FSM	122	B111939
B115441	ENSG00000203943	NIC	90	B115441
B108735	ENSG00000203943	NNC	114	B111939
B042058	ENSG00000131848	FSM	366	B042279
B024526	ENSG00000131848	NIC	495	B024526
B057773	ENSG00000131848	NNC	292	B057773
B051981	ENSG00000132664	FSM	316	B051981
B067356	ENSG00000132664	NIC	254	B075026
B071964	ENSG00000132664	NNC	238	B071964
B010764	ENSG00000118690	FSM	702	B010764
B077641	ENSG00000118690	NIC	218	B077641
B050823	ENSG00000118690	NNC	322	B050823
B049836	ENSG00000065054	FSM	326	B057152
B049495	ENSG00000065054	NIC	328	B049495
B050401	ENSG00000065054	NNC	324	B050401
B071461	ENSG00000197694	FSM	239	B071461
B039872	ENSG00000197694	NIC	379	B039872
B008761	ENSG00000197694	NNC	755	B008761
B102323	ENSG00000064270	FSM	136	B102323
B034741	ENSG00000064270	NIC	412	B034741
B049296	ENSG00000064270	NNC	329	B049296
B053544	ENSG00000149313	FSM	309	B055058
B070028	ENSG00000149313	NIC	244	B070028
B055058	ENSG00000149313	NNC	303	B055058
B064046	ENSG00000116922	FSM	266	B064317
B077585	ENSG00000116922	NIC	218	B077585
B085813	ENSG00000116922	NNC	191	B085813
B011421	ENSG00000152520	FSM	687	B011421
B099400	ENSG00000152520	NIC	146	B099400
B079642	ENSG00000152520	NNC	211	B079642
B031335	ENSG00000115947	FSM	436	B032998
B050958	ENSG00000115947	NIC	321	B050958
B059220	ENSG00000115947	NNC	286	B059220
B008114	ENSG00000133687	FSM	774	B011087
B065419	ENSG00000133687	NIC	261	B065419
B051866	ENSG00000133687	NNC	317	B051866
B002100	ENSG00000142733	FSM	1140	B003407
B106057	ENSG00000142733	NIC	123	B106057
B022903	ENSG00000142733	NNC	512	B022903
B001849	ENSG00000163349	FSM	1176	B001878
B012109	ENSG00000163349	NIC	672	B013377
B041618	ENSG00000163349	NNC	369	B041618
B069715	ENSG00000134758	FSM	245	B077985
B091296	ENSG00000134758	NIC	173	B097375
B098941	ENSG00000134758	NNC	148	B104035
B047970	ENSG00000117262	FSM	335	B056000
B065485	ENSG00000117262	NIC	261	B065485
B062947	ENSG00000117262	NNC	271	B062947
B060971	ENSG00000198060	FSM	278	B072786
B055053	ENSG00000198060	NIC	303	B055053
B065854	ENSG00000198060	NNC	260	B065854
B058022	ENSG00000159079	FSM	290	B066207
B061768	ENSG00000159079	NIC	275	B066207
B051485	ENSG00000159079	NNC	319	B066207
B057849	ENSG00000095574	FSM	291	B044839
B062546	ENSG00000095574	NIC	272	B066661
B089261	ENSG00000095574	NNC	180	B089261
B061929	ENSG00000141002	FSM	274	B061929
B074908	ENSG00000141002	NIC	227	B074908
B064222	ENSG00000141002	NNC	266	B064222
B056643	ENSG00000147274	FSM	296	B068062
B044664	ENSG00000147274	NIC	352	B043289
B065071	ENSG00000147274	NNC	263	B076768
B017858	ENSG00000145901	FSM	572	B020399
B017958	ENSG00000145901	NIC	571	B020399
B023348	ENSG00000145901	NNC	507	B020399
B092842	ENSG00000158417	FSM	168	B092842
B066822	ENSG00000158417	NIC	256	B066822
B090464	ENSG00000158417	NNC	176	B090464
B040938	ENSG00000257591	FSM	372	B055925
B109250	ENSG00000257591	NIC	112	B113404
B101035	ENSG00000257591	NNC	141	B101035
B018408	ENSG00000170959	FSM	564	B018408
B060805	ENSG00000170959	NIC	279	B072980
B096615	ENSG00000170959	NNC	156	B096615
B048965	ENSG00000165480	FSM	330	B048965
B081377	ENSG00000165480	NIC	205	B093612
B036273	ENSG00000165480	NNC	402	B038366
B051129	ENSG00000049541	FSM	320	B055340
B052052	ENSG00000049541	NIC	316	B055340
B056849	ENSG00000049541	NNC	296	B068049
B059025	ENSG00000162882	FSM	286	B067832
B064890	ENSG00000162882	NIC	263	B067832
B094499	ENSG00000162882	NNC	163	B094499
B058550	ENSG00000143891	FSM	288	B046501
B064085	ENSG00000143891	NIC	266	B075930
B050190	ENSG00000143891	NNC	325	B050190
B027375	ENSG00000069667	FSM	468	B031844
B100352	ENSG00000069667	NIC	143	B100352
B067377	ENSG00000069667	NNC	254	B067377
B056610	ENSG00000134490	FSM	296	B066584
B094318	ENSG00000134490	NIC	163	B094318
B055834	ENSG00000134490	NNC	300	B066584
B064593	ENSG00000111666	FSM	264	B076989
B055222	ENSG00000111666	NIC	302	B055222
B041761	ENSG00000111666	NNC	368	B034108
B055452	ENSG00000159248	FSM	301	B063043
B108575	ENSG00000159248	NIC	114	B108575
B086111	ENSG00000159248	NNC	190	B086111
B059746	ENSG00000261740	FSM	283	B059746
B071484	ENSG00000261740	NIC	239	B085005
B054563	ENSG00000261740	NNC	305	B054563
B003013	ENSG00000091409	FSM	1042	B003836
B107719	ENSG00000091409	NIC	117	B107719
B027998	ENSG00000091409	NNC	463	B027998
B027045	ENSG00000101191	FSM	471	B027045
B013973	ENSG00000101191	NIC	634	B009963
B030780	ENSG00000101191	NNC	441	B027045
B100820	ENSG00000178028	FSM	141	B100820
B057145	ENSG00000178028	NIC	294	B058151
B024743	ENSG00000178028	NNC	493	B034443
B002398	ENSG00000129250	FSM	1103	B002598
B056467	ENSG00000129250	NIC	297	B056467
B038495	ENSG00000129250	NNC	388	B038495
B054913	ENSG00000103266	FSM	303	B054913
B064325	ENSG00000103266	NIC	265	B069499
B106702	ENSG00000103266	NNC	121	B106702
B034292	ENSG00000148459	FSM	415	B039723
B064415	ENSG00000148459	NIC	265	B069807
B093340	ENSG00000148459	NNC	167	B093340
B012542	ENSG00000146376	FSM	663	B017018
B042121	ENSG00000146376	NIC	366	B031171
B059968	ENSG00000146376	NNC	283	B059968
B047153	ENSG00000134602	FSM	339	B045128
B060078	ENSG00000134602	NIC	282	B060078
B060398	ENSG00000134602	NNC	281	B060398
B033533	ENSG00000115419	FSM	420	B039470
B061056	ENSG00000115419	NIC	278	B061056
B073014	ENSG00000115419	NNC	234	B073014
B047766	ENSG00000114626	FSM	336	B056436
B032854	ENSG00000114626	NIC	425	B032854
B060637	ENSG00000114626	NNC	280	B056436
B026440	ENSG00000186318	FSM	476	B033221
B075190	ENSG00000186318	NIC	226	B077860
B070137	ENSG00000186318	NNC	244	B071294
B007357	ENSG00000187045	FSM	802	B007357
B053401	ENSG00000187045	NIC	310	B044387
B064994	ENSG00000187045	NNC	263	B064994
B023887	ENSG00000189367	FSM	501	B017495
B039321	ENSG00000189367	NIC	382	B045864
B063169	ENSG00000189367	NNC	270	B065608
B050686	ENSG00000184702	FSM	322	B050900
B058129	ENSG00000184702	NIC	290	B045701
B057485	ENSG00000184702	NNC	293	B057485
B047143	ENSG00000204427	FSM	339	B057505
B067321	ENSG00000204427	NIC	254	B074656
B056098	ENSG00000204427	NNC	299	B057505
B072319	ENSG00000110768	FSM	236	B072319
B052778	ENSG00000110768	NIC	313	B052778
B078599	ENSG00000110768	NNC	215	B078599
B037779	ENSG00000183621	FSM	392	B037779
B034899	ENSG00000183621	NIC	411	B034899
B103087	ENSG00000183621	NNC	134	B103087
B055211	ENSG00000089289	FSM	302	B056801
B052561	ENSG00000089289	NIC	314	B052561
B087130	ENSG00000089289	NNC	187	B093908
B111684	ENSG00000184900	FSM	103	B113556
B108603	ENSG00000184900	NIC	114	B110334
B102776	ENSG00000184900	NNC	135	B102776
B062977	ENSG00000123415	FSM	270	B062977
B099691	ENSG00000123415	NIC	145	B095447
B077763	ENSG00000123415	NNC	218	B077763
B010020	ENSG00000091039	FSM	720	B010020
B045013	ENSG00000091039	NIC	350	B045013
B050787	ENSG00000091039	NNC	322	B050787
B057100	ENSG00000171574	FSM	294	B057364
B035938	ENSG00000171574	NIC	404	B040293
B066370	ENSG00000171574	NNC	258	B066370
B053362	ENSG00000101850	FSM	310	B058358
B065191	ENSG00000101850	NIC	262	B065191
B108482	ENSG00000101850	NNC	115	B108482
B034418	ENSG00000073711	FSM	414	B034418
B084473	ENSG00000073711	NIC	195	B084473
B017551	ENSG00000073711	NNC	577	B017551
B023782	ENSG00000163933	FSM	502	B025391
B070340	ENSG00000163933	NIC	243	B070340
B057993	ENSG00000163933	NNC	291	B050811
B030965	ENSG00000105855	FSM	439	B038736
B024635	ENSG00000105855	NIC	494	B024635
B054891	ENSG00000105855	NNC	304	B068235
B030545	ENSG00000122515	FSM	442	B030545
B054792	ENSG00000122515	NIC	304	B054792
B082182	ENSG00000122515	NNC	203	B082784
B028170	ENSG00000138780	FSM	461	B021864
B066788	ENSG00000138780	NIC	256	B066788
B062418	ENSG00000138780	NNC	273	B062418
B040771	ENSG00000158805	FSM	373	B040771
B059618	ENSG00000158805	NIC	284	B059618
B067135	ENSG00000158805	NNC	255	B067135
B034439	ENSG00000134014	FSM	414	B034439
B056986	ENSG00000134014	NIC	295	B069019
B057956	ENSG00000134014	NNC	291	B057956
B097528	ENSG00000182359	FSM	152	B098307
B070593	ENSG00000182359	NIC	242	B070593
B046841	ENSG00000182359	NNC	341	B033629
B013896	ENSG00000138074	FSM	635	B013896
B029404	ENSG00000138074	NIC	451	B029404
B067142	ENSG00000138074	NNC	255	B067142
B065120	ENSG00000198546	FSM	262	B067796
B100095	ENSG00000198546	NIC	144	B100095
B057752	ENSG00000198546	NNC	292	B057752
B066979	ENSG00000180376	FSM	255	B078940
B081785	ENSG00000180376	NIC	204	B081785
B082771	ENSG00000180376	NNC	201	B082771
B086289	ENSG00000123607	FSM	189	B086289
B057389	ENSG00000123607	NIC	293	B057389
B049082	ENSG00000123607	NNC	330	B049082
B038517	ENSG00000053770	FSM	387	B038517
B070038	ENSG00000053770	NIC	244	B070038
B053025	ENSG00000053770	NNC	312	B053025
B096945	ENSG00000184983	FSM	154	B096945
B115391	ENSG00000184983	NIC	90	B115391
B104778	ENSG00000184983	NNC	128	B107837
B018198	ENSG00000214022	FSM	567	B018198
B014600	ENSG00000214022	NIC	623	B018198
B057036	ENSG00000214022	NNC	295	B057036
B074852	ENSG00000134030	FSM	227	B085988
B043529	ENSG00000134030	NIC	358	B043529
B053689	ENSG00000134030	NNC	309	B053689
B012957	ENSG00000044574	FSM	654	B013170
B052056	ENSG00000044574	NIC	316	B052056
B013280	ENSG00000044574	NNC	648	B013170
B074021	ENSG00000137494	FSM	230	B074021
B052694	ENSG00000137494	NIC	313	B052694
B035826	ENSG00000137494	NNC	405	B025029
B076951	ENSG00000075043	FSM	220	B072521
B043154	ENSG00000075043	NIC	360	B043154
B042357	ENSG00000075043	NNC	365	B042357
B081631	ENSG00000185306	FSM	204	B081631
B102118	ENSG00000185306	NIC	137	B102118
B095692	ENSG00000185306	NNC	159	B095692
B046110	ENSG00000145725	FSM	344	B046110
B060792	ENSG00000145725	NIC	279	B060792
B053049	ENSG00000145725	NNC	312	B053049
B037781	ENSG00000158006	FSM	392	B038331
B062808	ENSG00000158006	NIC	271	B062808
B053112	ENSG00000158006	NNC	312	B053112
B042040	ENSG00000198055	FSM	366	B048705
B075247	ENSG00000198055	NIC	226	B083214
B054186	ENSG00000198055	NNC	307	B048705
B097256	ENSG00000129071	FSM	153	B097256
B060787	ENSG00000129071	NIC	279	B060787
B040598	ENSG00000129071	NNC	375	B027861
B061231	ENSG00000123066	FSM	277	B066190
B058370	ENSG00000123066	NIC	289	B058370
B052835	ENSG00000123066	NNC	313	B052835
B099613	ENSG00000217930	FSM	145	B105353
B072398	ENSG00000217930	NIC	236	B072398
B079652	ENSG00000217930	NNC	211	B089843
B058288	ENSG00000123552	FSM	289	B058288
B062534	ENSG00000123552	NIC	272	B077031
B056292	ENSG00000123552	NNC	298	B056292
B018835	ENSG00000198342	FSM	558	B016953
B027316	ENSG00000198342	NIC	469	B034656
B107825	ENSG00000198342	NNC	117	B103951
B039033	ENSG00000130829	FSM	384	B039033
B072685	ENSG00000130829	NIC	235	B066705
B057793	ENSG00000130829	NNC	292	B057793
B062727	ENSG00000160539	FSM	271	B071931
B114621	ENSG00000160539	NIC	93	B115152
B091138	ENSG00000160539	NNC	174	B097897
B002258	ENSG00000099821	FSM	1122	B004341
B060774	ENSG00000099821	NIC	279	B060774
B028474	ENSG00000099821	NNC	459	B018720
B030668	ENSG00000268750	FSM	441	B041842
B017732	ENSG00000268750	NIC	574	B021005
B059950	ENSG00000268750	NNC	283	B059950
B113649	ENSG00000180104	FSM	96	B113649
B056730	ENSG00000180104	NIC	296	B042004
B076005	ENSG00000180104	NNC	224	B086643
B012193	ENSG00000102910	FSM	670	B011133
B078461	ENSG00000102910	NIC	215	B078461
B074736	ENSG00000102910	NNC	228	B083179
B090588	ENSG00000131143	FSM	175	B094627
B090017	ENSG00000131143	NIC	177	B090017
B101352	ENSG00000131143	NNC	140	B101352
B044061	ENSG00000174720	FSM	355	B044061
B080470	ENSG00000174720	NIC	208	B080470
B079970	ENSG00000174720	NNC	210	B084918
B031837	ENSG00000169919	FSM	432	B040349
B055752	ENSG00000169919	NIC	300	B055752
B054847	ENSG00000169919	NNC	304	B054847
B068857	ENSG00000167460	FSM	248	B074919
B083846	ENSG00000167460	NIC	197	B083846
B067712	ENSG00000167460	NNC	253	B074919
B049834	ENSG00000069869	FSM	326	B054809
B052945	ENSG00000069869	NIC	312	B052945
B043956	ENSG00000069869	NNC	356	B043859
B077574	ENSG00000023191	FSM	218	B077574
B031520	ENSG00000023191	NIC	435	B031520
B065077	ENSG00000023191	NNC	263	B065077
B043512	ENSG00000185946	FSM	358	B043829
B066773	ENSG00000185946	NIC	256	B070988
B062880	ENSG00000185946	NNC	271	B062880
B016275	ENSG00000176853	FSM	596	B016275
B058608	ENSG00000176853	NIC	288	B045008
B045467	ENSG00000176853	NNC	348	B045467
B043477	ENSG00000126249	FSM	358	B044913
B064137	ENSG00000126249	NIC	266	B074626
B090794	ENSG00000126249	NNC	175	B090794
B081310	ENSG00000067365	FSM	205	B081310
B065429	ENSG00000067365	NIC	261	B074204
B081248	ENSG00000067365	NNC	206	B089403
B054216	ENSG00000198231	FSM	306	B065636
B099781	ENSG00000198231	NIC	145	B099781
B014344	ENSG00000198231	NNC	628	B008089
B031080	ENSG00000168259	FSM	438	B031080
B030424	ENSG00000168259	NIC	443	B031080
B050597	ENSG00000168259	NNC	323	B050597
B088782	ENSG00000181982	FSM	181	B088782
B050773	ENSG00000181982	NIC	322	B042465
B034630	ENSG00000181982	NNC	413	B026744
B060000	ENSG00000154743	FSM	282	B052767
B025469	ENSG00000154743	NIC	486	B024099
B086503	ENSG00000154743	NNC	189	B086503
B047997	ENSG00000172890	FSM	335	B047997
B115161	ENSG00000172890	NIC	91	B115161
B078382	ENSG00000172890	NNC	216	B078382
B032104	ENSG00000169249	FSM	430	B032104
B053842	ENSG00000169249	NIC	308	B061026
B088625	ENSG00000169249	NNC	182	B088625
B084705	ENSG00000170889	FSM	194	B084705
B105738	ENSG00000170889	NIC	124	B105738
B096587	ENSG00000170889	NNC	156	B096587
B040132	ENSG00000164291	FSM	377	B040132
B048859	ENSG00000164291	NIC	331	B048859
B050461	ENSG00000164291	NNC	324	B050461
B100888	ENSG00000272419	FSM	141	B101750
B104431	ENSG00000272419	NIC	129	B105190
B099303	ENSG00000272419	NNC	147	B101750
B053341	ENSG00000136068	FSM	310	B053341
B000928	ENSG00000136068	NIC	1368	B001976
B078000	ENSG00000136068	NNC	217	B078000
B097873	ENSG00000163618	FSM	151	B093475
B054305	ENSG00000163618	NIC	306	B054305
B104231	ENSG00000163618	NNC	130	B104231
B061947	ENSG00000144741	FSM	274	B065995
B086342	ENSG00000144741	NIC	189	B094567
B088671	ENSG00000144741	NNC	182	B091936
B052221	ENSG00000177380	FSM	315	B052221
B049214	ENSG00000177380	NIC	329	B049214
B045279	ENSG00000177380	NNC	349	B045279
B044785	ENSG00000146083	FSM	351	B031825
B057683	ENSG00000146083	NIC	292	B054839
B087062	ENSG00000146083	NNC	187	B087062
B073443	ENSG00000115091	FSM	232	B073443
B057214	ENSG00000115091	NIC	294	B057214
B068545	ENSG00000115091	NNC	250	B068545
B033529	ENSG00000124422	FSM	420	B041092
B054470	ENSG00000124422	NIC	305	B054470
B026354	ENSG00000124422	NNC	478	B029274
B043861	ENSG00000121289	FSM	356	B043861
B063362	ENSG00000121289	NIC	269	B063362
B052577	ENSG00000121289	NNC	314	B052577
B063012	ENSG00000138279	FSM	270	B063012
B041188	ENSG00000138279	NIC	371	B036575
B053926	ENSG00000138279	NNC	308	B063012
B031204	ENSG00000135451	FSM	437	B031204
B052476	ENSG00000135451	NIC	314	B052476
B028961	ENSG00000135451	NNC	455	B030695
B011622	ENSG00000262655	FSM	683	B007470
B065801	ENSG00000262655	NIC	260	B065801
B059934	ENSG00000262655	NNC	283	B070829
B036683	ENSG00000130175	FSM	399	B036683
B024432	ENSG00000130175	NIC	496	B024432
B020484	ENSG00000130175	NNC	539	B024432
B079526	ENSG00000075785	FSM	211	B080698
B093476	ENSG00000075785	NIC	166	B093476
B095422	ENSG00000075785	NNC	160	B095422
B020809	ENSG00000005100	FSM	534	B023522
B068374	ENSG00000005100	NIC	250	B068374
B075081	ENSG00000005100	NNC	227	B075081
B096407	ENSG00000151376	FSM	156	B096407
B050587	ENSG00000151376	NIC	323	B050587
B046840	ENSG00000151376	NNC	341	B048149
B040321	ENSG00000068308	FSM	376	B052160
B070132	ENSG00000068308	NIC	244	B070132
B060397	ENSG00000068308	NNC	281	B060397
B100583	ENSG00000105856	FSM	142	B100583
B062540	ENSG00000105856	NIC	272	B062540
B050618	ENSG00000105856	NNC	323	B050618
B049868	ENSG00000104325	FSM	326	B059349
B068972	ENSG00000104325	NIC	248	B068972
B094162	ENSG00000104325	NNC	164	B094162
B058295	ENSG00000155287	FSM	289	B064301
B090113	ENSG00000155287	NIC	177	B090391
B095379	ENSG00000155287	NNC	160	B095379
B046735	ENSG00000160818	FSM	341	B050994
B075827	ENSG00000160818	NIC	224	B081662
B056566	ENSG00000160818	NNC	297	B059422
B084087	ENSG00000182983	FSM	196	B084087
B051578	ENSG00000182983	NIC	318	B037987
B089294	ENSG00000182983	NNC	180	B089294
B021544	ENSG00000109118	FSM	526	B021544
B086017	ENSG00000109118	NIC	190	B092623
B065520	ENSG00000109118	NNC	261	B065520
B044270	ENSG00000072210	FSM	354	B044270
B057622	ENSG00000072210	NIC	292	B057622
B075982	ENSG00000072210	NNC	224	B075982
B047969	ENSG00000172878	FSM	335	B047969
B076791	ENSG00000172878	NIC	221	B076791
B077991	ENSG00000172878	NNC	217	B077991
B032076	ENSG00000092850	FSM	430	B033899
B064057	ENSG00000092850	NIC	266	B064057
B058149	ENSG00000092850	NNC	290	B058149
B065347	ENSG00000117410	FSM	261	B078653
B088794	ENSG00000117410	NIC	181	B088794
B077398	ENSG00000117410	NNC	219	B077398
B052670	ENSG00000170390	FSM	313	B057308
B043741	ENSG00000170390	NIC	357	B054026
B066928	ENSG00000170390	NNC	256	B066928
B017188	ENSG00000004487	FSM	582	B018563
B035183	ENSG00000004487	NIC	409	B035183
B065901	ENSG00000004487	NNC	260	B065901
B039277	ENSG00000132950	FSM	382	B039277
B056409	ENSG00000132950	NIC	297	B057853
B067124	ENSG00000132950	NNC	255	B067124
B050935	ENSG00000164074	FSM	321	B057030
B046376	ENSG00000164074	NIC	343	B039070
B071973	ENSG00000164074	NNC	238	B071973
B024791	ENSG00000089199	FSM	492	B015082
B046560	ENSG00000089199	NIC	342	B046560
B056277	ENSG00000089199	NNC	298	B056277
B030944	ENSG00000127220	FSM	439	B036648
B053222	ENSG00000127220	NIC	311	B053222
B049751	ENSG00000127220	NNC	327	B043268
B046276	ENSG00000163635	FSM	343	B046373
B043738	ENSG00000163635	NIC	357	B040095
B043615	ENSG00000163635	NNC	358	B043615
B115576	ENSG00000198355	FSM	89	B115576
B076485	ENSG00000198355	NIC	222	B076485
B079676	ENSG00000198355	NNC	211	B079676
B074254	ENSG00000227500	FSM	229	B074254
B097992	ENSG00000227500	NIC	151	B105732
B100179	ENSG00000227500	NNC	144	B100179
B010338	ENSG00000166598	FSM	712	B010338
B020353	ENSG00000166598	NIC	540	B020353
B008580	ENSG00000166598	NNC	760	B010338
B094588	ENSG00000171843	FSM	162	B094588
B063076	ENSG00000171843	NIC	270	B063076
B054599	ENSG00000171843	NNC	305	B041633
B081657	ENSG00000101189	FSM	204	B089424
B079566	ENSG00000101189	NIC	211	B092568
B109613	ENSG00000101189	NNC	111	B109613
B069729	ENSG00000242372	FSM	245	B076304
B086999	ENSG00000242372	NIC	187	B086999
B084585	ENSG00000242372	NNC	195	B084585
B073140	ENSG00000111817	FSM	233	B073140
B051817	ENSG00000111817	NIC	317	B051817
B101661	ENSG00000111817	NNC	139	B101661
B008736	ENSG00000198945	FSM	755	B008837
B036594	ENSG00000198945	NIC	400	B036594
B080907	ENSG00000198945	NNC	207	B080907
B036515	ENSG00000170876	FSM	400	B048303
B060532	ENSG00000170876	NIC	280	B074645
B093569	ENSG00000170876	NNC	166	B093569
B012546	ENSG00000076864	FSM	663	B012546
B068981	ENSG00000076864	NIC	248	B079634
B036827	ENSG00000076864	NNC	399	B036827
B028865	ENSG00000082641	FSM	455	B028865
B017451	ENSG00000082641	NIC	578	B017451
B077411	ENSG00000082641	NNC	219	B084890
B034972	ENSG00000146872	FSM	410	B027652
B044987	ENSG00000146872	NIC	350	B044987
B075332	ENSG00000146872	NNC	226	B075332
B082541	ENSG00000151640	FSM	201	B082541
B037847	ENSG00000151640	NIC	392	B038332
B051960	ENSG00000151640	NNC	317	B038332
B054229	ENSG00000183624	FSM	306	B054229
B063320	ENSG00000183624	NIC	269	B063320
B081542	ENSG00000183624	NNC	205	B081542
B008810	ENSG00000188786	FSM	753	B008810
B039625	ENSG00000188786	NIC	380	B039625
B055059	ENSG00000188786	NNC	303	B055059
B045118	ENSG00000078328	FSM	349	B040302
B040988	ENSG00000078328	NIC	372	B040302
B095997	ENSG00000078328	NNC	158	B098708
B058033	ENSG00000143502	FSM	290	B058033
B033731	ENSG00000143502	NIC	419	B029214
B058250	ENSG00000143502	NNC	290	B058250
B081355	ENSG00000197345	FSM	205	B081627
B060566	ENSG00000197345	NIC	280	B060664
B112184	ENSG00000197345	NNC	102	B112184
B066497	ENSG00000087116	FSM	257	B066497
B043763	ENSG00000087116	NIC	357	B043763
B035675	ENSG00000087116	NNC	406	B035675
B065917	ENSG00000125450	FSM	259	B075510
B079058	ENSG00000125450	NIC	213	B079058
B094496	ENSG00000125450	NNC	163	B094496
B095759	ENSG00000124380	FSM	158	B095759
B099726	ENSG00000124380	NIC	145	B097425
B092342	ENSG00000124380	NNC	170	B097425
B029774	ENSG00000241058	FSM	448	B041380
B049698	ENSG00000241058	NIC	327	B049698
B041822	ENSG00000241058	NNC	368	B044659
B110257	ENSG00000117298	FSM	108	B110257
B090112	ENSG00000117298	NIC	177	B090112
B046216	ENSG00000117298	NNC	344	B046216
B106248	ENSG00000165169	FSM	122	B112101
B095881	ENSG00000165169	NIC	158	B101617
B090503	ENSG00000165169	NNC	176	B090503
B044265	ENSG00000186660	FSM	354	B044265
B059125	ENSG00000186660	NIC	286	B059125
B066663	ENSG00000186660	NNC	257	B066803
B063258	ENSG00000121897	FSM	269	B053095
B053826	ENSG00000121897	NIC	308	B053826
B059427	ENSG00000121897	NNC	285	B071221
B029507	ENSG00000213096	FSM	450	B026536
B104911	ENSG00000213096	NIC	127	B104911
B105836	ENSG00000213096	NNC	124	B105836
B042589	ENSG00000132434	FSM	363	B032203
B062019	ENSG00000132434	NIC	274	B072972
B087762	ENSG00000132434	NNC	185	B087762
B060458	ENSG00000154114	FSM	280	B074834
B066575	ENSG00000154114	NIC	257	B066575
B046844	ENSG00000154114	NNC	341	B046844
B085352	ENSG00000179889	FSM	192	B085352
B046774	ENSG00000179889	NIC	341	B055549
B053248	ENSG00000179889	NNC	311	B065517
B040968	ENSG00000144847	FSM	372	B036060
B067088	ENSG00000144847	NIC	255	B071622
B098047	ENSG00000144847	NNC	151	B102003
B061236	ENSG00000164975	FSM	277	B045871
B069311	ENSG00000164975	NIC	247	B069311
B061180	ENSG00000164975	NNC	278	B061180
B008047	ENSG00000198218	FSM	776	B014071
B064351	ENSG00000198218	NIC	265	B064351
B031444	ENSG00000198218	NNC	436	B031444
B075444	ENSG00000151500	FSM	225	B085071
B096695	ENSG00000151500	NIC	155	B096695
B094718	ENSG00000151500	NNC	162	B094718
B040467	ENSG00000197208	FSM	375	B044831
B049232	ENSG00000197208	NIC	329	B049232
B071911	ENSG00000197208	NNC	238	B071911
B070571	ENSG00000148225	FSM	242	B070571
B054288	ENSG00000148225	NIC	306	B048755
B085323	ENSG00000148225	NNC	193	B085323
B076937	ENSG00000137871	FSM	220	B076937
B051836	ENSG00000137871	NIC	317	B051836
B048923	ENSG00000137871	NNC	331	B063611
B047550	ENSG00000120688	FSM	337	B053886
B053596	ENSG00000120688	NIC	309	B055294
B087032	ENSG00000120688	NNC	187	B087032
B047117	ENSG00000082175	FSM	339	B047117
B081051	ENSG00000082175	NIC	206	B081986
B050631	ENSG00000082175	NNC	323	B050631
B051974	ENSG00000170291	FSM	316	B064430
B086068	ENSG00000170291	NIC	190	B086068
B107512	ENSG00000170291	NNC	118	B107512
B081984	ENSG00000134627	FSM	203	B081984
B054464	ENSG00000134627	NIC	305	B054464
B061075	ENSG00000134627	NNC	278	B072555
B049840	ENSG00000125107	FSM	326	B052536
B079054	ENSG00000125107	NIC	213	B079054
B058410	ENSG00000125107	NNC	289	B058410
B025540	ENSG00000137656	FSM	485	B017912
B032120	ENSG00000137656	NIC	430	B032120
B062380	ENSG00000137656	NNC	273	B062380
B094291	ENSG00000167978	FSM	163	B095185
B057859	ENSG00000167978	NIC	291	B060995
B039566	ENSG00000167978	NNC	381	B039566
B045351	ENSG00000204304	FSM	348	B040606
B076442	ENSG00000204304	NIC	222	B076442
B071413	ENSG00000204304	NNC	240	B067521
B043318	ENSG00000050393	FSM	359	B043318
B097661	ENSG00000050393	NIC	152	B097661
B072534	ENSG00000050393	NNC	236	B072534
B092491	ENSG00000169251	FSM	169	B092491
B056682	ENSG00000169251	NIC	296	B050559
B072474	ENSG00000169251	NNC	236	B072474
B104605	ENSG00000121680	FSM	128	B106836
B095889	ENSG00000121680	NIC	158	B095889
B053511	ENSG00000121680	NNC	310	B053511
B086551	ENSG00000142396	FSM	188	B086551
B085729	ENSG00000142396	NIC	191	B085729
B089543	ENSG00000142396	NNC	179	B092751
B056648	ENSG00000130159	FSM	296	B065480
B042764	ENSG00000130159	NIC	362	B042764
B050187	ENSG00000130159	NNC	325	B052219
B009349	ENSG00000135775	FSM	738	B016168
B073224	ENSG00000135775	NIC	233	B073224
B054846	ENSG00000135775	NNC	304	B054846
B041679	ENSG00000285793	FSM	368	B057059
B039834	ENSG00000285793	NIC	379	B054342
B054879	ENSG00000285793	NNC	304	B057059
B059057	ENSG00000186625	FSM	286	B059057
B048245	ENSG00000186625	NIC	334	B048245
B083985	ENSG00000186625	NNC	197	B083985
B076056	ENSG00000105339	FSM	223	B085970
B060830	ENSG00000105339	NIC	279	B060830
B036465	ENSG00000105339	NNC	401	B036465
B000853	ENSG00000156802	FSM	1390	B001582
B076495	ENSG00000156802	NIC	222	B076495
B052645	ENSG00000156802	NNC	314	B052645
B093678	ENSG00000089685	FSM	165	B103102
B095291	ENSG00000089685	NIC	160	B102030
B078618	ENSG00000089685	NNC	215	B088911
B101169	ENSG00000168394	FSM	140	B101169
B043370	ENSG00000168394	NIC	359	B043370
B059433	ENSG00000168394	NNC	285	B067322
B091221	ENSG00000143919	FSM	173	B091221
B090685	ENSG00000143919	NIC	175	B090685
B083316	ENSG00000143919	NNC	199	B093104
B020748	ENSG00000071073	FSM	535	B025337
B034581	ENSG00000071073	NIC	413	B039191
B092343	ENSG00000071073	NNC	170	B092343
B090893	ENSG00000110911	FSM	174	B090893
B056464	ENSG00000110911	NIC	297	B056464
B036600	ENSG00000110911	NNC	400	B036600
B029738	ENSG00000100813	FSM	448	B029738
B086312	ENSG00000100813	NIC	189	B086312
B056253	ENSG00000100813	NNC	298	B056253
B062704	ENSG00000248487	FSM	271	B076909
B074647	ENSG00000248487	NIC	228	B088223
B068753	ENSG00000248487	NNC	249	B068753
B068877	ENSG00000049167	FSM	248	B070345
B094057	ENSG00000049167	NIC	164	B099986
B042542	ENSG00000049167	NNC	364	B033479
B068870	ENSG00000160752	FSM	248	B068870
B097332	ENSG00000160752	NIC	153	B101153
B064996	ENSG00000160752	NNC	263	B068870
B056162	ENSG00000167543	FSM	298	B061253
B035337	ENSG00000167543	NIC	408	B037605
B092331	ENSG00000167543	NNC	170	B095828
B070870	ENSG00000171163	FSM	241	B070870
B080185	ENSG00000171163	NIC	209	B090822
B052602	ENSG00000171163	NNC	314	B052602
B059524	ENSG00000242802	FSM	284	B059524
B020950	ENSG00000242802	NIC	533	B020950
B037223	ENSG00000242802	NNC	396	B037223
B056160	ENSG00000126217	FSM	298	B050274
B083573	ENSG00000126217	NIC	198	B083573
B085881	ENSG00000126217	NNC	191	B096777
B053120	ENSG00000162407	FSM	311	B066492
B083171	ENSG00000162407	NIC	199	B083171
B093856	ENSG00000162407	NNC	165	B093856
B033519	ENSG00000244754	FSM	420	B033519
B047634	ENSG00000244754	NIC	337	B047634
B071300	ENSG00000244754	NNC	240	B078607
B054420	ENSG00000103599	FSM	305	B054420
B040983	ENSG00000103599	NIC	372	B040983
B074144	ENSG00000103599	NNC	230	B075201
B046256	ENSG00000136381	FSM	343	B059068
B112266	ENSG00000136381	NIC	101	B112266
B060418	ENSG00000136381	NNC	281	B065250
B077832	ENSG00000170017	FSM	217	B077832
B049058	ENSG00000170017	NIC	330	B049058
B035851	ENSG00000170017	NNC	405	B035851
B052901	ENSG00000075292	FSM	312	B052901
B001555	ENSG00000075292	NIC	1225	B001555
B049757	ENSG00000075292	NNC	327	B049757
B052235	ENSG00000204564	FSM	315	B055153
B101564	ENSG00000204564	NIC	139	B101612
B055153	ENSG00000204564	NNC	303	B055153
B053356	ENSG00000166925	FSM	310	B039324
B100332	ENSG00000166925	NIC	143	B100332
B055111	ENSG00000166925	NNC	303	B055111
B051740	ENSG00000111261	FSM	317	B044970
B110371	ENSG00000111261	NIC	108	B110371
B049523	ENSG00000111261	NNC	328	B049523
B054023	ENSG00000151466	FSM	307	B054023
B054995	ENSG00000151466	NIC	303	B054995
B062957	ENSG00000151466	NNC	271	B067158
B096949	ENSG00000163558	FSM	154	B097876
B055963	ENSG00000163558	NIC	299	B055963
B056089	ENSG00000163558	NNC	299	B058995
B050507	ENSG00000135299	FSM	323	B050507
B046833	ENSG00000135299	NIC	341	B046833
B032487	ENSG00000135299	NNC	428	B032487
B037450	ENSG00000167315	FSM	394	B046550
B061556	ENSG00000167315	NIC	276	B046550
B072190	ENSG00000167315	NNC	237	B084571
B056602	ENSG00000183060	FSM	296	B056602
B078775	ENSG00000183060	NIC	214	B081705
B056552	ENSG00000183060	NNC	297	B062333
B078083	ENSG00000167257	FSM	216	B078083
B030868	ENSG00000167257	NIC	440	B024915
B058974	ENSG00000167257	NNC	287	B058974
B019491	ENSG00000138767	FSM	550	B024484
B059587	ENSG00000138767	NIC	284	B068812
B068812	ENSG00000138767	NNC	249	B068812
B053547	ENSG00000134744	FSM	309	B053547
B066252	ENSG00000134744	NIC	258	B066252
B079094	ENSG00000134744	NNC	213	B079094
B019770	ENSG00000148702	FSM	547	B022584
B039331	ENSG00000148702	NIC	382	B039331
B057967	ENSG00000148702	NNC	291	B059450
B097872	ENSG00000162734	FSM	151	B104010
B114542	ENSG00000162734	NIC	93	B114542
B088669	ENSG00000162734	NNC	182	B088669
B084392	ENSG00000178950	FSM	195	B084392
B056728	ENSG00000178950	NIC	296	B056728
B058689	ENSG00000178950	NNC	288	B068665
B033960	ENSG00000072134	FSM	417	B033960
B048228	ENSG00000072134	NIC	334	B048228
B032921	ENSG00000072134	NNC	425	B032921
B000859	ENSG00000163808	FSM	1388	B000859
B053653	ENSG00000163808	NIC	309	B053653
B079741	ENSG00000163808	NNC	211	B079741
B040282	ENSG00000064726	FSM	376	B037312
B053383	ENSG00000064726	NIC	310	B053383
B050643	ENSG00000064726	NNC	323	B050643
B055649	ENSG00000100124	FSM	300	B063834
B089179	ENSG00000100124	NIC	180	B089179
B072753	ENSG00000100124	NNC	235	B084114
B081654	ENSG00000125841	FSM	204	B081977
B096496	ENSG00000125841	NIC	156	B094192
B077995	ENSG00000125841	NNC	217	B081977
B014635	ENSG00000113494	FSM	622	B016186
B073784	ENSG00000113494	NIC	231	B076856
B024935	ENSG00000113494	NNC	491	B024935
B097888	ENSG00000106153	FSM	151	B104248
B111812	ENSG00000106153	NIC	103	B111812
B099030	ENSG00000106153	NNC	148	B104248
B015631	ENSG00000149050	FSM	606	B021201
B076812	ENSG00000149050	NIC	221	B076812
B047310	ENSG00000149050	NNC	339	B047310
B078405	ENSG00000090339	FSM	215	B078405
B046780	ENSG00000090339	NIC	341	B036142
B067390	ENSG00000090339	NNC	254	B067390
B078921	ENSG00000173786	FSM	213	B084071
B039050	ENSG00000173786	NIC	384	B037696
B052844	ENSG00000173786	NNC	313	B052844
B065083	ENSG00000196323	FSM	262	B065083
B063624	ENSG00000196323	NIC	268	B069226
B050229	ENSG00000196323	NNC	325	B050229
B105133	ENSG00000148356	FSM	126	B105133
B055012	ENSG00000148356	NIC	303	B055012
B045469	ENSG00000148356	NNC	348	B045469
B019570	ENSG00000141644	FSM	549	B015686
B058077	ENSG00000141644	NIC	290	B058077
B068539	ENSG00000141644	NNC	250	B068539
B019490	ENSG00000057252	FSM	550	B019490
B047647	ENSG00000057252	NIC	337	B047647
B046704	ENSG00000057252	NNC	342	B046704
B059295	ENSG00000213551	FSM	285	B071114
B104941	ENSG00000213551	NIC	127	B104941
B066124	ENSG00000213551	NNC	259	B071114
B091526	ENSG00000070950	FSM	172	B091526
B050738	ENSG00000070950	NIC	322	B050738
B052188	ENSG00000070950	NNC	316	B052188
B050897	ENSG00000196975	FSM	321	B052143
B065772	ENSG00000196975	NIC	260	B074159
B056032	ENSG00000196975	NNC	299	B052143
B020352	ENSG00000154309	FSM	540	B020352
B096459	ENSG00000154309	NIC	156	B102162
B092105	ENSG00000154309	NNC	171	B092105
B058271	ENSG00000185324	FSM	289	B058902
B062507	ENSG00000185324	NIC	272	B062507
B051646	ENSG00000185324	NNC	318	B051646
B043860	ENSG00000105655	FSM	356	B043860
B032688	ENSG00000105655	NIC	426	B023573
B035220	ENSG00000105655	NNC	409	B035220
B030407	ENSG00000119977	FSM	443	B036040
B052562	ENSG00000119977	NIC	314	B052562
B115498	ENSG00000119977	NNC	90	B115498
B094897	ENSG00000110925	FSM	161	B094897
B043896	ENSG00000110925	NIC	356	B054800
B072174	ENSG00000110925	NNC	237	B072174
B045151	ENSG00000159363	FSM	349	B045151
B021473	ENSG00000159363	NIC	527	B013927
B062963	ENSG00000159363	NNC	271	B062963
B014820	ENSG00000141576	FSM	619	B014820
B069562	ENSG00000141576	NIC	246	B069562
B054121	ENSG00000141576	NNC	307	B054121
B056118	ENSG00000165792	FSM	298	B066250
B042274	ENSG00000165792	NIC	365	B034881
B085882	ENSG00000165792	NNC	191	B085882
B069204	ENSG00000136783	FSM	247	B073840
B090110	ENSG00000136783	NIC	177	B098007
B059200	ENSG00000136783	NNC	286	B059200
B052655	ENSG00000110906	FSM	313	B059545
B089394	ENSG00000110906	NIC	179	B100101
B068728	ENSG00000110906	NNC	249	B065139
B022642	ENSG00000132640	FSM	514	B029814
B043188	ENSG00000132640	NIC	360	B043188
B068481	ENSG00000132640	NNC	250	B068481
B070533	ENSG00000165548	FSM	242	B077851
B095815	ENSG00000165548	NIC	158	B102755
B089838	ENSG00000165548	NNC	178	B089838
B062196	ENSG00000005339	FSM	273	B062196
B046821	ENSG00000005339	NIC	341	B046821
B028102	ENSG00000005339	NNC	462	B028102
B006064	ENSG00000197136	FSM	854	B008544
B066839	ENSG00000197136	NIC	256	B066839
B051263	ENSG00000197136	NNC	320	B051263
B055915	ENSG00000160408	FSM	299	B057514
B082605	ENSG00000160408	NIC	201	B082605
B071422	ENSG00000160408	NNC	240	B071422
B085695	ENSG00000266028	FSM	191	B085695
B014536	ENSG00000266028	NIC	624	B014536
B031169	ENSG00000266028	NNC	438	B031169
B061216	ENSG00000183783	FSM	277	B068711
B079346	ENSG00000183783	NIC	212	B079346
B081846	ENSG00000183783	NNC	204	B092359
B002791	ENSG00000081014	FSM	1062	B002936
B067817	ENSG00000081014	NIC	252	B067817
B044865	ENSG00000081014	NNC	351	B044865
B060942	ENSG00000178498	FSM	278	B055124
B060258	ENSG00000178498	NIC	281	B055124
B055124	ENSG00000178498	NNC	303	B055124
B088434	ENSG00000115866	FSM	182	B077306
B044293	ENSG00000115866	NIC	354	B036399
B103956	ENSG00000115866	NNC	131	B103956
B077858	ENSG00000156500	FSM	217	B077858
B065232	ENSG00000156500	NIC	262	B065232
B101116	ENSG00000156500	NNC	141	B101116
B043873	ENSG00000197712	FSM	356	B058091
B061324	ENSG00000197712	NIC	277	B061324
B042318	ENSG00000197712	NNC	365	B042318
B014113	ENSG00000143324	FSM	631	B014113
B063069	ENSG00000143324	NIC	270	B063069
B057725	ENSG00000143324	NNC	292	B057725
B111416	ENSG00000148153	FSM	104	B111416
B112629	ENSG00000148153	NIC	100	B112629
B102857	ENSG00000148153	NNC	135	B102857
B059043	ENSG00000104524	FSM	286	B067260
B064157	ENSG00000104524	NIC	266	B064157
B113846	ENSG00000104524	NNC	96	B113846
B078132	ENSG00000012822	FSM	216	B078132
B075562	ENSG00000012822	NIC	225	B075562
B053461	ENSG00000012822	NNC	310	B053461
B000887	ENSG00000160949	FSM	1378	B000887
B113482	ENSG00000160949	NIC	97	B113482
B076925	ENSG00000160949	NNC	221	B076925
B002296	ENSG00000055163	FSM	1117	B002729
B052772	ENSG00000055163	NIC	313	B052772
B010497	ENSG00000055163	NNC	709	B010497
B000448	ENSG00000121210	FSM	1610	B000448
B062565	ENSG00000121210	NIC	272	B072529
B033644	ENSG00000121210	NNC	420	B033644
B005963	ENSG00000167658	FSM	858	B008745
B056667	ENSG00000167658	NIC	296	B056667
B078049	ENSG00000167658	NNC	217	B078049
B058762	ENSG00000139218	FSM	287	B070900
B062741	ENSG00000139218	NIC	271	B070900
B087083	ENSG00000139218	NNC	187	B087083
B109667	ENSG00000145246	FSM	110	B109667
B047619	ENSG00000145246	NIC	337	B047619
B033386	ENSG00000145246	NNC	422	B033386
B063522	ENSG00000077585	FSM	268	B077693
B045184	ENSG00000077585	NIC	349	B045184
B050423	ENSG00000077585	NNC	324	B046219
B055404	ENSG00000037897	FSM	301	B058810
B073168	ENSG00000037897	NIC	233	B073168
B077461	ENSG00000037897	NNC	219	B077461
B003063	ENSG00000204217	FSM	1038	B005815
B078740	ENSG00000204217	NIC	214	B078740
B069403	ENSG00000204217	NNC	247	B069403
B091237	ENSG00000112245	FSM	173	B100676
B109794	ENSG00000112245	NIC	110	B115215
B108118	ENSG00000112245	NNC	116	B108118
B079218	ENSG00000176720	FSM	212	B079218
B092563	ENSG00000176720	NIC	169	B092563
B080567	ENSG00000176720	NNC	208	B080567
B093429	ENSG00000099977	FSM	166	B093429
B115388	ENSG00000099977	NIC	90	B115388
B093566	ENSG00000099977	NNC	166	B093566
B048181	ENSG00000114745	FSM	334	B041852
B065992	ENSG00000114745	NIC	259	B073497
B068486	ENSG00000114745	NNC	250	B068486
B024184	ENSG00000081377	FSM	498	B028279
B063077	ENSG00000081377	NIC	270	B063077
B051256	ENSG00000081377	NNC	320	B051256
B048601	ENSG00000138107	FSM	332	B048601
B049245	ENSG00000138107	NIC	329	B049193
B055350	ENSG00000138107	NNC	302	B049193
B067263	ENSG00000102119	FSM	254	B077247
B066801	ENSG00000102119	NIC	256	B066801
B059006	ENSG00000102119	NNC	287	B059006
B049406	ENSG00000166579	FSM	328	B046824
B072703	ENSG00000166579	NIC	235	B072703
B061092	ENSG00000166579	NNC	278	B072703
B051106	ENSG00000125454	FSM	320	B051877
B096486	ENSG00000125454	NIC	156	B096486
B086788	ENSG00000125454	NNC	188	B092085
B053767	ENSG00000011198	FSM	308	B053767
B082017	ENSG00000011198	NIC	203	B082154
B078055	ENSG00000011198	NNC	217	B078055
B070849	ENSG00000143106	FSM	241	B079275
B097322	ENSG00000143106	NIC	153	B097322
B091774	ENSG00000143106	NNC	172	B091774
B045537	ENSG00000123983	FSM	347	B055537
B087874	ENSG00000123983	NIC	184	B087874
B035659	ENSG00000123983	NNC	406	B035659
B074275	ENSG00000112308	FSM	229	B086648
B104097	ENSG00000112308	NIC	130	B104097
B095360	ENSG00000112308	NNC	160	B096557
B029506	ENSG00000173846	FSM	450	B029506
B062746	ENSG00000173846	NIC	271	B062746
B054319	ENSG00000173846	NNC	306	B054319
B047342	ENSG00000204525	FSM	338	B057504
B058597	ENSG00000204525	NIC	288	B058597
B068502	ENSG00000204525	NNC	250	B068128
B027615	ENSG00000168077	FSM	466	B027615
B020383	ENSG00000168077	NIC	540	B020383
B055864	ENSG00000168077	NNC	300	B055864
B044247	ENSG00000185909	FSM	354	B053230
B064905	ENSG00000185909	NIC	263	B074930
B054830	ENSG00000185909	NNC	304	B053230
B023288	ENSG00000061987	FSM	507	B023288
B063803	ENSG00000061987	NIC	267	B063803
B074437	ENSG00000061987	NNC	229	B076473
B015827	ENSG00000076201	FSM	603	B022293
B048236	ENSG00000076201	NIC	334	B048236
B052860	ENSG00000076201	NNC	313	B052860
B051549	ENSG00000141738	FSM	318	B051549
B069775	ENSG00000141738	NIC	245	B069775
B030487	ENSG00000141738	NNC	443	B025828
B030284	ENSG00000111897	FSM	444	B032413
B056445	ENSG00000111897	NIC	297	B056445
B034667	ENSG00000111897	NNC	413	B032413
B028536	ENSG00000196482	FSM	458	B030860
B041914	ENSG00000196482	NIC	367	B030860
B080906	ENSG00000196482	NNC	207	B080906
B021270	ENSG00000198492	FSM	529	B023274
B017595	ENSG00000198492	NIC	576	B023274
B060164	ENSG00000198492	NNC	282	B060164
B026720	ENSG00000196152	FSM	474	B048364
B037525	ENSG00000196152	NIC	394	B048364
B088623	ENSG00000196152	NNC	182	B095975
B064828	ENSG00000100100	FSM	263	B068351
B086631	ENSG00000100100	NIC	188	B086631
B066378	ENSG00000100100	NNC	258	B068351
B052456	ENSG00000176623	FSM	314	B066114
B055496	ENSG00000176623	NIC	301	B066114
B063175	ENSG00000176623	NNC	270	B063175
B048993	ENSG00000119487	FSM	330	B062802
B081161	ENSG00000119487	NIC	206	B090881
B076613	ENSG00000119487	NNC	222	B076613
B054022	ENSG00000075651	FSM	307	B054022
B108912	ENSG00000075651	NIC	113	B108912
B063426	ENSG00000075651	NNC	269	B063426
B053152	ENSG00000160563	FSM	311	B061730
B101280	ENSG00000160563	NIC	140	B106195
B074187	ENSG00000160563	NNC	230	B084410
B062686	ENSG00000159111	FSM	271	B076344
B093166	ENSG00000159111	NIC	167	B093166
B084650	ENSG00000159111	NNC	195	B084650
B086567	ENSG00000136527	FSM	188	B086567
B058090	ENSG00000136527	NIC	290	B065844
B057303	ENSG00000136527	NNC	294	B065844
B057103	ENSG00000115275	FSM	294	B055842
B052039	ENSG00000115275	NIC	316	B052039
B053530	ENSG00000115275	NNC	310	B053530
B046108	ENSG00000073969	FSM	344	B046108
B035813	ENSG00000073969	NIC	405	B035813
B046196	ENSG00000073969	NNC	344	B046196
B060722	ENSG00000105698	FSM	279	B060722
B075811	ENSG00000105698	NIC	224	B068030
B105056	ENSG00000105698	NNC	127	B105056
B057337	ENSG00000130589	FSM	293	B057337
B059094	ENSG00000130589	NIC	286	B074063
B034084	ENSG00000130589	NNC	417	B034084
B066724	ENSG00000185386	FSM	256	B068817
B057392	ENSG00000185386	NIC	293	B057392
B044876	ENSG00000185386	NNC	351	B043696
B049433	ENSG00000036672	FSM	328	B049433
B086061	ENSG00000036672	NIC	190	B086061
B079411	ENSG00000036672	NNC	212	B083361
B075462	ENSG00000115540	FSM	225	B081652
B105191	ENSG00000115540	NIC	126	B105191
B071326	ENSG00000115540	NNC	240	B071326
B056606	ENSG00000167536	FSM	296	B056606
B042761	ENSG00000167536	NIC	362	B042761
B055552	ENSG00000167536	NNC	301	B049604
B044239	ENSG00000065135	FSM	354	B055455
B067302	ENSG00000065135	NIC	254	B067302
B055841	ENSG00000065135	NNC	300	B068641
B010262	ENSG00000075945	FSM	714	B010262
B059140	ENSG00000075945	NIC	286	B059140
B082396	ENSG00000075945	NNC	202	B084342
B053134	ENSG00000163291	FSM	311	B063474
B082309	ENSG00000163291	NIC	202	B088006
B085242	ENSG00000163291	NNC	193	B085242
B084359	ENSG00000110844	FSM	195	B084359
B037309	ENSG00000110844	NIC	395	B034189
B052380	ENSG00000110844	NNC	315	B052380
B070564	ENSG00000050748	FSM	242	B078704
B061779	ENSG00000050748	NIC	275	B063429
B110757	ENSG00000050748	NNC	107	B110757
B111682	ENSG00000270276	FSM	103	B111682
B096441	ENSG00000270276	NIC	156	B096441
B114080	ENSG00000270276	NNC	95	B114080
B065950	ENSG00000176171	FSM	259	B065950
B104119	ENSG00000176171	NIC	130	B104119
B082735	ENSG00000176171	NNC	201	B089070
B055447	ENSG00000149115	FSM	301	B062739
B072982	ENSG00000149115	NIC	234	B072982
B057317	ENSG00000149115	NNC	294	B057317
B045150	ENSG00000112118	FSM	349	B045150
B065785	ENSG00000112118	NIC	260	B065785
B050465	ENSG00000112118	NNC	324	B050465
B046973	ENSG00000115282	FSM	340	B046973
B063310	ENSG00000115282	NIC	269	B063310
B044196	ENSG00000115282	NNC	355	B044196
B051979	ENSG00000130733	FSM	316	B062097
B081716	ENSG00000130733	NIC	204	B085293
B060126	ENSG00000130733	NNC	282	B062097
B051995	ENSG00000104738	FSM	316	B057509
B053835	ENSG00000104738	NIC	308	B066339
B059000	ENSG00000104738	NNC	287	B059000
B010286	ENSG00000126804	FSM	713	B013453
B013453	ENSG00000126804	NIC	644	B013453
B047241	ENSG00000126804	NNC	339	B047241
B005653	ENSG00000116406	FSM	871	B005653
B059589	ENSG00000116406	NIC	284	B059589
B044919	ENSG00000116406	NNC	351	B044919
B090919	ENSG00000182093	FSM	174	B101152
B106559	ENSG00000182093	NIC	121	B108069
B092997	ENSG00000182093	NNC	168	B093060
B067771	ENSG00000138386	FSM	252	B067771
B031503	ENSG00000138386	NIC	435	B035766
B075992	ENSG00000138386	NNC	224	B075992
B054017	ENSG00000182087	FSM	307	B054017
B037984	ENSG00000182087	NIC	391	B037984
B054330	ENSG00000182087	NNC	306	B054330
B044268	ENSG00000104177	FSM	354	B044268
B079326	ENSG00000104177	NIC	212	B072242
B061083	ENSG00000104177	NNC	278	B061083
B056599	ENSG00000100557	FSM	296	B067632
B079543	ENSG00000100557	NIC	211	B083168
B095391	ENSG00000100557	NNC	160	B095391
B009992	ENSG00000160294	FSM	721	B009992
B056941	ENSG00000160294	NIC	295	B056941
B064236	ENSG00000160294	NNC	266	B064236
B054203	ENSG00000164011	FSM	306	B059489
B051148	ENSG00000164011	NIC	320	B059489
B089270	ENSG00000164011	NNC	180	B097468
B014624	ENSG00000084444	FSM	622	B022387
B057420	ENSG00000084444	NIC	293	B057420
B045481	ENSG00000084444	NNC	348	B045481
B064591	ENSG00000213619	FSM	264	B075872
B070368	ENSG00000213619	NIC	243	B082052
B044726	ENSG00000213619	NNC	352	B044726
B016266	ENSG00000072736	FSM	596	B016266
B041932	ENSG00000072736	NIC	367	B040692
B056819	ENSG00000072736	NNC	296	B059946
B001012	ENSG00000214944	FSM	1340	B000848
B075842	ENSG00000214944	NIC	224	B075842
B043454	ENSG00000214944	NNC	359	B043454
B060471	ENSG00000188452	FSM	280	B072576
B101601	ENSG00000188452	NIC	139	B101601
B058235	ENSG00000188452	NNC	290	B058235
B076044	ENSG00000007080	FSM	223	B076044
B052490	ENSG00000007080	NIC	314	B052490
B081527	ENSG00000007080	NNC	205	B081527
B052258	ENSG00000178026	FSM	315	B056367
B097696	ENSG00000178026	NIC	152	B097696
B092353	ENSG00000178026	NNC	170	B092353
B066503	ENSG00000168476	FSM	257	B070816
B094671	ENSG00000168476	NIC	162	B094671
B067165	ENSG00000168476	NNC	255	B070816
B066501	ENSG00000146530	FSM	257	B066752
B052519	ENSG00000146530	NIC	314	B052519
B083342	ENSG00000146530	NNC	199	B083342
B075129	ENSG00000006042	FSM	226	B088482
B090988	ENSG00000006042	NIC	174	B090988
B062337	ENSG00000006042	NNC	273	B062337
B056158	ENSG00000111247	FSM	298	B056158
B059296	ENSG00000111247	NIC	285	B059296
B108725	ENSG00000111247	NNC	114	B108725
B050895	ENSG00000083817	FSM	321	B050895
B068650	ENSG00000083817	NIC	249	B068650
B042493	ENSG00000083817	NNC	364	B042493
B061979	ENSG00000240038	FSM	274	B061979
B041398	ENSG00000240038	NIC	370	B041398
B052580	ENSG00000240038	NNC	314	B052580
B001878	ENSG00000064393	FSM	1171	B001878
B105216	ENSG00000064393	NIC	126	B105216
B049098	ENSG00000064393	NNC	330	B049098
B043854	ENSG00000108848	FSM	356	B034781
B032839	ENSG00000108848	NIC	425	B034781
B046689	ENSG00000108848	NNC	342	B046689
B049870	ENSG00000154473	FSM	326	B049870
B068984	ENSG00000154473	NIC	248	B069573
B077458	ENSG00000154473	NNC	219	B077517
B012062	ENSG00000079819	FSM	673	B012062
B064676	ENSG00000079819	NIC	264	B064676
B040914	ENSG00000079819	NNC	373	B040914
B036671	ENSG00000126226	FSM	399	B047168
B057664	ENSG00000126226	NIC	292	B057664
B052384	ENSG00000126226	NNC	315	B052384
B072297	ENSG00000115762	FSM	236	B081535
B086687	ENSG00000115762	NIC	188	B091105
B101643	ENSG00000115762	NNC	139	B101643
B033425	ENSG00000180198	FSM	421	B039501
B076191	ENSG00000180198	NIC	223	B076191
B044372	ENSG00000180198	NNC	354	B044372
B056117	ENSG00000123374	FSM	298	B059384
B080824	ENSG00000123374	NIC	207	B080824
B071942	ENSG00000123374	NNC	238	B071942
B093428	ENSG00000101052	FSM	166	B101996
B049461	ENSG00000101052	NIC	328	B049461
B057253	ENSG00000101052	NNC	294	B057253
B065354	ENSG00000134871	FSM	261	B065354
B043568	ENSG00000134871	NIC	358	B043568
B048679	ENSG00000134871	NNC	332	B048679
B031949	ENSG00000114767	FSM	431	B032853
B042990	ENSG00000114767	NIC	361	B042990
B033236	ENSG00000114767	NNC	423	B032853
B060017	ENSG00000019505	FSM	282	B060017
B049488	ENSG00000019505	NIC	328	B049488
B050227	ENSG00000019505	NNC	325	B050227
B037797	ENSG00000171365	FSM	392	B041724
B099764	ENSG00000171365	NIC	145	B099764
B021226	ENSG00000171365	NNC	530	B021226
B032371	ENSG00000174177	FSM	428	B032371
B036899	ENSG00000174177	NIC	398	B032371
B045848	ENSG00000174177	NNC	346	B032371
B102916	ENSG00000157514	FSM	134	B104255
B082951	ENSG00000157514	NIC	200	B082951
B059928	ENSG00000157514	NNC	283	B059928
B039034	ENSG00000138166	FSM	384	B046249
B081449	ENSG00000138166	NIC	205	B088031
B067431	ENSG00000138166	NNC	254	B067953
B053343	ENSG00000182923	FSM	310	B053311
B044298	ENSG00000182923	NIC	354	B044298
B033350	ENSG00000182923	NNC	422	B028253
B049616	ENSG00000143409	FSM	327	B049616
B084520	ENSG00000143409	NIC	195	B084520
B056035	ENSG00000143409	NNC	299	B056035
B053571	ENSG00000128408	FSM	309	B041065
B059576	ENSG00000128408	NIC	284	B059576
B068282	ENSG00000128408	NNC	251	B075415
B106520	ENSG00000015568	FSM	121	B112549
B068939	ENSG00000015568	NIC	248	B068939
B071608	ENSG00000015568	NNC	239	B078990
B073700	ENSG00000141349	FSM	231	B073700
B093506	ENSG00000141349	NIC	166	B093506
B046403	ENSG00000141349	NNC	343	B046403
B055453	ENSG00000088035	FSM	301	B055453
B074692	ENSG00000088035	NIC	228	B074692
B036443	ENSG00000088035	NNC	401	B030165
B021642	ENSG00000163378	FSM	525	B030476
B056979	ENSG00000163378	NIC	295	B069841
B065537	ENSG00000163378	NNC	261	B065537
B038405	ENSG00000123575	FSM	388	B047413
B084543	ENSG00000123575	NIC	195	B084543
B049103	ENSG00000123575	NNC	330	B049103
B050060	ENSG00000115457	FSM	325	B053306
B054738	ENSG00000115457	NIC	304	B054738
B053306	ENSG00000115457	NNC	311	B053306
B050491	ENSG00000169733	FSM	323	B063796
B073193	ENSG00000169733	NIC	233	B073193
B051020	ENSG00000169733	NNC	321	B050902
B069997	ENSG00000138050	FSM	244	B078781
B063309	ENSG00000138050	NIC	269	B063309
B052849	ENSG00000138050	NNC	313	B052849
B042386	ENSG00000141570	FSM	364	B049924
B049924	ENSG00000141570	NIC	326	B049924
B070206	ENSG00000141570	NNC	244	B070206
B064262	ENSG00000081985	FSM	265	B064262
B042759	ENSG00000081985	NIC	362	B042759
B036913	ENSG00000081985	NNC	398	B036913
B030938	ENSG00000140259	FSM	439	B031300
B058373	ENSG00000140259	NIC	289	B061592
B045797	ENSG00000140259	NNC	346	B045797
B065390	ENSG00000145293	FSM	261	B069615
B087588	ENSG00000145293	NIC	185	B087588
B077732	ENSG00000145293	NNC	218	B077732
B085971	ENSG00000158106	FSM	190	B085971
B025111	ENSG00000158106	NIC	489	B034537
B038184	ENSG00000158106	NNC	390	B038184
B050288	ENSG00000080819	FSM	324	B051848
B061323	ENSG00000080819	NIC	277	B061323
B078823	ENSG00000080819	NNC	214	B078823
B036227	ENSG00000087263	FSM	402	B025292
B083576	ENSG00000087263	NIC	198	B083576
B029066	ENSG00000087263	NNC	454	B025292
B079525	ENSG00000198586	FSM	211	B079611
B074703	ENSG00000198586	NIC	228	B084150
B094139	ENSG00000198586	NNC	164	B094139
B075739	ENSG00000144485	FSM	224	B087685
B100317	ENSG00000144485	NIC	143	B100317
B078289	ENSG00000144485	NNC	216	B087685
B053545	ENSG00000023734	FSM	309	B058871
B074688	ENSG00000023734	NIC	228	B074688
B052100	ENSG00000023734	NNC	316	B058871
B073162	ENSG00000155959	FSM	233	B085872
B087648	ENSG00000155959	NIC	185	B087648
B111868	ENSG00000155959	NNC	103	B111868
B058008	ENSG00000111325	FSM	290	B052941
B085074	ENSG00000111325	NIC	193	B090974
B069641	ENSG00000111325	NNC	246	B069641
B064036	ENSG00000132906	FSM	266	B064036
B054059	ENSG00000132906	NIC	307	B054059
B048144	ENSG00000132906	NNC	335	B043919
B007169	ENSG00000075702	FSM	809	B009857
B075285	ENSG00000075702	NIC	226	B075285
B077777	ENSG00000075702	NNC	218	B077777
B031084	ENSG00000130669	FSM	438	B025017
B050768	ENSG00000130669	NIC	322	B050768
B058417	ENSG00000130669	NNC	289	B071318
B052657	ENSG00000119703	FSM	313	B052657
B058072	ENSG00000119703	NIC	290	B062863
B099247	ENSG00000119703	NNC	147	B099247
B033516	ENSG00000139531	FSM	420	B026424
B054031	ENSG00000139531	NIC	307	B061982
B045424	ENSG00000139531	NNC	348	B045424
B085405	ENSG00000258315	FSM	192	B093361
B080511	ENSG00000258315	NIC	208	B080511
B101392	ENSG00000258315	NNC	140	B101392
B011018	ENSG00000162650	FSM	696	B011018
B010477	ENSG00000162650	NIC	709	B011018
B053901	ENSG00000162650	NNC	308	B052179
B046293	ENSG00000138592	FSM	343	B046293
B073176	ENSG00000138592	NIC	233	B084774
B075599	ENSG00000138592	NNC	225	B075599
B087488	ENSG00000108861	FSM	185	B088909
B069001	ENSG00000108861	NIC	248	B069001
B113238	ENSG00000108861	NNC	98	B113238
B028537	ENSG00000196591	FSM	458	B044800
B055751	ENSG00000196591	NIC	300	B058760
B057784	ENSG00000196591	NNC	292	B058760
B022662	ENSG00000177932	FSM	514	B027342
B030038	ENSG00000177932	NIC	446	B038371
B109013	ENSG00000177932	NNC	113	B109013
B033119	ENSG00000165916	FSM	423	B043564
B046586	ENSG00000165916	NIC	342	B043564
B058972	ENSG00000165916	NNC	287	B058972
B096064	ENSG00000144857	FSM	157	B096064
B005309	ENSG00000144857	NIC	889	B005593
B026050	ENSG00000144857	NNC	481	B026050
B042744	ENSG00000188234	FSM	362	B042744
B020369	ENSG00000188234	NIC	540	B014498
B051310	ENSG00000188234	NNC	320	B042445
B036216	ENSG00000135597	FSM	402	B039939
B037994	ENSG00000135597	NIC	391	B039939
B055338	ENSG00000135597	NNC	302	B055338
B093119	ENSG00000164114	FSM	167	B093119
B039352	ENSG00000164114	NIC	382	B048100
B030078	ENSG00000164114	NNC	446	B030078
B085977	ENSG00000107581	FSM	190	B085977
B061030	ENSG00000107581	NIC	278	B061030
B041256	ENSG00000107581	NNC	371	B041256
B008485	ENSG00000157077	FSM	762	B008485
B050353	ENSG00000157077	NIC	324	B050353
B060841	ENSG00000157077	NNC	279	B058309
B037745	ENSG00000149557	FSM	392	B042601
B042272	ENSG00000149557	NIC	365	B044515
B067175	ENSG00000149557	NNC	255	B067175
B068067	ENSG00000166902	FSM	251	B076192
B075560	ENSG00000166902	NIC	225	B076192
B093605	ENSG00000166902	NNC	166	B093605
B001034	ENSG00000171105	FSM	1333	B001429
B045576	ENSG00000171105	NIC	347	B058461
B044869	ENSG00000171105	NNC	351	B044869
B061938	ENSG00000174827	FSM	274	B061938
B055528	ENSG00000174827	NIC	301	B055528
B081837	ENSG00000174827	NNC	204	B081837
B084998	ENSG00000100564	FSM	193	B077402
B096414	ENSG00000100564	NIC	156	B095129
B091383	ENSG00000100564	NNC	173	B091383
B044611	ENSG00000006576	FSM	352	B044611
B064410	ENSG00000006576	NIC	265	B064410
B033391	ENSG00000006576	NNC	422	B026466
B068609	ENSG00000147679	FSM	249	B077203
B091333	ENSG00000147679	NIC	173	B091333
B066655	ENSG00000147679	NNC	257	B077203
B048591	ENSG00000120438	FSM	332	B048591
B060548	ENSG00000120438	NIC	280	B071283
B065274	ENSG00000120438	NNC	262	B079074
B056895	ENSG00000151465	FSM	295	B056895
B074357	ENSG00000151465	NIC	229	B077344
B058961	ENSG00000151465	NNC	287	B056895
B107366	ENSG00000145740	FSM	118	B107366
B062788	ENSG00000145740	NIC	271	B062788
B041239	ENSG00000145740	NNC	371	B034252
B028312	ENSG00000182504	FSM	460	B028312
B046332	ENSG00000182504	NIC	343	B046332
B015678	ENSG00000182504	NNC	606	B015678
B056147	ENSG00000124615	FSM	298	B071281
B049727	ENSG00000124615	NIC	327	B038862
B061680	ENSG00000124615	NNC	276	B061680
B003490	ENSG00000111752	FSM	1004	B006024
B079042	ENSG00000111752	NIC	213	B079042
B098308	ENSG00000111752	NNC	150	B098308
B023968	ENSG00000183044	FSM	500	B028582
B042943	ENSG00000183044	NIC	361	B042943
B078334	ENSG00000183044	NNC	216	B078334
B054909	ENSG00000100647	FSM	303	B061081
B101298	ENSG00000100647	NIC	140	B101298
B055298	ENSG00000100647	NNC	302	B061081
B108226	ENSG00000234745	FSM	115	B108226
B085752	ENSG00000234745	NIC	191	B085752
B057504	ENSG00000234745	NNC	293	B057504
B059246	ENSG00000102524	FSM	285	B064018
B099132	ENSG00000102524	NIC	147	B099132
B103095	ENSG00000102524	NNC	134	B104207
B020009	ENSG00000149380	FSM	544	B025170
B040539	ENSG00000149380	NIC	375	B040539
B060705	ENSG00000149380	NNC	280	B066471
B074022	ENSG00000171204	FSM	230	B083605
B096506	ENSG00000171204	NIC	156	B096506
B100209	ENSG00000171204	NNC	144	B092207
B026172	ENSG00000168564	FSM	479	B025751
B050131	ENSG00000168564	NIC	325	B053097
B068498	ENSG00000168564	NNC	250	B070634
B046271	ENSG00000170364	FSM	343	B046271
B037162	ENSG00000170364	NIC	396	B046271
B095349	ENSG00000170364	NNC	160	B095349
B059757	ENSG00000079999	FSM	283	B059757
B043756	ENSG00000079999	NIC	357	B043756
B049123	ENSG00000079999	NNC	330	B049123
B065104	ENSG00000113638	FSM	262	B077561
B093785	ENSG00000113638	NIC	165	B095479
B094450	ENSG00000113638	NNC	163	B096257
B102630	ENSG00000137210	FSM	135	B103374
B111547	ENSG00000137210	NIC	104	B112173
B107848	ENSG00000137210	NNC	117	B107848
B042724	ENSG00000196705	FSM	362	B040239
B026000	ENSG00000196705	NIC	481	B026536
B022508	ENSG00000196705	NNC	516	B026536
B077565	ENSG00000168118	FSM	218	B085756
B100331	ENSG00000168118	NIC	143	B100331
B075953	ENSG00000168118	NNC	224	B085756
B048397	ENSG00000109705	FSM	333	B048397
B070951	ENSG00000109705	NIC	241	B070951
B110747	ENSG00000109705	NNC	107	B110747
B005756	ENSG00000129173	FSM	867	B008501
B112372	ENSG00000129173	NIC	101	B112372
B087398	ENSG00000129173	NNC	186	B093034
B060735	ENSG00000249242	FSM	279	B073780
B089761	ENSG00000249242	NIC	178	B089761
B089237	ENSG00000249242	NNC	180	B089237
B060031	ENSG00000128242	FSM	282	B060031
B037836	ENSG00000128242	NIC	392	B038941
B050808	ENSG00000128242	NNC	322	B038941
B060225	ENSG00000084764	FSM	281	B063509
B083193	ENSG00000084764	NIC	199	B082759
B060859	ENSG00000084764	NNC	279	B063509
B023578	ENSG00000188338	FSM	504	B023374
B045412	ENSG00000188338	NIC	348	B036739
B109918	ENSG00000188338	NNC	110	B109918
B013447	ENSG00000107404	FSM	644	B011877
B030320	ENSG00000107404	NIC	444	B021840
B057966	ENSG00000107404	NNC	291	B067950
B050096	ENSG00000133315	FSM	325	B054856
B058145	ENSG00000133315	NIC	290	B054856
B108131	ENSG00000133315	NNC	116	B108131
B057819	ENSG00000239282	FSM	291	B057819
B069008	ENSG00000239282	NIC	248	B069008
B045859	ENSG00000239282	NNC	346	B045859
B089093	ENSG00000172663	FSM	180	B085933
B109809	ENSG00000172663	NIC	110	B109809
B077804	ENSG00000172663	NNC	218	B077804
B009745	ENSG00000103994	FSM	727	B005299
B015051	ENSG00000103994	NIC	616	B008643
B087037	ENSG00000103994	NNC	187	B089839
B005250	ENSG00000085433	FSM	891	B006346
B011886	ENSG00000085433	NIC	677	B012652
B089286	ENSG00000085433	NNC	180	B089286
B109697	ENSG00000148634	FSM	110	B109697
B040677	ENSG00000148634	NIC	374	B030508
B084944	ENSG00000148634	NNC	194	B084944
B039030	ENSG00000136828	FSM	384	B039030
B027437	ENSG00000136828	NIC	468	B027437
B057271	ENSG00000136828	NNC	294	B057271
B104876	ENSG00000160602	FSM	127	B104876
B043572	ENSG00000160602	NIC	358	B042422
B060676	ENSG00000160602	NNC	280	B060676
B000215	ENSG00000150760	FSM	1865	B000249
B035185	ENSG00000150760	NIC	409	B035185
B073044	ENSG00000150760	NNC	234	B073044
B051762	ENSG00000265590	FSM	317	B048437
B033456	ENSG00000265590	NIC	421	B033456
B082697	ENSG00000265590	NNC	201	B082697
B073423	ENSG00000161204	FSM	232	B073423
B044456	ENSG00000161204	NIC	353	B046052
B081211	ENSG00000161204	NNC	206	B081211
B091891	ENSG00000154767	FSM	171	B091891
B046562	ENSG00000154767	NIC	342	B046562
B064238	ENSG00000154767	NNC	266	B064238
B010143	ENSG00000100242	FSM	717	B012158
B051206	ENSG00000100242	NIC	320	B051206
B030782	ENSG00000100242	NNC	441	B030782
B041834	ENSG00000103264	FSM	367	B041834
B061990	ENSG00000103264	NIC	274	B061990
B054615	ENSG00000103264	NNC	305	B054615
B093096	ENSG00000129993	FSM	167	B093096
B060051	ENSG00000129993	NIC	282	B060051
B069391	ENSG00000129993	NNC	247	B069786
B018262	ENSG00000027001	FSM	566	B016951
B040685	ENSG00000027001	NIC	374	B040685
B055585	ENSG00000027001	NNC	301	B070480
B087801	ENSG00000143942	FSM	184	B096358
B091615	ENSG00000143942	NIC	172	B096358
B099256	ENSG00000143942	NNC	147	B099256
B053773	ENSG00000138650	FSM	308	B053773
B076116	ENSG00000138650	NIC	223	B081024
B031786	ENSG00000138650	NNC	433	B031786
B023988	ENSG00000239306	FSM	500	B019404
B044480	ENSG00000239306	NIC	353	B044480
B035244	ENSG00000239306	NNC	409	B035244
B017175	ENSG00000197429	FSM	582	B017175
B072333	ENSG00000197429	NIC	236	B072333
B039691	ENSG00000197429	NNC	380	B027283
B040312	ENSG00000124570	FSM	376	B039242
B060302	ENSG00000124570	NIC	281	B069875
B066165	ENSG00000124570	NNC	259	B074653
B020010	ENSG00000029153	FSM	544	B020010
B054073	ENSG00000029153	NIC	307	B057919
B069026	ENSG00000029153	NNC	248	B069026
B055432	ENSG00000118762	FSM	301	B042640
B092643	ENSG00000118762	NIC	169	B092643
B071048	ENSG00000118762	NNC	241	B071048
B057109	ENSG00000174928	FSM	294	B057945
B073830	ENSG00000174928	NIC	231	B074340
B057945	ENSG00000174928	NNC	291	B057945
B044240	ENSG00000079785	FSM	354	B044240
B038915	ENSG00000079785	NIC	385	B038915
B074459	ENSG00000079785	NNC	229	B074459
B018673	ENSG00000094804	FSM	560	B025587
B052074	ENSG00000094804	NIC	316	B052074
B062647	ENSG00000094804	NNC	272	B062647
B050917	ENSG00000136933	FSM	321	B054509
B051601	ENSG00000136933	NIC	318	B051601
B070823	ENSG00000136933	NNC	242	B071112
B059488	ENSG00000082805	FSM	284	B059488
B005843	ENSG00000082805	NIC	864	B005843
B027659	ENSG00000082805	NNC	466	B027659
B087821	ENSG00000106615	FSM	184	B095268
B102159	ENSG00000106615	NIC	137	B109491
B088943	ENSG00000106615	NNC	181	B095268
B059291	ENSG00000104731	FSM	285	B059291
B039047	ENSG00000104731	NIC	384	B028782
B037412	ENSG00000104731	NNC	395	B037412
B045111	ENSG00000084070	FSM	349	B036668
B054244	ENSG00000084070	NIC	306	B069762
B035867	ENSG00000084070	NNC	405	B036668
B076671	ENSG00000131507	FSM	221	B083028
B098239	ENSG00000131507	NIC	150	B098239
B081218	ENSG00000131507	NNC	206	B083028
B053338	ENSG00000115233	FSM	310	B063579
B091620	ENSG00000115233	NIC	172	B099935
B079669	ENSG00000115233	NNC	211	B079669
B056891	ENSG00000113328	FSM	295	B057548
B070960	ENSG00000113328	NIC	241	B071914
B081285	ENSG00000113328	NNC	206	B081285
B045322	ENSG00000198522	FSM	348	B052080
B060578	ENSG00000198522	NIC	280	B064771
B076845	ENSG00000198522	NNC	221	B076845
B006985	ENSG00000127081	FSM	816	B007956
B036596	ENSG00000127081	NIC	400	B036596
B008942	ENSG00000127081	NNC	750	B007956
B009109	ENSG00000168769	FSM	745	B012489
B074649	ENSG00000168769	NIC	228	B074649
B044360	ENSG00000168769	NNC	354	B044360
B020177	ENSG00000099250	FSM	542	B020177
B069271	ENSG00000099250	NIC	247	B074095
B053718	ENSG00000099250	NNC	309	B053718
B104345	ENSG00000114904	FSM	129	B110816
B072093	ENSG00000114904	NIC	237	B073318
B088670	ENSG00000114904	NNC	182	B088670
B057333	ENSG00000134321	FSM	293	B057333
B044997	ENSG00000134321	NIC	350	B052362
B104472	ENSG00000134321	NNC	129	B104472
B037770	ENSG00000163608	FSM	392	B036518
B075234	ENSG00000163608	NIC	226	B075234
B049090	ENSG00000163608	NNC	330	B049090
B010992	ENSG00000115616	FSM	697	B010992
B033170	ENSG00000115616	NIC	423	B033170
B047875	ENSG00000115616	NNC	336	B047875
B087772	ENSG00000137714	FSM	184	B094115
B103500	ENSG00000137714	NIC	132	B103500
B106938	ENSG00000137714	NNC	120	B110637
B100534	ENSG00000154277	FSM	142	B090371
B105202	ENSG00000154277	NIC	126	B105202
B105332	ENSG00000154277	NNC	126	B105332
B090577	ENSG00000184990	FSM	175	B096040
B096174	ENSG00000184990	NIC	157	B101587
B077765	ENSG00000184990	NNC	218	B077765
B002225	ENSG00000067177	FSM	1126	B002076
B026412	ENSG00000067177	NIC	477	B026412
B071424	ENSG00000067177	NNC	240	B071424
B050916	ENSG00000095380	FSM	321	B056797
B070358	ENSG00000095380	NIC	243	B080733
B088692	ENSG00000095380	NNC	182	B088692
B088736	ENSG00000100038	FSM	181	B088736
B061770	ENSG00000100038	NIC	275	B075937
B065830	ENSG00000100038	NNC	260	B065830
B034711	ENSG00000140740	FSM	412	B034711
B048015	ENSG00000140740	NIC	335	B040492
B072442	ENSG00000140740	NNC	236	B078722
B047160	ENSG00000168228	FSM	339	B047160
B087943	ENSG00000168228	NIC	184	B087943
B081545	ENSG00000168228	NNC	205	B081545
B113368	ENSG00000291053	FSM	97	B115280
B102949	ENSG00000291053	NIC	134	B102949
B106947	ENSG00000291053	NNC	120	B106947
B051550	ENSG00000136492	FSM	318	B051550
B080206	ENSG00000136492	NIC	209	B080206
B056821	ENSG00000136492	NNC	296	B056821
B100527	ENSG00000135905	FSM	142	B100527
B052282	ENSG00000135905	NIC	315	B052282
B101645	ENSG00000135905	NNC	139	B101645
B027146	ENSG00000164176	FSM	470	B032433
B051586	ENSG00000164176	NIC	318	B051586
B066638	ENSG00000164176	NNC	257	B078063
B035584	ENSG00000173273	FSM	406	B035584
B020196	ENSG00000173273	NIC	542	B020196
B050619	ENSG00000173273	NNC	323	B050619
B034294	ENSG00000156671	FSM	415	B026285
B069852	ENSG00000156671	NIC	245	B073340
B058007	ENSG00000156671	NNC	291	B058007
B086238	ENSG00000129933	FSM	189	B077670
B056969	ENSG00000129933	NIC	295	B056969
B034658	ENSG00000129933	NNC	413	B034658
B021532	ENSG00000159374	FSM	526	B032618
B028674	ENSG00000159374	NIC	457	B028674
B054627	ENSG00000159374	NNC	305	B054627
B047578	ENSG00000177156	FSM	337	B055509
B068411	ENSG00000177156	NIC	250	B078791
B053928	ENSG00000177156	NNC	308	B055509
B068905	ENSG00000011376	FSM	248	B068905
B057176	ENSG00000011376	NIC	294	B057176
B046870	ENSG00000011376	NNC	341	B046870
B058298	ENSG00000151413	FSM	289	B058298
B071545	ENSG00000151413	NIC	239	B071545
B052568	ENSG00000151413	NNC	314	B058298
B102075	ENSG00000147533	FSM	137	B100488
B092599	ENSG00000147533	NIC	169	B090495
B112762	ENSG00000147533	NNC	100	B112762
B054458	ENSG00000156110	FSM	305	B054458
B063082	ENSG00000156110	NIC	270	B063082
B086822	ENSG00000156110	NNC	188	B087079
B102343	ENSG00000143553	FSM	136	B102343
B107792	ENSG00000143553	NIC	117	B107792
B077998	ENSG00000143553	NNC	217	B077998
B060235	ENSG00000127419	FSM	281	B067933
B064671	ENSG00000127419	NIC	264	B064671
B084042	ENSG00000127419	NNC	197	B091941
B045538	ENSG00000101138	FSM	347	B033055
B077677	ENSG00000101138	NIC	218	B077677
B092759	ENSG00000101138	NNC	169	B092759
B056157	ENSG00000168000	FSM	298	B061973
B061822	ENSG00000168000	NIC	275	B074832
B041640	ENSG00000168000	NNC	369	B041640
B004719	ENSG00000241945	FSM	919	B006483
B081421	ENSG00000241945	NIC	205	B081421
B032171	ENSG00000241945	NNC	430	B035359
B088771	ENSG00000140829	FSM	181	B088771
B053850	ENSG00000140829	NIC	308	B060049
B094784	ENSG00000140829	NNC	162	B094784
B015550	ENSG00000102890	FSM	607	B015550
B083841	ENSG00000102890	NIC	197	B083841
B045043	ENSG00000102890	NNC	350	B040199
B053772	ENSG00000153029	FSM	308	B068601
B094656	ENSG00000153029	NIC	162	B094656
B067403	ENSG00000153029	NNC	254	B075639
B014176	ENSG00000197150	FSM	630	B013812
B058858	ENSG00000197150	NIC	287	B053277
B075360	ENSG00000197150	NNC	226	B075360
B050675	ENSG00000138617	FSM	322	B066138
B053810	ENSG00000138617	NIC	308	B066138
B090847	ENSG00000138617	NNC	175	B090847
B045355	ENSG00000108001	FSM	348	B045355
B056248	ENSG00000108001	NIC	298	B071246
B069427	ENSG00000108001	NNC	247	B069427
B085354	ENSG00000169750	FSM	192	B087709
B097314	ENSG00000169750	NIC	153	B097314
B075333	ENSG00000169750	NNC	226	B075333
B056386	ENSG00000146233	FSM	297	B069016
B041184	ENSG00000146233	NIC	371	B036624
B068558	ENSG00000146233	NNC	250	B068558
B062454	ENSG00000167085	FSM	272	B062454
B058323	ENSG00000167085	NIC	289	B058323
B084566	ENSG00000167085	NNC	195	B085288
B006006	ENSG00000150990	FSM	856	B006006
B037980	ENSG00000150990	NIC	391	B037980
B062384	ENSG00000150990	NNC	273	B062384
B068060	ENSG00000187325	FSM	251	B078790
B099766	ENSG00000187325	NIC	145	B099766
B096613	ENSG00000187325	NNC	156	B096613
B095485	ENSG00000164638	FSM	159	B102109
B030562	ENSG00000164638	NIC	442	B024808
B056352	ENSG00000164638	NNC	298	B056352
B059487	ENSG00000110218	FSM	284	B059487
B109171	ENSG00000110218	NIC	112	B109171
B091690	ENSG00000110218	NNC	172	B091690
B047356	ENSG00000162819	FSM	338	B036712
B062016	ENSG00000162819	NIC	274	B064369
B088017	ENSG00000162819	NNC	184	B098722
B027389	ENSG00000093000	FSM	468	B030855
B052766	ENSG00000093000	NIC	313	B052766
B083072	ENSG00000093000	NNC	200	B083072
B053118	ENSG00000172766	FSM	311	B053118
B076475	ENSG00000172766	NIC	222	B076475
B075319	ENSG00000172766	NNC	226	B075319
B003951	ENSG00000072786	FSM	968	B007785
B049270	ENSG00000072786	NIC	329	B049270
B071344	ENSG00000072786	NNC	240	B071344
B056875	ENSG00000213599	FSM	295	B056875
B087565	ENSG00000213599	NIC	185	B098026
B112734	ENSG00000213599	NNC	100	B112734
B037288	ENSG00000113580	FSM	395	B028510
B016529	ENSG00000113580	NIC	592	B011940
B109880	ENSG00000113580	NNC	110	B109880
B077259	ENSG00000130477	FSM	219	B087535
B086328	ENSG00000130477	NIC	189	B093252
B083381	ENSG00000130477	NNC	199	B085864
B089368	ENSG00000078674	FSM	179	B089368
B030565	ENSG00000078674	NIC	442	B028572
B033625	ENSG00000078674	NNC	420	B033625
B081642	ENSG00000166780	FSM	204	B090849
B079838	ENSG00000166780	NIC	210	B079838
B076892	ENSG00000166780	NNC	221	B079838
B051317	ENSG00000032742	FSM	319	B051317
B025666	ENSG00000032742	NIC	484	B025666
B066900	ENSG00000032742	NNC	256	B066900
B056616	ENSG00000101457	FSM	296	B058280
B094995	ENSG00000101457	NIC	161	B097432
B090806	ENSG00000101457	NNC	175	B090806
B048571	ENSG00000100811	FSM	332	B048571
B057617	ENSG00000100811	NIC	292	B057617
B045486	ENSG00000100811	NNC	348	B048571
B112513	ENSG00000242193	FSM	100	B112513
B110899	ENSG00000242193	NIC	106	B110899
B099268	ENSG00000242193	NNC	147	B099268
B065118	ENSG00000102181	FSM	262	B066122
B084870	ENSG00000102181	NIC	194	B084870
B054196	ENSG00000102181	NNC	307	B054196
B044059	ENSG00000138757	FSM	355	B037966
B054536	ENSG00000138757	NIC	305	B054536
B062115	ENSG00000138757	NNC	274	B062115
B052227	ENSG00000144468	FSM	315	B053692
B079338	ENSG00000144468	NIC	212	B079338
B111338	ENSG00000144468	NNC	105	B111338
B053572	ENSG00000184164	FSM	309	B053572
B067891	ENSG00000184164	NIC	252	B067891
B087999	ENSG00000184164	NNC	184	B087999
B029373	ENSG00000145982	FSM	451	B035545
B063328	ENSG00000145982	NIC	269	B077330
B107024	ENSG00000145982	NNC	120	B107024
B066741	ENSG00000180628	FSM	256	B075267
B091968	ENSG00000180628	NIC	171	B092723
B092724	ENSG00000180628	NNC	169	B092724
B065372	ENSG00000116096	FSM	261	B069049
B085100	ENSG00000116096	NIC	193	B085100
B078349	ENSG00000116096	NNC	216	B078349
B033804	ENSG00000002016	FSM	418	B046814
B039040	ENSG00000002016	NIC	384	B039040
B056016	ENSG00000002016	NNC	299	B056016
B075160	ENSG00000175137	FSM	226	B068136
B059151	ENSG00000175137	NIC	286	B068136
B073033	ENSG00000175137	NNC	234	B073033
B055643	ENSG00000138092	FSM	300	B067195
B083259	ENSG00000138092	NIC	199	B083259
B073065	ENSG00000138092	NNC	234	B073973
B074256	ENSG00000174151	FSM	229	B073871
B096720	ENSG00000174151	NIC	155	B098597
B107253	ENSG00000174151	NNC	119	B107253
B042715	ENSG00000092098	FSM	362	B048875
B106535	ENSG00000092098	NIC	121	B106535
B076197	ENSG00000092098	NNC	223	B076197
B060464	ENSG00000139921	FSM	280	B066670
B084198	ENSG00000139921	NIC	196	B088182
B060612	ENSG00000139921	NNC	280	B066670
B051742	ENSG00000181852	FSM	317	B052346
B078148	ENSG00000181852	NIC	216	B078910
B081872	ENSG00000181852	NNC	204	B081872
B008962	ENSG00000248919	FSM	749	B013710
B010387	ENSG00000248919	NIC	711	B013710
B084606	ENSG00000248919	NNC	195	B084606
B030543	ENSG00000145191	FSM	442	B027049
B070631	ENSG00000145191	NIC	242	B071406
B011237	ENSG00000145191	NNC	692	B011237
B032968	ENSG00000197603	FSM	424	B045984
B075294	ENSG00000197603	NIC	226	B075294
B057728	ENSG00000197603	NNC	292	B057728
B013047	ENSG00000117597	FSM	652	B013047
B059829	ENSG00000117597	NIC	283	B059829
B063479	ENSG00000117597	NNC	269	B063479
B054678	ENSG00000056291	FSM	304	B066787
B033151	ENSG00000056291	NIC	423	B033540
B043620	ENSG00000056291	NNC	358	B043620
B059518	ENSG00000038002	FSM	284	B053046
B080846	ENSG00000038002	NIC	207	B080846
B053046	ENSG00000038002	NNC	312	B053046
B064852	ENSG00000066117	FSM	263	B064852
B074301	ENSG00000066117	NIC	229	B074301
B040071	ENSG00000066117	NNC	378	B040071
B054921	ENSG00000183077	FSM	303	B060180
B079848	ENSG00000183077	NIC	210	B079848
B076286	ENSG00000183077	NNC	223	B076286
B005993	ENSG00000158528	FSM	857	B005993
B089148	ENSG00000158528	NIC	180	B089148
B073385	ENSG00000158528	NNC	233	B073385
B017727	ENSG00000184381	FSM	574	B022292
B062259	ENSG00000184381	NIC	273	B075940
B044522	ENSG00000184381	NNC	353	B044522
B040479	ENSG00000148719	FSM	375	B043290
B065235	ENSG00000148719	NIC	262	B065235
B055395	ENSG00000148719	NNC	302	B057182
B035005	ENSG00000065665	FSM	410	B036560
B054542	ENSG00000065665	NIC	305	B054542
B059731	ENSG00000065665	NNC	284	B073038
B057596	ENSG00000186470	FSM	292	B059830
B075582	ENSG00000186470	NIC	225	B079297
B068230	ENSG00000186470	NNC	251	B075151
B013050	ENSG00000058600	FSM	652	B013050
B033595	ENSG00000058600	NIC	420	B031557
B112732	ENSG00000058600	NNC	100	B112732
B080727	ENSG00000079313	FSM	207	B080727
B054043	ENSG00000079313	NIC	307	B054043
B083063	ENSG00000079313	NNC	200	B083063
B027484	ENSG00000141524	FSM	467	B027484
B041161	ENSG00000141524	NIC	371	B041161
B045666	ENSG00000141524	NNC	347	B045666
B090271	ENSG00000188542	FSM	176	B090271
B065711	ENSG00000188542	NIC	260	B075818
B103058	ENSG00000188542	NNC	134	B107672
B010261	ENSG00000221955	FSM	714	B017459
B055488	ENSG00000221955	NIC	301	B070222
B027809	ENSG00000221955	NNC	465	B027809
B054686	ENSG00000106025	FSM	304	B060550
B080855	ENSG00000106025	NIC	207	B089778
B089884	ENSG00000106025	NNC	178	B099521
B066498	ENSG00000225921	FSM	257	B075042
B099168	ENSG00000225921	NIC	147	B099680
B077135	ENSG00000225921	NNC	220	B077135
B044964	ENSG00000106261	FSM	350	B047406
B094108	ENSG00000106261	NIC	164	B094108
B111917	ENSG00000106261	NNC	103	B111917
B080075	ENSG00000153107	FSM	209	B080075
B040197	ENSG00000153107	NIC	377	B040197
B057477	ENSG00000153107	NNC	293	B057477
B018767	ENSG00000285547	FSM	559	B018767
B053013	ENSG00000285547	NIC	312	B053013
B030622	ENSG00000285547	NNC	442	B041635
B083478	ENSG00000184831	FSM	198	B083478
B092605	ENSG00000184831	NIC	169	B094404
B069631	ENSG00000184831	NNC	246	B083478
B045553	ENSG00000119965	FSM	347	B045553
B067590	ENSG00000119965	NIC	253	B067590
B058708	ENSG00000119965	NNC	288	B065074
B090957	ENSG00000178904	FSM	174	B090957
B033719	ENSG00000178904	NIC	419	B033719
B051482	ENSG00000178904	NNC	319	B051482
B036699	ENSG00000204256	FSM	399	B036699
B056691	ENSG00000204256	NIC	296	B056691
B013528	ENSG00000204256	NNC	643	B012522
B069206	ENSG00000095777	FSM	247	B072184
B061067	ENSG00000095777	NIC	278	B061067
B080916	ENSG00000095777	NNC	207	B091339
B056621	ENSG00000144560	FSM	296	B059138
B089757	ENSG00000144560	NIC	178	B089757
B079966	ENSG00000144560	NNC	210	B081843
B022825	ENSG00000140465	FSM	512	B033859
B052025	ENSG00000140465	NIC	316	B055074
B055074	ENSG00000140465	NNC	303	B055074
B067519	ENSG00000085719	FSM	253	B074334
B037844	ENSG00000085719	NIC	392	B043600
B075711	ENSG00000085719	NNC	225	B075711
B050521	ENSG00000158290	FSM	323	B064056
B077927	ENSG00000158290	NIC	217	B077927
B046059	ENSG00000158290	NNC	345	B046059
B072617	ENSG00000149483	FSM	235	B072617
B108094	ENSG00000149483	NIC	116	B108094
B086220	ENSG00000149483	NNC	190	B097831
B088772	ENSG00000260643	FSM	181	B088772
B097687	ENSG00000260643	NIC	152	B097687
B049573	ENSG00000260643	NNC	328	B038372
B058299	ENSG00000165807	FSM	289	B061143
B052021	ENSG00000165807	NIC	316	B045925
B080938	ENSG00000165807	NNC	207	B080938
B038856	ENSG00000038210	FSM	385	B048117
B065997	ENSG00000038210	NIC	259	B065997
B033623	ENSG00000038210	NNC	420	B026542
B054452	ENSG00000123505	FSM	305	B056351
B088568	ENSG00000123505	NIC	182	B088568
B089301	ENSG00000123505	NNC	180	B089301
B026943	ENSG00000012779	FSM	472	B026943
B054768	ENSG00000012779	NIC	304	B054768
B057748	ENSG00000012779	NNC	292	B057748
B094228	ENSG00000140025	FSM	163	B100505
B114317	ENSG00000140025	NIC	94	B114317
B091148	ENSG00000140025	NNC	174	B091148
B007985	ENSG00000176049	FSM	778	B008319
B008319	ENSG00000176049	NIC	768	B008319
B058743	ENSG00000176049	NNC	288	B058743
B109352	ENSG00000047621	FSM	111	B109352
B039812	ENSG00000047621	NIC	379	B039812
B064748	ENSG00000047621	NNC	264	B064748
B013049	ENSG00000154529	FSM	652	B017303
B066564	ENSG00000154529	NIC	257	B066564
B060888	ENSG00000154529	NNC	279	B060888
B002666	ENSG00000112902	FSM	1074	B004758
B052550	ENSG00000112902	NIC	314	B052550
B057997	ENSG00000112902	NNC	291	B057997
B094828	ENSG00000152767	FSM	161	B094828
B054968	ENSG00000152767	NIC	303	B054968
B083369	ENSG00000152767	NNC	199	B083369
B066710	ENSG00000135686	FSM	256	B077226
B047799	ENSG00000135686	NIC	336	B047799
B040215	ENSG00000135686	NNC	377	B040215
B077264	ENSG00000165240	FSM	219	B077264
B032888	ENSG00000165240	NIC	425	B032888
B017476	ENSG00000165240	NNC	578	B017476
B053329	ENSG00000157045	FSM	310	B049402
B065769	ENSG00000157045	NIC	260	B069924
B075007	ENSG00000157045	NNC	227	B081311
B058286	ENSG00000151611	FSM	289	B065728
B073831	ENSG00000151611	NIC	231	B067507
B049325	ENSG00000151611	NNC	329	B049325
B063014	ENSG00000119915	FSM	270	B065342
B087289	ENSG00000119915	NIC	186	B087289
B065342	ENSG00000119915	NNC	262	B065342
B057823	ENSG00000173950	FSM	291	B058059
B062842	ENSG00000173950	NIC	271	B065052
B086143	ENSG00000173950	NNC	190	B086143
B048996	ENSG00000214063	FSM	330	B055870
B066570	ENSG00000214063	NIC	257	B066570
B096911	ENSG00000214063	NNC	155	B096911
B087518	ENSG00000164970	FSM	185	B091023
B108044	ENSG00000164970	NIC	116	B109150
B079987	ENSG00000164970	NNC	210	B091023
B094261	ENSG00000159733	FSM	163	B087262
B062058	ENSG00000159733	NIC	274	B062058
B052399	ENSG00000159733	NNC	315	B052399
B054702	ENSG00000157399	FSM	304	B054702
B095925	ENSG00000157399	NIC	158	B099802
B050222	ENSG00000157399	NNC	325	B050222
B054002	ENSG00000121542	FSM	307	B060962
B079863	ENSG00000121542	NIC	210	B088879
B065835	ENSG00000121542	NNC	260	B065835
B078667	ENSG00000144034	FSM	214	B078667
B074060	ENSG00000144034	NIC	230	B085667
B096240	ENSG00000144034	NNC	157	B100628
B048171	ENSG00000104808	FSM	334	B048171
B076417	ENSG00000104808	NIC	222	B078734
B107562	ENSG00000104808	NNC	118	B107562
B082208	ENSG00000049759	FSM	202	B082725
B054729	ENSG00000049759	NIC	304	B054729
B054383	ENSG00000049759	NNC	306	B054383
B064269	ENSG00000101347	FSM	265	B069839
B058383	ENSG00000101347	NIC	289	B069126
B082696	ENSG00000101347	NNC	201	B082696
B014107	ENSG00000085760	FSM	631	B014107
B044321	ENSG00000085760	NIC	354	B037209
B042495	ENSG00000085760	NNC	364	B037209
B096957	ENSG00000137269	FSM	154	B096957
B047403	ENSG00000137269	NIC	338	B048954
B030480	ENSG00000137269	NNC	443	B030480
B059980	ENSG00000126091	FSM	282	B063496
B045921	ENSG00000126091	NIC	345	B043294
B063970	ENSG00000126091	NNC	267	B069556
B063514	ENSG00000160221	FSM	268	B070740
B095617	ENSG00000160221	NIC	159	B095617
B082390	ENSG00000160221	NNC	202	B078935
B085006	ENSG00000291266	FSM	193	B085005
B095546	ENSG00000291266	NIC	159	B095546
B095393	ENSG00000291266	NNC	160	B095393
B031475	ENSG00000145016	FSM	435	B031475
B063587	ENSG00000145016	NIC	268	B063587
B046649	ENSG00000145016	NNC	342	B046649
B055215	ENSG00000133812	FSM	302	B055215
B020374	ENSG00000133812	NIC	540	B024708
B031047	ENSG00000133812	NNC	439	B031047
B051969	ENSG00000103855	FSM	316	B042821
B092223	ENSG00000103855	NIC	170	B092223
B095995	ENSG00000103855	NNC	158	B095995
B042029	ENSG00000108799	FSM	366	B042029
B061254	ENSG00000108799	NIC	277	B061254
B055595	ENSG00000108799	NNC	301	B055595
B052935	ENSG00000071859	FSM	312	B047154
B052060	ENSG00000071859	NIC	316	B052060
B048960	ENSG00000071859	NNC	331	B047154
B000764	ENSG00000151458	FSM	1429	B001795
B052509	ENSG00000151458	NIC	314	B059631
B016812	ENSG00000151458	NNC	588	B016812
B048584	ENSG00000143319	FSM	332	B044425
B059099	ENSG00000143319	NIC	286	B044425
B094752	ENSG00000143319	NNC	162	B094752
B013490	ENSG00000167114	FSM	643	B017611
B053839	ENSG00000167114	NIC	308	B053839
B085926	ENSG00000167114	NNC	191	B086764
B070015	ENSG00000120647	FSM	244	B070015
B042602	ENSG00000120647	NIC	363	B037308
B079357	ENSG00000120647	NNC	212	B087656
B019017	ENSG00000198742	FSM	556	B023292
B076760	ENSG00000198742	NIC	221	B076760
B055862	ENSG00000198742	NNC	300	B059922
B102057	ENSG00000198843	FSM	137	B102847
B110609	ENSG00000198843	NIC	107	B112943
B086445	ENSG00000198843	NNC	189	B086445
B009795	ENSG00000159267	FSM	726	B009795
B076738	ENSG00000159267	NIC	221	B076738
B045858	ENSG00000159267	NNC	346	B045858
B050527	ENSG00000103021	FSM	323	B046822
B058320	ENSG00000103021	NIC	289	B058320
B064427	ENSG00000103021	NNC	265	B066849
B052447	ENSG00000081721	FSM	314	B056977
B086946	ENSG00000081721	NIC	187	B079791
B072756	ENSG00000081721	NNC	235	B072756
B106748	ENSG00000047578	FSM	120	B106748
B061550	ENSG00000047578	NIC	276	B061550
B087039	ENSG00000047578	NNC	187	B087039
B083428	ENSG00000165821	FSM	198	B083428
B088180	ENSG00000165821	NIC	183	B088180
B042298	ENSG00000165821	NNC	365	B042298
B095746	ENSG00000109083	FSM	158	B103619
B097313	ENSG00000109083	NIC	153	B097313
B100408	ENSG00000109083	NNC	143	B108294
B015886	ENSG00000180530	FSM	602	B010037
B023323	ENSG00000180530	NIC	507	B023323
B040867	ENSG00000180530	NNC	373	B040867
B009140	ENSG00000162378	FSM	744	B012016
B029021	ENSG00000162378	NIC	454	B029021
B062641	ENSG00000162378	NNC	272	B064422
B075749	ENSG00000163412	FSM	224	B075749
B087258	ENSG00000163412	NIC	186	B091787
B100424	ENSG00000163412	NNC	143	B100424
B054218	ENSG00000134508	FSM	306	B054218
B089475	ENSG00000134508	NIC	179	B086724
B052358	ENSG00000134508	NNC	315	B054983
B096931	ENSG00000196155	FSM	154	B096931
B074619	ENSG00000196155	NIC	228	B078220
B046227	ENSG00000196155	NNC	344	B046227
B025440	ENSG00000148358	FSM	486	B019323
B065796	ENSG00000148358	NIC	260	B065796
B056800	ENSG00000148358	NNC	296	B066180
B062459	ENSG00000115461	FSM	272	B062459
B094330	ENSG00000115461	NIC	163	B094330
B079735	ENSG00000115461	NNC	211	B083390
B056869	ENSG00000111142	FSM	295	B056869
B041730	ENSG00000111142	NIC	368	B041730
B084952	ENSG00000111142	NNC	194	B084952
B066991	ENSG00000133142	FSM	255	B074096
B093490	ENSG00000133142	NIC	166	B093490
B111650	ENSG00000133142	NNC	104	B113529
B024517	ENSG00000149480	FSM	495	B017073
B086979	ENSG00000149480	NIC	187	B086979
B053075	ENSG00000149480	NNC	312	B053954
B007645	ENSG00000118503	FSM	790	B011345
B103820	ENSG00000118503	NIC	131	B103820
B033062	ENSG00000118503	NNC	424	B033062
B030007	ENSG00000164221	FSM	446	B030007
B057441	ENSG00000164221	NIC	293	B065225
B052812	ENSG00000164221	NNC	313	B052812
B006952	ENSG00000084710	FSM	817	B007780
B029928	ENSG00000084710	NIC	447	B029928
B106441	ENSG00000084710	NNC	122	B106441
B061948	ENSG00000109680	FSM	274	B061948
B051382	ENSG00000109680	NIC	319	B051382
B051249	ENSG00000109680	NNC	320	B051249
B057589	ENSG00000071282	FSM	292	B057589
B090367	ENSG00000071282	NIC	176	B090367
B073597	ENSG00000071282	NNC	232	B073597
B045137	ENSG00000087206	FSM	349	B045137
B062311	ENSG00000087206	NIC	273	B062311
B034929	ENSG00000087206	NNC	411	B034929
B040465	ENSG00000159346	FSM	375	B053098
B055967	ENSG00000159346	NIC	299	B063070
B065601	ENSG00000159346	NNC	261	B076986
B073976	ENSG00000162426	FSM	230	B080262
B078162	ENSG00000162426	NIC	216	B078162
B023555	ENSG00000162426	NNC	505	B015099
B036209	ENSG00000205302	FSM	402	B042380
B053237	ENSG00000205302	NIC	311	B053237
B067670	ENSG00000205302	NNC	253	B067670
B073997	ENSG00000120992	FSM	230	B083931
B078199	ENSG00000120992	NIC	216	B083931
B085921	ENSG00000120992	NNC	191	B085921
B004663	ENSG00000129219	FSM	922	B004905
B051839	ENSG00000129219	NIC	317	B051839
B080249	ENSG00000129219	NNC	209	B083704
B003720	ENSG00000116584	FSM	985	B005480
B072913	ENSG00000116584	NIC	234	B072913
B051451	ENSG00000116584	NNC	319	B051451
B003056	ENSG00000102763	FSM	1039	B003056
B043566	ENSG00000102763	NIC	358	B043566
B041609	ENSG00000102763	NNC	369	B041609
B032110	ENSG00000162341	FSM	430	B040538
B060607	ENSG00000162341	NIC	280	B060607
B029736	ENSG00000162341	NNC	449	B029736
B007646	ENSG00000136937	FSM	790	B009038
B048636	ENSG00000136937	NIC	332	B058487
B047537	ENSG00000136937	NNC	338	B047537
B022058	ENSG00000284308	FSM	520	B022522
B020295	ENSG00000284308	NIC	541	B022522
B101038	ENSG00000284308	NNC	141	B101038
B039295	ENSG00000064489	FSM	382	B042207
B081071	ENSG00000064489	NIC	206	B086391
B052360	ENSG00000064489	NNC	315	B067080
B049153	ENSG00000214575	FSM	329	B049153
B078151	ENSG00000214575	NIC	216	B078151
B115475	ENSG00000214575	NNC	90	B115475
B073116	ENSG00000154832	FSM	233	B080767
B044991	ENSG00000154832	NIC	350	B044991
B025155	ENSG00000154832	NNC	489	B016301
B057340	ENSG00000163870	FSM	293	B057340
B059373	ENSG00000163870	NIC	285	B059373
B064786	ENSG00000163870	NNC	264	B072656
B071430	ENSG00000099769	FSM	239	B071430
B008133	ENSG00000099769	NIC	774	B014085
B027889	ENSG00000099769	NNC	464	B027889
B042224	ENSG00000176273	FSM	365	B050474
B076464	ENSG00000176273	NIC	222	B076464
B096868	ENSG00000176273	NNC	155	B101873
B101163	ENSG00000145335	FSM	140	B105293
B108316	ENSG00000145335	NIC	115	B109213
B092360	ENSG00000145335	NNC	170	B092360
B072570	ENSG00000076351	FSM	235	B072570
B050951	ENSG00000076351	NIC	321	B050951
B041219	ENSG00000076351	NNC	371	B041219
B053591	ENSG00000140471	FSM	309	B060715
B077869	ENSG00000140471	NIC	217	B077869
B010634	ENSG00000140471	NNC	706	B013769
B063002	ENSG00000204386	FSM	270	B069196
B061061	ENSG00000204386	NIC	278	B069897
B048558	ENSG00000204386	NNC	333	B048558
B005303	ENSG00000122729	FSM	889	B007658
B009934	ENSG00000122729	NIC	723	B007658
B092060	ENSG00000122729	NNC	171	B092060
B041125	ENSG00000138381	FSM	371	B041125
B056972	ENSG00000138381	NIC	295	B054822
B036921	ENSG00000138381	NNC	398	B036921
B020734	ENSG00000135423	FSM	535	B015877
B071171	ENSG00000135423	NIC	240	B071171
B087728	ENSG00000135423	NNC	185	B087728
B040923	ENSG00000120451	FSM	372	B040923
B053594	ENSG00000120451	NIC	309	B053594
B017228	ENSG00000120451	NNC	582	B017228
B053781	ENSG00000106077	FSM	308	B062538
B065739	ENSG00000106077	NIC	260	B065739
B083406	ENSG00000106077	NNC	199	B083406
B028990	ENSG00000226763	FSM	454	B028990
B107431	ENSG00000226763	NIC	118	B107431
B010250	ENSG00000226763	NNC	715	B010250
B057822	ENSG00000181458	FSM	291	B061713
B072716	ENSG00000181458	NIC	235	B072716
B110432	ENSG00000181458	NNC	108	B110432
B058549	ENSG00000123136	FSM	288	B058549
B065212	ENSG00000123136	NIC	262	B076414
B050407	ENSG00000123136	NNC	324	B039494
B076072	ENSG00000162923	FSM	223	B076072
B041919	ENSG00000162923	NIC	367	B029431
B076861	ENSG00000162923	NNC	221	B076861
B071449	ENSG00000100116	FSM	239	B071449
B056434	ENSG00000100116	NIC	297	B056434
B052632	ENSG00000100116	NNC	314	B052632
B070877	ENSG00000175352	FSM	241	B079082
B072172	ENSG00000175352	NIC	237	B079082
B108129	ENSG00000175352	NNC	116	B108129
B047146	ENSG00000122674	FSM	339	B060098
B044682	ENSG00000122674	NIC	352	B037817
B094517	ENSG00000122674	NNC	163	B094517
B109984	ENSG00000135549	FSM	109	B112363
B093201	ENSG00000135549	NIC	167	B093201
B107853	ENSG00000135549	NNC	117	B107853
B067247	ENSG00000206527	FSM	254	B067866
B086947	ENSG00000206527	NIC	187	B086947
B102248	ENSG00000206527	NNC	137	B102248
B089671	ENSG00000162086	FSM	178	B082041
B056661	ENSG00000162086	NIC	296	B055052
B058914	ENSG00000162086	NNC	287	B055052
B079501	ENSG00000116741	FSM	211	B092361
B104663	ENSG00000116741	NIC	128	B104663
B075420	ENSG00000116741	NNC	226	B075420
B030541	ENSG00000125703	FSM	442	B041265
B055470	ENSG00000125703	NIC	301	B068696
B071081	ENSG00000125703	NNC	241	B071081
B007027	ENSG00000163689	FSM	814	B007027
B062263	ENSG00000163689	NIC	273	B062263
B035667	ENSG00000163689	NNC	406	B035667
B042929	ENSG00000026508	FSM	361	B032915
B020772	ENSG00000026508	NIC	535	B020772
B053074	ENSG00000026508	NNC	312	B053074
B106504	ENSG00000143761	FSM	121	B108919
B078752	ENSG00000143761	NIC	214	B083033
B095054	ENSG00000143761	NNC	161	B095054
B064808	ENSG00000166225	FSM	263	B064808
B069486	ENSG00000166225	NIC	246	B069486
B102542	ENSG00000166225	NNC	136	B102542
B010515	ENSG00000198961	FSM	708	B010972
B041008	ENSG00000198961	NIC	372	B041008
B110154	ENSG00000198961	NNC	109	B114043
B018191	ENSG00000135637	FSM	567	B018191
B054786	ENSG00000135637	NIC	304	B054786
B079431	ENSG00000135637	NNC	212	B079431
B094557	ENSG00000197063	FSM	162	B094557
B103794	ENSG00000197063	NIC	131	B094557
B087348	ENSG00000197063	NNC	186	B094557
B063247	ENSG00000130005	FSM	269	B074565
B067291	ENSG00000130005	NIC	254	B067291
B065579	ENSG00000130005	NNC	261	B076583
B047961	ENSG00000133195	FSM	335	B047961
B071196	ENSG00000133195	NIC	240	B082381
B093923	ENSG00000133195	NNC	165	B093923
B038242	ENSG00000105186	FSM	389	B040219
B053186	ENSG00000105186	NIC	311	B053186
B055083	ENSG00000105186	NNC	303	B055083
B059991	ENSG00000109113	FSM	282	B057104
B074318	ENSG00000109113	NIC	229	B074318
B042141	ENSG00000109113	NNC	366	B042141
B016145	ENSG00000142149	FSM	598	B016145
B045373	ENSG00000142149	NIC	348	B045373
B070157	ENSG00000142149	NNC	244	B070157
B060015	ENSG00000198157	FSM	282	B060015
B063653	ENSG00000198157	NIC	268	B060015
B062371	ENSG00000198157	NNC	273	B060015
B037757	ENSG00000105483	FSM	392	B037757
B065214	ENSG00000105483	NIC	262	B071683
B085595	ENSG00000105483	NNC	192	B085595
B050058	ENSG00000118961	FSM	325	B048819
B068103	ENSG00000118961	NIC	251	B068103
B069666	ENSG00000118961	NNC	246	B069666
B023374	ENSG00000134294	FSM	506	B023374
B060985	ENSG00000134294	NIC	278	B060761
B054858	ENSG00000134294	NNC	304	B054858
B048981	ENSG00000114544	FSM	330	B053910
B074116	ENSG00000114544	NIC	230	B074116
B041479	ENSG00000114544	NNC	370	B044173
B057585	ENSG00000144504	FSM	292	B067802
B082565	ENSG00000144504	NIC	201	B082565
B091464	ENSG00000144504	NNC	173	B091464
B051509	ENSG00000182957	FSM	318	B051509
B072334	ENSG00000182957	NIC	236	B072334
B059391	ENSG00000182957	NNC	285	B067631
B064546	ENSG00000132768	FSM	264	B064546
B050721	ENSG00000132768	NIC	322	B050721
B068727	ENSG00000132768	NNC	249	B068727
B099990	ENSG00000083168	FSM	144	B099990
B045418	ENSG00000083168	NIC	348	B053211
B072490	ENSG00000083168	NNC	236	B072490
B028173	ENSG00000120725	FSM	461	B037029
B053621	ENSG00000120725	NIC	309	B062611
B051084	ENSG00000120725	NNC	321	B048702
B077235	ENSG00000171444	FSM	219	B077235
B096150	ENSG00000171444	NIC	157	B096150
B053271	ENSG00000171444	NNC	311	B061172
B094254	ENSG00000157617	FSM	163	B094254
B039476	ENSG00000157617	NIC	381	B039476
B052132	ENSG00000157617	NNC	316	B052132
B050930	ENSG00000197299	FSM	321	B037752
B068698	ENSG00000197299	NIC	249	B068698
B005742	ENSG00000197299	NNC	868	B005742
B088780	ENSG00000175054	FSM	181	B088780
B050996	ENSG00000175054	NIC	321	B050996
B074763	ENSG00000175054	NNC	228	B074763
B033983	ENSG00000174106	FSM	417	B033983
B057206	ENSG00000174106	NIC	294	B065676
B061400	ENSG00000174106	NNC	277	B061400
B049613	ENSG00000115216	FSM	327	B053450
B086393	ENSG00000115216	NIC	189	B090628
B103352	ENSG00000115216	NNC	133	B103352
B047332	ENSG00000184470	FSM	338	B047386
B061512	ENSG00000184470	NIC	276	B061512
B054393	ENSG00000184470	NNC	306	B054393
B063519	ENSG00000031691	FSM	268	B063519
B088514	ENSG00000031691	NIC	182	B088514
B094799	ENSG00000031691	NNC	162	B094799
B003018	ENSG00000176986	FSM	1042	B003129
B062288	ENSG00000176986	NIC	273	B063613
B053976	ENSG00000176986	NNC	308	B053976
B007275	ENSG00000005889	FSM	805	B008931
B058141	ENSG00000005889	NIC	290	B058141
B046890	ENSG00000005889	NNC	341	B037743
B035591	ENSG00000196233	FSM	406	B035591
B064382	ENSG00000196233	NIC	265	B069634
B075060	ENSG00000196233	NNC	227	B075060
B016912	ENSG00000113758	FSM	586	B020875
B039493	ENSG00000113758	NIC	381	B039493
B047526	ENSG00000113758	NNC	338	B047526
B104578	ENSG00000120333	FSM	128	B104578
B100942	ENSG00000120333	NIC	141	B104578
B088372	ENSG00000120333	NNC	183	B088372
B074870	ENSG00000086300	FSM	227	B082502
B098005	ENSG00000086300	NIC	151	B098005
B077507	ENSG00000086300	NNC	219	B077507
B003585	ENSG00000143970	FSM	996	B003585
B073762	ENSG00000143970	NIC	231	B076844
B040556	ENSG00000143970	NNC	375	B040556
B077548	ENSG00000144401	FSM	218	B077548
B099731	ENSG00000144401	NIC	145	B099731
B095944	ENSG00000144401	NNC	158	B103357
B061688	ENSG00000197798	FSM	275	B061688
B048804	ENSG00000197798	NIC	331	B041174
B061347	ENSG00000197798	NNC	277	B061347
B047354	ENSG00000170242	FSM	338	B047354
B054108	ENSG00000170242	NIC	307	B054108
B081624	ENSG00000170242	NNC	205	B093079
B041830	ENSG00000119689	FSM	367	B039393
B063042	ENSG00000119689	NIC	270	B071179
B075000	ENSG00000119689	NNC	227	B085425
B058027	ENSG00000256043	FSM	290	B058027
B085748	ENSG00000256043	NIC	191	B085748
B043233	ENSG00000256043	NNC	360	B043233
B052237	ENSG00000137171	FSM	315	B053945
B042782	ENSG00000137171	NIC	362	B042782
B049093	ENSG00000137171	NNC	330	B049093
B082804	ENSG00000125375	FSM	200	B082804
B106536	ENSG00000125375	NIC	121	B106536
B086422	ENSG00000125375	NNC	189	B082804
B090316	ENSG00000164252	FSM	176	B090316
B036731	ENSG00000164252	NIC	399	B036731
B057498	ENSG00000164252	NNC	293	B057498
B066732	ENSG00000112062	FSM	256	B078704
B088513	ENSG00000112062	NIC	182	B088566
B113788	ENSG00000112062	NNC	96	B113788
B085935	ENSG00000149428	FSM	190	B085935
B088171	ENSG00000149428	NIC	183	B088171
B074196	ENSG00000149428	NNC	230	B081503
B057357	ENSG00000107362	FSM	293	B068239
B085764	ENSG00000107362	NIC	191	B095628
B096607	ENSG00000107362	NNC	156	B098359
B093977	ENSG00000156261	FSM	164	B093977
B052499	ENSG00000156261	NIC	314	B051076
B056513	ENSG00000156261	NNC	297	B051076
B075123	ENSG00000136153	FSM	226	B084424
B061800	ENSG00000136153	NIC	275	B061800
B092731	ENSG00000136153	NNC	169	B092731
B072301	ENSG00000144840	FSM	236	B080271
B076110	ENSG00000144840	NIC	223	B080271
B085844	ENSG00000144840	NNC	191	B085844
B033250	ENSG00000125149	FSM	422	B045200
B087926	ENSG00000125149	NIC	184	B087926
B056818	ENSG00000125149	NNC	296	B056818
B059028	ENSG00000124177	FSM	286	B059028
B052083	ENSG00000124177	NIC	316	B052083
B044736	ENSG00000124177	NNC	352	B044736
B063504	ENSG00000198858	FSM	268	B068735
B063634	ENSG00000198858	NIC	268	B063634
B069929	ENSG00000198858	NNC	245	B083631
B053771	ENSG00000152061	FSM	308	B064453
B054750	ENSG00000152061	NIC	304	B054750
B060874	ENSG00000152061	NNC	279	B064453
B103767	ENSG00000115350	FSM	131	B103767
B101541	ENSG00000115350	NIC	139	B101541
B098644	ENSG00000115350	NNC	149	B098644
B102641	ENSG00000165591	FSM	135	B105910
B049280	ENSG00000165591	NIC	329	B049280
B061649	ENSG00000165591	NNC	276	B061649
B110234	ENSG00000291055	FSM	108	B110234
B048628	ENSG00000291055	NIC	332	B048628
B105622	ENSG00000291055	NNC	125	B105622
B003338	ENSG00000110756	FSM	1015	B004000
B061798	ENSG00000110756	NIC	275	B061798
B107546	ENSG00000110756	NNC	118	B107546
B087157	ENSG00000196547	FSM	186	B087157
B053001	ENSG00000196547	NIC	312	B053001
B054561	ENSG00000196547	NNC	305	B054561
B054222	ENSG00000104825	FSM	306	B069118
B050367	ENSG00000104825	NIC	324	B050367
B046908	ENSG00000104825	NNC	341	B046908
B076040	ENSG00000006744	FSM	223	B076831
B045930	ENSG00000006744	NIC	345	B045930
B037414	ENSG00000006744	NNC	395	B037414
B052911	ENSG00000185008	FSM	312	B052911
B054096	ENSG00000185008	NIC	307	B054096
B035225	ENSG00000185008	NNC	409	B034178
B048992	ENSG00000156017	FSM	330	B035147
B065229	ENSG00000156017	NIC	262	B065229
B112141	ENSG00000156017	NNC	102	B112141
B047119	ENSG00000152749	FSM	339	B038555
B064602	ENSG00000152749	NIC	264	B064602
B065510	ENSG00000152749	NNC	261	B065510
B056125	ENSG00000037042	FSM	298	B056125
B074621	ENSG00000037042	NIC	228	B074621
B038976	ENSG00000037042	NNC	385	B041053
B070883	ENSG00000149554	FSM	241	B070883
B039302	ENSG00000149554	NIC	382	B031522
B052166	ENSG00000149554	NNC	316	B052166
B057132	ENSG00000172977	FSM	294	B071475
B034464	ENSG00000172977	NIC	414	B034464
B054903	ENSG00000172977	NNC	304	B067956
B055638	ENSG00000176014	FSM	300	B056203
B039509	ENSG00000176014	NIC	381	B040788
B111892	ENSG00000176014	NNC	103	B114323
B002664	ENSG00000008083	FSM	1074	B002664
B080478	ENSG00000008083	NIC	208	B083031
B022135	ENSG00000008083	NNC	520	B022135
B070274	ENSG00000196511	FSM	243	B082724
B065791	ENSG00000196511	NIC	260	B051982
B102261	ENSG00000196511	NNC	137	B102579
B034707	ENSG00000107882	FSM	412	B031718
B050757	ENSG00000107882	NIC	322	B050757
B093342	ENSG00000107882	NNC	167	B093342
B056132	ENSG00000118655	FSM	298	B056132
B033169	ENSG00000118655	NIC	423	B033169
B054390	ENSG00000118655	NNC	306	B054390
B069712	ENSG00000257365	FSM	245	B069712
B045566	ENSG00000257365	NIC	347	B037365
B050591	ENSG00000257365	NNC	323	B050591
B072859	ENSG00000155729	FSM	234	B075342
B076735	ENSG00000155729	NIC	221	B076735
B056033	ENSG00000155729	NNC	299	B056033
B093118	ENSG00000206120	FSM	167	B093431
B103544	ENSG00000206120	NIC	132	B103544
B080272	ENSG00000206120	NNC	209	B088929
B060024	ENSG00000072864	FSM	282	B060024
B062045	ENSG00000072864	NIC	274	B064876
B080942	ENSG00000072864	NNC	207	B080942
B055405	ENSG00000159479	FSM	301	B064320
B089392	ENSG00000159479	NIC	179	B089392
B082742	ENSG00000159479	NNC	201	B082742
B049174	ENSG00000114698	FSM	329	B052505
B094997	ENSG00000114698	NIC	161	B095249
B083976	ENSG00000114698	NNC	197	B083976
B087510	ENSG00000124733	FSM	185	B094578
B091013	ENSG00000124733	NIC	174	B091013
B063166	ENSG00000124733	NNC	270	B063166
B053373	ENSG00000164896	FSM	310	B039910
B089187	ENSG00000164896	NIC	180	B089187
B067738	ENSG00000164896	NNC	253	B073893
B058042	ENSG00000189376	FSM	290	B058042
B056209	ENSG00000189376	NIC	298	B051389
B103653	ENSG00000189376	NNC	132	B103653
B055430	ENSG00000185630	FSM	301	B055430
B044493	ENSG00000185630	NIC	353	B056452
B104484	ENSG00000185630	NNC	129	B104484
B064837	ENSG00000143793	FSM	263	B078641
B103823	ENSG00000143793	NIC	131	B110761
B088377	ENSG00000143793	NNC	183	B088377
B105667	ENSG00000163406	FSM	124	B110853
B074648	ENSG00000163406	NIC	228	B074648
B074470	ENSG00000163406	NNC	229	B074470
B090637	ENSG00000092148	FSM	175	B090637
B047592	ENSG00000092148	NIC	337	B047592
B100772	ENSG00000092148	NNC	142	B100772
B037290	ENSG00000111859	FSM	395	B037290
B017817	ENSG00000111859	NIC	573	B017817
B057502	ENSG00000111859	NNC	293	B057502
B002202	ENSG00000139613	FSM	1129	B003586
B045740	ENSG00000139613	NIC	346	B060836
B080000	ENSG00000139613	NNC	210	B080000
B036082	ENSG00000162702	FSM	403	B027525
B027525	ENSG00000162702	NIC	467	B027525
B068757	ENSG00000162702	NNC	249	B068757
B087198	ENSG00000282872	FSM	186	B087198
B096809	ENSG00000282872	NIC	155	B096809
B101679	ENSG00000282872	NNC	139	B107891
B081982	ENSG00000137502	FSM	203	B092529
B114350	ENSG00000137502	NIC	94	B114350
B085519	ENSG00000137502	NNC	192	B092529
B075468	ENSG00000131437	FSM	225	B079249
B013508	ENSG00000131437	NIC	643	B014720
B012382	ENSG00000131437	NNC	667	B014720
B004972	ENSG00000148516	FSM	906	B004972
B062286	ENSG00000148516	NIC	273	B062805
B030648	ENSG00000148516	NNC	442	B030648
B019481	ENSG00000140543	FSM	550	B019481
B053000	ENSG00000140543	NIC	312	B063561
B058217	ENSG00000140543	NNC	290	B060618
B084412	ENSG00000068323	FSM	195	B084757
B050344	ENSG00000068323	NIC	324	B065798
B032605	ENSG00000068323	NNC	427	B032605
B021715	ENSG00000163694	FSM	524	B021318
B021208	ENSG00000163694	NIC	530	B021318
B021318	ENSG00000163694	NNC	529	B021318
B109388	ENSG00000290920	FSM	111	B109388
B066592	ENSG00000290920	NIC	257	B066592
B047684	ENSG00000290920	NNC	337	B047684
B046967	ENSG00000160062	FSM	340	B060808
B032425	ENSG00000160062	NIC	428	B032425
B053932	ENSG00000160062	NNC	308	B053932
B064850	ENSG00000162144	FSM	263	B070585
B060561	ENSG00000162144	NIC	280	B070585
B062971	ENSG00000162144	NNC	271	B062971
B055876	ENSG00000167196	FSM	299	B061831
B039460	ENSG00000167196	NIC	381	B045315
B097781	ENSG00000167196	NNC	152	B097932
B083767	ENSG00000005884	FSM	197	B083767
B047425	ENSG00000005884	NIC	338	B047425
B037373	ENSG00000005884	NNC	395	B037373
B021970	ENSG00000065615	FSM	521	B033157
B075251	ENSG00000065615	NIC	226	B083666
B096325	ENSG00000065615	NNC	157	B096325
B054916	ENSG00000132522	FSM	303	B054567
B083908	ENSG00000132522	NIC	197	B083908
B054567	ENSG00000132522	NNC	305	B054567
B096667	ENSG00000291118	FSM	155	B096667
B103827	ENSG00000291118	NIC	131	B109490
B073028	ENSG00000291118	NNC	234	B073028
B047760	ENSG00000115290	FSM	336	B052963
B044135	ENSG00000115290	NIC	355	B031682
B052630	ENSG00000115290	NNC	314	B052630
B057610	ENSG00000153234	FSM	292	B057610
B103579	ENSG00000153234	NIC	132	B103579
B062887	ENSG00000153234	NNC	271	B071941
B001833	ENSG00000110497	FSM	1179	B003119
B052063	ENSG00000110497	NIC	316	B056310
B056310	ENSG00000110497	NNC	298	B056310
B066195	ENSG00000103245	FSM	258	B073178
B058374	ENSG00000103245	NIC	289	B058374
B053678	ENSG00000103245	NNC	309	B042861
B107942	ENSG00000237190	FSM	116	B111737
B110954	ENSG00000237190	NIC	106	B114860
B093579	ENSG00000237190	NNC	166	B093579
B051111	ENSG00000163093	FSM	320	B051111
B084796	ENSG00000163093	NIC	194	B084796
B063740	ENSG00000163093	NNC	268	B067653
B066742	ENSG00000165672	FSM	256	B067432
B080818	ENSG00000165672	NIC	207	B084013
B113035	ENSG00000165672	NNC	99	B113035
B057590	ENSG00000163714	FSM	292	B057590
B041202	ENSG00000163714	NIC	371	B041202
B067156	ENSG00000163714	NNC	255	B081593
B034704	ENSG00000130707	FSM	412	B037661
B064161	ENSG00000130707	NIC	266	B073675
B109590	ENSG00000130707	NNC	111	B109590
B011625	ENSG00000100991	FSM	683	B012930
B063370	ENSG00000100991	NIC	269	B063370
B053041	ENSG00000100991	NNC	312	B053041
B047327	ENSG00000171606	FSM	338	B047327
B063574	ENSG00000171606	NIC	268	B063574
B069119	ENSG00000171606	NNC	248	B069119
B026699	ENSG00000167925	FSM	474	B028105
B050766	ENSG00000167925	NIC	322	B050766
B036026	ENSG00000167925	NNC	404	B036026
B099100	ENSG00000285756	FSM	147	B099100
B113484	ENSG00000285756	NIC	97	B107681
B096611	ENSG00000285756	NNC	156	B096611
B059048	ENSG00000007372	FSM	286	B063188
B091037	ENSG00000007372	NIC	174	B091037
B048321	ENSG00000007372	NNC	334	B048321
B001300	ENSG00000008294	FSM	1271	B001300
B065477	ENSG00000008294	NIC	261	B065477
B097419	ENSG00000008294	NNC	153	B097419
B073141	ENSG00000077080	FSM	233	B073141
B053871	ENSG00000077080	NIC	308	B053871
B050028	ENSG00000077080	NNC	326	B038536
B085039	ENSG00000112425	FSM	193	B090105
B090105	ENSG00000112425	NIC	177	B090105
B081552	ENSG00000112425	NNC	205	B081552
B037012	ENSG00000131013	FSM	397	B026190
B053625	ENSG00000131013	NIC	309	B053625
B064006	ENSG00000131013	NNC	267	B066454
B059035	ENSG00000124783	FSM	286	B059918
B083593	ENSG00000124783	NIC	198	B083593
B074536	ENSG00000124783	NNC	229	B074536
B095483	ENSG00000116786	FSM	159	B095483
B051589	ENSG00000116786	NIC	318	B042264
B071100	ENSG00000116786	NNC	241	B071100
B058506	ENSG00000139364	FSM	288	B058506
B046304	ENSG00000139364	NIC	343	B046304
B052105	ENSG00000139364	NNC	316	B045840
B107098	ENSG00000213246	FSM	119	B110217
B111196	ENSG00000213246	NIC	105	B111196
B099551	ENSG00000213246	NNC	146	B099551
B094610	ENSG00000183628	FSM	162	B094610
B079065	ENSG00000183628	NIC	213	B079065
B067929	ENSG00000183628	NNC	252	B067929
B107390	ENSG00000132849	FSM	118	B107390
B061312	ENSG00000132849	NIC	277	B061312
B042652	ENSG00000132849	NNC	363	B042652
B113601	ENSG00000160190	FSM	96	B114455
B044645	ENSG00000160190	NIC	352	B044645
B057023	ENSG00000160190	NNC	295	B063684
B047779	ENSG00000198917	FSM	336	B040319
B086972	ENSG00000198917	NIC	187	B097397
B079701	ENSG00000198917	NNC	211	B079701
B079808	ENSG00000110717	FSM	210	B092185
B091656	ENSG00000110717	NIC	172	B092185
B092070	ENSG00000110717	NNC	171	B100208
B054939	ENSG00000164620	FSM	303	B054939
B079576	ENSG00000164620	NIC	211	B079576
B072532	ENSG00000164620	NNC	236	B072532
B106833	ENSG00000166228	FSM	120	B106833
B111512	ENSG00000166228	NIC	104	B111512
B102537	ENSG00000166228	NNC	136	B106833
B045349	ENSG00000112996	FSM	348	B038233
B063842	ENSG00000112996	NIC	267	B063842
B059226	ENSG00000112996	NNC	286	B059226
B090290	ENSG00000147676	FSM	176	B091486
B105818	ENSG00000147676	NIC	124	B107191
B099320	ENSG00000147676	NNC	147	B099320
B034272	ENSG00000134900	FSM	415	B034272
B066024	ENSG00000134900	NIC	259	B066024
B032441	ENSG00000134900	NNC	428	B032441
B039608	ENSG00000164463	FSM	380	B039608
B049030	ENSG00000164463	NIC	330	B039608
B081853	ENSG00000164463	NNC	204	B081853
B076645	ENSG00000105220	FSM	221	B076645
B050156	ENSG00000105220	NIC	325	B050156
B083013	ENSG00000105220	NNC	200	B083013
B065373	ENSG00000068654	FSM	261	B065373
B061561	ENSG00000068654	NIC	276	B072255
B041472	ENSG00000068654	NNC	370	B038982
B088134	ENSG00000122565	FSM	183	B088134
B108328	ENSG00000122565	NIC	115	B110101
B102854	ENSG00000122565	NNC	135	B102854
B052205	ENSG00000127328	FSM	315	B052205
B045775	ENSG00000127328	NIC	346	B038277
B090188	ENSG00000127328	NNC	177	B091146
B077811	ENSG00000172379	FSM	217	B077811
B091602	ENSG00000172379	NIC	172	B092979
B056996	ENSG00000172379	NNC	295	B049671
B059782	ENSG00000108510	FSM	283	B063501
B052320	ENSG00000108510	NIC	315	B052320
B055772	ENSG00000108510	NNC	300	B055772
B076685	ENSG00000171862	FSM	221	B083142
B063124	ENSG00000171862	NIC	270	B063124
B036158	ENSG00000171862	NNC	403	B036158
B058009	ENSG00000129515	FSM	290	B059288
B041537	ENSG00000129515	NIC	369	B038362
B037052	ENSG00000129515	NNC	397	B038362
B009319	ENSG00000122779	FSM	739	B009319
B103875	ENSG00000122779	NIC	131	B110355
B034763	ENSG00000122779	NNC	412	B034763
B111374	ENSG00000108559	FSM	104	B111374
B065142	ENSG00000108559	NIC	262	B070610
B019901	ENSG00000108559	NNC	546	B015370
B076052	ENSG00000249915	FSM	223	B086450
B081735	ENSG00000249915	NIC	204	B082312
B096256	ENSG00000249915	NNC	157	B096256
B033841	ENSG00000133138	FSM	418	B033850
B017205	ENSG00000133138	NIC	582	B017205
B068241	ENSG00000133138	NNC	251	B068241
B079201	ENSG00000119720	FSM	212	B091823
B004482	ENSG00000119720	NIC	933	B002566
B023635	ENSG00000119720	NNC	504	B023635
B035123	ENSG00000187607	FSM	409	B027165
B092871	ENSG00000187607	NIC	168	B092871
B096520	ENSG00000187607	NNC	156	B096520
B032657	ENSG00000213047	FSM	426	B032657
B047194	ENSG00000213047	NIC	339	B047194
B067159	ENSG00000213047	NNC	255	B075578
B058017	ENSG00000116035	FSM	290	B058017
B077009	ENSG00000116035	NIC	220	B079305
B044872	ENSG00000116035	NNC	351	B044872
B038669	ENSG00000162066	FSM	386	B040491
B091283	ENSG00000162066	NIC	173	B091283
B069589	ENSG00000162066	NNC	246	B079422
B069165	ENSG00000173575	FSM	247	B078092
B041883	ENSG00000173575	NIC	367	B041930
B064425	ENSG00000173575	NNC	265	B064425
B062225	ENSG00000136877	FSM	273	B062225
B072114	ENSG00000136877	NIC	237	B072114
B085324	ENSG00000136877	NNC	193	B085324
B018751	ENSG00000159259	FSM	559	B034345
B060530	ENSG00000159259	NIC	280	B060530
B057991	ENSG00000159259	NNC	291	B057991
B060224	ENSG00000169016	FSM	281	B069664
B093764	ENSG00000169016	NIC	165	B093764
B058725	ENSG00000169016	NNC	288	B069664
B026179	ENSG00000040341	FSM	479	B026179
B071869	ENSG00000040341	NIC	238	B072161
B025149	ENSG00000040341	NNC	489	B026179
B095735	ENSG00000134717	FSM	158	B098629
B110642	ENSG00000134717	NIC	107	B115706
B100167	ENSG00000134717	NNC	144	B100771
B096671	ENSG00000135002	FSM	155	B100490
B107755	ENSG00000135002	NIC	117	B107755
B107278	ENSG00000135002	NNC	119	B107278
B059242	ENSG00000116885	FSM	285	B059242
B056656	ENSG00000116885	NIC	296	B048200
B081504	ENSG00000116885	NNC	205	B091750
B044441	ENSG00000072135	FSM	353	B058328
B093769	ENSG00000072135	NIC	165	B101401
B092035	ENSG00000072135	NNC	171	B101401
B018527	ENSG00000151491	FSM	562	B018527
B009209	ENSG00000151491	NIC	742	B009209
B050392	ENSG00000151491	NNC	324	B050392
B094608	ENSG00000115687	FSM	162	B098598
B050734	ENSG00000115687	NIC	322	B061264
B070499	ENSG00000115687	NNC	243	B075287
B100877	ENSG00000079387	FSM	141	B100877
B059790	ENSG00000079387	NIC	283	B063088
B024474	ENSG00000079387	NNC	496	B024474
B060014	ENSG00000130717	FSM	282	B078076
B078510	ENSG00000130717	NIC	215	B085471
B067427	ENSG00000130717	NNC	254	B078076
B038999	ENSG00000157837	FSM	384	B041042
B058562	ENSG00000157837	NIC	288	B073170
B110677	ENSG00000157837	NNC	107	B110677
B019855	ENSG00000082212	FSM	546	B015764
B043936	ENSG00000082212	NIC	356	B043936
B101034	ENSG00000082212	NNC	141	B101034
B049855	ENSG00000159147	FSM	326	B061110
B051621	ENSG00000159147	NIC	318	B061619
B082698	ENSG00000159147	NNC	201	B082698
B024885	ENSG00000254087	FSM	491	B024885
B043924	ENSG00000254087	NIC	356	B043924
B054365	ENSG00000254087	NNC	306	B054365
B060966	ENSG00000056972	FSM	278	B046882
B020206	ENSG00000056972	NIC	542	B020206
B091481	ENSG00000056972	NNC	173	B091481
B040926	ENSG00000185344	FSM	372	B055728
B012365	ENSG00000185344	NIC	667	B008943
B065299	ENSG00000185344	NNC	262	B065299
B056151	ENSG00000165629	FSM	298	B068446
B079077	ENSG00000165629	NIC	213	B079077
B056857	ENSG00000165629	NNC	296	B068446
B037786	ENSG00000140092	FSM	392	B035483
B076712	ENSG00000140092	NIC	221	B076712
B108136	ENSG00000140092	NNC	116	B108136
B052228	ENSG00000089195	FSM	315	B057940
B071207	ENSG00000089195	NIC	240	B074635
B075994	ENSG00000089195	NNC	224	B076526
B059737	ENSG00000116863	FSM	283	B066897
B072887	ENSG00000116863	NIC	234	B072887
B048671	ENSG00000116863	NNC	332	B048671
B049850	ENSG00000162694	FSM	326	B052713
B094325	ENSG00000162694	NIC	163	B095514
B083065	ENSG00000162694	NNC	200	B083065
B102623	ENSG00000133398	FSM	135	B110235
B110902	ENSG00000133398	NIC	106	B110902
B097137	ENSG00000133398	NNC	154	B097137
B067253	ENSG00000086589	FSM	254	B067253
B059339	ENSG00000086589	NIC	285	B059339
B071913	ENSG00000086589	NNC	238	B071913
B042408	ENSG00000248098	FSM	364	B047675
B044637	ENSG00000248098	NIC	352	B040362
B054875	ENSG00000248098	NNC	304	B047675
B052889	ENSG00000102871	FSM	312	B067759
B046312	ENSG00000102871	NIC	343	B046312
B048684	ENSG00000102871	NNC	332	B063666
B067502	ENSG00000160714	FSM	253	B067502
B055742	ENSG00000160714	NIC	300	B055742
B065591	ENSG00000160714	NNC	261	B065591
B065930	ENSG00000174306	FSM	259	B066824
B052284	ENSG00000174306	NIC	315	B052284
B044703	ENSG00000174306	NNC	352	B044703
B085950	ENSG00000011304	FSM	190	B081800
B053648	ENSG00000011304	NIC	309	B053648
B079661	ENSG00000011304	NNC	211	B079661
B019223	ENSG00000180488	FSM	553	B020381
B074107	ENSG00000180488	NIC	230	B074107
B047282	ENSG00000180488	NNC	339	B047282
B078695	ENSG00000075856	FSM	214	B078695
B064600	ENSG00000075856	NIC	264	B068363
B107550	ENSG00000075856	NNC	118	B107550
B045144	ENSG00000166135	FSM	349	B052342
B091079	ENSG00000166135	NIC	174	B091079
B056863	ENSG00000166135	NNC	296	B070579
B039039	ENSG00000106692	FSM	384	B032117
B062281	ENSG00000106692	NIC	273	B062281
B061684	ENSG00000106692	NNC	276	B061684
B098416	ENSG00000061936	FSM	149	B100266
B060811	ENSG00000061936	NIC	279	B060811
B051869	ENSG00000061936	NNC	317	B051869
B010108	ENSG00000002822	FSM	718	B012160
B043586	ENSG00000002822	NIC	358	B048751
B053916	ENSG00000002822	NNC	308	B053916
B052441	ENSG00000152076	FSM	314	B043223
B068425	ENSG00000152076	NIC	250	B074061
B053734	ENSG00000152076	NNC	309	B043223
B015999	ENSG00000102996	FSM	600	B015999
B031628	ENSG00000102996	NIC	434	B031628
B064757	ENSG00000102996	NNC	264	B064757
B055431	ENSG00000152795	FSM	301	B050460
B062846	ENSG00000152795	NIC	271	B070069
B068756	ENSG00000152795	NNC	249	B068756
B097834	ENSG00000064199	FSM	151	B106285
B114242	ENSG00000064199	NIC	94	B114242
B110725	ENSG00000064199	NNC	107	B110726
B005208	ENSG00000013364	FSM	893	B008055
B039995	ENSG00000013364	NIC	378	B039995
B018106	ENSG00000013364	NNC	569	B025325
B058011	ENSG00000129244	FSM	290	B069237
B055996	ENSG00000129244	NIC	299	B069237
B047666	ENSG00000129244	NNC	337	B047666
B035924	ENSG00000121774	FSM	404	B038631
B053876	ENSG00000121774	NIC	308	B053876
B063230	ENSG00000121774	NNC	270	B063230
B078123	ENSG00000133612	FSM	216	B078123
B063333	ENSG00000133612	NIC	269	B078123
B056581	ENSG00000133612	NNC	297	B056581
B099042	ENSG00000275778	FSM	147	B099042
B098500	ENSG00000275778	NIC	149	B098500
B073566	ENSG00000275778	NNC	232	B073566
B044276	ENSG00000165915	FSM	354	B049596
B067872	ENSG00000165915	NIC	252	B074686
B109086	ENSG00000165915	NNC	113	B109086
B070292	ENSG00000118412	FSM	243	B083819
B100085	ENSG00000118412	NIC	144	B101059
B083982	ENSG00000118412	NNC	197	B083982
B028167	ENSG00000073169	FSM	461	B028167
B042113	ENSG00000073169	NIC	366	B044200
B087365	ENSG00000073169	NNC	186	B094701
B060021	ENSG00000175634	FSM	282	B060021
B049737	ENSG00000175634	NIC	327	B049737
B066893	ENSG00000175634	NNC	256	B066893
B056874	ENSG00000149922	FSM	295	B059883
B074906	ENSG00000149922	NIC	227	B074906
B059883	ENSG00000149922	NNC	283	B059883
B048602	ENSG00000107960	FSM	332	B049565
B065758	ENSG00000107960	NIC	260	B065758
B049565	ENSG00000107960	NNC	328	B049565
B079496	ENSG00000099910	FSM	211	B079496
B049055	ENSG00000099910	NIC	330	B049055
B052856	ENSG00000099910	NNC	313	B052856
B096950	ENSG00000145247	FSM	154	B096950
B112087	ENSG00000145247	NIC	102	B114751
B105620	ENSG00000145247	NNC	125	B105620
B026601	ENSG00000146433	FSM	475	B026601
B059147	ENSG00000146433	NIC	286	B072670
B092770	ENSG00000146433	NNC	169	B092770
B096650	ENSG00000063245	FSM	155	B104826
B046783	ENSG00000063245	NIC	341	B046783
B023177	ENSG00000063245	NNC	509	B019485
B098180	ENSG00000291153	FSM	150	B099520
B088238	ENSG00000291153	NIC	183	B093527
B081604	ENSG00000291153	NNC	205	B081604
B054211	ENSG00000100604	FSM	306	B042136
B073458	ENSG00000100604	NIC	232	B073458
B042819	ENSG00000100604	NNC	362	B042136
B041301	ENSG00000035664	FSM	370	B041301
B052024	ENSG00000035664	NIC	316	B055230
B057234	ENSG00000035664	NNC	294	B057234
B041324	ENSG00000123684	FSM	370	B047527
B066286	ENSG00000123684	NIC	258	B066286
B064524	ENSG00000123684	NNC	265	B064524
B026839	ENSG00000090054	FSM	473	B030725
B060320	ENSG00000090054	NIC	281	B060320
B062666	ENSG00000090054	NNC	272	B062666
B099646	ENSG00000173726	FSM	145	B099646
B112094	ENSG00000173726	NIC	102	B112094
B107585	ENSG00000173726	NNC	118	B107585
B016917	ENSG00000148584	FSM	586	B021318
B054769	ENSG00000148584	NIC	304	B054769
B055166	ENSG00000148584	NNC	303	B055166
B022943	ENSG00000111834	FSM	511	B022943
B058601	ENSG00000111834	NIC	288	B068966
B052371	ENSG00000111834	NNC	315	B052371
B104004	ENSG00000178607	FSM	130	B104004
B050318	ENSG00000178607	NIC	324	B050318
B054619	ENSG00000178607	NNC	305	B054619
B002312	ENSG00000120278	FSM	1115	B002312
B079582	ENSG00000120278	NIC	211	B079582
B059437	ENSG00000120278	NNC	285	B063170
B055890	ENSG00000126457	FSM	299	B055890
B044996	ENSG00000126457	NIC	350	B045628
B080562	ENSG00000126457	NNC	208	B086994
B057114	ENSG00000172062	FSM	294	B065168
B113714	ENSG00000172062	NIC	96	B113714
B105862	ENSG00000172062	NNC	124	B105862
B073153	ENSG00000006118	FSM	233	B073153
B039855	ENSG00000006118	NIC	379	B045480
B047276	ENSG00000006118	NNC	339	B047276
B080109	ENSG00000133401	FSM	209	B090816
B039071	ENSG00000133401	NIC	384	B039071
B076307	ENSG00000133401	NNC	223	B084811
B099671	ENSG00000130758	FSM	145	B099671
B094324	ENSG00000130758	NIC	163	B094324
B052578	ENSG00000130758	NNC	314	B052578
B092789	ENSG00000183283	FSM	168	B098309
B087552	ENSG00000183283	NIC	185	B087552
B096875	ENSG00000183283	NNC	155	B096875
B081033	ENSG00000006451	FSM	206	B081015
B075585	ENSG00000006451	NIC	225	B075585
B081911	ENSG00000006451	NNC	204	B081911
B031329	ENSG00000030582	FSM	436	B031329
B018342	ENSG00000030582	NIC	565	B018342
B037203	ENSG00000030582	NNC	396	B031329
B044936	ENSG00000116151	FSM	350	B049917
B081374	ENSG00000116151	NIC	205	B088793
B081568	ENSG00000116151	NNC	205	B089099
B057568	ENSG00000137806	FSM	292	B065358
B064391	ENSG00000137806	NIC	265	B064391
B096220	ENSG00000137806	NNC	157	B096220
B070270	ENSG00000135587	FSM	243	B080584
B059376	ENSG00000135587	NIC	285	B059376
B051669	ENSG00000135587	NNC	318	B042290
B083789	ENSG00000112812	FSM	197	B094798
B090055	ENSG00000112812	NIC	177	B098548
B059475	ENSG00000112812	NNC	285	B059475
B111736	ENSG00000250802	FSM	103	B114613
B112088	ENSG00000250802	NIC	102	B114613
B102572	ENSG00000250802	NNC	136	B102572
B021185	ENSG00000115486	FSM	530	B020925
B057867	ENSG00000115486	NIC	291	B058381
B089226	ENSG00000115486	NNC	180	B089226
B044226	ENSG00000174197	FSM	354	B044226
B021734	ENSG00000174197	NIC	524	B021734
B034524	ENSG00000174197	NNC	414	B034524
B024413	ENSG00000107758	FSM	496	B024413
B074367	ENSG00000107758	NIC	229	B074367
B065900	ENSG00000107758	NNC	260	B066125
B060732	ENSG00000163754	FSM	279	B068492
B058889	ENSG00000163754	NIC	287	B058889
B086806	ENSG00000163754	NNC	188	B086806
B020821	ENSG00000133424	FSM	534	B020636
B032880	ENSG00000133424	NIC	425	B032880
B057486	ENSG00000133424	NNC	293	B057486
B036205	ENSG00000167785	FSM	402	B048818
B048818	ENSG00000167785	NIC	331	B048818
B089848	ENSG00000167785	NNC	178	B100411
B006362	ENSG00000157426	FSM	841	B006362
B031508	ENSG00000157426	NIC	435	B031508
B065001	ENSG00000157426	NNC	263	B065001
B061974	ENSG00000180998	FSM	274	B066192
B047421	ENSG00000180998	NIC	338	B047421
B085526	ENSG00000180998	NNC	192	B086423
B050080	ENSG00000179091	FSM	325	B064041
B058104	ENSG00000179091	NIC	290	B067584
B043843	ENSG00000179091	NNC	357	B043843
B046266	ENSG00000142039	FSM	343	B060911
B061004	ENSG00000142039	NIC	278	B060911
B053730	ENSG00000142039	NNC	309	B053730
B002650	ENSG00000013503	FSM	1075	B003692
B101219	ENSG00000013503	NIC	140	B101219
B055292	ENSG00000013503	NNC	302	B055292
B057803	ENSG00000166783	FSM	291	B057803
B080122	ENSG00000166783	NIC	209	B080510
B024031	ENSG00000166783	NNC	500	B024031
B057838	ENSG00000165406	FSM	291	B062074
B082609	ENSG00000165406	NIC	201	B082609
B083354	ENSG00000165406	NNC	199	B083354
B039422	ENSG00000166165	FSM	381	B040334
B052999	ENSG00000166165	NIC	312	B040334
B058460	ENSG00000166165	NNC	289	B058460
B071439	ENSG00000086544	FSM	239	B071439
B079559	ENSG00000086544	NIC	211	B079559
B054816	ENSG00000086544	NNC	304	B054816
B053981	ENSG00000133106	FSM	307	B061746
B097610	ENSG00000133106	NIC	152	B097610
B069581	ENSG00000133106	NNC	246	B069581
B048784	ENSG00000170234	FSM	331	B055000
B021831	ENSG00000170234	NIC	523	B022069
B072484	ENSG00000170234	NNC	236	B072484
B032239	ENSG00000119899	FSM	429	B032239
B043399	ENSG00000119899	NIC	359	B032239
B056291	ENSG00000119899	NNC	298	B059688
B044938	ENSG00000088451	FSM	350	B056251
B085078	ENSG00000088451	NIC	193	B085078
B082657	ENSG00000088451	NNC	201	B092324
B090314	ENSG00000214021	FSM	176	B090314
B067892	ENSG00000214021	NIC	252	B067892
B085842	ENSG00000214021	NNC	191	B089924
B053590	ENSG00000136104	FSM	309	B067125
B104130	ENSG00000136104	NIC	130	B104130
B054376	ENSG00000136104	NNC	306	B067125
B040145	ENSG00000047849	FSM	377	B040145
B002336	ENSG00000047849	NIC	1113	B004355
B004355	ENSG00000047849	NNC	941	B004355
B078680	ENSG00000158806	FSM	214	B086518
B090108	ENSG00000158806	NIC	177	B090108
B112455	ENSG00000158806	NNC	101	B112455
B091874	ENSG00000147121	FSM	171	B093401
B113191	ENSG00000147121	NIC	98	B113191
B082463	ENSG00000147121	NNC	202	B093401
B111655	ENSG00000066084	FSM	103	B111655
B053169	ENSG00000066084	NIC	311	B051843
B103392	ENSG00000066084	NNC	133	B103392
B005968	ENSG00000160633	FSM	858	B006240
B006240	ENSG00000160633	NIC	847	B006240
B047091	ENSG00000160633	NNC	340	B047091
B056620	ENSG00000160688	FSM	296	B057106
B043758	ENSG00000160688	NIC	357	B043311
B045633	ENSG00000160688	NNC	347	B051113
B066978	ENSG00000132879	FSM	255	B073074
B104082	ENSG00000132879	NIC	130	B104082
B043838	ENSG00000132879	NNC	357	B043838
B070886	ENSG00000154027	FSM	241	B070886
B024214	ENSG00000154027	NIC	498	B024214
B088361	ENSG00000154027	NNC	183	B088361
B050883	ENSG00000248905	FSM	321	B050883
B047171	ENSG00000248905	NIC	339	B047171
B113765	ENSG00000248905	NNC	96	B113765
B025521	ENSG00000115295	FSM	485	B025926
B072636	ENSG00000115295	NIC	235	B072636
B055779	ENSG00000115295	NNC	300	B055779
B015020	ENSG00000176293	FSM	616	B015310
B026218	ENSG00000176293	NIC	479	B029717
B074217	ENSG00000176293	NNC	230	B074217
B056152	ENSG00000169100	FSM	298	B070468
B113189	ENSG00000169100	NIC	98	B113189
B087466	ENSG00000169100	NNC	186	B097522
B028065	ENSG00000152779	FSM	462	B022457
B060557	ENSG00000152779	NIC	280	B060557
B036939	ENSG00000152779	NNC	398	B036939
B021982	ENSG00000125319	FSM	521	B017951
B088483	ENSG00000125319	NIC	182	B088483
B040415	ENSG00000125319	NNC	376	B040415
B103483	ENSG00000149016	FSM	132	B103483
B064129	ENSG00000149016	NIC	266	B064129
B054371	ENSG00000149016	NNC	306	B054371
B007413	ENSG00000145390	FSM	800	B011584
B086695	ENSG00000145390	NIC	188	B086695
B025372	ENSG00000145390	NNC	487	B025372
B052209	ENSG00000215883	FSM	315	B060212
B068694	ENSG00000215883	NIC	249	B068694
B080548	ENSG00000215883	NNC	208	B089206
B089378	ENSG00000135365	FSM	179	B096677
B018356	ENSG00000135365	NIC	565	B018356
B076024	ENSG00000135365	NNC	224	B076024
B094568	ENSG00000114541	FSM	162	B098713
B017801	ENSG00000114541	NIC	573	B013429
B110743	ENSG00000114541	NNC	107	B110743
B089042	ENSG00000197223	FSM	180	B096012
B107481	ENSG00000197223	NIC	118	B111293
B087046	ENSG00000197223	NNC	187	B087046
B056596	ENSG00000167553	FSM	296	B056886
B034442	ENSG00000167553	NIC	414	B040669
B049348	ENSG00000167553	NNC	329	B049348
B034295	ENSG00000165660	FSM	415	B035730
B053213	ENSG00000165660	NIC	311	B053213
B068568	ENSG00000165660	NNC	250	B068568
B062489	ENSG00000243660	FSM	272	B070278
B090389	ENSG00000243660	NIC	176	B090389
B095061	ENSG00000243660	NNC	161	B095061
B015560	ENSG00000166478	FSM	607	B018007
B096472	ENSG00000166478	NIC	156	B096472
B081623	ENSG00000166478	NNC	205	B081623
B050496	ENSG00000197872	FSM	323	B054851
B043533	ENSG00000197872	NIC	358	B043533
B080017	ENSG00000197872	NNC	210	B080017
B088716	ENSG00000073417	FSM	181	B088716
B043181	ENSG00000073417	NIC	360	B029642
B013931	ENSG00000073417	NNC	635	B008906
B072577	ENSG00000149599	FSM	235	B074754
B068109	ENSG00000149599	NIC	251	B068109
B066375	ENSG00000149599	NNC	258	B066375
B066747	ENSG00000108424	FSM	256	B066747
B051200	ENSG00000108424	NIC	320	B063298
B038342	ENSG00000108424	NNC	389	B038342
B066995	ENSG00000142765	FSM	255	B066995
B065197	ENSG00000142765	NIC	262	B065197
B020573	ENSG00000142765	NNC	538	B020573
B041835	ENSG00000040531	FSM	367	B044189
B065976	ENSG00000040531	NIC	259	B076940
B055770	ENSG00000040531	NNC	300	B059402
B081647	ENSG00000133243	FSM	204	B081647
B060818	ENSG00000133243	NIC	279	B060818
B055311	ENSG00000133243	NNC	302	B055311
B036383	ENSG00000100473	FSM	401	B033930
B071177	ENSG00000100473	NIC	240	B077592
B020059	ENSG00000100473	NNC	544	B020059
B096039	ENSG00000100764	FSM	157	B096039
B050356	ENSG00000100764	NIC	324	B041831
B061409	ENSG00000100764	NNC	277	B064479
B113647	ENSG00000090530	FSM	96	B113647
B061566	ENSG00000090530	NIC	276	B061566
B061376	ENSG00000090530	NNC	277	B061376
B091818	ENSG00000183735	FSM	171	B091818
B044805	ENSG00000183735	NIC	351	B044805
B052102	ENSG00000183735	NNC	316	B052102
B036214	ENSG00000064999	FSM	402	B036214
B103872	ENSG00000064999	NIC	131	B103872
B085563	ENSG00000064999	NNC	192	B085563
B036713	ENSG00000148399	FSM	399	B036713
B056737	ENSG00000148399	NIC	296	B056737
B060453	ENSG00000148399	NNC	281	B060453
B089673	ENSG00000038358	FSM	178	B089673
B059807	ENSG00000038358	NIC	283	B073057
B075393	ENSG00000038358	NNC	226	B075393
B005319	ENSG00000164078	FSM	888	B005319
B046604	ENSG00000164078	NIC	342	B046604
B080966	ENSG00000164078	NNC	207	B080966
B002774	ENSG00000056586	FSM	1064	B003456
B022858	ENSG00000056586	NIC	512	B022858
B045076	ENSG00000056586	NNC	350	B045076
B052009	ENSG00000187741	FSM	316	B052009
B080201	ENSG00000187741	NIC	209	B087302
B058223	ENSG00000187741	NNC	290	B058223
B084075	ENSG00000118160	FSM	196	B094004
B051372	ENSG00000118160	NIC	319	B051372
B035841	ENSG00000118160	NNC	405	B035841
B109722	ENSG00000057935	FSM	110	B109722
B061055	ENSG00000057935	NIC	278	B061055
B101399	ENSG00000057935	NNC	140	B101399
B005168	ENSG00000101577	FSM	896	B005275
B065206	ENSG00000101577	NIC	262	B065206
B036282	ENSG00000101577	NNC	402	B036282
B053549	ENSG00000116198	FSM	309	B061407
B055272	ENSG00000116198	NIC	302	B055272
B043954	ENSG00000116198	NNC	356	B043954
B021102	ENSG00000090674	FSM	531	B026782
B066263	ENSG00000090674	NIC	258	B066263
B075013	ENSG00000090674	NNC	227	B077365
B007548	ENSG00000163848	FSM	794	B012360
B012360	ENSG00000163848	NIC	667	B012360
B048744	ENSG00000163848	NNC	332	B048744
B063027	ENSG00000079150	FSM	270	B076353
B091306	ENSG00000079150	NIC	173	B091306
B091777	ENSG00000079150	NNC	172	B091777
B051504	ENSG00000139182	FSM	318	B051504
B066521	ENSG00000139182	NIC	257	B066521
B066609	ENSG00000139182	NNC	257	B066609
B049643	ENSG00000122958	FSM	327	B062671
B061342	ENSG00000122958	NIC	277	B061342
B070240	ENSG00000122958	NNC	244	B070240
B090915	ENSG00000101361	FSM	174	B090915
B072965	ENSG00000101361	NIC	234	B072965
B051882	ENSG00000101361	NNC	317	B051882
B024695	ENSG00000076003	FSM	493	B036236
B057636	ENSG00000076003	NIC	292	B057636
B057015	ENSG00000076003	NNC	295	B057015
B084367	ENSG00000141298	FSM	195	B089677
B071846	ENSG00000141298	NIC	238	B079360
B043012	ENSG00000141298	NNC	361	B043012
B023477	ENSG00000198826	FSM	505	B023477
B009181	ENSG00000198826	NIC	743	B009181
B052783	ENSG00000198826	NNC	313	B052783
B087190	ENSG00000028839	FSM	186	B092713
B099172	ENSG00000028839	NIC	147	B104442
B079983	ENSG00000028839	NNC	210	B092713
B018458	ENSG00000180263	FSM	563	B018458
B003540	ENSG00000180263	NIC	1000	B003540
B103607	ENSG00000180263	NNC	132	B103607
B083484	ENSG00000175348	FSM	198	B094169
B097359	ENSG00000175348	NIC	153	B097359
B086168	ENSG00000175348	NNC	190	B096572
B069452	ENSG00000128245	FSM	246	B071192
B106560	ENSG00000128245	NIC	121	B106560
B075939	ENSG00000128245	NNC	224	B087750
B058793	ENSG00000104361	FSM	287	B062176
B052305	ENSG00000104361	NIC	315	B052305
B089581	ENSG00000104361	NNC	179	B089581
B033553	ENSG00000130830	FSM	420	B033736
B047014	ENSG00000130830	NIC	340	B060893
B087719	ENSG00000130830	NNC	185	B087719
B045709	ENSG00000117335	FSM	346	B047195
B065170	ENSG00000117335	NIC	262	B065170
B046880	ENSG00000117335	NNC	341	B047195
B044947	ENSG00000004142	FSM	350	B049887
B056926	ENSG00000004142	NIC	295	B056926
B079426	ENSG00000004142	NNC	212	B079948
B014628	ENSG00000198909	FSM	622	B014628
B056468	ENSG00000198909	NIC	297	B056468
B069039	ENSG00000198909	NNC	248	B069039
B033418	ENSG00000183780	FSM	421	B033922
B082323	ENSG00000183780	NIC	202	B082323
B085853	ENSG00000183780	NNC	191	B085853
B063259	ENSG00000145332	FSM	269	B067041
B044300	ENSG00000145332	NIC	354	B044300
B051300	ENSG00000145332	NNC	320	B051300
B041133	ENSG00000163435	FSM	371	B048830
B061778	ENSG00000163435	NIC	275	B075841
B058428	ENSG00000163435	NNC	289	B048830
B044789	ENSG00000106415	FSM	351	B044789
B072415	ENSG00000106415	NIC	236	B075472
B078840	ENSG00000106415	NNC	214	B078840
B050933	ENSG00000144354	FSM	321	B036586
B050553	ENSG00000144354	NIC	323	B050553
B070211	ENSG00000144354	NNC	244	B070211
B074603	ENSG00000174886	FSM	228	B074603
B093511	ENSG00000174886	NIC	166	B093511
B105323	ENSG00000174886	NNC	126	B105323
B074885	ENSG00000134874	FSM	227	B074885
B059793	ENSG00000134874	NIC	283	B065962
B051427	ENSG00000134874	NNC	319	B051427
B052215	ENSG00000006695	FSM	315	B052215
B053389	ENSG00000006695	NIC	310	B066767
B038975	ENSG00000006695	NNC	385	B038975
B075753	ENSG00000213523	FSM	224	B076546
B094342	ENSG00000213523	NIC	163	B095859
B095094	ENSG00000213523	NNC	161	B095094
B040616	ENSG00000159322	FSM	374	B044487
B043719	ENSG00000159322	NIC	357	B043719
B052785	ENSG00000159322	NNC	313	B052785
B019161	ENSG00000214367	FSM	554	B022312
B052506	ENSG00000214367	NIC	314	B052506
B046650	ENSG00000214367	NNC	342	B046650
B061728	ENSG00000167112	FSM	275	B074879
B054312	ENSG00000167112	NIC	306	B054312
B065611	ENSG00000167112	NNC	261	B076018
B075136	ENSG00000177917	FSM	226	B087357
B099728	ENSG00000177917	NIC	145	B101833
B084267	ENSG00000177917	NNC	196	B087357
B105390	ENSG00000150753	FSM	125	B105390
B060344	ENSG00000150753	NIC	281	B070956
B076540	ENSG00000150753	NNC	222	B076540
B016449	ENSG00000143614	FSM	593	B023668
B054741	ENSG00000143614	NIC	304	B054741
B076532	ENSG00000143614	NNC	222	B076532
B047567	ENSG00000169220	FSM	337	B047567
B045761	ENSG00000169220	NIC	346	B034423
B032906	ENSG00000169220	NNC	425	B025374
B050715	ENSG00000117724	FSM	322	B050715
B048658	ENSG00000117724	NIC	332	B048658
B022822	ENSG00000117724	NNC	513	B023921
B056597	ENSG00000123384	FSM	296	B057563
B058068	ENSG00000123384	NIC	290	B058068
B057758	ENSG00000123384	NNC	292	B057758
B070248	ENSG00000139597	FSM	243	B077970
B078772	ENSG00000139597	NIC	214	B078772
B087031	ENSG00000139597	NNC	187	B087031
B031460	ENSG00000281991	FSM	435	B031460
B096709	ENSG00000281991	NIC	155	B096709
B071381	ENSG00000281991	NNC	240	B071381
B060244	ENSG00000138835	FSM	281	B060244
B084186	ENSG00000138835	NIC	196	B084186
B042372	ENSG00000138835	NNC	365	B042372
B051787	ENSG00000137509	FSM	317	B041491
B048075	ENSG00000137509	NIC	335	B037996
B067114	ENSG00000137509	NNC	255	B067114
B092787	ENSG00000182934	FSM	168	B092787
B072888	ENSG00000182934	NIC	234	B075786
B062076	ENSG00000182934	NNC	274	B068188
B055194	ENSG00000114491	FSM	302	B055194
B051623	ENSG00000114491	NIC	318	B051623
B032936	ENSG00000114491	NNC	425	B026072
B040473	ENSG00000164850	FSM	375	B040473
B111234	ENSG00000164850	NIC	105	B111234
B059438	ENSG00000164850	NNC	285	B059438
B049001	ENSG00000162032	FSM	330	B049001
B063814	ENSG00000162032	NIC	267	B063814
B077469	ENSG00000162032	NNC	219	B082891
B084397	ENSG00000113597	FSM	195	B084397
B057183	ENSG00000113597	NIC	294	B057183
B077734	ENSG00000113597	NNC	218	B077734
B062690	ENSG00000130734	FSM	271	B062690
B078160	ENSG00000130734	NIC	216	B078160
B051022	ENSG00000130734	NNC	321	B051022
B004129	ENSG00000147912	FSM	956	B006305
B054543	ENSG00000147912	NIC	305	B054543
B046438	ENSG00000147912	NNC	343	B046438
B014706	ENSG00000114416	FSM	621	B022820
B072147	ENSG00000114416	NIC	237	B082075
B022820	ENSG00000114416	NNC	513	B022820
B063771	ENSG00000131467	FSM	267	B073699
B081130	ENSG00000131467	NIC	206	B081130
B066362	ENSG00000131467	NNC	258	B073699
B052000	ENSG00000165322	FSM	316	B058140
B113446	ENSG00000165322	NIC	97	B113446
B068769	ENSG00000165322	NNC	249	B072783
B105083	ENSG00000135424	FSM	126	B105083
B011348	ENSG00000135424	NIC	689	B011348
B040705	ENSG00000135424	NNC	374	B040705
B088717	ENSG00000172183	FSM	181	B094837
B092542	ENSG00000172183	NIC	169	B092542
B090448	ENSG00000172183	NNC	176	B090448
B057798	ENSG00000127720	FSM	291	B068841
B055936	ENSG00000127720	NIC	299	B055936
B029191	ENSG00000127720	NNC	453	B022462
B070545	ENSG00000167447	FSM	242	B070545
B071492	ENSG00000167447	NIC	239	B071492
B055135	ENSG00000167447	NNC	303	B055135
B012765	ENSG00000003989	FSM	658	B014230
B060351	ENSG00000003989	NIC	281	B073029
B041285	ENSG00000003989	NNC	371	B041285
B100560	ENSG00000286264	FSM	142	B105822
B114014	ENSG00000286264	NIC	95	B114014
B104535	ENSG00000286264	NNC	129	B104535
B054924	ENSG00000239779	FSM	303	B069347
B056186	ENSG00000239779	NIC	298	B069347
B090535	ENSG00000239779	NNC	176	B090535
B046073	ENSG00000260916	FSM	344	B046073
B060992	ENSG00000260916	NIC	278	B067546
B084557	ENSG00000260916	NNC	195	B084557
B033120	ENSG00000173153	FSM	423	B030860
B060563	ENSG00000173153	NIC	280	B060563
B057084	ENSG00000173153	NNC	295	B057084
B038863	ENSG00000047932	FSM	385	B040913
B081103	ENSG00000047932	NIC	206	B081103
B111645	ENSG00000047932	NNC	104	B111645
B081307	ENSG00000203985	FSM	205	B089205
B097004	ENSG00000203985	NIC	154	B098221
B103899	ENSG00000203985	NNC	131	B103899
B051771	ENSG00000172493	FSM	317	B051771
B041558	ENSG00000172493	NIC	369	B041558
B091474	ENSG00000172493	NNC	173	B091474
B096096	ENSG00000066777	FSM	157	B096096
B066007	ENSG00000066777	NIC	259	B066007
B038621	ENSG00000066777	NNC	387	B038621
B075155	ENSG00000093144	FSM	226	B087947
B087947	ENSG00000093144	NIC	184	B087947
B092712	ENSG00000093144	NNC	169	B101106
B012350	ENSG00000197043	FSM	667	B012350
B082316	ENSG00000197043	NIC	202	B082316
B034213	ENSG00000197043	NNC	416	B034213
B065398	ENSG00000008056	FSM	261	B065555
B049519	ENSG00000008056	NIC	328	B049519
B058006	ENSG00000008056	NNC	291	B065555
B078385	ENSG00000111540	FSM	215	B081507
B104630	ENSG00000111540	NIC	128	B104659
B083687	ENSG00000111540	NNC	198	B085234
B010504	ENSG00000176915	FSM	708	B005594
B033887	ENSG00000176915	NIC	418	B033887
B050232	ENSG00000176915	NNC	325	B050232
B060974	ENSG00000117748	FSM	278	B072226
B098569	ENSG00000117748	NIC	149	B098569
B066891	ENSG00000117748	NNC	256	B072226
B105914	ENSG00000149300	FSM	123	B110404
B110029	ENSG00000149300	NIC	109	B110404
B101685	ENSG00000149300	NNC	139	B101685
B007758	ENSG00000149091	FSM	786	B007758
B044841	ENSG00000149091	NIC	351	B055168
B043846	ENSG00000149091	NNC	357	B040764
B094566	ENSG00000088543	FSM	162	B100642
B104709	ENSG00000088543	NIC	128	B104709
B108159	ENSG00000088543	NNC	116	B108159
B115325	ENSG00000169093	FSM	90	B115325
B029285	ENSG00000169093	NIC	452	B029285
B061439	ENSG00000169093	NNC	277	B061439
B079221	ENSG00000159086	FSM	212	B079221
B053615	ENSG00000159086	NIC	309	B053615
B073316	ENSG00000159086	NNC	233	B073316
B053561	ENSG00000008441	FSM	309	B055081
B044490	ENSG00000008441	NIC	353	B033439
B064705	ENSG00000008441	NNC	264	B064705
B065126	ENSG00000290425	FSM	262	B077182
B083532	ENSG00000290425	NIC	198	B083532
B095711	ENSG00000290425	NNC	159	B095711
B012192	ENSG00000131653	FSM	670	B018508
B032684	ENSG00000131653	NIC	426	B033041
B033041	ENSG00000131653	NNC	424	B033041
B028051	ENSG00000134109	FSM	462	B028051
B064945	ENSG00000134109	NIC	263	B051660
B014541	ENSG00000134109	NNC	624	B017928
B070862	ENSG00000213719	FSM	241	B070229
B083870	ENSG00000213719	NIC	197	B083870
B070229	ENSG00000213719	NNC	244	B070229
B087534	ENSG00000088256	FSM	185	B096130
B055229	ENSG00000088256	NIC	302	B055229
B047671	ENSG00000088256	NNC	337	B055455
B053779	ENSG00000162813	FSM	308	B057073
B061527	ENSG00000162813	NIC	276	B057073
B055860	ENSG00000162813	NNC	300	B057073
B039981	ENSG00000173988	FSM	378	B047661
B097683	ENSG00000173988	NIC	152	B097683
B049569	ENSG00000173988	NNC	328	B047661
B058055	ENSG00000249115	FSM	290	B058055
B046125	ENSG00000249115	NIC	344	B046125
B028476	ENSG00000249115	NNC	459	B018025
B051339	ENSG00000130348	FSM	319	B053868
B065173	ENSG00000130348	NIC	262	B065173
B085255	ENSG00000130348	NNC	193	B085255
B057566	ENSG00000121310	FSM	292	B072178
B069767	ENSG00000121310	NIC	245	B072178
B058911	ENSG00000121310	NNC	287	B058911
B059503	ENSG00000127452	FSM	284	B062202
B057383	ENSG00000127452	NIC	293	B062202
B102555	ENSG00000127452	NNC	136	B102555
B090944	ENSG00000196459	FSM	174	B101186
B090064	ENSG00000196459	NIC	177	B090064
B099284	ENSG00000196459	NNC	147	B101186
B084362	ENSG00000102786	FSM	195	B084362
B055466	ENSG00000102786	NIC	301	B055466
B032895	ENSG00000102786	NNC	425	B036435
B076347	ENSG00000179271	FSM	222	B076347
B093172	ENSG00000179271	NIC	167	B093172
B099872	ENSG00000179271	NNC	145	B099872
B025882	ENSG00000135829	FSM	482	B025882
B055965	ENSG00000135829	NIC	299	B067852
B005334	ENSG00000135829	NNC	888	B005334
B053121	ENSG00000128973	FSM	311	B059617
B072396	ENSG00000128973	NIC	236	B072396
B106699	ENSG00000128973	NNC	121	B106699
B065912	ENSG00000150401	FSM	259	B070120
B072892	ENSG00000150401	NIC	234	B072892
B076823	ENSG00000150401	NNC	221	B091757
B081308	ENSG00000104081	FSM	205	B081308
B065764	ENSG00000104081	NIC	260	B065764
B079715	ENSG00000104081	NNC	211	B079715
B065408	ENSG00000173163	FSM	261	B075348
B105739	ENSG00000173163	NIC	124	B105739
B095407	ENSG00000173163	NNC	160	B096360
B075454	ENSG00000122483	FSM	225	B075454
B047220	ENSG00000122483	NIC	339	B047220
B032769	ENSG00000122483	NNC	426	B032769
B096952	ENSG00000164163	FSM	154	B096952
B060827	ENSG00000164163	NIC	279	B074969
B056093	ENSG00000164163	NNC	299	B045292
B094821	ENSG00000092841	FSM	161	B103143
B101584	ENSG00000092841	NIC	139	B103143
B114949	ENSG00000092841	NNC	92	B114950
B084419	ENSG00000124920	FSM	195	B084419
B002873	ENSG00000124920	NIC	1054	B002873
B056061	ENSG00000124920	NNC	299	B056061
B070561	ENSG00000185619	FSM	242	B084216
B080469	ENSG00000185619	NIC	208	B084216
B093291	ENSG00000185619	NNC	167	B095423
B072303	ENSG00000121879	FSM	236	B072303
B082074	ENSG00000121879	NIC	203	B082074
B046648	ENSG00000121879	NNC	342	B046648
B047964	ENSG00000185813	FSM	335	B047964
B105730	ENSG00000185813	NIC	124	B105730
B099870	ENSG00000185813	NNC	145	B099870
B032496	ENSG00000008405	FSM	427	B032496
B070303	ENSG00000008405	NIC	243	B080116
B056489	ENSG00000008405	NNC	297	B068456
B070016	ENSG00000135655	FSM	244	B078255
B070597	ENSG00000135655	NIC	242	B072990
B053880	ENSG00000135655	NNC	308	B053880
B040123	ENSG00000082146	FSM	377	B043732
B086398	ENSG00000082146	NIC	189	B086398
B058182	ENSG00000082146	NNC	290	B066151
B083446	ENSG00000081026	FSM	198	B083446
B098833	ENSG00000081026	NIC	148	B098833
B073583	ENSG00000081026	NNC	232	B073583
B071142	ENSG00000159445	FSM	240	B075625
B110657	ENSG00000159445	NIC	107	B111484
B089290	ENSG00000159445	NNC	180	B090312
B080378	ENSG00000205517	FSM	208	B066678
B044635	ENSG00000205517	NIC	352	B044635
B069930	ENSG00000205517	NNC	245	B069930
B057096	ENSG00000101558	FSM	294	B069928
B078225	ENSG00000101558	NIC	216	B078225
B100730	ENSG00000101558	NNC	142	B100730
B019004	ENSG00000125686	FSM	556	B021121
B050545	ENSG00000125686	NIC	323	B050545
B034363	ENSG00000125686	NNC	415	B034363
B010234	ENSG00000186185	FSM	715	B010234
B103577	ENSG00000186185	NIC	132	B103577
B006794	ENSG00000186185	NNC	824	B010234
B069465	ENSG00000119139	FSM	246	B069465
B055502	ENSG00000119139	NIC	301	B055502
B044535	ENSG00000119139	NNC	353	B044535
B058291	ENSG00000105939	FSM	289	B058291
B072672	ENSG00000105939	NIC	235	B072672
B041283	ENSG00000105939	NNC	371	B041283
B011623	ENSG00000141456	FSM	683	B016410
B016410	ENSG00000141456	NIC	594	B016410
B030631	ENSG00000141456	NNC	442	B030631
B029751	ENSG00000152990	FSM	448	B029751
B007073	ENSG00000152990	NIC	813	B008364
B065054	ENSG00000152990	NNC	263	B065054
B083430	ENSG00000119616	FSM	198	B089207
B110037	ENSG00000119616	NIC	109	B110037
B089207	ENSG00000119616	NNC	180	B089207
B052886	ENSG00000007376	FSM	312	B060268
B106290	ENSG00000007376	NIC	122	B103716
B070198	ENSG00000007376	NNC	244	B070198
B005346	ENSG00000031003	FSM	887	B005346
B059827	ENSG00000031003	NIC	283	B059827
B061638	ENSG00000031003	NNC	276	B069070
B078444	ENSG00000132749	FSM	215	B082472
B056221	ENSG00000132749	NIC	298	B056221
B029222	ENSG00000132749	NNC	453	B029222
B108869	ENSG00000187391	FSM	113	B108869
B049690	ENSG00000187391	NIC	327	B049690
B037739	ENSG00000187391	NNC	393	B037739
B015333	ENSG00000023228	FSM	611	B015516
B067029	ENSG00000023228	NIC	255	B073541
B088982	ENSG00000023228	NNC	181	B088982
B000760	ENSG00000047188	FSM	1430	B000811
B060544	ENSG00000047188	NIC	280	B060544
B029727	ENSG00000047188	NNC	449	B029727
B102667	ENSG00000062650	FSM	135	B102667
B029657	ENSG00000062650	NIC	449	B029657
B050667	ENSG00000062650	NNC	323	B050667
B088422	ENSG00000166847	FSM	182	B097538
B095605	ENSG00000166847	NIC	159	B104214
B086115	ENSG00000166847	NNC	190	B086115
B029748	ENSG00000143458	FSM	448	B039304
B044324	ENSG00000143458	NIC	354	B039304
B071965	ENSG00000143458	NNC	238	B082763
B058553	ENSG00000015479	FSM	288	B058553
B032572	ENSG00000015479	NIC	427	B032572
B059723	ENSG00000015479	NNC	284	B051895
B012086	ENSG00000065150	FSM	672	B015581
B086671	ENSG00000065150	NIC	188	B086671
B072437	ENSG00000065150	NNC	236	B072437
B075741	ENSG00000159131	FSM	224	B075741
B051205	ENSG00000159131	NIC	320	B066083
B073368	ENSG00000159131	NNC	233	B073368
B057090	ENSG00000100938	FSM	294	B054503
B084768	ENSG00000100938	NIC	194	B087558
B055295	ENSG00000100938	NNC	302	B054503
B067807	ENSG00000143669	FSM	252	B067807
B056009	ENSG00000143669	NIC	299	B056009
B013334	ENSG00000143669	NNC	647	B013451
B046941	ENSG00000140367	FSM	340	B053811
B057373	ENSG00000140367	NIC	293	B053811
B087667	ENSG00000140367	NNC	185	B093042
B044801	ENSG00000214338	FSM	351	B044801
B075583	ENSG00000214338	NIC	225	B075583
B041442	ENSG00000214338	NNC	370	B041442
B051136	ENSG00000166340	FSM	320	B051136
B067067	ENSG00000166340	NIC	255	B067067
B087397	ENSG00000166340	NNC	186	B087397
B017501	ENSG00000101811	FSM	577	B025357
B103563	ENSG00000101811	NIC	132	B103563
B046925	ENSG00000101811	NNC	341	B046925
B057366	ENSG00000165868	FSM	293	B057366
B037977	ENSG00000165868	NIC	391	B036906
B061185	ENSG00000165868	NNC	278	B061185
B075156	ENSG00000106443	FSM	226	B075156
B013368	ENSG00000106443	NIC	646	B019210
B094518	ENSG00000106443	NNC	163	B094518
B050476	ENSG00000134686	FSM	323	B050476
B072331	ENSG00000134686	NIC	236	B084068
B055541	ENSG00000134686	NNC	301	B064998
B019667	ENSG00000176208	FSM	548	B019667
B057379	ENSG00000176208	NIC	293	B057379
B047669	ENSG00000176208	NNC	337	B047669
B048786	ENSG00000274523	FSM	331	B048786
B059595	ENSG00000274523	NIC	284	B059595
B036656	ENSG00000274523	NNC	400	B037172
B088425	ENSG00000198931	FSM	182	B088425
B076783	ENSG00000198931	NIC	221	B077603
B079718	ENSG00000198931	NNC	211	B089034
B062444	ENSG00000133111	FSM	272	B072503
B112640	ENSG00000133111	NIC	100	B112640
B055063	ENSG00000133111	NNC	303	B055063
B077542	ENSG00000168765	FSM	218	B075516
B067303	ENSG00000168765	NIC	254	B067650
B075018	ENSG00000168765	NNC	227	B075516
B073143	ENSG00000106479	FSM	233	B073143
B055495	ENSG00000106479	NIC	301	B055495
B053537	ENSG00000106479	NNC	310	B040067
B058803	ENSG00000188130	FSM	287	B068817
B094396	ENSG00000188130	NIC	163	B094396
B044558	ENSG00000188130	NNC	353	B044558
B085012	ENSG00000105519	FSM	193	B087202
B072136	ENSG00000105519	NIC	237	B072136
B063674	ENSG00000105519	NNC	268	B063674
B088118	ENSG00000100201	FSM	183	B088928
B089755	ENSG00000100201	NIC	178	B089755
B058420	ENSG00000100201	NNC	289	B058420
B050894	ENSG00000079385	FSM	321	B041677
B064888	ENSG00000079385	NIC	263	B064888
B105839	ENSG00000079385	NNC	124	B110595
B046288	ENSG00000165688	FSM	343	B046288
B076456	ENSG00000165688	NIC	222	B076456
B040406	ENSG00000165688	NNC	376	B040406
B094233	ENSG00000140650	FSM	163	B094233
B086926	ENSG00000140650	NIC	187	B073857
B071588	ENSG00000140650	NNC	239	B073857
B021021	ENSG00000107779	FSM	532	B021021
B056483	ENSG00000107779	NIC	297	B068171
B089591	ENSG00000107779	NNC	179	B094814
B068596	ENSG00000143379	FSM	249	B068596
B068945	ENSG00000143379	NIC	248	B070936
B046203	ENSG00000143379	NNC	344	B043654
B055675	ENSG00000166833	FSM	300	B055675
B018349	ENSG00000166833	NIC	565	B010829
B056807	ENSG00000166833	NNC	296	B065560
B025181	ENSG00000082258	FSM	488	B019112
B048822	ENSG00000082258	NIC	331	B048822
B092409	ENSG00000082258	NNC	170	B092409
B033530	ENSG00000137944	FSM	420	B040021
B058878	ENSG00000137944	NIC	287	B058878
B058669	ENSG00000137944	NNC	288	B058669
B059775	ENSG00000067082	FSM	283	B071065
B056700	ENSG00000067082	NIC	296	B056700
B102302	ENSG00000067082	NNC	137	B102302
B067475	ENSG00000064309	FSM	253	B067475
B043753	ENSG00000064309	NIC	357	B043753
B032162	ENSG00000064309	NNC	430	B032162
B072288	ENSG00000151327	FSM	236	B072288
B088798	ENSG00000151327	NIC	181	B088798
B056319	ENSG00000151327	NNC	298	B061884
B106776	ENSG00000168273	FSM	120	B113372
B114849	ENSG00000168273	NIC	92	B114849
B113781	ENSG00000168273	NNC	96	B114849
B017372	ENSG00000117480	FSM	579	B017372
B100003	ENSG00000117480	NIC	144	B104765
B056491	ENSG00000117480	NNC	297	B056491
B054659	ENSG00000092010	FSM	304	B069864
B059797	ENSG00000092010	NIC	283	B069864
B054806	ENSG00000092010	NNC	304	B069864
B113061	ENSG00000151693	FSM	98	B113061
B057631	ENSG00000151693	NIC	292	B057631
B107828	ENSG00000151693	NNC	117	B107828
B043096	ENSG00000068489	FSM	360	B051697
B038590	ENSG00000068489	NIC	387	B038590
B077771	ENSG00000068489	NNC	218	B077771
B036531	ENSG00000062716	FSM	400	B046987
B056230	ENSG00000062716	NIC	298	B056230
B053524	ENSG00000062716	NNC	310	B053524
B042038	ENSG00000109736	FSM	366	B042038
B060788	ENSG00000109736	NIC	279	B065053
B054833	ENSG00000109736	NNC	304	B054833
B050687	ENSG00000183765	FSM	322	B053195
B037835	ENSG00000183765	NIC	392	B037835
B071401	ENSG00000183765	NNC	240	B071401
B021432	ENSG00000136161	FSM	527	B024896
B061310	ENSG00000136161	NIC	277	B051067
B051067	ENSG00000136161	NNC	321	B051067
B071765	ENSG00000119953	FSM	238	B071765
B095593	ENSG00000119953	NIC	159	B095593
B082470	ENSG00000119953	NNC	202	B071765
B064055	ENSG00000165630	FSM	266	B064055
B054764	ENSG00000165630	NIC	304	B052748
B093339	ENSG00000165630	NNC	167	B093339
B056608	ENSG00000183048	FSM	296	B070676
B059810	ENSG00000183048	NIC	283	B070676
B092088	ENSG00000183048	NNC	171	B095027
B056115	ENSG00000167552	FSM	298	B056886
B049707	ENSG00000167552	NIC	327	B040669
B087084	ENSG00000167552	NNC	187	B087084
B017502	ENSG00000056277	FSM	577	B011727
B036134	ENSG00000056277	NIC	403	B040359
B112407	ENSG00000056277	NNC	101	B112407
B016004	ENSG00000121892	FSM	600	B021246
B048064	ENSG00000121892	NIC	335	B048064
B054883	ENSG00000121892	NNC	304	B054883
B025960	ENSG00000188629	FSM	481	B025960
B050953	ENSG00000188629	NIC	321	B050953
B027669	ENSG00000188629	NNC	466	B039053
B092834	ENSG00000002330	FSM	168	B094286
B096211	ENSG00000002330	NIC	157	B096211
B099289	ENSG00000002330	NNC	147	B099289
B093362	ENSG00000033627	FSM	166	B093362
B087232	ENSG00000033627	NIC	186	B087232
B065870	ENSG00000033627	NNC	260	B075395
B062447	ENSG00000032219	FSM	272	B054685
B039627	ENSG00000032219	NIC	380	B039627
B078332	ENSG00000032219	NNC	216	B078332
B100503	ENSG00000197045	FSM	142	B102754
B110035	ENSG00000197045	NIC	109	B111620
B105044	ENSG00000197045	NNC	127	B105044
B034812	ENSG00000243943	FSM	411	B025541
B064340	ENSG00000243943	NIC	265	B066322
B055374	ENSG00000243943	NNC	302	B066322
B064860	ENSG00000166321	FSM	263	B064860
B085513	ENSG00000166321	NIC	192	B085513
B071655	ENSG00000166321	NNC	239	B081616
B055883	ENSG00000005156	FSM	299	B055883
B042243	ENSG00000005156	NIC	365	B042243
B012330	ENSG00000005156	NNC	668	B012330
B046532	ENSG00000127054	FSM	342	B046532
B086056	ENSG00000127054	NIC	190	B094077
B053104	ENSG00000127054	NNC	312	B053104
B064814	ENSG00000186532	FSM	263	B064814
B075502	ENSG00000186532	NIC	225	B075502
B087418	ENSG00000186532	NNC	186	B087418
B108559	ENSG00000113615	FSM	114	B108559
B082025	ENSG00000113615	NIC	203	B082025
B099023	ENSG00000113615	NNC	148	B099023
B067786	ENSG00000002933	FSM	252	B075551
B089780	ENSG00000002933	NIC	178	B089780
B069081	ENSG00000002933	NNC	248	B075551
B057573	ENSG00000070495	FSM	292	B057573
B052486	ENSG00000070495	NIC	314	B052486
B038307	ENSG00000070495	NNC	389	B038307
B065081	ENSG00000074266	FSM	262	B073098
B049061	ENSG00000074266	NIC	330	B053543
B046614	ENSG00000074266	NNC	342	B046614
B003933	ENSG00000068784	FSM	969	B004089
B046127	ENSG00000068784	NIC	344	B046127
B065826	ENSG00000068784	NNC	260	B065826
B076689	ENSG00000129315	FSM	221	B086102
B019500	ENSG00000129315	NIC	550	B019500
B072234	ENSG00000129315	NNC	237	B072234
B049865	ENSG00000130023	FSM	326	B049865
B057446	ENSG00000130023	NIC	293	B068559
B036931	ENSG00000130023	NNC	398	B036931
B037445	ENSG00000010539	FSM	394	B045846
B070104	ENSG00000010539	NIC	244	B080245
B081573	ENSG00000010539	NNC	205	B081573
B014656	ENSG00000126012	FSM	622	B010379
B077696	ENSG00000126012	NIC	218	B077696
B083998	ENSG00000126012	NNC	197	B083998
B060474	ENSG00000132182	FSM	280	B060474
B048062	ENSG00000132182	NIC	335	B049134
B064516	ENSG00000132182	NNC	265	B071096
B015892	ENSG00000095787	FSM	602	B015892
B030740	ENSG00000095787	NIC	441	B030740
B041488	ENSG00000095787	NNC	370	B041488
B109729	ENSG00000094975	FSM	110	B112008
B021113	ENSG00000094975	NIC	531	B021113
B014543	ENSG00000094975	NNC	624	B014543
B066493	ENSG00000186479	FSM	257	B066493
B084170	ENSG00000186479	NIC	196	B084170
B104495	ENSG00000186479	NNC	129	B109298
B072872	ENSG00000106069	FSM	234	B072872
B038896	ENSG00000106069	NIC	385	B034462
B050827	ENSG00000106069	NNC	322	B050827
B040137	ENSG00000122642	FSM	377	B045673
B054505	ENSG00000122642	NIC	305	B054505
B092772	ENSG00000122642	NNC	169	B092772
B052685	ENSG00000102172	FSM	313	B052685
B087613	ENSG00000102172	NIC	185	B087613
B037400	ENSG00000102172	NNC	395	B037400
B089664	ENSG00000111229	FSM	178	B093540
B097064	ENSG00000111229	NIC	154	B097064
B089272	ENSG00000111229	NNC	180	B093540
B081954	ENSG00000114127	FSM	203	B081954
B056437	ENSG00000114127	NIC	297	B056437
B049320	ENSG00000114127	NNC	329	B049320
B094912	ENSG00000106829	FSM	161	B100663
B056013	ENSG00000106829	NIC	299	B070399
B088951	ENSG00000106829	NNC	181	B088551
B064297	ENSG00000102103	FSM	265	B066699
B085134	ENSG00000102103	NIC	193	B095926
B064743	ENSG00000102103	NNC	264	B066699
B056622	ENSG00000172936	FSM	296	B060979
B077019	ENSG00000172936	NIC	220	B077019
B068485	ENSG00000172936	NNC	250	B068485
B099979	ENSG00000291158	FSM	144	B099979
B080217	ENSG00000291158	NIC	209	B091307
B088984	ENSG00000291158	NNC	181	B088984
B078686	ENSG00000125485	FSM	214	B078686
B070131	ENSG00000125485	NIC	244	B070131
B083995	ENSG00000125485	NNC	197	B083995
B100279	ENSG00000147130	FSM	143	B100279
B045611	ENSG00000147130	NIC	347	B045611
B062127	ENSG00000147130	NNC	274	B062127
B080064	ENSG00000174943	FSM	209	B085824
B078219	ENSG00000174943	NIC	216	B078219
B053948	ENSG00000174943	NNC	308	B065139
B051739	ENSG00000149564	FSM	317	B058870
B058558	ENSG00000149564	NIC	288	B069705
B040702	ENSG00000149564	NNC	374	B040702
B037926	ENSG00000130202	FSM	391	B045167
B044104	ENSG00000130202	NIC	355	B044104
B082439	ENSG00000130202	NNC	202	B082439
B054241	ENSG00000177685	FSM	306	B054241
B057200	ENSG00000177685	NIC	294	B057200
B040895	ENSG00000177685	NNC	373	B040895
B059777	ENSG00000159884	FSM	283	B066737
B096801	ENSG00000159884	NIC	155	B103556
B075049	ENSG00000159884	NNC	227	B075049
B074250	ENSG00000169682	FSM	229	B074250
B057861	ENSG00000169682	NIC	291	B063296
B084021	ENSG00000169682	NNC	197	B084021
B060728	ENSG00000163156	FSM	279	B075997
B100637	ENSG00000163156	NIC	142	B102565
B096542	ENSG00000163156	NNC	156	B102242
B021271	ENSG00000173599	FSM	529	B024685
B044861	ENSG00000173599	NIC	351	B044861
B056114	ENSG00000173599	NNC	299	B056114
B094298	ENSG00000071205	FSM	163	B097571
B057908	ENSG00000071205	NIC	291	B057908
B017842	ENSG00000071205	NNC	573	B017842
B056149	ENSG00000188732	FSM	298	B071156
B070351	ENSG00000188732	NIC	243	B070351
B100196	ENSG00000188732	NNC	144	B100196
B060740	ENSG00000162769	FSM	279	B060740
B063115	ENSG00000162769	NIC	270	B063115
B024238	ENSG00000162769	NNC	498	B026750
B078112	ENSG00000163257	FSM	216	B078112
B101553	ENSG00000163257	NIC	139	B101553
B113562	ENSG00000163257	NNC	97	B113562
B041310	ENSG00000072958	FSM	370	B035126
B075809	ENSG00000072958	NIC	224	B080209
B041648	ENSG00000072958	NNC	369	B035126
B074288	ENSG00000122378	FSM	229	B075559
B091033	ENSG00000122378	NIC	174	B094406
B070771	ENSG00000122378	NNC	242	B073904
B098462	ENSG00000147804	FSM	149	B098462
B051180	ENSG00000147804	NIC	320	B051180
B015303	ENSG00000147804	NNC	612	B019260
B039778	ENSG00000152291	FSM	379	B037349
B033027	ENSG00000152291	NIC	424	B033027
B027335	ENSG00000152291	NNC	469	B037349
B057799	ENSG00000185163	FSM	291	B057799
B055729	ENSG00000185163	NIC	300	B055729
B080936	ENSG00000185163	NNC	207	B080936
B004621	ENSG00000112685	FSM	924	B007531
B058892	ENSG00000112685	NIC	287	B058892
B056289	ENSG00000112685	NNC	298	B056289
B084746	ENSG00000159842	FSM	194	B084746
B061498	ENSG00000159842	NIC	276	B061498
B048541	ENSG00000159842	NNC	333	B048541
B040118	ENSG00000213996	FSM	377	B040118
B054733	ENSG00000213996	NIC	304	B058324
B075612	ENSG00000213996	NNC	225	B077669
B042030	ENSG00000171634	FSM	366	B030977
B050988	ENSG00000171634	NIC	321	B050988
B068201	ENSG00000171634	NNC	251	B068201
B067795	ENSG00000126947	FSM	252	B067795
B079030	ENSG00000126947	NIC	213	B079030
B083749	ENSG00000126947	NNC	198	B090179
B085978	ENSG00000030066	FSM	190	B085978
B058115	ENSG00000030066	NIC	290	B058115
B063189	ENSG00000030066	NNC	270	B076881
B051507	ENSG00000033030	FSM	318	B066313
B030844	ENSG00000033030	NIC	440	B030844
B080608	ENSG00000033030	NNC	208	B080608
B071724	ENSG00000155957	FSM	238	B080665
B084837	ENSG00000155957	NIC	194	B084837
B101625	ENSG00000155957	NNC	139	B101625
B043851	ENSG00000196792	FSM	356	B043851
B031382	ENSG00000196792	NIC	436	B024017
B066135	ENSG00000196792	NNC	259	B066135
B033531	ENSG00000130810	FSM	420	B037543
B052323	ENSG00000130810	NIC	315	B058175
B079164	ENSG00000130810	NNC	213	B079164
B033684	ENSG00000153767	FSM	419	B041235
B062563	ENSG00000153767	NIC	272	B062563
B083331	ENSG00000153767	NNC	199	B083331
B064052	ENSG00000085978	FSM	266	B064052
B055278	ENSG00000085978	NIC	302	B055278
B046640	ENSG00000085978	NNC	342	B046640
B093370	ENSG00000168887	FSM	166	B101748
B095842	ENSG00000168887	NIC	158	B096242
B110180	ENSG00000168887	NNC	109	B110180
B053800	ENSG00000168090	FSM	308	B060309
B056448	ENSG00000168090	NIC	297	B060309
B051045	ENSG00000168090	NNC	321	B060309
B086285	ENSG00000100603	FSM	189	B074104
B055681	ENSG00000100603	NIC	300	B055681
B054165	ENSG00000100603	NNC	307	B073853
B078131	ENSG00000172830	FSM	216	B078131
B069818	ENSG00000172830	NIC	245	B069818
B047706	ENSG00000172830	NNC	337	B047706
B044582	ENSG00000213903	FSM	352	B044582
B040150	ENSG00000213903	NIC	377	B044582
B072731	ENSG00000213903	NNC	235	B072731
B081326	ENSG00000138069	FSM	205	B090029
B090031	ENSG00000138069	NIC	177	B099723
B066860	ENSG00000138069	NNC	256	B066860
B056868	ENSG00000183317	FSM	295	B063625
B048805	ENSG00000183317	NIC	331	B048805
B028491	ENSG00000183317	NNC	459	B026291
B053125	ENSG00000116455	FSM	311	B056561
B061762	ENSG00000116455	NIC	275	B061762
B056561	ENSG00000116455	NNC	297	B056561
B032219	ENSG00000140992	FSM	429	B032219
B071787	ENSG00000140992	NIC	238	B079546
B066359	ENSG00000140992	NNC	258	B074905
B078438	ENSG00000025796	FSM	215	B078438
B057655	ENSG00000025796	NIC	292	B060193
B037564	ENSG00000025796	NNC	394	B031448
B044776	ENSG00000130294	FSM	351	B044776
B096495	ENSG00000130294	NIC	156	B096495
B064445	ENSG00000130294	NNC	265	B064445
B053746	ENSG00000111358	FSM	308	B064260
B056223	ENSG00000111358	NIC	298	B064260
B046620	ENSG00000111358	NNC	342	B046620
B013184	ENSG00000135912	FSM	649	B013184
B050771	ENSG00000135912	NIC	322	B045238
B073934	ENSG00000135912	NNC	231	B073934
B111164	ENSG00000106263	FSM	105	B114800
B042966	ENSG00000106263	NIC	361	B051465
B016804	ENSG00000106263	NNC	588	B016804
B107067	ENSG00000284130	FSM	119	B105196
B096140	ENSG00000284130	NIC	157	B096140
B086739	ENSG00000284130	NNC	188	B086739
B072849	ENSG00000205309	FSM	234	B072849
B082344	ENSG00000205309	NIC	202	B082344
B084888	ENSG00000205309	NNC	194	B084888
B063527	ENSG00000165115	FSM	268	B071775
B083885	ENSG00000165115	NIC	197	B083885
B034395	ENSG00000165115	NNC	415	B034395
B047135	ENSG00000159409	FSM	339	B047135
B039310	ENSG00000159409	NIC	382	B027709
B044167	ENSG00000159409	NNC	355	B044167
B058308	ENSG00000071539	FSM	289	B058308
B037329	ENSG00000071539	NIC	395	B037329
B049807	ENSG00000071539	NNC	327	B060736
B053140	ENSG00000145819	FSM	311	B053140
B034457	ENSG00000145819	NIC	414	B034457
B082398	ENSG00000145819	NNC	202	B082398
B111122	ENSG00000130227	FSM	105	B111122
B097347	ENSG00000130227	NIC	153	B097347
B063483	ENSG00000130227	NNC	269	B064284
B059262	ENSG00000186141	FSM	285	B059262
B080458	ENSG00000186141	NIC	208	B081142
B063742	ENSG00000186141	NNC	268	B063742
B095787	ENSG00000197021	FSM	158	B099456
B109537	ENSG00000197021	NIC	111	B109537
B076020	ENSG00000197021	NNC	224	B076020
B053993	ENSG00000239474	FSM	307	B053993
B038724	ENSG00000239474	NIC	386	B038724
B073585	ENSG00000239474	NNC	232	B073585
B069462	ENSG00000135272	FSM	246	B069462
B081438	ENSG00000135272	NIC	205	B085758
B080339	ENSG00000135272	NNC	209	B080339
B060717	ENSG00000205629	FSM	279	B072131
B079840	ENSG00000205629	NIC	210	B089170
B067908	ENSG00000205629	NNC	252	B067908
B051759	ENSG00000064961	FSM	317	B053896
B056232	ENSG00000064961	NIC	298	B056232
B060373	ENSG00000064961	NNC	281	B060373
B096084	ENSG00000148737	FSM	157	B097304
B047829	ENSG00000148737	NIC	336	B053070
B052827	ENSG00000148737	NNC	313	B052827
B051983	ENSG00000141959	FSM	316	B051983
B065714	ENSG00000141959	NIC	260	B073387
B042693	ENSG00000141959	NNC	363	B044305
B098443	ENSG00000100109	FSM	149	B104836
B060784	ENSG00000100109	NIC	279	B071513
B061899	ENSG00000100109	NNC	275	B061899
B012052	ENSG00000129245	FSM	673	B012238
B048653	ENSG00000129245	NIC	332	B053251
B055551	ENSG00000129245	NNC	301	B055551
B018532	ENSG00000092470	FSM	562	B018532
B063558	ENSG00000092470	NIC	268	B063558
B057974	ENSG00000092470	NNC	291	B057974
B061205	ENSG00000125656	FSM	277	B061205
B084784	ENSG00000125656	NIC	194	B084784
B089220	ENSG00000125656	NNC	180	B089220
B055907	ENSG00000143479	FSM	299	B055907
B115141	ENSG00000143479	NIC	91	B115141
B045100	ENSG00000143479	NNC	350	B045100
B052432	ENSG00000186204	FSM	314	B062205
B048230	ENSG00000186204	NIC	334	B048230
B041224	ENSG00000186204	NNC	371	B041224
B082539	ENSG00000068796	FSM	201	B085497
B060590	ENSG00000068796	NIC	280	B060590
B073081	ENSG00000068796	NNC	234	B073081
B048177	ENSG00000203880	FSM	334	B043704
B060061	ENSG00000203880	NIC	282	B072258
B086799	ENSG00000203880	NNC	188	B086799
B068838	ENSG00000089693	FSM	248	B078253
B074026	ENSG00000089693	NIC	230	B074026
B074990	ENSG00000089693	NNC	227	B078253
B057603	ENSG00000214050	FSM	292	B060487
B076450	ENSG00000214050	NIC	222	B076450
B087124	ENSG00000214050	NNC	187	B087124
B052471	ENSG00000127914	FSM	314	B052471
B102741	ENSG00000127914	NIC	135	B102741
B040884	ENSG00000127914	NNC	373	B040884
B073422	ENSG00000118007	FSM	232	B074818
B057439	ENSG00000118007	NIC	293	B057439
B027679	ENSG00000118007	NNC	466	B027679
B059536	ENSG00000168488	FSM	284	B059536
B027288	ENSG00000168488	NIC	469	B027288
B056263	ENSG00000168488	NNC	298	B056263
B042216	ENSG00000010256	FSM	365	B029409
B080155	ENSG00000010256	NIC	209	B086077
B028373	ENSG00000010256	NNC	460	B029409
B084730	ENSG00000121644	FSM	194	B084730
B101012	ENSG00000121644	NIC	141	B103281
B093073	ENSG00000121644	NNC	168	B094525
B057136	ENSG00000196118	FSM	294	B048772
B064607	ENSG00000196118	NIC	264	B064607
B064756	ENSG00000196118	NNC	264	B064756
B048791	ENSG00000198954	FSM	331	B044071
B091967	ENSG00000198954	NIC	171	B091967
B049143	ENSG00000198954	NNC	330	B049143
B045879	ENSG00000139546	FSM	345	B044804
B063802	ENSG00000139546	NIC	267	B064486
B078326	ENSG00000139546	NNC	216	B078326
B071996	ENSG00000137710	FSM	237	B071996
B058557	ENSG00000137710	NIC	288	B050391
B043256	ENSG00000137710	NNC	360	B043256
B061454	ENSG00000115446	FSM	276	B067393
B104385	ENSG00000115446	NIC	129	B104385
B088598	ENSG00000115446	NNC	182	B088598
B042231	ENSG00000142920	FSM	365	B054799
B048803	ENSG00000142920	NIC	331	B048803
B031877	ENSG00000142920	NNC	432	B036269
B053122	ENSG00000070423	FSM	311	B062393
B066817	ENSG00000070423	NIC	256	B066817
B085292	ENSG00000070423	NNC	193	B102610
B084092	ENSG00000025156	FSM	196	B087120
B061286	ENSG00000025156	NIC	277	B074663
B107879	ENSG00000025156	NNC	117	B112995
B092169	ENSG00000146457	FSM	170	B097886
B051414	ENSG00000146457	NIC	319	B051414
B069364	ENSG00000146457	NNC	247	B071566
B051756	ENSG00000188176	FSM	317	B051756
B060052	ENSG00000188176	NIC	282	B060052
B046858	ENSG00000188176	NNC	341	B038046
B049180	ENSG00000133606	FSM	329	B064289
B085801	ENSG00000133606	NIC	191	B087900
B055617	ENSG00000133606	NNC	301	B055617
B087536	ENSG00000187994	FSM	185	B089040
B037956	ENSG00000187994	NIC	391	B037956
B042871	ENSG00000187994	NNC	362	B042871
B038390	ENSG00000183741	FSM	388	B038390
B059575	ENSG00000183741	NIC	284	B059575
B061427	ENSG00000183741	NNC	277	B073938
B091253	ENSG00000171723	FSM	173	B091253
B058567	ENSG00000171723	NIC	288	B048534
B049791	ENSG00000171723	NNC	327	B049791
B096350	ENSG00000091157	FSM	156	B096350
B028093	ENSG00000091157	NIC	462	B028093
B025846	ENSG00000091157	NNC	483	B025846
B091558	ENSG00000120509	FSM	172	B094405
B092658	ENSG00000120509	NIC	169	B102536
B086163	ENSG00000120509	NNC	190	B086163
B079783	ENSG00000134255	FSM	210	B079783
B054785	ENSG00000134255	NIC	304	B054785
B082687	ENSG00000134255	NNC	201	B082687
B032079	ENSG00000120693	FSM	430	B039819
B063091	ENSG00000120693	NIC	270	B063091
B033367	ENSG00000120693	NNC	422	B033367
B055206	ENSG00000105963	FSM	302	B040636
B062018	ENSG00000105963	NIC	274	B067581
B049772	ENSG00000105963	NNC	327	B049772
B088432	ENSG00000087903	FSM	182	B089281
B054088	ENSG00000087903	NIC	307	B054507
B062873	ENSG00000087903	NNC	271	B071888
B063010	ENSG00000078114	FSM	270	B069088
B075901	ENSG00000078114	NIC	224	B075901
B067166	ENSG00000078114	NNC	255	B067166
B063006	ENSG00000106565	FSM	270	B066219
B098559	ENSG00000106565	NIC	149	B098559
B104250	ENSG00000106565	NNC	130	B104250
B033118	ENSG00000134575	FSM	423	B044860
B058621	ENSG00000134575	NIC	288	B044860
B061686	ENSG00000134575	NNC	276	B061686
B084754	ENSG00000135341	FSM	194	B084754
B051856	ENSG00000135341	NIC	317	B046138
B095101	ENSG00000135341	NNC	161	B095101
B044619	ENSG00000110076	FSM	352	B044619
B037684	ENSG00000110076	NIC	393	B037684
B049787	ENSG00000110076	NNC	327	B049787
B065944	ENSG00000147604	FSM	259	B080590
B080808	ENSG00000147604	NIC	207	B080808
B069625	ENSG00000147604	NNC	246	B080590
B029505	ENSG00000019995	FSM	450	B029505
B078249	ENSG00000019995	NIC	216	B078249
B107892	ENSG00000019995	NNC	117	B107892
B044973	ENSG00000115525	FSM	350	B047640
B058084	ENSG00000115525	NIC	290	B072047
B040904	ENSG00000115525	NNC	373	B040904
B044442	ENSG00000171456	FSM	353	B044442
B017815	ENSG00000171456	NIC	573	B017815
B056829	ENSG00000171456	NNC	296	B056829
B021452	ENSG00000168172	FSM	527	B022923
B014328	ENSG00000168172	NIC	628	B009819
B017420	ENSG00000168172	NNC	579	B022305
B000662	ENSG00000110514	FSM	1479	B000966
B095890	ENSG00000110514	NIC	158	B095890
B060404	ENSG00000110514	NNC	281	B060404
B004182	ENSG00000083290	FSM	952	B003083
B058377	ENSG00000083290	NIC	289	B061077
B058411	ENSG00000083290	NNC	289	B061836
B052232	ENSG00000131844	FSM	315	B052232
B031742	ENSG00000131844	NIC	433	B024118
B067160	ENSG00000131844	NNC	255	B067160
B009841	ENSG00000135040	FSM	725	B011227
B057224	ENSG00000135040	NIC	294	B057224
B082186	ENSG00000135040	NNC	203	B082726
B053983	ENSG00000291307	FSM	307	B044809
B061989	ENSG00000291307	NIC	274	B061989
B049793	ENSG00000291307	NNC	327	B049793
B087778	ENSG00000111530	FSM	184	B095314
B094375	ENSG00000111530	NIC	163	B094375
B029678	ENSG00000111530	NNC	449	B029678
B004362	ENSG00000018236	FSM	940	B004362
B046766	ENSG00000018236	NIC	341	B051867
B076568	ENSG00000018236	NNC	222	B079412
B106480	ENSG00000105647	FSM	121	B106480
B059366	ENSG00000105647	NIC	285	B069529
B072801	ENSG00000105647	NNC	235	B072801
B026600	ENSG00000153721	FSM	475	B028238
B089774	ENSG00000153721	NIC	178	B089774
B056293	ENSG00000153721	NNC	298	B056293
B041690	ENSG00000163050	FSM	368	B038076
B046834	ENSG00000163050	NIC	341	B053006
B014998	ENSG00000163050	NNC	617	B014998
B058047	ENSG00000087842	FSM	290	B065192
B077651	ENSG00000087842	NIC	218	B083996
B069146	ENSG00000087842	NNC	248	B069146
B088122	ENSG00000091317	FSM	183	B098235
B115133	ENSG00000091317	NIC	91	B115133
B088988	ENSG00000091317	NNC	181	B088988
B071470	ENSG00000143183	FSM	239	B071470
B090369	ENSG00000143183	NIC	176	B087753
B106416	ENSG00000143183	NNC	122	B106416
B064547	ENSG00000166130	FSM	264	B068690
B068690	ENSG00000166130	NIC	249	B068690
B045034	ENSG00000166130	NNC	350	B045034
B071474	ENSG00000186638	FSM	239	B071474
B055050	ENSG00000186638	NIC	303	B055050
B103688	ENSG00000186638	NNC	132	B103688
B035128	ENSG00000263002	FSM	409	B023086
B014014	ENSG00000263002	NIC	633	B014577
B014086	ENSG00000263002	NNC	632	B014577
B098154	ENSG00000103018	FSM	150	B102882
B108581	ENSG00000103018	NIC	114	B108581
B081251	ENSG00000103018	NNC	206	B081251
B106788	ENSG00000009954	FSM	120	B106788
B049728	ENSG00000009954	NIC	327	B049728
B068508	ENSG00000009954	NNC	250	B068508
B030973	ENSG00000175220	FSM	439	B034597
B100967	ENSG00000175220	NIC	141	B100967
B059237	ENSG00000175220	NNC	286	B059237
B038395	ENSG00000116691	FSM	388	B044388
B060063	ENSG00000116691	NIC	282	B063688
B088370	ENSG00000116691	NNC	183	B088370
B073106	ENSG00000053254	FSM	233	B073406
B059067	ENSG00000053254	NIC	286	B065248
B025154	ENSG00000053254	NNC	489	B027373
B050705	ENSG00000104219	FSM	322	B044220
B061064	ENSG00000104219	NIC	278	B061064
B052819	ENSG00000104219	NNC	313	B052819
B049634	ENSG00000004766	FSM	327	B063172
B058137	ENSG00000004766	NIC	290	B046383
B088380	ENSG00000004766	NNC	183	B079588
B107338	ENSG00000285331	FSM	118	B107338
B106358	ENSG00000285331	NIC	122	B110783
B103342	ENSG00000285331	NNC	133	B103611
B053575	ENSG00000134058	FSM	309	B058692
B067044	ENSG00000134058	NIC	255	B067044
B079177	ENSG00000134058	NNC	213	B079177
B070002	ENSG00000151552	FSM	244	B083921
B086344	ENSG00000151552	NIC	189	B086344
B091789	ENSG00000151552	NNC	172	B098951
B044761	ENSG00000167513	FSM	351	B047173
B075210	ENSG00000167513	NIC	226	B075210
B073359	ENSG00000167513	NNC	233	B073359
B020094	ENSG00000143627	FSM	543	B021108
B070942	ENSG00000143627	NIC	241	B077124
B068217	ENSG00000143627	NNC	251	B068217
B094855	ENSG00000119559	FSM	161	B094855
B100017	ENSG00000119559	NIC	144	B105242
B088592	ENSG00000119559	NNC	182	B088592
B009058	ENSG00000177595	FSM	747	B009058
B050585	ENSG00000177595	NIC	323	B050585
B038190	ENSG00000177595	NNC	390	B038190
B058528	ENSG00000156475	FSM	288	B058709
B044856	ENSG00000156475	NIC	351	B044024
B066391	ENSG00000156475	NNC	258	B066391
B061488	ENSG00000137504	FSM	276	B066703
B043589	ENSG00000137504	NIC	358	B047444
B098734	ENSG00000137504	NNC	149	B098734
B061959	ENSG00000263001	FSM	274	B061959
B034036	ENSG00000263001	NIC	417	B022139
B052599	ENSG00000263001	NNC	314	B061959
B046950	ENSG00000100206	FSM	340	B047122
B062779	ENSG00000100206	NIC	271	B070216
B074759	ENSG00000100206	NNC	228	B075824
B090294	ENSG00000188649	FSM	176	B097607
B049244	ENSG00000188649	NIC	329	B049244
B056542	ENSG00000188649	NNC	297	B056542
B045716	ENSG00000136193	FSM	346	B039940
B054103	ENSG00000136193	NIC	307	B054103
B095104	ENSG00000136193	NNC	161	B095104
B069980	ENSG00000100749	FSM	244	B069980
B036424	ENSG00000100749	NIC	401	B036863
B094484	ENSG00000100749	NNC	163	B094484
B003655	ENSG00000204351	FSM	990	B003143
B078184	ENSG00000204351	NIC	216	B078184
B052193	ENSG00000204351	NNC	316	B052193
B040789	ENSG00000137285	FSM	373	B040788
B055968	ENSG00000137285	NIC	299	B040788
B057069	ENSG00000137285	NNC	295	B069413
B032961	ENSG00000025293	FSM	424	B032961
B061009	ENSG00000025293	NIC	278	B061009
B055605	ENSG00000025293	NNC	301	B056769
B065410	ENSG00000053900	FSM	261	B065410
B111492	ENSG00000053900	NIC	104	B111492
B094512	ENSG00000053900	NNC	163	B094512
B042925	ENSG00000138138	FSM	361	B048839
B064649	ENSG00000138138	NIC	264	B064649
B079466	ENSG00000138138	NNC	212	B079466
B031831	ENSG00000119969	FSM	432	B031831
B052776	ENSG00000119969	NIC	313	B052776
B062672	ENSG00000119969	NNC	272	B075664
B034999	ENSG00000130766	FSM	410	B034999
B050351	ENSG00000130766	NIC	324	B062032
B041085	ENSG00000130766	NNC	372	B034999
B033842	ENSG00000185009	FSM	418	B041016
B055015	ENSG00000185009	NIC	303	B066567
B080293	ENSG00000185009	NNC	209	B080293
B028517	ENSG00000069943	FSM	458	B040075
B060330	ENSG00000069943	NIC	281	B060330
B089524	ENSG00000069943	NNC	179	B089524
B007087	ENSG00000118482	FSM	812	B007087
B012600	ENSG00000118482	NIC	662	B012600
B063222	ENSG00000118482	NNC	270	B063222
B031706	ENSG00000160753	FSM	433	B031706
B063585	ENSG00000160753	NIC	268	B063585
B057718	ENSG00000160753	NNC	292	B057718
B084739	ENSG00000160075	FSM	194	B085636
B099485	ENSG00000160075	NIC	146	B099485
B084623	ENSG00000160075	NNC	195	B085636
B005987	ENSG00000112742	FSM	857	B005987
B068965	ENSG00000112742	NIC	248	B068965
B067734	ENSG00000112742	NNC	253	B067734
B037920	ENSG00000103852	FSM	391	B039365
B084842	ENSG00000103852	NIC	194	B094983
B097727	ENSG00000103852	NNC	152	B097727
B025761	ENSG00000123411	FSM	483	B025761
B111521	ENSG00000123411	NIC	104	B111521
B068781	ENSG00000123411	NNC	249	B068781
B079217	ENSG00000124839	FSM	212	B086028
B061007	ENSG00000124839	NIC	278	B061007
B072257	ENSG00000124839	NNC	237	B086028
B053320	ENSG00000166086	FSM	310	B053320
B064318	ENSG00000166086	NIC	265	B074435
B096508	ENSG00000166086	NNC	156	B096508
B052245	ENSG00000165113	FSM	315	B058396
B070652	ENSG00000165113	NIC	242	B071420
B085925	ENSG00000165113	NNC	191	B085925
B086280	ENSG00000176973	FSM	189	B090299
B100970	ENSG00000176973	NIC	141	B100970
B111016	ENSG00000176973	NNC	106	B111016
B012991	ENSG00000100425	FSM	653	B020234
B055743	ENSG00000100425	NIC	300	B055743
B012233	ENSG00000100425	NNC	670	B012233
B077217	ENSG00000169213	FSM	219	B089620
B105712	ENSG00000169213	NIC	124	B105861
B081242	ENSG00000169213	NNC	206	B081242
B048403	ENSG00000143799	FSM	333	B048403
B077689	ENSG00000143799	NIC	218	B077689
B022999	ENSG00000143799	NNC	511	B022999
B097881	ENSG00000164587	FSM	151	B097881
B089768	ENSG00000164587	NIC	178	B089768
B099890	ENSG00000164587	NNC	145	B099890
B010754	ENSG00000135392	FSM	702	B015334
B074302	ENSG00000135392	NIC	229	B074302
B048532	ENSG00000135392	NNC	333	B034773
B033255	ENSG00000121060	FSM	422	B033255
B057428	ENSG00000121060	NIC	293	B057428
B037056	ENSG00000121060	NNC	397	B037056
B088417	ENSG00000257727	FSM	182	B079936
B100595	ENSG00000257727	NIC	142	B100595
B103662	ENSG00000257727	NNC	132	B102177
B099078	ENSG00000184305	FSM	147	B099078
B058092	ENSG00000184305	NIC	290	B058092
B060639	ENSG00000184305	NNC	280	B060639
B004868	ENSG00000162415	FSM	911	B006128
B056171	ENSG00000162415	NIC	298	B056171
B024563	ENSG00000162415	NNC	495	B024563
B045339	ENSG00000204219	FSM	348	B058038
B049704	ENSG00000204219	NIC	327	B058038
B090832	ENSG00000204219	NNC	175	B083350
B053336	ENSG00000144233	FSM	310	B054476
B097019	ENSG00000144233	NIC	154	B097019
B071687	ENSG00000144233	NNC	239	B079803
B062481	ENSG00000129824	FSM	272	B074830
B078208	ENSG00000129824	NIC	216	B086976
B054602	ENSG00000129824	NNC	305	B054602
B069207	ENSG00000180815	FSM	247	B069207
B091075	ENSG00000180815	NIC	174	B080348
B057517	ENSG00000180815	NNC	293	B057517
B040483	ENSG00000205531	FSM	375	B040483
B036419	ENSG00000205531	NIC	401	B040483
B036470	ENSG00000205531	NNC	401	B040483
B048980	ENSG00000177000	FSM	330	B048980
B046831	ENSG00000177000	NIC	341	B046831
B060436	ENSG00000177000	NNC	281	B060436
B064021	ENSG00000142856	FSM	266	B064021
B088802	ENSG00000142856	NIC	181	B085581
B085581	ENSG00000142856	NNC	192	B085581
B049603	ENSG00000129226	FSM	327	B052484
B067017	ENSG00000129226	NIC	255	B067017
B057980	ENSG00000129226	NNC	291	B057980
B032514	ENSG00000177409	FSM	427	B032514
B000912	ENSG00000177409	NIC	1371	B000912
B067679	ENSG00000177409	NNC	253	B067679
B052240	ENSG00000128595	FSM	315	B048793
B070963	ENSG00000128595	NIC	241	B070963
B077139	ENSG00000128595	NNC	220	B077140
B027594	ENSG00000092847	FSM	466	B027594
B028225	ENSG00000092847	NIC	461	B024380
B058148	ENSG00000092847	NNC	290	B058148
B039587	ENSG00000005812	FSM	380	B051008
B074901	ENSG00000005812	NIC	227	B077971
B061078	ENSG00000005812	NNC	278	B061078
B005170	ENSG00000088930	FSM	896	B007802
B105250	ENSG00000088930	NIC	126	B105250
B061164	ENSG00000088930	NNC	278	B046912
B113080	ENSG00000146021	FSM	98	B113080
B041180	ENSG00000146021	NIC	371	B047523
B059474	ENSG00000146021	NNC	285	B059474
B092506	ENSG00000126756	FSM	169	B097716
B103328	ENSG00000126756	NIC	133	B103328
B090241	ENSG00000126756	NNC	177	B090241
B054958	ENSG00000038382	FSM	303	B054958
B050161	ENSG00000038382	NIC	325	B044139
B083335	ENSG00000038382	NNC	199	B083335
B054700	ENSG00000055118	FSM	304	B054700
B053209	ENSG00000055118	NIC	311	B053209
B081916	ENSG00000055118	NNC	204	B081916
B072326	ENSG00000184307	FSM	236	B072326
B047227	ENSG00000184307	NIC	339	B034697
B060438	ENSG00000184307	NNC	281	B060438
B023781	ENSG00000160716	FSM	502	B027377
B048626	ENSG00000160716	NIC	332	B048626
B051079	ENSG00000160716	NNC	321	B051079
B008119	ENSG00000186716	FSM	774	B009174
B092886	ENSG00000186716	NIC	168	B092886
B068483	ENSG00000186716	NNC	250	B068483
B085954	ENSG00000162441	FSM	190	B085954
B090035	ENSG00000162441	NIC	177	B090035
B076226	ENSG00000162441	NNC	223	B085954
B062227	ENSG00000119929	FSM	273	B069484
B073240	ENSG00000119929	NIC	233	B084735
B072548	ENSG00000119929	NNC	236	B084735
B038236	ENSG00000104756	FSM	389	B045790
B061786	ENSG00000104756	NIC	275	B063700
B056584	ENSG00000104756	NNC	297	B063700
B047157	ENSG00000067606	FSM	339	B047157
B035161	ENSG00000067606	NIC	409	B025929
B092664	ENSG00000067606	NNC	169	B092664
B054694	ENSG00000256269	FSM	304	B055019
B092855	ENSG00000256269	NIC	168	B092855
B031671	ENSG00000256269	NNC	434	B031671
B057104	ENSG00000100228	FSM	294	B057104
B079567	ENSG00000100228	NIC	211	B079567
B060632	ENSG00000100228	NNC	280	B071400
B044939	ENSG00000128908	FSM	350	B045224
B075280	ENSG00000128908	NIC	226	B086427
B073300	ENSG00000128908	NNC	233	B073300
B041682	ENSG00000130706	FSM	368	B041682
B102969	ENSG00000130706	NIC	134	B109472
B060919	ENSG00000130706	NNC	279	B067663
B019675	ENSG00000264522	FSM	548	B019675
B034343	ENSG00000264522	NIC	415	B034343
B050649	ENSG00000264522	NNC	323	B050649
B066229	ENSG00000102241	FSM	258	B070704
B045967	ENSG00000102241	NIC	345	B045967
B068000	ENSG00000102241	NNC	252	B068000
B054014	ENSG00000009780	FSM	307	B059645
B053214	ENSG00000009780	NIC	311	B059645
B099907	ENSG00000009780	NNC	145	B107285
B093427	ENSG00000130684	FSM	166	B103024
B011482	ENSG00000130684	NIC	686	B011482
B053957	ENSG00000130684	NNC	308	B053957
B094868	ENSG00000186951	FSM	161	B094868
B075529	ENSG00000186951	NIC	225	B075529
B088056	ENSG00000186951	NNC	184	B088056
B019217	ENSG00000121316	FSM	553	B023820
B060038	ENSG00000121316	NIC	282	B060038
B023820	ENSG00000121316	NNC	502	B023820
B085371	ENSG00000163344	FSM	192	B089863
B100940	ENSG00000163344	NIC	141	B100940
B076235	ENSG00000163344	NNC	223	B076235
B066953	ENSG00000066185	FSM	255	B066953
B111748	ENSG00000066185	NIC	103	B111748
B055361	ENSG00000066185	NNC	302	B042648
B034814	ENSG00000215440	FSM	411	B028210
B063062	ENSG00000215440	NIC	270	B067310
B069354	ENSG00000215440	NNC	247	B069354
B060226	ENSG00000127837	FSM	281	B067030
B042986	ENSG00000127837	NIC	361	B043479
B092410	ENSG00000127837	NNC	170	B092410
B052896	ENSG00000005007	FSM	312	B040774
B080516	ENSG00000005007	NIC	208	B080516
B112162	ENSG00000005007	NNC	102	B112162
B069460	ENSG00000173852	FSM	246	B069460
B046382	ENSG00000173852	NIC	343	B058435
B112175	ENSG00000173852	NNC	102	B112175
B081694	ENSG00000172757	FSM	204	B093688
B110636	ENSG00000172757	NIC	107	B111517
B090185	ENSG00000172757	NNC	177	B093688
B043871	ENSG00000117477	FSM	356	B043871
B070066	ENSG00000117477	NIC	244	B070066
B053044	ENSG00000117477	NNC	312	B053044
B078095	ENSG00000196123	FSM	216	B078095
B055686	ENSG00000196123	NIC	300	B061718
B039222	ENSG00000196123	NNC	383	B028469
B000835	ENSG00000198932	FSM	1395	B000835
B106100	ENSG00000198932	NIC	123	B106100
B047115	ENSG00000198932	NNC	340	B047115
B033986	ENSG00000143228	FSM	417	B027832
B060824	ENSG00000143228	NIC	279	B060824
B092420	ENSG00000143228	NNC	170	B092420
B061937	ENSG00000158411	FSM	274	B076978
B064087	ENSG00000158411	NIC	266	B076978
B104999	ENSG00000158411	NNC	127	B104999
B028181	ENSG00000104320	FSM	461	B028181
B058860	ENSG00000104320	NIC	287	B050264
B084293	ENSG00000104320	NNC	196	B084293
B056614	ENSG00000168883	FSM	296	B066372
B030580	ENSG00000168883	NIC	442	B025299
B053040	ENSG00000168883	NNC	312	B059899
B028533	ENSG00000054611	FSM	458	B033156
B042778	ENSG00000054611	NIC	362	B042778
B074760	ENSG00000054611	NNC	228	B074760
B080078	ENSG00000155744	FSM	209	B084975
B034148	ENSG00000155744	NIC	416	B027176
B054629	ENSG00000155744	NNC	305	B057299
B037113	ENSG00000167840	FSM	396	B039094
B071488	ENSG00000167840	NIC	239	B071488
B054380	ENSG00000167840	NNC	306	B054380
B070289	ENSG00000164175	FSM	243	B070289
B065167	ENSG00000164175	NIC	262	B065167
B050023	ENSG00000164175	NNC	326	B050023
B030828	ENSG00000121621	FSM	440	B030828
B064959	ENSG00000121621	NIC	263	B073907
B072281	ENSG00000121621	NNC	237	B072281
B064589	ENSG00000182484	FSM	264	B075119
B050566	ENSG00000182484	NIC	323	B051861
B059007	ENSG00000182484	NNC	287	B059666
B051521	ENSG00000197114	FSM	318	B051521
B040823	ENSG00000197114	NIC	373	B040823
B075092	ENSG00000197114	NNC	227	B083017
B044068	ENSG00000277462	FSM	355	B044068
B047203	ENSG00000277462	NIC	339	B036322
B078587	ENSG00000277462	NNC	215	B078587
B112509	ENSG00000136518	FSM	100	B112509
B075238	ENSG00000136518	NIC	226	B079389
B041236	ENSG00000136518	NNC	371	B041236
B011611	ENSG00000100296	FSM	683	B016109
B016109	ENSG00000100296	NIC	599	B016109
B055790	ENSG00000100296	NNC	300	B055790
B048401	ENSG00000025039	FSM	333	B048401
B056951	ENSG00000025039	NIC	295	B056951
B036491	ENSG00000025039	NNC	401	B036491
B053357	ENSG00000105982	FSM	310	B053357
B072673	ENSG00000105982	NIC	235	B072673
B088620	ENSG00000105982	NNC	182	B088620
B044799	ENSG00000101464	FSM	351	B031470
B055035	ENSG00000101464	NIC	303	B066631
B070440	ENSG00000101464	NNC	243	B080267
B106276	ENSG00000131375	FSM	122	B106494
B077371	ENSG00000131375	NIC	219	B077371
B056516	ENSG00000131375	NNC	297	B070801
B092153	ENSG00000291147	FSM	170	B095149
B110063	ENSG00000291147	NIC	109	B110063
B108413	ENSG00000291147	NNC	115	B108413
B070272	ENSG00000111832	FSM	243	B078887
B098241	ENSG00000111832	NIC	150	B098241
B090551	ENSG00000111832	NNC	176	B090551
B115081	ENSG00000070371	FSM	91	B115081
B032851	ENSG00000070371	NIC	425	B030874
B067152	ENSG00000070371	NNC	255	B067152
B095176	ENSG00000117318	FSM	160	B095176
B107809	ENSG00000117318	NIC	117	B111554
B111060	ENSG00000117318	NNC	106	B111060
B052236	ENSG00000213676	FSM	315	B052236
B048659	ENSG00000213676	NIC	332	B048659
B058998	ENSG00000213676	NNC	287	B058998
B044950	ENSG00000065911	FSM	350	B043649
B052081	ENSG00000065911	NIC	316	B052081
B083713	ENSG00000065911	NNC	198	B083713
B060757	ENSG00000141543	FSM	279	B073131
B082557	ENSG00000141543	NIC	201	B087863
B036610	ENSG00000141543	NNC	400	B036610
B112545	ENSG00000174842	FSM	100	B112545
B056929	ENSG00000174842	NIC	295	B056929
B076288	ENSG00000174842	NNC	223	B080450
B031579	ENSG00000141665	FSM	434	B033049
B054085	ENSG00000141665	NIC	307	B054085
B045627	ENSG00000141665	NNC	347	B033049
B046954	ENSG00000114450	FSM	340	B055408
B069792	ENSG00000114450	NIC	245	B070630
B081845	ENSG00000114450	NNC	204	B081845
B081341	ENSG00000164211	FSM	205	B090048
B095574	ENSG00000164211	NIC	159	B101053
B095957	ENSG00000164211	NNC	158	B095957
B085696	ENSG00000112715	FSM	191	B085696
B112618	ENSG00000112715	NIC	100	B112618
B091795	ENSG00000112715	NNC	172	B091795
B069744	ENSG00000120256	FSM	245	B079013
B041563	ENSG00000120256	NIC	369	B036368
B077445	ENSG00000120256	NNC	219	B077445
B038376	ENSG00000172006	FSM	388	B026735
B021191	ENSG00000172006	NIC	530	B021191
B097176	ENSG00000172006	NNC	154	B097176
B099110	ENSG00000134569	FSM	147	B099110
B048254	ENSG00000134569	NIC	334	B048254
B070773	ENSG00000134569	NNC	242	B070773
B102883	ENSG00000141994	FSM	134	B102883
B052322	ENSG00000141994	NIC	315	B052322
B030488	ENSG00000141994	NNC	443	B030488
B095477	ENSG00000163623	FSM	159	B095477
B049229	ENSG00000163623	NIC	329	B049229
B088373	ENSG00000163623	NNC	183	B090156
B057588	ENSG00000170638	FSM	292	B057588
B049466	ENSG00000170638	NIC	328	B049466
B069129	ENSG00000170638	NNC	248	B075229
B052675	ENSG00000111846	FSM	313	B049234
B115683	ENSG00000111846	NIC	89	B115683
B066641	ENSG00000111846	NNC	257	B071104
B034274	ENSG00000135720	FSM	415	B025699
B086679	ENSG00000135720	NIC	188	B086679
B064758	ENSG00000135720	NNC	264	B072507
B036366	ENSG00000124786	FSM	401	B042839
B073503	ENSG00000124786	NIC	232	B073503
B087705	ENSG00000124786	NNC	185	B087705
B022920	ENSG00000095139	FSM	511	B025734
B035478	ENSG00000095139	NIC	407	B035478
B062381	ENSG00000095139	NNC	273	B062381
B065655	ENSG00000124333	FSM	260	B076770
B088859	ENSG00000124333	NIC	181	B089376
B065853	ENSG00000124333	NNC	260	B065853
B028310	ENSG00000257390	FSM	460	B028310
B042794	ENSG00000257390	NIC	362	B042794
B109847	ENSG00000257390	NNC	110	B109847
B055661	ENSG00000198042	FSM	300	B056392
B088523	ENSG00000198042	NIC	182	B092438
B072539	ENSG00000198042	NNC	236	B072539
B054007	ENSG00000162889	FSM	307	B065596
B090707	ENSG00000162889	NIC	175	B098848
B061118	ENSG00000162889	NNC	278	B061118
B114716	ENSG00000100644	FSM	92	B114716
B033989	ENSG00000100644	NIC	417	B033989
B039692	ENSG00000100644	NNC	380	B039692
B077240	ENSG00000111912	FSM	219	B080337
B056983	ENSG00000111912	NIC	295	B056983
B035677	ENSG00000111912	NNC	406	B035677
B032822	ENSG00000204592	FSM	425	B032822
B078183	ENSG00000204592	NIC	216	B078183
B058696	ENSG00000204592	NNC	288	B068128
B053991	ENSG00000144182	FSM	307	B047254
B055479	ENSG00000144182	NIC	301	B064051
B059410	ENSG00000144182	NNC	285	B047254
B097297	ENSG00000064042	FSM	153	B097297
B005975	ENSG00000064042	NIC	858	B005975
B085617	ENSG00000064042	NNC	192	B085617
B080688	ENSG00000170035	FSM	207	B085029
B088267	ENSG00000170035	NIC	183	B088267
B065532	ENSG00000170035	NNC	261	B065532
B036537	ENSG00000172888	FSM	400	B030954
B063109	ENSG00000172888	NIC	270	B063109
B048742	ENSG00000172888	NNC	332	B039058
B032812	ENSG00000136560	FSM	425	B032812
B071857	ENSG00000136560	NIC	238	B071857
B081834	ENSG00000136560	NNC	204	B090356
B072870	ENSG00000204435	FSM	234	B079348
B080172	ENSG00000204435	NIC	209	B080172
B094207	ENSG00000204435	NNC	164	B094207
B021724	ENSG00000197746	FSM	524	B027570
B055262	ENSG00000197746	NIC	302	B057198
B039584	ENSG00000197746	NNC	381	B039584
B046265	ENSG00000105520	FSM	343	B046265
B064397	ENSG00000105520	NIC	265	B064397
B054384	ENSG00000105520	NNC	306	B054384
B049399	ENSG00000042088	FSM	328	B049399
B052996	ENSG00000042088	NIC	312	B065967
B091760	ENSG00000042088	NNC	172	B091760
B068888	ENSG00000122705	FSM	248	B074001
B089783	ENSG00000122705	NIC	178	B089783
B087714	ENSG00000122705	NNC	185	B087714
B052918	ENSG00000183323	FSM	312	B054499
B068960	ENSG00000183323	NIC	248	B068960
B057948	ENSG00000183323	NNC	291	B067407
B057087	ENSG00000139116	FSM	294	B057087
B083244	ENSG00000139116	NIC	199	B089600
B012618	ENSG00000139116	NNC	662	B016203
B077850	ENSG00000083544	FSM	217	B077850
B025465	ENSG00000083544	NIC	486	B015785
B041214	ENSG00000083544	NNC	371	B041214
B050692	ENSG00000145708	FSM	322	B065667
B112296	ENSG00000145708	NIC	101	B112296
B093886	ENSG00000145708	NNC	165	B093886
B016336	ENSG00000137842	FSM	595	B019035
B078774	ENSG00000137842	NIC	214	B078774
B061658	ENSG00000137842	NNC	276	B061658
B087802	ENSG00000173209	FSM	184	B094934
B107717	ENSG00000173209	NIC	117	B107717
B106126	ENSG00000173209	NNC	123	B106126
B061691	ENSG00000111652	FSM	275	B072200
B055986	ENSG00000111652	NIC	299	B057918
B057918	ENSG00000111652	NNC	291	B057918
B053374	ENSG00000168496	FSM	310	B045729
B073245	ENSG00000168496	NIC	233	B082650
B068833	ENSG00000168496	NNC	249	B068833
B051750	ENSG00000166734	FSM	317	B065359
B081702	ENSG00000166734	NIC	204	B090074
B061148	ENSG00000166734	NNC	278	B062331
B053164	ENSG00000185825	FSM	311	B052687
B047628	ENSG00000185825	NIC	337	B047628
B060161	ENSG00000185825	NNC	282	B061874
B109978	ENSG00000067113	FSM	109	B109978
B076750	ENSG00000067113	NIC	221	B083868
B071050	ENSG00000067113	NNC	241	B071050
B046287	ENSG00000067167	FSM	343	B040637
B053630	ENSG00000067167	NIC	309	B064116
B058703	ENSG00000067167	NNC	288	B058703
B003594	ENSG00000133121	FSM	995	B003445
B114315	ENSG00000133121	NIC	94	B114315
B036438	ENSG00000133121	NNC	401	B036438
B007776	ENSG00000154305	FSM	785	B009972
B081431	ENSG00000154305	NIC	205	B081431
B078008	ENSG00000154305	NNC	217	B084603
B111713	ENSG00000176102	FSM	103	B111713
B035977	ENSG00000176102	NIC	404	B035977
B022808	ENSG00000176102	NNC	513	B014481
B093380	ENSG00000143198	FSM	166	B097567
B103865	ENSG00000143198	NIC	131	B103865
B106721	ENSG00000143198	NNC	121	B106721
B051343	ENSG00000196814	FSM	319	B054765
B082361	ENSG00000196814	NIC	202	B076700
B064206	ENSG00000196814	NNC	266	B076700
B042025	ENSG00000171241	FSM	366	B042025
B048255	ENSG00000171241	NIC	334	B042301
B084962	ENSG00000171241	NNC	194	B084962
B063512	ENSG00000280071	FSM	268	B070740
B077016	ENSG00000280071	NIC	220	B077016
B093877	ENSG00000280071	NNC	165	B093877
B068039	ENSG00000173545	FSM	251	B068039
B051584	ENSG00000173545	NIC	318	B051584
B093068	ENSG00000173545	NNC	168	B093068
B019159	ENSG00000119912	FSM	554	B019159
B076811	ENSG00000119912	NIC	221	B076811
B055349	ENSG00000119912	NNC	302	B055349
B052925	ENSG00000128915	FSM	312	B045911
B062502	ENSG00000128915	NIC	272	B075673
B083951	ENSG00000128915	NNC	197	B083951
B092509	ENSG00000110171	FSM	169	B095954
B040835	ENSG00000110171	NIC	373	B052510
B027130	ENSG00000110171	NNC	471	B027130
B085031	ENSG00000067560	FSM	193	B087709
B102146	ENSG00000067560	NIC	137	B102146
B099836	ENSG00000067560	NNC	145	B099836
B113309	ENSG00000072110	FSM	97	B113309
B069493	ENSG00000072110	NIC	246	B070327
B046850	ENSG00000072110	NNC	341	B046850
B055879	ENSG00000167371	FSM	299	B047280
B093228	ENSG00000167371	NIC	167	B093228
B067189	ENSG00000167371	NNC	255	B067189
B047955	ENSG00000140545	FSM	335	B047955
B068697	ENSG00000140545	NIC	249	B075979
B094487	ENSG00000140545	NNC	163	B094487
B016573	ENSG00000103067	FSM	591	B024077
B082960	ENSG00000103067	NIC	200	B082960
B061411	ENSG00000103067	NNC	277	B061411
B061975	ENSG00000012963	FSM	274	B063868
B069495	ENSG00000012963	NIC	246	B069646
B028127	ENSG00000012963	NNC	462	B032798
B043853	ENSG00000132376	FSM	356	B040932
B052704	ENSG00000132376	NIC	313	B066765
B108443	ENSG00000132376	NNC	115	B108443
B040775	ENSG00000105767	FSM	373	B045938
B037041	ENSG00000105767	NIC	397	B037041
B091459	ENSG00000105767	NNC	173	B091459
B094851	ENSG00000167863	FSM	161	B102096
B111261	ENSG00000167863	NIC	105	B112682
B108101	ENSG00000167863	NNC	116	B102096
B082833	ENSG00000163785	FSM	200	B082833
B064946	ENSG00000163785	NIC	263	B067400
B084040	ENSG00000163785	NNC	197	B084040
B033969	ENSG00000189362	FSM	417	B045370
B061508	ENSG00000189362	NIC	276	B061508
B051282	ENSG00000189362	NNC	320	B061508
B055873	ENSG00000109929	FSM	299	B056741
B092210	ENSG00000109929	NIC	170	B098371
B081170	ENSG00000109929	NNC	206	B081170
B103755	ENSG00000291033	FSM	131	B099905
B093491	ENSG00000291033	NIC	166	B093491
B075059	ENSG00000291033	NNC	227	B075059
B085047	ENSG00000130695	FSM	193	B091687
B035976	ENSG00000130695	NIC	404	B035976
B033218	ENSG00000130695	NNC	423	B033218
B104314	ENSG00000006459	FSM	129	B107079
B061333	ENSG00000006459	NIC	277	B061333
B074180	ENSG00000006459	NNC	230	B074180
B040638	ENSG00000175305	FSM	374	B047934
B058607	ENSG00000175305	NIC	288	B058607
B036190	ENSG00000175305	NNC	403	B034975
B011473	ENSG00000147789	FSM	686	B011473
B010622	ENSG00000147789	NIC	706	B011473
B010791	ENSG00000147789	NNC	702	B011473
B056626	ENSG00000164615	FSM	296	B065953
B109216	ENSG00000164615	NIC	112	B109216
B066931	ENSG00000164615	NNC	256	B078117
B108811	ENSG00000114125	FSM	113	B113560
B106914	ENSG00000114125	NIC	120	B106914
B101953	ENSG00000114125	NNC	138	B101953
B073713	ENSG00000048162	FSM	231	B073713
B087272	ENSG00000048162	NIC	186	B087272
B102007	ENSG00000048162	NNC	138	B105865
B038234	ENSG00000187987	FSM	389	B053704
B099170	ENSG00000187987	NIC	147	B103097
B111594	ENSG00000187987	NNC	104	B111594
B059052	ENSG00000173120	FSM	286	B059052
B021855	ENSG00000173120	NIC	523	B021855
B073684	ENSG00000173120	NNC	232	B073684
B061919	ENSG00000170581	FSM	274	B048422
B074303	ENSG00000170581	NIC	229	B074303
B066610	ENSG00000170581	NNC	257	B066610
B050911	ENSG00000204344	FSM	321	B050911
B042441	ENSG00000204344	NIC	364	B042441
B068293	ENSG00000204344	NNC	251	B079502
B052220	ENSG00000123154	FSM	315	B052220
B066770	ENSG00000123154	NIC	256	B052220
B089221	ENSG00000123154	NNC	180	B089221
B061695	ENSG00000167612	FSM	275	B060503
B044127	ENSG00000167612	NIC	355	B044127
B108132	ENSG00000167612	NNC	116	B108132
B041309	ENSG00000074657	FSM	370	B032872
B068377	ENSG00000074657	NIC	250	B082817
B065035	ENSG00000074657	NNC	263	B065035
B070259	ENSG00000125637	FSM	243	B070259
B044642	ENSG00000125637	NIC	352	B044642
B089227	ENSG00000125637	NNC	180	B097429
B064026	ENSG00000101546	FSM	266	B064026
B061002	ENSG00000101546	NIC	278	B046008
B068540	ENSG00000101546	NNC	250	B074454
B004243	ENSG00000122965	FSM	948	B005589
B004690	ENSG00000122965	NIC	921	B005589
B049941	ENSG00000122965	NNC	326	B049941
B002412	ENSG00000162434	FSM	1101	B004021
B004021	ENSG00000162434	NIC	963	B004021
B083299	ENSG00000162434	NNC	199	B079906
B086864	ENSG00000145782	FSM	187	B086864
B107226	ENSG00000145782	NIC	119	B112298
B091170	ENSG00000145782	NNC	174	B091170
B082801	ENSG00000231887	FSM	200	B089513
B058623	ENSG00000231887	NIC	288	B063968
B063968	ENSG00000231887	NNC	267	B063968
B020253	ENSG00000108852	FSM	541	B020341
B099409	ENSG00000108852	NIC	146	B099409
B057981	ENSG00000108852	NNC	291	B066909
B092481	ENSG00000204634	FSM	169	B092481
B052961	ENSG00000204634	NIC	312	B052961
B032772	ENSG00000204634	NNC	426	B032772
B091834	ENSG00000166260	FSM	171	B091834
B064075	ENSG00000166260	NIC	266	B064075
B065032	ENSG00000166260	NNC	263	B072899
B100863	ENSG00000134982	FSM	141	B100863
B064105	ENSG00000134982	NIC	266	B078635
B084047	ENSG00000134982	NNC	197	B084047
B035919	ENSG00000155629	FSM	404	B044309
B026209	ENSG00000155629	NIC	479	B026209
B060163	ENSG00000155629	NNC	282	B060163
B056119	ENSG00000250021	FSM	298	B056119
B050152	ENSG00000250021	NIC	325	B049950
B049950	ENSG00000250021	NNC	326	B049950
B041138	ENSG00000147813	FSM	371	B041138
B053424	ENSG00000147813	NIC	310	B065187
B056298	ENSG00000147813	NNC	298	B056298
B110821	ENSG00000067248	FSM	106	B110821
B065781	ENSG00000067248	NIC	260	B065781
B076308	ENSG00000067248	NNC	223	B077328
B063777	ENSG00000135916	FSM	267	B076948
B070382	ENSG00000135916	NIC	243	B070382
B064443	ENSG00000135916	NNC	265	B076948
B085974	ENSG00000119446	FSM	190	B095374
B099451	ENSG00000119446	NIC	146	B101910
B100810	ENSG00000119446	NNC	142	B100810
B019934	ENSG00000149269	FSM	545	B026322
B055930	ENSG00000149269	NIC	299	B048867
B093663	ENSG00000149269	NNC	166	B083920
B034976	ENSG00000105568	FSM	410	B040487
B031010	ENSG00000105568	NIC	439	B031010
B035536	ENSG00000105568	NNC	407	B035536
B039439	ENSG00000153015	FSM	381	B039439
B042961	ENSG00000153015	NIC	361	B033826
B040879	ENSG00000153015	NNC	373	B042119
B091212	ENSG00000188641	FSM	173	B091212
B047803	ENSG00000188641	NIC	336	B049075
B071030	ENSG00000188641	NNC	241	B071030
B115064	ENSG00000166266	FSM	91	B115064
B049198	ENSG00000166266	NIC	329	B049198
B055815	ENSG00000166266	NNC	300	B055815
B043313	ENSG00000163681	FSM	359	B043661
B022477	ENSG00000163681	NIC	516	B026688
B012045	ENSG00000163681	NNC	674	B012045
B051745	ENSG00000102796	FSM	317	B051745
B087295	ENSG00000102796	NIC	186	B086227
B076196	ENSG00000102796	NNC	223	B076196
B033693	ENSG00000172728	FSM	419	B029415
B092907	ENSG00000172728	NIC	168	B092907
B083349	ENSG00000172728	NNC	199	B083349
B098447	ENSG00000164088	FSM	149	B098447
B045783	ENSG00000164088	NIC	346	B045783
B082703	ENSG00000164088	NNC	201	B082703
B033258	ENSG00000179943	FSM	422	B033258
B095294	ENSG00000179943	NIC	160	B100844
B062882	ENSG00000179943	NNC	271	B062882
B048394	ENSG00000041880	FSM	333	B048394
B071518	ENSG00000041880	NIC	239	B075829
B033206	ENSG00000041880	NNC	423	B033206
B003367	ENSG00000068097	FSM	1013	B003404
B053444	ENSG00000068097	NIC	310	B053444
B115235	ENSG00000068097	NNC	91	B115235
B065115	ENSG00000177189	FSM	262	B068718
B079632	ENSG00000177189	NIC	211	B082141
B023658	ENSG00000177189	NNC	504	B031806
B004027	ENSG00000184575	FSM	962	B004314
B078709	ENSG00000184575	NIC	214	B078709
B034233	ENSG00000184575	NNC	416	B034233
B093141	ENSG00000013573	FSM	167	B093141
B060502	ENSG00000013573	NIC	280	B060502
B061582	ENSG00000013573	NNC	276	B061582
B078705	ENSG00000116141	FSM	214	B078705
B015906	ENSG00000116141	NIC	602	B013367
B046054	ENSG00000116141	NNC	345	B046054
B082871	ENSG00000215301	FSM	200	B082871
B048638	ENSG00000215301	NIC	332	B045105
B051259	ENSG00000215301	NNC	320	B057965
B001745	ENSG00000058085	FSM	1193	B002943
B099435	ENSG00000058085	NIC	146	B099435
B035083	ENSG00000058085	NNC	410	B035083
B028174	ENSG00000198939	FSM	461	B019337
B024221	ENSG00000198939	NIC	498	B019337
B080905	ENSG00000198939	NNC	207	B093322
B096672	ENSG00000107331	FSM	155	B085927
B043947	ENSG00000107331	NIC	356	B043947
B069693	ENSG00000107331	NNC	246	B069693
B055450	ENSG00000174669	FSM	301	B056460
B062857	ENSG00000174669	NIC	271	B062857
B056593	ENSG00000174669	NNC	297	B056593
B092792	ENSG00000123080	FSM	168	B097116
B106843	ENSG00000123080	NIC	120	B110032
B103898	ENSG00000123080	NNC	131	B103898
B072053	ENSG00000073921	FSM	237	B072053
B020297	ENSG00000073921	NIC	541	B020209
B070711	ENSG00000073921	NNC	242	B072053
B064810	ENSG00000102710	FSM	263	B064810
B070309	ENSG00000102710	NIC	243	B070599
B044689	ENSG00000102710	NNC	352	B044689
B063015	ENSG00000107902	FSM	270	B069374
B089191	ENSG00000107902	NIC	180	B089191
B061137	ENSG00000107902	NNC	278	B069374
B088088	ENSG00000167550	FSM	183	B088700
B084760	ENSG00000167550	NIC	194	B084760
B105277	ENSG00000167550	NNC	126	B105277
B053979	ENSG00000109944	FSM	307	B053979
B016535	ENSG00000109944	NIC	592	B012692
B065505	ENSG00000109944	NNC	261	B065505
B085337	ENSG00000175197	FSM	192	B085337
B100596	ENSG00000175197	NIC	142	B100596
B078028	ENSG00000175197	NNC	217	B085337
B102042	ENSG00000153827	FSM	137	B102042
B059815	ENSG00000153827	NIC	283	B059815
B056276	ENSG00000153827	NNC	298	B065709
B053770	ENSG00000168818	FSM	308	B059863
B060296	ENSG00000168818	NIC	281	B067248
B036460	ENSG00000168818	NNC	401	B036460
B010854	ENSG00000106246	FSM	700	B013710
B023809	ENSG00000106246	NIC	502	B023809
B056851	ENSG00000106246	NNC	296	B050214
B016703	ENSG00000127580	FSM	589	B011285
B032410	ENSG00000127580	NIC	428	B032410
B028601	ENSG00000127580	NNC	458	B032410
B022239	ENSG00000125304	FSM	518	B023852
B056173	ENSG00000125304	NIC	298	B049312
B071078	ENSG00000125304	NNC	241	B071078
B050693	ENSG00000158615	FSM	322	B039607
B075895	ENSG00000158615	NIC	224	B079870
B096601	ENSG00000158615	NNC	156	B096601
B015244	ENSG00000142945	FSM	612	B009829
B061040	ENSG00000142945	NIC	278	B061040
B040583	ENSG00000142945	NNC	375	B041708
B082476	ENSG00000163875	FSM	201	B085702
B063541	ENSG00000163875	NIC	268	B066241
B073848	ENSG00000163875	NNC	231	B085702
B062981	ENSG00000136146	FSM	270	B068843
B073250	ENSG00000136146	NIC	233	B073250
B059211	ENSG00000136146	NNC	286	B059211
B035439	ENSG00000187097	FSM	407	B039628
B063041	ENSG00000187097	NIC	270	B063041
B062642	ENSG00000187097	NNC	272	B065864
B021076	ENSG00000256223	FSM	531	B028228
B028228	ENSG00000256223	NIC	461	B028228
B035829	ENSG00000256223	NNC	405	B035829
B020673	ENSG00000147649	FSM	536	B020769
B042470	ENSG00000147649	NIC	364	B045302
B067421	ENSG00000147649	NNC	254	B067421
B085409	ENSG00000137312	FSM	192	B085409
B050329	ENSG00000137312	NIC	324	B061521
B087117	ENSG00000137312	NNC	187	B087117
B054683	ENSG00000143801	FSM	304	B062796
B034476	ENSG00000143801	NIC	414	B029755
B061860	ENSG00000143801	NNC	275	B061860
B059749	ENSG00000182149	FSM	283	B050544
B050544	ENSG00000182149	NIC	323	B050544
B054118	ENSG00000182149	NNC	307	B054118
B004270	ENSG00000103226	FSM	946	B002657
B030873	ENSG00000103226	NIC	440	B030873
B105047	ENSG00000103226	NNC	127	B105831
B065091	ENSG00000140995	FSM	262	B073696
B037156	ENSG00000140995	NIC	396	B037156
B061601	ENSG00000140995	NNC	276	B061601
B097302	ENSG00000160401	FSM	153	B097302
B076498	ENSG00000160401	NIC	222	B076498
B076614	ENSG00000160401	NNC	222	B076614
B073122	ENSG00000159055	FSM	233	B071398
B077625	ENSG00000159055	NIC	218	B089485
B097743	ENSG00000159055	NNC	152	B097743
B058768	ENSG00000178802	FSM	287	B072880
B054251	ENSG00000178802	NIC	306	B054251
B084020	ENSG00000178802	NNC	197	B084020
B056405	ENSG00000130638	FSM	297	B063064
B048031	ENSG00000130638	NIC	335	B034816
B050810	ENSG00000130638	NNC	322	B050810
B061927	ENSG00000048471	FSM	274	B061927
B017449	ENSG00000048471	NIC	578	B017449
B070722	ENSG00000048471	NNC	242	B070722
B070266	ENSG00000090520	FSM	243	B070266
B055490	ENSG00000090520	NIC	301	B060537
B048140	ENSG00000090520	NNC	335	B048141
B041838	ENSG00000078142	FSM	367	B041838
B051202	ENSG00000078142	NIC	320	B063569
B050796	ENSG00000078142	NNC	322	B050796
B080716	ENSG00000130640	FSM	207	B080716
B057691	ENSG00000130640	NIC	292	B057691
B037882	ENSG00000130640	NNC	392	B037882
B072325	ENSG00000159915	FSM	236	B072325
B009768	ENSG00000159915	NIC	727	B011415
B031059	ENSG00000159915	NNC	439	B031059
B004949	ENSG00000124608	FSM	907	B004949
B058348	ENSG00000124608	NIC	289	B067051
B048310	ENSG00000124608	NNC	334	B048310
B016646	ENSG00000173327	FSM	590	B011835
B051422	ENSG00000173327	NIC	319	B051422
B049788	ENSG00000173327	NNC	327	B049788
B061219	ENSG00000133731	FSM	277	B073032
B066561	ENSG00000133731	NIC	257	B066561
B040889	ENSG00000133731	NNC	373	B047777
B061739	ENSG00000112146	FSM	275	B061739
B058599	ENSG00000112146	NIC	288	B058599
B086753	ENSG00000112146	NNC	188	B086753
B064590	ENSG00000158156	FSM	264	B064590
B091651	ENSG00000158156	NIC	172	B094470
B065903	ENSG00000158156	NNC	260	B065903
B079229	ENSG00000112981	FSM	212	B080171
B098546	ENSG00000112981	NIC	149	B098546
B061119	ENSG00000112981	NNC	278	B061853
B050279	ENSG00000103035	FSM	324	B050279
B076090	ENSG00000103035	NIC	223	B068466
B063199	ENSG00000103035	NNC	270	B067444
B060238	ENSG00000117697	FSM	281	B071226
B079011	ENSG00000117697	NIC	213	B079011
B076858	ENSG00000117697	NNC	221	B084816
B060983	ENSG00000166012	FSM	278	B067474
B070027	ENSG00000166012	NIC	244	B070027
B112466	ENSG00000166012	NNC	101	B112466
B019398	ENSG00000143258	FSM	551	B019371
B059625	ENSG00000143258	NIC	284	B059625
B040873	ENSG00000143258	NNC	373	B040873
B001497	ENSG00000138802	FSM	1233	B001497
B045588	ENSG00000138802	NIC	347	B052636
B033353	ENSG00000138802	NNC	422	B023346
B067509	ENSG00000171729	FSM	253	B079975
B108036	ENSG00000171729	NIC	116	B108036
B056523	ENSG00000171729	NNC	297	B056523
B103177	ENSG00000205559	FSM	133	B108111
B113472	ENSG00000205559	NIC	97	B113704
B110148	ENSG00000205559	NNC	109	B110148
B054922	ENSG00000126934	FSM	303	B044152
B067293	ENSG00000126934	NIC	254	B079781
B089915	ENSG00000126934	NNC	178	B099609
B097296	ENSG00000291081	FSM	153	B097475
B093519	ENSG00000291081	NIC	166	B093519
B111637	ENSG00000291081	NNC	104	B111637
B018682	ENSG00000204560	FSM	560	B029719
B064106	ENSG00000204560	NIC	266	B064106
B075947	ENSG00000204560	NNC	224	B075947
B056627	ENSG00000019582	FSM	296	B066551
B092590	ENSG00000019582	NIC	169	B092590
B094759	ENSG00000019582	NNC	162	B101789
B101142	ENSG00000174917	FSM	140	B101142
B098830	ENSG00000174917	NIC	148	B098830
B087353	ENSG00000174917	NNC	186	B087353
B051124	ENSG00000043143	FSM	320	B051124
B082314	ENSG00000043143	NIC	202	B082314
B069618	ENSG00000043143	NNC	246	B069618
B029744	ENSG00000063176	FSM	448	B041424
B057866	ENSG00000063176	NIC	291	B067024
B046636	ENSG00000063176	NNC	342	B046636
B021901	ENSG00000197822	FSM	522	B029527
B062789	ENSG00000197822	NIC	271	B062789
B048354	ENSG00000197822	NNC	334	B042543
B001090	ENSG00000115548	FSM	1321	B001090
B045979	ENSG00000115548	NIC	345	B061102
B029072	ENSG00000115548	NNC	454	B022993
B062697	ENSG00000125818	FSM	271	B077070
B097636	ENSG00000125818	NIC	152	B100363
B074753	ENSG00000125818	NNC	228	B088317
B056159	ENSG00000111305	FSM	298	B066415
B060809	ENSG00000111305	NIC	279	B049826
B071939	ENSG00000111305	NNC	238	B071939
B089031	ENSG00000118900	FSM	180	B095642
B017394	ENSG00000118900	NIC	579	B014202
B034389	ENSG00000118900	NNC	415	B034389
B056640	ENSG00000159069	FSM	296	B057275
B077924	ENSG00000159069	NIC	217	B077924
B034225	ENSG00000159069	NNC	416	B034225
B052440	ENSG00000144199	FSM	314	B058726
B084516	ENSG00000144199	NIC	195	B089744
B067392	ENSG00000144199	NNC	254	B067392
B105654	ENSG00000189164	FSM	124	B109070
B114896	ENSG00000189164	NIC	92	B114896
B037895	ENSG00000189164	NNC	392	B037895
B039969	ENSG00000001036	FSM	378	B039969
B038894	ENSG00000001036	NIC	385	B032146
B071641	ENSG00000001036	NNC	239	B078210
B050075	ENSG00000198874	FSM	325	B057267
B061022	ENSG00000198874	NIC	278	B048559
B092110	ENSG00000198874	NNC	171	B092110
B081037	ENSG00000269556	FSM	206	B091560
B050780	ENSG00000269556	NIC	322	B044537
B056308	ENSG00000269556	NNC	298	B064207
B096965	ENSG00000122694	FSM	154	B101713
B111815	ENSG00000122694	NIC	103	B113441
B111604	ENSG00000122694	NNC	104	B111857
B038228	ENSG00000138375	FSM	389	B038228
B115663	ENSG00000138375	NIC	89	B115663
B056828	ENSG00000138375	NNC	296	B056828
B048374	ENSG00000174444	FSM	333	B048374
B101810	ENSG00000174444	NIC	138	B101810
B071669	ENSG00000174444	NNC	239	B071669
B094875	ENSG00000172201	FSM	161	B095861
B068964	ENSG00000172201	NIC	248	B068964
B105624	ENSG00000172201	NNC	125	B108761
B076041	ENSG00000128791	FSM	223	B080255
B088199	ENSG00000128791	NIC	183	B098827
B067967	ENSG00000128791	NNC	252	B067967
B048581	ENSG00000115073	FSM	332	B049193
B082564	ENSG00000115073	NIC	201	B072459
B072459	ENSG00000115073	NNC	236	B072459
B046082	ENSG00000134186	FSM	344	B045126
B040196	ENSG00000134186	NIC	377	B029847
B114124	ENSG00000134186	NNC	95	B114595
B097572	ENSG00000119048	FSM	152	B106328
B106329	ENSG00000119048	NIC	122	B106329
B089872	ENSG00000119048	NNC	178	B089872
B084690	ENSG00000120860	FSM	194	B096110
B112926	ENSG00000120860	NIC	99	B112926
B082426	ENSG00000120860	NNC	202	B082426
B066749	ENSG00000143933	FSM	256	B066749
B094327	ENSG00000143933	NIC	163	B099545
B095079	ENSG00000143933	NNC	161	B095079
B017852	ENSG00000105726	FSM	572	B017852
B060334	ENSG00000105726	NIC	281	B060334
B079725	ENSG00000105726	NNC	211	B079725
B005894	ENSG00000165359	FSM	861	B007723
B064379	ENSG00000165359	NIC	265	B064379
B037256	ENSG00000165359	NNC	396	B037256
B056603	ENSG00000131652	FSM	296	B056603
B065689	ENSG00000131652	NIC	260	B076155
B097170	ENSG00000131652	NNC	154	B097170
B061463	ENSG00000080822	FSM	276	B061463
B078175	ENSG00000080822	NIC	216	B078175
B071619	ENSG00000080822	NNC	239	B078175
B046492	ENSG00000170222	FSM	342	B046492
B057208	ENSG00000170222	NIC	294	B061603
B077981	ENSG00000170222	NNC	217	B081319
B068076	ENSG00000168067	FSM	251	B068076
B007900	ENSG00000168067	NIC	781	B007748
B048760	ENSG00000168067	NNC	332	B048760
B066989	ENSG00000244038	FSM	255	B066989
B053664	ENSG00000244038	NIC	309	B053664
B067469	ENSG00000244038	NNC	254	B078021
B108564	ENSG00000020922	FSM	114	B108564
B042294	ENSG00000020922	NIC	365	B042294
B036193	ENSG00000020922	NNC	403	B036193
B000752	ENSG00000165392	FSM	1432	B000824
B066048	ENSG00000165392	NIC	259	B066048
B089253	ENSG00000165392	NNC	180	B089253
B061453	ENSG00000204673	FSM	276	B068380
B064935	ENSG00000204673	NIC	263	B068380
B085544	ENSG00000204673	NNC	192	B085544
B113890	ENSG00000109689	FSM	95	B113890
B075836	ENSG00000109689	NIC	224	B077321
B035081	ENSG00000109689	NNC	410	B035081
B106283	ENSG00000196632	FSM	122	B106507
B052988	ENSG00000196632	NIC	312	B052988
B038962	ENSG00000196632	NNC	385	B038962
B111425	ENSG00000205213	FSM	104	B111425
B061307	ENSG00000205213	NIC	277	B074100
B070476	ENSG00000205213	NNC	243	B070476
B057348	ENSG00000143633	FSM	293	B068620
B111503	ENSG00000143633	NIC	104	B111503
B073892	ENSG00000143633	NNC	231	B073892
B049428	ENSG00000173253	FSM	328	B058610
B058610	ENSG00000173253	NIC	288	B058610
B038660	ENSG00000173253	NNC	387	B038660
B078687	ENSG00000147403	FSM	214	B078687
B092959	ENSG00000147403	NIC	168	B094283
B088401	ENSG00000147403	NNC	183	B094283
B104304	ENSG00000150961	FSM	129	B104304
B061275	ENSG00000150961	NIC	277	B067362
B053269	ENSG00000150961	NNC	311	B053269
B069437	ENSG00000184302	FSM	246	B069437
B059064	ENSG00000184302	NIC	286	B072623
B090846	ENSG00000184302	NNC	175	B091451
B105380	ENSG00000273045	FSM	125	B112389
B115123	ENSG00000273045	NIC	91	B112389
B102772	ENSG00000273045	NNC	135	B102772
B006255	ENSG00000174371	FSM	846	B007734
B045029	ENSG00000174371	NIC	350	B045029
B083409	ENSG00000174371	NNC	199	B083409
B090952	ENSG00000196935	FSM	174	B090952
B031381	ENSG00000196935	NIC	436	B032539
B059649	ENSG00000196935	NNC	284	B067700
B083479	ENSG00000067992	FSM	198	B086272
B065753	ENSG00000067992	NIC	260	B067710
B049387	ENSG00000067992	NNC	329	B049387
B011967	ENSG00000114166	FSM	675	B007982
B056724	ENSG00000114166	NIC	296	B056724
B066382	ENSG00000114166	NNC	258	B066382
B086863	ENSG00000182552	FSM	187	B089563
B103548	ENSG00000182552	NIC	132	B105811
B084593	ENSG00000182552	NNC	195	B089563
B025860	ENSG00000178105	FSM	482	B035381
B053639	ENSG00000178105	NIC	309	B053639
B028241	ENSG00000178105	NNC	461	B028241
B054912	ENSG00000128731	FSM	303	B058568
B069770	ENSG00000128731	NIC	245	B069770
B049294	ENSG00000128731	NNC	329	B049294
B073159	ENSG00000076242	FSM	233	B073159
B057680	ENSG00000076242	NIC	292	B057680
B037731	ENSG00000076242	NNC	393	B034304
B052007	ENSG00000151575	FSM	316	B037919
B062501	ENSG00000151575	NIC	272	B062501
B067703	ENSG00000151575	NNC	253	B080311
B003645	ENSG00000103540	FSM	991	B003938
B032994	ENSG00000103540	NIC	424	B032994
B091454	ENSG00000103540	NNC	173	B091454
B033534	ENSG00000138400	FSM	420	B033534
B054478	ENSG00000138400	NIC	305	B054478
B068546	ENSG00000138400	NNC	250	B068546
B110846	ENSG00000124831	FSM	106	B110846
B037492	ENSG00000124831	NIC	394	B031686
B076849	ENSG00000124831	NNC	221	B076849
B045889	ENSG00000073605	FSM	345	B042142
B083843	ENSG00000073605	NIC	197	B090590
B092983	ENSG00000073605	NNC	168	B092983
B055919	ENSG00000054118	FSM	299	B055919
B057143	ENSG00000054118	NIC	294	B057143
B044862	ENSG00000054118	NNC	351	B045194
B058514	ENSG00000068079	FSM	288	B065522
B072074	ENSG00000068079	NIC	237	B084563
B062338	ENSG00000068079	NNC	273	B065522
B048583	ENSG00000135900	FSM	332	B048583
B109765	ENSG00000135900	NIC	110	B109765
B057480	ENSG00000135900	NNC	293	B048583
B052666	ENSG00000156304	FSM	313	B052666
B089128	ENSG00000156304	NIC	180	B093182
B032904	ENSG00000156304	NNC	425	B032904
B095125	ENSG00000100888	FSM	160	B095125
B057854	ENSG00000100888	NIC	291	B057854
B063723	ENSG00000100888	NNC	268	B063723
B056388	ENSG00000106305	FSM	297	B060549
B079585	ENSG00000106305	NIC	211	B079585
B076553	ENSG00000106305	NNC	222	B076553
B009844	ENSG00000151025	FSM	725	B009844
B055506	ENSG00000151025	NIC	301	B055506
B048363	ENSG00000151025	NNC	334	B048363
B093690	ENSG00000184787	FSM	165	B103048
B104657	ENSG00000184787	NIC	128	B104657
B104776	ENSG00000184787	NNC	128	B104776
B060950	ENSG00000197535	FSM	278	B075005
B049713	ENSG00000197535	NIC	327	B063292
B017766	ENSG00000197535	NNC	574	B017766
B076960	ENSG00000152348	FSM	220	B076960
B086043	ENSG00000152348	NIC	190	B097035
B068815	ENSG00000152348	NNC	249	B068815
B058777	ENSG00000181896	FSM	287	B058777
B052036	ENSG00000181896	NIC	316	B058777
B111332	ENSG00000181896	NNC	105	B111332
B009876	ENSG00000096384	FSM	724	B015663
B049512	ENSG00000096384	NIC	328	B049512
B034948	ENSG00000096384	NNC	411	B031899
B069184	ENSG00000100320	FSM	247	B069184
B071514	ENSG00000100320	NIC	239	B071811
B073369	ENSG00000100320	NNC	233	B073369
B087538	ENSG00000115942	FSM	185	B097557
B099150	ENSG00000115942	NIC	147	B099150
B072516	ENSG00000115942	NNC	236	B072516
B067270	ENSG00000173692	FSM	254	B067270
B046599	ENSG00000173692	NIC	342	B046599
B058931	ENSG00000173692	NNC	287	B066270
B052427	ENSG00000103316	FSM	314	B062485
B081388	ENSG00000103316	NIC	205	B081388
B103399	ENSG00000103316	NNC	133	B103399
B077837	ENSG00000109534	FSM	217	B078881
B100646	ENSG00000109534	NIC	142	B100646
B064727	ENSG00000109534	NNC	264	B064727
B059011	ENSG00000196954	FSM	286	B059011
B051790	ENSG00000196954	NIC	317	B064805
B062321	ENSG00000196954	NNC	273	B049197
B042576	ENSG00000101079	FSM	363	B042576
B056678	ENSG00000101079	NIC	296	B068091
B076906	ENSG00000101079	NNC	221	B083948
B074597	ENSG00000108176	FSM	228	B083480
B080497	ENSG00000108176	NIC	208	B080497
B099285	ENSG00000108176	NNC	147	B104115
B040962	ENSG00000005302	FSM	372	B048317
B074677	ENSG00000005302	NIC	228	B074677
B066884	ENSG00000005302	NNC	256	B075370
B090582	ENSG00000197568	FSM	175	B090582
B107213	ENSG00000197568	NIC	119	B107213
B113494	ENSG00000197568	NNC	97	B113494
B020084	ENSG00000154229	FSM	543	B016964
B045574	ENSG00000154229	NIC	347	B045574
B055077	ENSG00000154229	NNC	303	B060062
B023098	ENSG00000126814	FSM	509	B025233
B062750	ENSG00000126814	NIC	271	B062750
B075597	ENSG00000126814	NNC	225	B062750
B110513	ENSG00000162613	FSM	107	B110513
B051201	ENSG00000162613	NIC	320	B044992
B013329	ENSG00000162613	NNC	647	B018766
B001496	ENSG00000075391	FSM	1233	B001496
B048065	ENSG00000075391	NIC	335	B048065
B081847	ENSG00000075391	NNC	204	B081847
B013553	ENSG00000197024	FSM	642	B013553
B047625	ENSG00000197024	NIC	337	B047625
B047533	ENSG00000197024	NNC	338	B047533
B102621	ENSG00000164111	FSM	135	B102621
B057400	ENSG00000164111	NIC	293	B052143
B052143	ENSG00000164111	NNC	316	B052143
B046718	ENSG00000180008	FSM	341	B039880
B090666	ENSG00000180008	NIC	175	B090666
B052781	ENSG00000180008	NNC	313	B052781
B013045	ENSG00000135828	FSM	652	B016287
B023070	ENSG00000135828	NIC	510	B016287
B108117	ENSG00000135828	NNC	116	B108117
B012454	ENSG00000173193	FSM	665	B012454
B033724	ENSG00000173193	NIC	419	B033724
B053909	ENSG00000173193	NNC	308	B053909
B014184	ENSG00000163521	FSM	630	B014534
B034858	ENSG00000163521	NIC	411	B042661
B028606	ENSG00000163521	NNC	458	B028606
B072608	ENSG00000119636	FSM	235	B072608
B052069	ENSG00000119636	NIC	316	B052069
B050434	ENSG00000119636	NNC	324	B038249
B056382	ENSG00000100129	FSM	297	B056382
B022113	ENSG00000100129	NIC	520	B022113
B060921	ENSG00000100129	NNC	279	B060921
B097239	ENSG00000168894	FSM	153	B103727
B108304	ENSG00000168894	NIC	115	B108304
B106127	ENSG00000168894	NNC	123	B106127
B094556	ENSG00000160551	FSM	162	B094556
B027083	ENSG00000160551	NIC	471	B027083
B072999	ENSG00000160551	NNC	234	B072999
B024509	ENSG00000158987	FSM	495	B024509
B025576	ENSG00000158987	NIC	485	B016098
B051251	ENSG00000158987	NNC	320	B051251
B032814	ENSG00000101194	FSM	425	B037703
B089425	ENSG00000101194	NIC	179	B089425
B052131	ENSG00000101194	NNC	316	B052131
B038861	ENSG00000113645	FSM	385	B038861
B003139	ENSG00000113645	NIC	1032	B004207
B084922	ENSG00000113645	NNC	194	B084922
B051123	ENSG00000151725	FSM	320	B044111
B056947	ENSG00000151725	NIC	295	B044111
B042837	ENSG00000151725	NNC	362	B042837
B025527	ENSG00000121864	FSM	485	B030713
B064907	ENSG00000121864	NIC	263	B064907
B047106	ENSG00000121864	NNC	340	B047106
B043879	ENSG00000204438	FSM	356	B043879
B037675	ENSG00000204438	NIC	393	B043879
B060445	ENSG00000204438	NNC	281	B060445
B007024	ENSG00000104044	FSM	814	B007024
B053379	ENSG00000104044	NIC	310	B053379
B039522	ENSG00000104044	NNC	381	B039522
B046977	ENSG00000105819	FSM	340	B057738
B047821	ENSG00000105819	NIC	336	B047821
B057738	ENSG00000105819	NNC	292	B057738
B055209	ENSG00000136874	FSM	302	B055866
B065747	ENSG00000136874	NIC	260	B079022
B100446	ENSG00000136874	NNC	143	B100871
B032084	ENSG00000156858	FSM	430	B021557
B036719	ENSG00000156858	NIC	399	B036719
B025495	ENSG00000156858	NNC	486	B025495
B050101	ENSG00000145014	FSM	325	B063110
B042779	ENSG00000145014	NIC	362	B042779
B089638	ENSG00000145014	NNC	179	B096451
B099075	ENSG00000186001	FSM	147	B099075
B059824	ENSG00000186001	NIC	283	B047259
B076852	ENSG00000186001	NNC	221	B076852
B073410	ENSG00000046604	FSM	232	B073410
B052075	ENSG00000046604	NIC	316	B046405
B058923	ENSG00000046604	NNC	287	B058923
B021266	ENSG00000180938	FSM	529	B024105
B024105	ENSG00000180938	NIC	499	B024105
B045303	ENSG00000180938	NNC	349	B056130
B057807	ENSG00000182327	FSM	291	B057807
B049659	ENSG00000182327	NIC	327	B057807
B053032	ENSG00000182327	NNC	312	B057807
B074295	ENSG00000114744	FSM	229	B083126
B106566	ENSG00000114744	NIC	121	B106566
B109919	ENSG00000114744	NNC	110	B110071
B002526	ENSG00000067596	FSM	1090	B002982
B005055	ENSG00000067596	NIC	902	B002982
B036766	ENSG00000067596	NNC	399	B036766
B091579	ENSG00000168268	FSM	172	B099793
B082353	ENSG00000168268	NIC	202	B082353
B056088	ENSG00000168268	NNC	299	B056088
B075157	ENSG00000241127	FSM	226	B086268
B115407	ENSG00000241127	NIC	90	B115407
B113252	ENSG00000241127	NNC	98	B113252
B055418	ENSG00000137992	FSM	301	B055418
B072081	ENSG00000137992	NIC	237	B072081
B087745	ENSG00000137992	NNC	185	B087745
B067747	ENSG00000151239	FSM	252	B068454
B067070	ENSG00000151239	NIC	255	B067070
B058454	ENSG00000151239	NNC	289	B068454
B015455	ENSG00000153132	FSM	609	B016738
B077027	ENSG00000153132	NIC	220	B077027
B019830	ENSG00000153132	NNC	547	B016738
B087806	ENSG00000142185	FSM	184	B090471
B001388	ENSG00000142185	NIC	1255	B001388
B103407	ENSG00000142185	NNC	133	B110740
B039003	ENSG00000078304	FSM	384	B038000
B064930	ENSG00000078304	NIC	263	B064930
B080006	ENSG00000078304	NNC	210	B080006
B070856	ENSG00000132680	FSM	241	B070856
B059819	ENSG00000132680	NIC	283	B067036
B055326	ENSG00000132680	NNC	302	B055326
B042714	ENSG00000135097	FSM	362	B057243
B050309	ENSG00000135097	NIC	324	B050309
B065298	ENSG00000135097	NNC	262	B070144
B060706	ENSG00000120458	FSM	279	B049199
B086596	ENSG00000120458	NIC	188	B086596
B051220	ENSG00000120458	NNC	320	B051220
B071458	ENSG00000185420	FSM	239	B071458
B087901	ENSG00000185420	NIC	184	B089580
B062625	ENSG00000185420	NNC	272	B071458
B073164	ENSG00000077458	FSM	233	B081370
B102384	ENSG00000077458	NIC	136	B102384
B068453	ENSG00000077458	NNC	250	B068453
B017919	ENSG00000141076	FSM	571	B017919
B032685	ENSG00000141076	NIC	426	B032685
B067386	ENSG00000141076	NNC	254	B067386
B064032	ENSG00000163832	FSM	266	B077899
B078173	ENSG00000163832	NIC	216	B085030
B071969	ENSG00000163832	NNC	238	B071969
B085060	ENSG00000007402	FSM	193	B085060
B012843	ENSG00000007402	NIC	657	B012843
B092098	ENSG00000007402	NNC	171	B092098
B065942	ENSG00000291149	FSM	259	B079133
B089501	ENSG00000291149	NIC	179	B089501
B107857	ENSG00000291149	NNC	117	B107857
B093707	ENSG00000155530	FSM	165	B093707
B079350	ENSG00000155530	NIC	212	B079350
B085854	ENSG00000155530	NNC	191	B085854
B036071	ENSG00000172748	FSM	403	B027270
B026508	ENSG00000172748	NIC	476	B027270
B041244	ENSG00000172748	NNC	371	B036322
B050522	ENSG00000138172	FSM	323	B055288
B077655	ENSG00000138172	NIC	218	B084302
B084301	ENSG00000138172	NNC	196	B084302
B081663	ENSG00000163634	FSM	204	B082394
B067359	ENSG00000163634	NIC	254	B067359
B093290	ENSG00000163634	NNC	167	B097566
B047340	ENSG00000183474	FSM	338	B037871
B066000	ENSG00000183474	NIC	259	B066000
B109618	ENSG00000183474	NNC	111	B109618
B097854	ENSG00000005882	FSM	151	B097854
B064074	ENSG00000005882	NIC	266	B064074
B049797	ENSG00000005882	NNC	327	B041542
B029879	ENSG00000163946	FSM	447	B023976
B094049	ENSG00000163946	NIC	164	B094049
B040563	ENSG00000163946	NNC	375	B040563
B040947	ENSG00000100106	FSM	372	B040947
B049674	ENSG00000100106	NIC	327	B049674
B069058	ENSG00000100106	NNC	248	B069058
B080088	ENSG00000013810	FSM	209	B080088
B067040	ENSG00000013810	NIC	255	B067727
B110746	ENSG00000013810	NNC	107	B110746
B057320	ENSG00000139163	FSM	293	B042561
B060501	ENSG00000139163	NIC	280	B060501
B096509	ENSG00000139163	NNC	156	B096509
B034434	ENSG00000004478	FSM	414	B034434
B058064	ENSG00000004478	NIC	290	B073565
B084008	ENSG00000004478	NNC	197	B092728
B055449	ENSG00000172500	FSM	301	B055449
B050586	ENSG00000172500	NIC	323	B050586
B080931	ENSG00000172500	NNC	207	B080931
B093137	ENSG00000184007	FSM	167	B100676
B100676	ENSG00000184007	NIC	142	B100676
B091747	ENSG00000184007	NNC	172	B100676
B083771	ENSG00000161888	FSM	197	B093323
B109249	ENSG00000161888	NIC	112	B109249
B093323	ENSG00000161888	NNC	167	B093323
B042594	ENSG00000174326	FSM	363	B029867
B056925	ENSG00000174326	NIC	295	B057377
B063730	ENSG00000174326	NNC	268	B063730
B057843	ENSG00000214530	FSM	291	B072983
B062037	ENSG00000214530	NIC	274	B062037
B073685	ENSG00000214530	NNC	232	B078082
B059510	ENSG00000184117	FSM	284	B067991
B075227	ENSG00000184117	NIC	226	B075227
B061367	ENSG00000184117	NNC	277	B061367
B006499	ENSG00000187554	FSM	836	B010177
B033730	ENSG00000187554	NIC	419	B033730
B105867	ENSG00000187554	NNC	124	B105867
B038078	ENSG00000028116	FSM	390	B038078
B058837	ENSG00000028116	NIC	287	B058837
B103953	ENSG00000028116	NNC	131	B103953
B072048	ENSG00000144118	FSM	237	B072048
B097323	ENSG00000144118	NIC	153	B097323
B074751	ENSG00000144118	NNC	228	B081015
B024163	ENSG00000110931	FSM	498	B024163
B061243	ENSG00000110931	NIC	277	B072948
B044904	ENSG00000110931	NNC	351	B045156
B075492	ENSG00000088247	FSM	225	B075492
B051800	ENSG00000088247	NIC	317	B044992
B011457	ENSG00000088247	NNC	687	B018766
B083758	ENSG00000133112	FSM	197	B090844
B103010	ENSG00000133112	NIC	134	B103010
B112970	ENSG00000133112	NNC	99	B112970
B094835	ENSG00000140299	FSM	161	B094835
B060084	ENSG00000140299	NIC	282	B063095
B075080	ENSG00000140299	NNC	227	B076199
B025646	ENSG00000143393	FSM	484	B025646
B017335	ENSG00000143393	NIC	580	B012115
B033795	ENSG00000143393	NNC	419	B033795
B059266	ENSG00000100335	FSM	285	B071515
B041554	ENSG00000100335	NIC	369	B041554
B058991	ENSG00000100335	NNC	287	B058991
B032664	ENSG00000135537	FSM	426	B032664
B057445	ENSG00000135537	NIC	293	B057445
B055861	ENSG00000135537	NNC	300	B057913
B055420	ENSG00000142546	FSM	301	B064227
B048431	ENSG00000142546	NIC	333	B048431
B055317	ENSG00000142546	NNC	302	B064227
B077261	ENSG00000138796	FSM	219	B066690
B081095	ENSG00000138796	NIC	206	B081095
B083401	ENSG00000138796	NNC	199	B083401
B099079	ENSG00000109332	FSM	147	B106626
B106571	ENSG00000109332	NIC	121	B106626
B105561	ENSG00000109332	NNC	125	B111235
B079768	ENSG00000135452	FSM	210	B082400
B096697	ENSG00000135452	NIC	155	B098723
B098923	ENSG00000135452	NNC	148	B104802
B068579	ENSG00000165516	FSM	249	B068579
B055939	ENSG00000165516	NIC	299	B042564
B045485	ENSG00000165516	NNC	348	B042564
B019075	ENSG00000197959	FSM	555	B019075
B051381	ENSG00000197959	NIC	319	B051381
B080644	ENSG00000197959	NNC	208	B080644
B018676	ENSG00000100350	FSM	560	B011566
B065716	ENSG00000100350	NIC	260	B065716
B036181	ENSG00000100350	NNC	403	B036181
B004253	ENSG00000129083	FSM	948	B004982
B060560	ENSG00000129083	NIC	280	B060560
B105039	ENSG00000129083	NNC	127	B105039
B016575	ENSG00000162645	FSM	591	B017452
B060055	ENSG00000162645	NIC	282	B066066
B078276	ENSG00000162645	NNC	216	B091294
B027600	ENSG00000172831	FSM	466	B027600
B053812	ENSG00000172831	NIC	308	B060273
B081182	ENSG00000172831	NNC	206	B081182
B067799	ENSG00000050405	FSM	252	B067799
B018500	ENSG00000050405	NIC	563	B016065
B037406	ENSG00000050405	NNC	395	B037406
B076935	ENSG00000088448	FSM	220	B076935
B084446	ENSG00000088448	NIC	195	B092461
B082659	ENSG00000088448	NNC	201	B092461
B030797	ENSG00000198520	FSM	440	B030797
B059061	ENSG00000198520	NIC	286	B073914
B065023	ENSG00000198520	NNC	263	B065023
B011474	ENSG00000197579	FSM	686	B011640
B003824	ENSG00000197579	NIC	978	B003824
B033658	ENSG00000197579	NNC	420	B033658
B097260	ENSG00000263528	FSM	153	B097260
B061017	ENSG00000263528	NIC	278	B061017
B100430	ENSG00000263528	NNC	143	B100430
B033411	ENSG00000127831	FSM	421	B033411
B052496	ENSG00000127831	NIC	314	B052496
B056766	ENSG00000127831	NNC	296	B067926
B012767	ENSG00000165209	FSM	658	B012767
B055719	ENSG00000165209	NIC	300	B059351
B096270	ENSG00000165209	NNC	157	B096270
B109433	ENSG00000274265	FSM	111	B112003
B108954	ENSG00000274265	NIC	113	B108954
B107835	ENSG00000274265	NNC	117	B107835
B060253	ENSG00000158195	FSM	281	B061878
B057416	ENSG00000158195	NIC	293	B057416
B044036	ENSG00000158195	NNC	356	B054757
B007916	ENSG00000275052	FSM	780	B007916
B057164	ENSG00000275052	NIC	294	B057164
B051239	ENSG00000275052	NNC	320	B051239
B102102	ENSG00000071794	FSM	137	B102102
B054491	ENSG00000071794	NIC	305	B054491
B088329	ENSG00000071794	NNC	183	B088329
B046294	ENSG00000072310	FSM	343	B046294
B058321	ENSG00000072310	NIC	289	B058716
B074805	ENSG00000072310	NNC	228	B074805
B047325	ENSG00000118276	FSM	338	B038388
B082347	ENSG00000118276	NIC	202	B093320
B080013	ENSG00000118276	NNC	210	B080013
B050500	ENSG00000090097	FSM	323	B048625
B056681	ENSG00000090097	NIC	296	B056681
B069612	ENSG00000090097	NNC	246	B069612
B063761	ENSG00000076053	FSM	267	B063659
B102455	ENSG00000076053	NIC	136	B106839
B063659	ENSG00000076053	NNC	268	B063659
B091854	ENSG00000010165	FSM	171	B091854
B056238	ENSG00000010165	NIC	298	B056238
B049371	ENSG00000010165	NNC	329	B049371
B047748	ENSG00000139291	FSM	336	B056170
B056169	ENSG00000139291	NIC	298	B056170
B054552	ENSG00000139291	NNC	305	B056170
B020172	ENSG00000169826	FSM	542	B020172
B059355	ENSG00000169826	NIC	285	B068564
B037104	ENSG00000169826	NNC	397	B037104
B037119	ENSG00000183054	FSM	396	B037119
B046324	ENSG00000183054	NIC	343	B052180
B026431	ENSG00000183054	NNC	477	B026431
B091269	ENSG00000136813	FSM	173	B091269
B059123	ENSG00000136813	NIC	286	B059123
B052648	ENSG00000136813	NNC	314	B052648
B044079	ENSG00000102879	FSM	355	B044079
B054524	ENSG00000102879	NIC	305	B061985
B089277	ENSG00000102879	NNC	180	B089277
B017918	ENSG00000100722	FSM	571	B011876
B054298	ENSG00000100722	NIC	306	B054298
B059878	ENSG00000100722	NNC	283	B059878
B004245	ENSG00000100095	FSM	948	B004245
B061011	ENSG00000100095	NIC	278	B061011
B045241	ENSG00000100095	NNC	349	B045241
B057341	ENSG00000164024	FSM	293	B057341
B052090	ENSG00000164024	NIC	316	B047395
B073940	ENSG00000164024	NNC	231	B075837
B054461	ENSG00000241484	FSM	305	B057140
B109261	ENSG00000241484	NIC	112	B109261
B066924	ENSG00000241484	NNC	256	B066924
B069180	ENSG00000003400	FSM	247	B069180
B063827	ENSG00000003400	NIC	267	B069781
B050803	ENSG00000003400	NNC	322	B050803
B103147	ENSG00000172915	FSM	133	B103147
B031360	ENSG00000172915	NIC	436	B031360
B074439	ENSG00000172915	NNC	229	B074439
B067000	ENSG00000132024	FSM	255	B067000
B093820	ENSG00000132024	NIC	165	B093820
B046694	ENSG00000132024	NNC	342	B046694
B072571	ENSG00000108370	FSM	235	B072571
B035631	ENSG00000108370	NIC	406	B035631
B047867	ENSG00000108370	NNC	336	B047867
B006906	ENSG00000152223	FSM	819	B006906
B052275	ENSG00000152223	NIC	315	B052275
B027894	ENSG00000152223	NNC	464	B027894
B061716	ENSG00000120254	FSM	275	B061716
B067614	ENSG00000120254	NIC	253	B067614
B056577	ENSG00000120254	NNC	297	B056577
B059012	ENSG00000070269	FSM	286	B059012
B043179	ENSG00000070269	NIC	360	B045082
B061079	ENSG00000070269	NNC	278	B070839
B007499	ENSG00000083520	FSM	796	B007499
B037667	ENSG00000083520	NIC	393	B037667
B079645	ENSG00000083520	NNC	211	B079645
B006956	ENSG00000169862	FSM	817	B009129
B064910	ENSG00000169862	NIC	263	B064910
B072764	ENSG00000169862	NNC	235	B074329
B021523	ENSG00000103342	FSM	526	B027428
B076085	ENSG00000103342	NIC	223	B076085
B025844	ENSG00000103342	NNC	483	B020110
B071771	ENSG00000116478	FSM	238	B058760
B058365	ENSG00000116478	NIC	289	B058760
B040612	ENSG00000116478	NNC	375	B044800
B060945	ENSG00000133104	FSM	278	B060945
B040836	ENSG00000133104	NIC	373	B040836
B017360	ENSG00000133104	NNC	580	B017360
B012399	ENSG00000073464	FSM	666	B010081
B031859	ENSG00000073464	NIC	432	B041724
B085870	ENSG00000073464	NNC	191	B085870
B060012	ENSG00000104442	FSM	282	B072274
B092908	ENSG00000104442	NIC	168	B092908
B047534	ENSG00000104442	NNC	338	B047534
B057587	ENSG00000132823	FSM	292	B067309
B055740	ENSG00000132823	NIC	300	B055740
B058240	ENSG00000132823	NNC	290	B067309
B107920	ENSG00000008869	FSM	116	B107920
B089478	ENSG00000008869	NIC	179	B089478
B065041	ENSG00000008869	NNC	263	B065246
B055914	ENSG00000167700	FSM	299	B055914
B108043	ENSG00000167700	NIC	116	B108043
B053062	ENSG00000167700	NNC	312	B053062
B031078	ENSG00000005187	FSM	438	B031078
B061802	ENSG00000005187	NIC	275	B061802
B045660	ENSG00000005187	NNC	347	B045660
B102354	ENSG00000163041	FSM	136	B109017
B115145	ENSG00000163041	NIC	91	B115145
B108424	ENSG00000163041	NNC	115	B114696
B025774	ENSG00000142657	FSM	483	B036029
B068944	ENSG00000142657	NIC	248	B068944
B036029	ENSG00000142657	NNC	404	B036029
B003793	ENSG00000132005	FSM	979	B005694
B106614	ENSG00000132005	NIC	121	B111998
B053525	ENSG00000132005	NNC	310	B053525
B097549	ENSG00000104946	FSM	152	B097549
B099415	ENSG00000104946	NIC	146	B099415
B045280	ENSG00000104946	NNC	349	B045280
B054944	ENSG00000133872	FSM	303	B054944
B090721	ENSG00000133872	NIC	175	B090721
B079135	ENSG00000133872	NNC	213	B079135
B097865	ENSG00000160007	FSM	151	B100886
B057673	ENSG00000160007	NIC	292	B043827
B055084	ENSG00000160007	NNC	303	B062399
B018603	ENSG00000173064	FSM	561	B022190
B071843	ENSG00000173064	NIC	238	B071843
B091448	ENSG00000173064	NNC	173	B091448
B053339	ENSG00000082438	FSM	310	B066203
B007335	ENSG00000082438	NIC	803	B007787
B044162	ENSG00000082438	NNC	355	B044162
B016081	ENSG00000198569	FSM	599	B016081
B049910	ENSG00000198569	NIC	326	B049910
B043080	ENSG00000198569	NNC	361	B043080
B084722	ENSG00000113369	FSM	194	B092544
B044830	ENSG00000113369	NIC	351	B034421
B050204	ENSG00000113369	NNC	325	B055682
B015942	ENSG00000136643	FSM	601	B015942
B046137	ENSG00000136643	NIC	344	B046137
B074475	ENSG00000136643	NNC	229	B076860
B077583	ENSG00000147224	FSM	218	B081922
B089461	ENSG00000147224	NIC	179	B089461
B056110	ENSG00000147224	NNC	299	B056802
B054008	ENSG00000187626	FSM	307	B054008
B050561	ENSG00000187626	NIC	323	B047197
B030611	ENSG00000187626	NNC	442	B023166
B088702	ENSG00000173598	FSM	181	B096155
B093446	ENSG00000173598	NIC	166	B096155
B079359	ENSG00000173598	NNC	212	B079641
B102019	ENSG00000081760	FSM	137	B102019
B060506	ENSG00000081760	NIC	280	B074896
B061350	ENSG00000081760	NNC	277	B061350
B111692	ENSG00000251595	FSM	103	B111692
B070997	ENSG00000251595	NIC	241	B078362
B108700	ENSG00000251595	NNC	114	B108700
B082213	ENSG00000162976	FSM	202	B086552
B106022	ENSG00000162976	NIC	123	B111953
B101087	ENSG00000162976	NNC	141	B101087
B035003	ENSG00000188283	FSM	410	B033673
B031631	ENSG00000188283	NIC	434	B033673
B076843	ENSG00000188283	NNC	221	B076843
B059994	ENSG00000078043	FSM	282	B059994
B053220	ENSG00000078043	NIC	311	B053220
B069337	ENSG00000078043	NNC	247	B069337
B078669	ENSG00000156239	FSM	214	B087176
B110386	ENSG00000156239	NIC	108	B110386
B073072	ENSG00000156239	NNC	234	B073072
B057095	ENSG00000184009	FSM	294	B049193
B059079	ENSG00000184009	NIC	286	B061287
B052575	ENSG00000184009	NNC	314	B061287
B099051	ENSG00000153048	FSM	147	B099297
B110375	ENSG00000153048	NIC	108	B110375
B089609	ENSG00000153048	NNC	179	B089609
B039418	ENSG00000111615	FSM	381	B045483
B075193	ENSG00000111615	NIC	226	B076987
B063129	ENSG00000111615	NNC	270	B063129
B047573	ENSG00000136754	FSM	337	B050870
B035800	ENSG00000136754	NIC	405	B030335
B050870	ENSG00000136754	NNC	322	B050870
B043331	ENSG00000008382	FSM	359	B044011
B033454	ENSG00000008382	NIC	421	B033454
B070492	ENSG00000008382	NNC	243	B070492
B044752	ENSG00000198056	FSM	351	B033517
B070300	ENSG00000198056	NIC	243	B070300
B055583	ENSG00000198056	NNC	301	B056066
B071448	ENSG00000160710	FSM	239	B071448
B055957	ENSG00000160710	NIC	299	B069523
B052584	ENSG00000160710	NNC	314	B052584
B010229	ENSG00000006747	FSM	715	B011721
B048631	ENSG00000006747	NIC	332	B048631
B075646	ENSG00000006747	NNC	225	B075646
B069736	ENSG00000119231	FSM	245	B083268
B059104	ENSG00000119231	NIC	286	B046335
B045245	ENSG00000119231	NNC	349	B045245
B093720	ENSG00000175376	FSM	165	B093720
B106059	ENSG00000175376	NIC	123	B106059
B105873	ENSG00000175376	NNC	124	B109029
B051743	ENSG00000025423	FSM	317	B051743
B065959	ENSG00000025423	NIC	259	B065959
B073912	ENSG00000025423	NNC	231	B086982
B051115	ENSG00000198715	FSM	320	B051115
B068708	ENSG00000198715	NIC	249	B057720
B070743	ENSG00000198715	NNC	242	B070743
B055918	ENSG00000084623	FSM	299	B056867
B077934	ENSG00000084623	NIC	217	B087294
B045839	ENSG00000084623	NNC	346	B045839
B070873	ENSG00000117602	FSM	241	B077153
B079885	ENSG00000117602	NIC	210	B077153
B071656	ENSG00000117602	NNC	239	B077153
B084361	ENSG00000176894	FSM	195	B088295
B059546	ENSG00000176894	NIC	284	B059546
B067180	ENSG00000176894	NNC	255	B067180
B084073	ENSG00000161091	FSM	196	B086327
B095552	ENSG00000161091	NIC	159	B098829
B067449	ENSG00000161091	NNC	254	B067449
B010735	ENSG00000165731	FSM	703	B012478
B010082	ENSG00000165731	NIC	719	B010082
B063959	ENSG00000165731	NNC	267	B063959
B106827	ENSG00000164659	FSM	120	B109987
B009321	ENSG00000164659	NIC	739	B005934
B075046	ENSG00000164659	NNC	227	B075046
B106522	ENSG00000126005	FSM	121	B112811
B114536	ENSG00000126005	NIC	93	B112811
B101944	ENSG00000126005	NNC	138	B101944
B008345	ENSG00000136935	FSM	767	B011177
B066302	ENSG00000136935	NIC	258	B066302
B041793	ENSG00000136935	NNC	368	B041793
B000600	ENSG00000136628	FSM	1512	B000831
B049474	ENSG00000136628	NIC	328	B049474
B065331	ENSG00000136628	NNC	262	B066106
B009750	ENSG00000115159	FSM	727	B015983
B070990	ENSG00000115159	NIC	241	B078051
B101402	ENSG00000115159	NNC	140	B101402
B069167	ENSG00000168101	FSM	247	B069167
B084138	ENSG00000168101	NIC	196	B084138
B069871	ENSG00000168101	NNC	245	B069871
B007084	ENSG00000006740	FSM	812	B007084
B051840	ENSG00000006740	NIC	317	B051840
B061416	ENSG00000006740	NNC	277	B061416
B003662	ENSG00000080839	FSM	989	B002739
B013607	ENSG00000080839	NIC	641	B017985
B052852	ENSG00000080839	NNC	313	B052852
B025773	ENSG00000115484	FSM	483	B027231
B063878	ENSG00000115484	NIC	267	B073489
B063737	ENSG00000115484	NNC	268	B070682
B083466	ENSG00000124508	FSM	198	B083466
B097339	ENSG00000124508	NIC	153	B097339
B049769	ENSG00000124508	NNC	327	B048985
B057138	ENSG00000011523	FSM	294	B057138
B041898	ENSG00000011523	NIC	367	B042179
B033233	ENSG00000011523	NNC	423	B033233
B062475	ENSG00000148481	FSM	272	B062475
B082084	ENSG00000148481	NIC	203	B087462
B041486	ENSG00000148481	NNC	370	B041486
B031075	ENSG00000135090	FSM	438	B023254
B067071	ENSG00000135090	NIC	255	B067071
B090189	ENSG00000135090	NNC	177	B090189
B032984	ENSG00000105136	FSM	424	B032984
B028901	ENSG00000105136	NIC	455	B032984
B090208	ENSG00000105136	NNC	177	B090208
B107388	ENSG00000084112	FSM	118	B107388
B039626	ENSG00000084112	NIC	380	B039626
B045425	ENSG00000084112	NNC	348	B045425
B046755	ENSG00000077713	FSM	341	B049592
B063346	ENSG00000077713	NIC	269	B066800
B090885	ENSG00000077713	NNC	175	B090885
B064278	ENSG00000196503	FSM	265	B072210
B097701	ENSG00000196503	NIC	152	B097701
B099511	ENSG00000196503	NNC	146	B099511
B044792	ENSG00000176896	FSM	351	B049042
B054795	ENSG00000176896	NIC	304	B054795
B037569	ENSG00000176896	NNC	394	B049042
B093369	ENSG00000119772	FSM	166	B093369
B048619	ENSG00000119772	NIC	332	B048619
B030099	ENSG00000119772	NNC	446	B030099
B032244	ENSG00000120526	FSM	429	B021999
B031005	ENSG00000120526	NIC	439	B031005
B031293	ENSG00000120526	NNC	437	B031293
B068873	ENSG00000168826	FSM	248	B068873
B027749	ENSG00000168826	NIC	465	B027749
B047300	ENSG00000168826	NNC	339	B047300
B105111	ENSG00000115541	FSM	126	B112204
B104917	ENSG00000115541	NIC	127	B104917
B097489	ENSG00000115541	NNC	153	B105892
B003597	ENSG00000153147	FSM	995	B003784
B042287	ENSG00000153147	NIC	365	B034664
B083027	ENSG00000153147	NNC	200	B083027
B074871	ENSG00000158604	FSM	227	B078139
B092902	ENSG00000158604	NIC	168	B097882
B086460	ENSG00000158604	NNC	189	B094457
B100253	ENSG00000013374	FSM	143	B100253
B017736	ENSG00000013374	NIC	574	B016787
B060152	ENSG00000013374	NNC	282	B060152
B062708	ENSG00000114867	FSM	271	B079924
B107737	ENSG00000114867	NIC	117	B107737
B115750	ENSG00000114867	NNC	89	B115750
B095127	ENSG00000162384	FSM	160	B103993
B104363	ENSG00000162384	NIC	129	B104363
B101690	ENSG00000162384	NNC	139	B101690
B041512	ENSG00000109775	FSM	369	B041512
B047396	ENSG00000109775	NIC	338	B034180
B060442	ENSG00000109775	NNC	281	B060442
B025545	ENSG00000180773	FSM	485	B025545
B057458	ENSG00000180773	NIC	293	B057458
B084356	ENSG00000180773	NNC	196	B093954
B025439	ENSG00000154330	FSM	486	B024386
B081750	ENSG00000154330	NIC	204	B081750
B074779	ENSG00000154330	NNC	228	B074779
B041112	ENSG00000162374	FSM	371	B045720
B095895	ENSG00000162374	NIC	158	B095895
B113267	ENSG00000162374	NNC	98	B113267
B054221	ENSG00000161914	FSM	306	B063411
B055031	ENSG00000161914	NIC	303	B055031
B027465	ENSG00000161914	NNC	468	B019727
B070587	ENSG00000031698	FSM	242	B070587
B036585	ENSG00000031698	NIC	400	B040221
B026120	ENSG00000031698	NNC	480	B026120
B101435	ENSG00000258289	FSM	139	B109095
B106845	ENSG00000258289	NIC	120	B106845
B108729	ENSG00000258289	NNC	114	B108729
B054010	ENSG00000009844	FSM	307	B060482
B082936	ENSG00000009844	NIC	200	B083875
B055613	ENSG00000009844	NNC	301	B060482
B024892	ENSG00000134802	FSM	491	B026977
B059610	ENSG00000134802	NIC	284	B059610
B055813	ENSG00000134802	NNC	300	B055813
B067792	ENSG00000090432	FSM	252	B052826
B068184	ENSG00000090432	NIC	251	B068184
B093907	ENSG00000090432	NNC	165	B093907
B013098	ENSG00000099834	FSM	651	B009708
B056962	ENSG00000099834	NIC	295	B056962
B029968	ENSG00000099834	NNC	447	B029968
B075161	ENSG00000104341	FSM	226	B084823
B092909	ENSG00000104341	NIC	168	B095166
B064466	ENSG00000104341	NNC	265	B064466
B083485	ENSG00000110442	FSM	198	B083485
B090115	ENSG00000110442	NIC	177	B087527
B093310	ENSG00000110442	NNC	167	B095686
B055885	ENSG00000161395	FSM	299	B064554
B070918	ENSG00000161395	NIC	241	B070918
B078270	ENSG00000161395	NNC	216	B087305
B098479	ENSG00000073050	FSM	149	B098479
B063819	ENSG00000073050	NIC	267	B063819
B071599	ENSG00000073050	NNC	239	B071599
B071143	ENSG00000160201	FSM	240	B069406
B085455	ENSG00000160201	NIC	192	B088775
B071041	ENSG00000160201	NNC	241	B082173
B017483	ENSG00000189144	FSM	577	B017483
B015582	ENSG00000189144	NIC	607	B017483
B028136	ENSG00000189144	NNC	462	B028136
B052426	ENSG00000103227	FSM	314	B051013
B050541	ENSG00000103227	NIC	323	B050541
B062585	ENSG00000103227	NNC	272	B062585
B114193	ENSG00000151883	FSM	94	B114193
B078745	ENSG00000151883	NIC	214	B078745
B058247	ENSG00000151883	NNC	290	B058247
B068342	ENSG00000171097	FSM	250	B068342
B037660	ENSG00000171097	NIC	393	B033276
B096272	ENSG00000171097	NNC	157	B096272
B054447	ENSG00000151876	FSM	305	B044529
B070344	ENSG00000151876	NIC	243	B070344
B046918	ENSG00000151876	NNC	341	B044529
B084720	ENSG00000135862	FSM	194	B084720
B044138	ENSG00000135862	NIC	355	B044138
B096020	ENSG00000135862	NNC	158	B096020
B003675	ENSG00000164164	FSM	988	B003675
B088507	ENSG00000164164	NIC	182	B097386
B038054	ENSG00000164164	NNC	391	B038054
B004347	ENSG00000101161	FSM	941	B007661
B115450	ENSG00000101161	NIC	90	B115450
B058730	ENSG00000101161	NNC	288	B058730
B059027	ENSG00000131781	FSM	286	B059329
B036107	ENSG00000131781	NIC	403	B027196
B028815	ENSG00000131781	NNC	456	B027196
B046498	ENSG00000178078	FSM	342	B046498
B056422	ENSG00000178078	NIC	297	B063673
B080016	ENSG00000178078	NNC	210	B080016
B064567	ENSG00000125863	FSM	264	B068480
B112891	ENSG00000125863	NIC	99	B112891
B041995	ENSG00000125863	NNC	367	B041995
B044578	ENSG00000110400	FSM	352	B052612
B093440	ENSG00000110400	NIC	166	B093440
B070188	ENSG00000110400	NNC	244	B070188
B068336	ENSG00000126524	FSM	250	B073718
B100049	ENSG00000126524	NIC	144	B103973
B072214	ENSG00000126524	NNC	237	B073718
B019397	ENSG00000055332	FSM	551	B019397
B055691	ENSG00000055332	NIC	300	B060058
B073010	ENSG00000055332	NNC	234	B073010
B042923	ENSG00000148296	FSM	361	B042923
B057889	ENSG00000148296	NIC	291	B067944
B059442	ENSG00000148296	NNC	285	B059442
B003602	ENSG00000205339	FSM	995	B006531
B041727	ENSG00000205339	NIC	368	B045876
B066467	ENSG00000205339	NNC	258	B066467
B071722	ENSG00000135404	FSM	238	B075383
B099692	ENSG00000135404	NIC	145	B104870
B072176	ENSG00000135404	NNC	237	B075383
B098161	ENSG00000115170	FSM	150	B098161
B026502	ENSG00000115170	NIC	476	B032312
B047467	ENSG00000115170	NNC	338	B047467
B073447	ENSG00000110697	FSM	232	B076933
B054513	ENSG00000110697	NIC	305	B057050
B067744	ENSG00000110697	NNC	253	B067744
B030827	ENSG00000126883	FSM	440	B031316
B004352	ENSG00000126883	NIC	941	B004352
B046243	ENSG00000126883	NNC	344	B046243
B057601	ENSG00000164885	FSM	292	B068716
B087949	ENSG00000164885	NIC	184	B087949
B054849	ENSG00000164885	NNC	304	B068716
B036528	ENSG00000166432	FSM	400	B036528
B013566	ENSG00000166432	NIC	642	B013566
B047901	ENSG00000166432	NNC	336	B047901
B069161	ENSG00000187790	FSM	247	B069161
B087852	ENSG00000187790	NIC	184	B087852
B058458	ENSG00000187790	NNC	289	B058458
B105973	ENSG00000077721	FSM	123	B105973
B075867	ENSG00000077721	NIC	224	B075867
B086470	ENSG00000077721	NNC	189	B075867
B082825	ENSG00000084733	FSM	200	B090029
B100625	ENSG00000084733	NIC	142	B100625
B071032	ENSG00000084733	NNC	241	B074219
B079820	ENSG00000077279	FSM	210	B080096
B050346	ENSG00000077279	NIC	324	B054026
B065340	ENSG00000077279	NNC	262	B065340
B014755	ENSG00000132128	FSM	620	B010755
B071543	ENSG00000132128	NIC	239	B077272
B039218	ENSG00000132128	NNC	383	B039218
B052688	ENSG00000071553	FSM	313	B052688
B048665	ENSG00000071553	NIC	332	B051469
B076265	ENSG00000071553	NNC	223	B081230
B079226	ENSG00000181381	FSM	212	B079226
B056686	ENSG00000181381	NIC	296	B061849
B008985	ENSG00000181381	NNC	749	B014477
B055448	ENSG00000162236	FSM	301	B066018
B076814	ENSG00000162236	NIC	221	B076814
B050038	ENSG00000162236	NNC	326	B050929
B041686	ENSG00000138641	FSM	368	B041686
B008258	ENSG00000138641	NIC	770	B004629
B057028	ENSG00000138641	NNC	295	B057028
B093394	ENSG00000105808	FSM	166	B093394
B074666	ENSG00000105808	NIC	228	B074666
B028828	ENSG00000105808	NNC	456	B028828
B070553	ENSG00000180448	FSM	242	B079215
B044489	ENSG00000180448	NIC	353	B044489
B073864	ENSG00000180448	NNC	231	B073864
B008311	ENSG00000143344	FSM	768	B008311
B062006	ENSG00000143344	NIC	274	B049231
B067206	ENSG00000143344	NNC	255	B067206
B065403	ENSG00000156603	FSM	261	B075967
B080862	ENSG00000156603	NIC	207	B085979
B092123	ENSG00000156603	NNC	171	B092123
B032981	ENSG00000172732	FSM	424	B032981
B036135	ENSG00000172732	NIC	403	B026489
B042557	ENSG00000172732	NNC	364	B042557
B049858	ENSG00000061938	FSM	326	B050458
B113213	ENSG00000061938	NIC	98	B113213
B065886	ENSG00000061938	NNC	260	B065886
B083113	ENSG00000105499	FSM	199	B086022
B056673	ENSG00000105499	NIC	296	B056673
B045804	ENSG00000105499	NNC	346	B045804
B081045	ENSG00000132330	FSM	206	B081045
B055694	ENSG00000132330	NIC	300	B055694
B082694	ENSG00000132330	NNC	201	B082694
B064305	ENSG00000187815	FSM	265	B064305
B037951	ENSG00000187815	NIC	391	B037951
B093314	ENSG00000187815	NNC	167	B093314
B009613	ENSG00000163346	FSM	731	B010776
B014524	ENSG00000163346	NIC	624	B014524
B049968	ENSG00000163346	NNC	326	B049968
B038091	ENSG00000131018	FSM	390	B038091
B052555	ENSG00000131018	NIC	314	B052555
B076607	ENSG00000131018	NNC	222	B076607
B074010	ENSG00000196510	FSM	230	B074010
B055515	ENSG00000196510	NIC	301	B057698
B040039	ENSG00000196510	NNC	378	B040039
B050520	ENSG00000182378	FSM	323	B062855
B061576	ENSG00000182378	NIC	276	B069694
B052872	ENSG00000182378	NNC	313	B052872
B086269	ENSG00000130675	FSM	189	B090318
B091640	ENSG00000130675	NIC	172	B091640
B082135	ENSG00000130675	NNC	203	B082135
B046971	ENSG00000132199	FSM	340	B034103
B068647	ENSG00000132199	NIC	249	B068647
B041418	ENSG00000132199	NNC	370	B042277
B040930	ENSG00000100600	FSM	372	B040279
B092221	ENSG00000100600	NIC	170	B098886
B091149	ENSG00000100600	NNC	174	B091149
B104342	ENSG00000274020	FSM	129	B104342
B096789	ENSG00000274020	NIC	155	B096789
B085603	ENSG00000274020	NNC	192	B085603
B069211	ENSG00000171811	FSM	247	B069211
B082048	ENSG00000171811	NIC	203	B088863
B054156	ENSG00000171811	NNC	307	B054156
B081313	ENSG00000166164	FSM	205	B081313
B038559	ENSG00000166164	NIC	387	B038559
B043216	ENSG00000166164	NNC	360	B038559
B059257	ENSG00000117543	FSM	285	B059257
B091920	ENSG00000117543	NIC	171	B095078
B079109	ENSG00000117543	NNC	213	B079109
B031233	ENSG00000172817	FSM	437	B027616
B058898	ENSG00000172817	NIC	287	B058898
B054595	ENSG00000172817	NNC	305	B054595
B068855	ENSG00000141574	FSM	248	B073578
B094634	ENSG00000141574	NIC	162	B098429
B049535	ENSG00000141574	NNC	328	B049535
B026820	ENSG00000183785	FSM	473	B026820
B042462	ENSG00000183785	NIC	364	B042462
B059415	ENSG00000183785	NNC	285	B059415
B042021	ENSG00000139880	FSM	366	B042021
B063555	ENSG00000139880	NIC	268	B063555
B053293	ENSG00000139880	NNC	311	B053293
B042221	ENSG00000132424	FSM	365	B045459
B054756	ENSG00000132424	NIC	304	B054756
B065842	ENSG00000132424	NNC	260	B065842
B110272	ENSG00000104859	FSM	108	B110272
B114530	ENSG00000104859	NIC	93	B114530
B053731	ENSG00000104859	NNC	309	B047874
B086840	ENSG00000103460	FSM	187	B086840
B074907	ENSG00000103460	NIC	227	B074907
B059884	ENSG00000103460	NNC	283	B059884
B023499	ENSG00000122359	FSM	505	B035345
B022583	ENSG00000122359	NIC	515	B022583
B035684	ENSG00000122359	NNC	406	B035345
B094273	ENSG00000188343	FSM	163	B094586
B056958	ENSG00000188343	NIC	295	B058861
B068561	ENSG00000188343	NNC	250	B068561
B020833	ENSG00000162129	FSM	534	B013975
B071012	ENSG00000162129	NIC	241	B071012
B059453	ENSG00000162129	NNC	285	B059453
B046730	ENSG00000135932	FSM	341	B052267
B084154	ENSG00000135932	NIC	196	B090998
B077720	ENSG00000135932	NNC	218	B074137
B033954	ENSG00000127863	FSM	417	B043812
B059063	ENSG00000127863	NIC	286	B059063
B048916	ENSG00000127863	NNC	331	B048916
B089323	ENSG00000168096	FSM	179	B089323
B064068	ENSG00000168096	NIC	266	B064068
B047504	ENSG00000168096	NNC	338	B042071
B005893	ENSG00000157657	FSM	861	B007586
B048453	ENSG00000157657	NIC	333	B048453
B072275	ENSG00000157657	NNC	237	B072275
B009798	ENSG00000158623	FSM	726	B007358
B105486	ENSG00000158623	NIC	125	B105486
B041444	ENSG00000158623	NNC	370	B045583
B081014	ENSG00000254858	FSM	206	B081014
B053004	ENSG00000254858	NIC	312	B053004
B071889	ENSG00000254858	NNC	238	B071889
B017560	ENSG00000103365	FSM	576	B017560
B066319	ENSG00000103365	NIC	258	B066319
B059399	ENSG00000103365	NNC	285	B059399
B054238	ENSG00000153944	FSM	306	B057243
B047801	ENSG00000153944	NIC	336	B057243
B065817	ENSG00000153944	NNC	260	B065961
B094231	ENSG00000245750	FSM	163	B096633
B108288	ENSG00000245750	NIC	115	B108288
B112381	ENSG00000245750	NNC	101	B112381
B072874	ENSG00000106588	FSM	234	B082133
B094349	ENSG00000106588	NIC	163	B096376
B076608	ENSG00000106588	NNC	222	B076608
B027141	ENSG00000131778	FSM	470	B033077
B016096	ENSG00000131778	NIC	599	B016096
B042314	ENSG00000131778	NNC	365	B033077
B032962	ENSG00000143368	FSM	424	B039475
B071273	ENSG00000143368	NIC	240	B071273
B054582	ENSG00000143368	NNC	305	B039475
B036056	ENSG00000087586	FSM	403	B039260
B056975	ENSG00000087586	NIC	295	B067662
B089288	ENSG00000087586	NNC	180	B094002
B055898	ENSG00000125037	FSM	299	B065382
B080784	ENSG00000125037	NIC	207	B080784
B098390	ENSG00000125037	NNC	150	B098390
B092522	ENSG00000125089	FSM	169	B095251
B054493	ENSG00000125089	NIC	305	B054493
B036488	ENSG00000125089	NNC	401	B036488
B049195	ENSG00000113812	FSM	329	B049195
B072655	ENSG00000113812	NIC	235	B084276
B026788	ENSG00000113812	NNC	474	B022747
B065923	ENSG00000173960	FSM	259	B065923
B081074	ENSG00000173960	NIC	206	B082683
B091404	ENSG00000173960	NNC	173	B096491
B092167	ENSG00000170606	FSM	170	B092167
B052553	ENSG00000170606	NIC	314	B054834
B053739	ENSG00000170606	NNC	309	B053739
B075124	ENSG00000103037	FSM	226	B073753
B051838	ENSG00000103037	NIC	317	B051838
B027573	ENSG00000103037	NNC	467	B027573
B079219	ENSG00000168393	FSM	212	B087436
B046600	ENSG00000168393	NIC	342	B046600
B108999	ENSG00000168393	NNC	113	B108999
B006467	ENSG00000111581	FSM	837	B008219
B036898	ENSG00000111581	NIC	398	B036898
B113763	ENSG00000111581	NNC	96	B113763
B048195	ENSG00000269313	FSM	334	B056358
B061337	ENSG00000269313	NIC	277	B065116
B088955	ENSG00000269313	NNC	181	B088955
B017246	ENSG00000176024	FSM	581	B027779
B105246	ENSG00000176024	NIC	126	B105246
B106713	ENSG00000176024	NNC	121	B106713
B041857	ENSG00000172239	FSM	367	B047398
B064911	ENSG00000172239	NIC	263	B068667
B029320	ENSG00000172239	NNC	452	B029320
B086236	ENSG00000074842	FSM	189	B096429
B093755	ENSG00000074842	NIC	165	B093755
B086123	ENSG00000074842	NNC	190	B086123
B039762	ENSG00000092203	FSM	379	B039762
B068997	ENSG00000092203	NIC	248	B068997
B018240	ENSG00000092203	NNC	567	B020536
B030952	ENSG00000183506	FSM	439	B028297
B058087	ENSG00000183506	NIC	290	B072364
B057300	ENSG00000183506	NNC	294	B057300
B064277	ENSG00000065882	FSM	265	B064277
B042780	ENSG00000065882	NIC	362	B042780
B008948	ENSG00000065882	NNC	750	B007036
B079514	ENSG00000165813	FSM	211	B080406
B075268	ENSG00000165813	NIC	226	B075268
B072498	ENSG00000165813	NNC	236	B072498
B024511	ENSG00000170260	FSM	495	B030905
B056733	ENSG00000170260	NIC	296	B056104
B034950	ENSG00000170260	NNC	411	B034950
B029387	ENSG00000146950	FSM	451	B029387
B050146	ENSG00000146950	NIC	325	B043170
B052825	ENSG00000146950	NNC	313	B063891
B052929	ENSG00000101294	FSM	312	B064897
B055279	ENSG00000101294	NIC	302	B047762
B079672	ENSG00000101294	NNC	211	B085229
B031722	ENSG00000119596	FSM	433	B031248
B039815	ENSG00000119596	NIC	379	B053943
B060170	ENSG00000119596	NNC	282	B060170
B064820	ENSG00000141837	FSM	263	B064820
B054732	ENSG00000141837	NIC	304	B054732
B041422	ENSG00000141837	NNC	370	B041422
B021025	ENSG00000076685	FSM	532	B023059
B069853	ENSG00000076685	NIC	245	B069853
B073905	ENSG00000076685	NNC	231	B073905
B013684	ENSG00000143079	FSM	639	B015848
B071855	ENSG00000143079	NIC	238	B071855
B063207	ENSG00000143079	NNC	270	B075404
B057123	ENSG00000186480	FSM	294	B064584
B078500	ENSG00000186480	NIC	215	B078500
B100145	ENSG00000186480	NNC	144	B100145
B028040	ENSG00000121741	FSM	462	B026328
B059547	ENSG00000121741	NIC	284	B059547
B040855	ENSG00000121741	NNC	373	B040855
B098438	ENSG00000169507	FSM	149	B106820
B063823	ENSG00000169507	NIC	267	B063823
B064442	ENSG00000169507	NNC	265	B064442
B036846	ENSG00000149346	FSM	398	B036846
B073206	ENSG00000149346	NIC	233	B081477
B086199	ENSG00000149346	NNC	190	B086199
B057805	ENSG00000168807	FSM	291	B060368
B070671	ENSG00000168807	NIC	242	B070671
B025132	ENSG00000168807	NNC	489	B025132
B045899	ENSG00000137198	FSM	345	B054503
B067318	ENSG00000137198	NIC	254	B052145
B093890	ENSG00000137198	NNC	165	B093890
B057844	ENSG00000151503	FSM	291	B057844
B054515	ENSG00000151503	NIC	305	B054515
B061883	ENSG00000151503	NNC	275	B061883
B067264	ENSG00000150347	FSM	254	B069315
B070971	ENSG00000150347	NIC	241	B070971
B069913	ENSG00000150347	NNC	245	B069913
B046289	ENSG00000012211	FSM	343	B042268
B018096	ENSG00000012211	NIC	569	B019767
B069907	ENSG00000012211	NNC	245	B069907
B072562	ENSG00000139318	FSM	235	B077928
B059791	ENSG00000139318	NIC	283	B059791
B063131	ENSG00000139318	NNC	270	B066705
B069172	ENSG00000129255	FSM	247	B077109
B072133	ENSG00000129255	NIC	237	B080250
B071592	ENSG00000129255	NNC	239	B077109
B043093	ENSG00000103194	FSM	360	B052843
B068373	ENSG00000103194	NIC	250	B073058
B034652	ENSG00000103194	NNC	413	B034652
B086890	ENSG00000010322	FSM	187	B086890
B082924	ENSG00000010322	NIC	200	B082924
B064240	ENSG00000010322	NNC	266	B078630
B017651	ENSG00000180479	FSM	575	B020961
B100624	ENSG00000180479	NIC	142	B100624
B092336	ENSG00000180479	NNC	170	B092336
B072311	ENSG00000182307	FSM	236	B084435
B060831	ENSG00000182307	NIC	279	B060831
B079752	ENSG00000182307	NNC	211	B085861
B060725	ENSG00000171055	FSM	279	B060725
B072356	ENSG00000171055	NIC	236	B080453
B072454	ENSG00000171055	NNC	236	B072454
B092513	ENSG00000139437	FSM	169	B095449
B057851	ENSG00000139437	NIC	291	B057851
B088897	ENSG00000139437	NNC	181	B088897
B049873	ENSG00000174684	FSM	326	B037783
B051831	ENSG00000174684	NIC	317	B051831
B061188	ENSG00000174684	NNC	278	B061188
B063254	ENSG00000066422	FSM	269	B063254
B050323	ENSG00000066422	NIC	324	B050323
B077496	ENSG00000066422	NNC	219	B077496
B063517	ENSG00000178053	FSM	268	B064275
B085115	ENSG00000178053	NIC	193	B085115
B095951	ENSG00000178053	NNC	158	B095951
B069477	ENSG00000196562	FSM	246	B069477
B051573	ENSG00000196562	NIC	318	B051573
B040425	ENSG00000196562	NNC	376	B041079
B085687	ENSG00000214026	FSM	191	B083420
B106101	ENSG00000214026	NIC	123	B106101
B089940	ENSG00000214026	NNC	178	B098132
B058046	ENSG00000136925	FSM	290	B058046
B062800	ENSG00000136925	NIC	271	B062800
B068823	ENSG00000136925	NNC	249	B082788
B084755	ENSG00000181450	FSM	194	B084755
B103822	ENSG00000181450	NIC	131	B103822
B112451	ENSG00000181450	NNC	101	B112451
B053137	ENSG00000164209	FSM	311	B053137
B062791	ENSG00000164209	NIC	271	B067576
B067161	ENSG00000164209	NNC	255	B075642
B033846	ENSG00000136044	FSM	418	B033846
B067598	ENSG00000136044	NIC	253	B079148
B048914	ENSG00000136044	NNC	331	B048915
B088705	ENSG00000171759	FSM	181	B096922
B056408	ENSG00000171759	NIC	297	B056408
B036642	ENSG00000171759	NNC	400	B036642
B081368	ENSG00000178381	FSM	205	B081368
B108664	ENSG00000178381	NIC	114	B108664
B079455	ENSG00000178381	NNC	212	B079455
B001727	ENSG00000177311	FSM	1195	B001754
B094050	ENSG00000177311	NIC	164	B100035
B054132	ENSG00000177311	NNC	307	B054132
B067517	ENSG00000147439	FSM	253	B076556
B063599	ENSG00000147439	NIC	268	B063599
B063699	ENSG00000147439	NNC	268	B063699
B056882	ENSG00000104823	FSM	295	B069995
B054259	ENSG00000104823	NIC	306	B054259
B072195	ENSG00000104823	NNC	237	B075928
B060223	ENSG00000160961	FSM	281	B060223
B090990	ENSG00000160961	NIC	174	B090990
B056075	ENSG00000160961	NNC	299	B056075
B025317	ENSG00000111371	FSM	487	B023374
B108942	ENSG00000111371	NIC	113	B108942
B040412	ENSG00000111371	NNC	376	B040412
B057110	ENSG00000118849	FSM	294	B058185
B114610	ENSG00000118849	NIC	93	B114610
B042316	ENSG00000118849	NNC	365	B042316
B048185	ENSG00000038274	FSM	334	B051036
B083869	ENSG00000038274	NIC	197	B083869
B060696	ENSG00000038274	NNC	280	B051036
B095516	ENSG00000100330	FSM	159	B103490
B066276	ENSG00000100330	NIC	258	B073771
B044875	ENSG00000100330	NNC	351	B044875
B005092	ENSG00000133131	FSM	900	B007218
B073287	ENSG00000133131	NIC	233	B073287
B055620	ENSG00000133131	NNC	301	B055620
B032661	ENSG00000158458	FSM	426	B038267
B065169	ENSG00000158458	NIC	262	B065169
B038617	ENSG00000158458	NNC	387	B038617
B104864	ENSG00000133678	FSM	127	B105975
B104117	ENSG00000133678	NIC	130	B104117
B086824	ENSG00000133678	NNC	188	B086824
B042046	ENSG00000187796	FSM	366	B042046
B049041	ENSG00000187796	NIC	330	B049041
B031928	ENSG00000187796	NNC	432	B028404
B047952	ENSG00000128923	FSM	335	B062755
B111188	ENSG00000128923	NIC	105	B111188
B031410	ENSG00000128923	NNC	436	B033248
B081961	ENSG00000169228	FSM	203	B087704
B087890	ENSG00000169228	NIC	184	B087890
B103918	ENSG00000169228	NNC	131	B103918
B069195	ENSG00000235109	FSM	247	B078870
B104932	ENSG00000235109	NIC	127	B104932
B062960	ENSG00000235109	NNC	271	B062960
B093706	ENSG00000196262	FSM	165	B099895
B112365	ENSG00000196262	NIC	101	B112365
B090227	ENSG00000196262	NNC	177	B094881
B050079	ENSG00000104427	FSM	325	B058393
B080228	ENSG00000104427	NIC	209	B092653
B057744	ENSG00000104427	NNC	292	B058393
B042752	ENSG00000073008	FSM	362	B042752
B064335	ENSG00000073008	NIC	265	B064335
B074517	ENSG00000073008	NNC	229	B074517
B069985	ENSG00000169592	FSM	244	B069985
B084510	ENSG00000169592	NIC	195	B084510
B097476	ENSG00000169592	NNC	153	B103718
B066222	ENSG00000127481	FSM	258	B066222
B078757	ENSG00000127481	NIC	214	B084295
B012328	ENSG00000127481	NNC	668	B012328
B055906	ENSG00000155542	FSM	299	B063691
B097096	ENSG00000155542	NIC	154	B097096
B076245	ENSG00000155542	NNC	223	B076245
B057086	ENSG00000111640	FSM	294	B058065
B090325	ENSG00000111640	NIC	176	B090325
B075669	ENSG00000111640	NNC	225	B075669
B003361	ENSG00000105409	FSM	1013	B003591
B048058	ENSG00000105409	NIC	335	B048058
B050851	ENSG00000105409	NNC	322	B050851
B101793	ENSG00000131269	FSM	138	B101793
B042973	ENSG00000131269	NIC	361	B042973
B040240	ENSG00000131269	NNC	377	B040240
B067226	ENSG00000092208	FSM	254	B073744
B061311	ENSG00000092208	NIC	277	B073744
B099493	ENSG00000092208	NNC	146	B103760
B115088	ENSG00000039560	FSM	91	B115088
B050162	ENSG00000039560	NIC	325	B050162
B025627	ENSG00000039560	NNC	485	B025627
B097578	ENSG00000055070	FSM	152	B097887
B088515	ENSG00000055070	NIC	182	B088515
B091174	ENSG00000055070	NNC	174	B091174
B044589	ENSG00000068903	FSM	352	B041505
B056183	ENSG00000068903	NIC	298	B066509
B101992	ENSG00000068903	NNC	138	B101992
B061230	ENSG00000149761	FSM	277	B068985
B081452	ENSG00000149761	NIC	205	B083571
B076566	ENSG00000149761	NNC	222	B076566
B048596	ENSG00000104408	FSM	332	B037227
B053837	ENSG00000104408	NIC	308	B053837
B063949	ENSG00000104408	NNC	267	B063949
B066739	ENSG00000148291	FSM	256	B073629
B068977	ENSG00000148291	NIC	248	B075713
B093947	ENSG00000148291	NNC	165	B093947
B016700	ENSG00000147118	FSM	589	B013696
B092911	ENSG00000147118	NIC	168	B092911
B022029	ENSG00000147118	NNC	521	B013696
B096044	ENSG00000140943	FSM	157	B096044
B054721	ENSG00000140943	NIC	304	B054721
B068535	ENSG00000140943	NNC	250	B068535
B008858	ENSG00000078747	FSM	752	B004669
B060584	ENSG00000078747	NIC	280	B060584
B066864	ENSG00000078747	NNC	256	B066864
B057561	ENSG00000010626	FSM	292	B057561
B052937	ENSG00000010626	NIC	312	B052937
B089598	ENSG00000010626	NNC	179	B089598
B083427	ENSG00000120833	FSM	198	B083427
B070302	ENSG00000120833	NIC	243	B083427
B099539	ENSG00000120833	NNC	146	B099539
B051751	ENSG00000117906	FSM	317	B053030
B060516	ENSG00000117906	NIC	280	B060516
B054324	ENSG00000117906	NNC	306	B053030
B019146	ENSG00000140598	FSM	554	B024925
B012745	ENSG00000140598	NIC	659	B016605
B058659	ENSG00000140598	NNC	288	B058659
B062688	ENSG00000215421	FSM	271	B075807
B076723	ENSG00000215421	NIC	221	B076723
B055371	ENSG00000215421	NNC	302	B055371
B052457	ENSG00000023318	FSM	314	B046102
B068182	ENSG00000023318	NIC	251	B068182
B041247	ENSG00000023318	NNC	371	B041247
B053749	ENSG00000033170	FSM	308	B056322
B073746	ENSG00000033170	NIC	231	B073852
B056322	ENSG00000033170	NNC	298	B056322
B052936	ENSG00000159063	FSM	312	B052936
B064417	ENSG00000159063	NIC	265	B064417
B032298	ENSG00000159063	NNC	429	B035160
B030400	ENSG00000104714	FSM	443	B030400
B045185	ENSG00000104714	NIC	349	B045185
B110156	ENSG00000104714	NNC	109	B111854
B092484	ENSG00000101236	FSM	169	B098765
B105743	ENSG00000101236	NIC	124	B111769
B102240	ENSG00000101236	NNC	137	B102240
B069973	ENSG00000060237	FSM	244	B069973
B047791	ENSG00000060237	NIC	336	B047791
B055060	ENSG00000060237	NNC	303	B055060
B086286	ENSG00000103319	FSM	189	B086286
B055027	ENSG00000103319	NIC	303	B055027
B044908	ENSG00000103319	NNC	351	B044908
B088127	ENSG00000169019	FSM	183	B095425
B103866	ENSG00000169019	NIC	131	B103866
B088930	ENSG00000169019	NNC	181	B095425
B048160	ENSG00000111716	FSM	334	B050836
B095283	ENSG00000111716	NIC	160	B100162
B050836	ENSG00000111716	NNC	322	B050836
B045898	ENSG00000151806	FSM	345	B053698
B077026	ENSG00000151806	NIC	220	B079288
B051082	ENSG00000151806	NNC	321	B051082
B065948	ENSG00000160087	FSM	259	B077151
B089159	ENSG00000160087	NIC	180	B077151
B077151	ENSG00000160087	NNC	220	B077151
B110514	ENSG00000108840	FSM	107	B110514
B090020	ENSG00000108840	NIC	177	B090020
B010499	ENSG00000108840	NNC	709	B011228
B030158	ENSG00000178386	FSM	445	B023086
B034145	ENSG00000178386	NIC	416	B023086
B058925	ENSG00000178386	NNC	287	B058925
B069996	ENSG00000119820	FSM	244	B082686
B077619	ENSG00000119820	NIC	218	B082686
B115241	ENSG00000119820	NNC	91	B115241
B044951	ENSG00000196290	FSM	350	B054823
B074113	ENSG00000196290	NIC	230	B074113
B055784	ENSG00000196290	NNC	300	B055784
B007988	ENSG00000166024	FSM	778	B007988
B087909	ENSG00000166024	NIC	184	B075375
B104259	ENSG00000166024	NNC	130	B104259
B053998	ENSG00000100372	FSM	307	B066380
B081480	ENSG00000100372	NIC	205	B085160
B080964	ENSG00000100372	NNC	207	B080964
B037123	ENSG00000101400	FSM	396	B025132
B065440	ENSG00000101400	NIC	261	B065440
B036148	ENSG00000101400	NNC	403	B036148
B061966	ENSG00000117308	FSM	274	B069696
B053431	ENSG00000117308	NIC	310	B050756
B101423	ENSG00000117308	NNC	140	B101423
B063500	ENSG00000004139	FSM	268	B069112
B089108	ENSG00000004139	NIC	180	B089108
B084254	ENSG00000004139	NNC	196	B084254
B082852	ENSG00000196507	FSM	200	B090180
B030865	ENSG00000196507	NIC	440	B034039
B099590	ENSG00000196507	NNC	146	B099591
B038858	ENSG00000152684	FSM	385	B043235
B064359	ENSG00000152684	NIC	265	B064359
B070223	ENSG00000152684	NNC	244	B074175
B049166	ENSG00000130204	FSM	329	B051155
B080451	ENSG00000130204	NIC	208	B085958
B059714	ENSG00000130204	NNC	284	B059714
B092206	ENSG00000137497	FSM	170	B098306
B004397	ENSG00000137497	NIC	938	B004397
B029856	ENSG00000137497	NNC	448	B029856
B003354	ENSG00000115414	FSM	1014	B003354
B054265	ENSG00000115414	NIC	306	B060060
B042313	ENSG00000115414	NNC	365	B042313
B077262	ENSG00000132563	FSM	219	B078703
B086046	ENSG00000132563	NIC	190	B091242
B056781	ENSG00000132563	NNC	296	B056781
B054442	ENSG00000173540	FSM	305	B043982
B055961	ENSG00000173540	NIC	299	B055961
B077728	ENSG00000173540	NNC	218	B074646
B012905	ENSG00000118777	FSM	655	B017016
B017016	ENSG00000118777	NIC	585	B017016
B023670	ENSG00000118777	NNC	504	B017016
B044933	ENSG00000135473	FSM	350	B057696
B059543	ENSG00000135473	NIC	284	B065021
B039878	ENSG00000135473	NNC	379	B039878
B098738	ENSG00000111196	FSM	148	B103391
B108000	ENSG00000111196	NIC	116	B108000
B112412	ENSG00000111196	NNC	101	B115274
B025778	ENSG00000135317	FSM	483	B025778
B055750	ENSG00000135317	NIC	300	B055750
B059434	ENSG00000135317	NNC	285	B059434
B017870	ENSG00000103546	FSM	572	B016035
B020125	ENSG00000103546	NIC	543	B016035
B064501	ENSG00000103546	NNC	265	B078612
B046263	ENSG00000099864	FSM	343	B038524
B089174	ENSG00000099864	NIC	180	B089174
B063200	ENSG00000099864	NNC	270	B063200
B011833	ENSG00000055130	FSM	678	B013984
B093797	ENSG00000055130	NIC	165	B093797
B007401	ENSG00000055130	NNC	801	B007401
B066221	ENSG00000120925	FSM	258	B066221
B083882	ENSG00000120925	NIC	197	B083882
B082405	ENSG00000120925	NNC	202	B083741
B074837	ENSG00000127337	FSM	227	B086906
B063547	ENSG00000127337	NIC	268	B075671
B062324	ENSG00000127337	NNC	273	B062324
B091521	ENSG00000119862	FSM	172	B098894
B104649	ENSG00000119862	NIC	128	B107480
B109287	ENSG00000119862	NNC	112	B109657
B070541	ENSG00000102908	FSM	242	B084643
B065690	ENSG00000102908	NIC	260	B065690
B040712	ENSG00000102908	NNC	374	B040712
B054956	ENSG00000083635	FSM	303	B054956
B057663	ENSG00000083635	NIC	292	B057663
B051928	ENSG00000083635	NNC	317	B051928
B087502	ENSG00000100324	FSM	185	B087502
B047387	ENSG00000100324	NIC	338	B056773
B051712	ENSG00000100324	NNC	318	B051712
B058545	ENSG00000162241	FSM	288	B069552
B074128	ENSG00000162241	NIC	230	B074128
B091748	ENSG00000162241	NNC	172	B091748
B029495	ENSG00000175309	FSM	450	B031037
B043762	ENSG00000175309	NIC	357	B043762
B064731	ENSG00000175309	NNC	264	B064731
B060489	ENSG00000162714	FSM	280	B060745
B056010	ENSG00000162714	NIC	299	B056010
B085570	ENSG00000162714	NNC	192	B086519
B046966	ENSG00000197601	FSM	340	B046966
B064958	ENSG00000197601	NIC	263	B064958
B083356	ENSG00000197601	NNC	199	B083356
B111375	ENSG00000068137	FSM	104	B111375
B034140	ENSG00000068137	NIC	416	B034140
B058464	ENSG00000068137	NNC	289	B058464
B050480	ENSG00000186298	FSM	323	B053436
B082264	ENSG00000186298	NIC	202	B089223
B075672	ENSG00000186298	NNC	225	B081237
B085679	ENSG00000189007	FSM	191	B093389
B106878	ENSG00000189007	NIC	120	B108167
B107533	ENSG00000189007	NNC	118	B107533
B030971	ENSG00000142677	FSM	439	B030971
B088529	ENSG00000142677	NIC	182	B088529
B063710	ENSG00000142677	NNC	268	B063710
B044224	ENSG00000126790	FSM	354	B047635
B088184	ENSG00000126790	NIC	183	B097411
B041460	ENSG00000126790	NNC	370	B041460
B074604	ENSG00000196950	FSM	228	B074604
B035047	ENSG00000196950	NIC	410	B035047
B057537	ENSG00000196950	NNC	293	B057537
B105962	ENSG00000173041	FSM	123	B105962
B025123	ENSG00000173041	NIC	489	B026536
B099850	ENSG00000173041	NNC	145	B099850
B051552	ENSG00000196505	FSM	318	B039538
B057167	ENSG00000196505	NIC	294	B047612
B099556	ENSG00000196505	NNC	146	B099556
B058526	ENSG00000152332	FSM	288	B068221
B049223	ENSG00000152332	NIC	329	B046090
B087054	ENSG00000152332	NNC	187	B087054
B054908	ENSG00000070961	FSM	303	B068528
B038715	ENSG00000070961	NIC	386	B038715
B022594	ENSG00000070961	NNC	515	B022594
B030118	ENSG00000159593	FSM	445	B029900
B035193	ENSG00000159593	NIC	409	B029900
B082162	ENSG00000159593	NNC	203	B082162
B091837	ENSG00000101608	FSM	171	B091228
B105183	ENSG00000101608	NIC	126	B105183
B108103	ENSG00000101608	NNC	116	B108103
B063525	ENSG00000104231	FSM	268	B073228
B106052	ENSG00000104231	NIC	123	B106052
B085923	ENSG00000104231	NNC	191	B094884
B055632	ENSG00000185347	FSM	300	B063811
B063094	ENSG00000185347	NIC	270	B063811
B068258	ENSG00000185347	NNC	251	B068258
B058513	ENSG00000278311	FSM	288	B058513
B058322	ENSG00000278311	NIC	289	B058322
B057929	ENSG00000278311	NNC	291	B057929
B057113	ENSG00000205765	FSM	294	B065391
B089497	ENSG00000205765	NIC	179	B099740
B078364	ENSG00000205765	NNC	216	B078364
B090292	ENSG00000215126	FSM	176	B090292
B048837	ENSG00000215126	NIC	331	B040318
B056108	ENSG00000215126	NNC	299	B063952
B007412	ENSG00000145241	FSM	800	B004309
B081094	ENSG00000145241	NIC	206	B091675
B051493	ENSG00000145241	NNC	319	B051493
B099630	ENSG00000287151	FSM	145	B104137
B084852	ENSG00000287151	NIC	194	B084852
B099828	ENSG00000287151	NNC	145	B099828
B103170	ENSG00000138449	FSM	133	B103170
B036723	ENSG00000138449	NIC	399	B026196
B114688	ENSG00000138449	NNC	93	B114688
B030115	ENSG00000120662	FSM	445	B040041
B052701	ENSG00000120662	NIC	313	B052701
B086176	ENSG00000120662	NNC	190	B090191
B067225	ENSG00000092094	FSM	254	B079712
B049445	ENSG00000092094	NIC	328	B049445
B048873	ENSG00000092094	NNC	331	B049445
B065640	ENSG00000170417	FSM	260	B065640
B087244	ENSG00000170417	NIC	186	B087244
B088921	ENSG00000170417	NNC	181	B088921
B045897	ENSG00000109787	FSM	345	B058737
B086639	ENSG00000109787	NIC	188	B092581
B055097	ENSG00000109787	NNC	303	B055097
B034098	ENSG00000196405	FSM	416	B036168
B053809	ENSG00000196405	NIC	308	B059550
B055132	ENSG00000196405	NNC	303	B059550
B044218	ENSG00000166575	FSM	354	B044218
B048420	ENSG00000166575	NIC	333	B039624
B082194	ENSG00000166575	NNC	203	B089021
B107407	ENSG00000136738	FSM	118	B107407
B032276	ENSG00000136738	NIC	429	B034767
B059971	ENSG00000136738	NNC	283	B059971
B050061	ENSG00000101146	FSM	325	B041681
B059369	ENSG00000101146	NIC	285	B059369
B083069	ENSG00000101146	NNC	200	B083069
B039958	ENSG00000182013	FSM	378	B039958
B021192	ENSG00000182013	NIC	530	B021192
B066438	ENSG00000182013	NNC	258	B066438
B060218	ENSG00000065559	FSM	281	B060955
B055523	ENSG00000065559	NIC	301	B045228
B060622	ENSG00000065559	NNC	280	B062145
B060483	ENSG00000164818	FSM	280	B060483
B068677	ENSG00000164818	NIC	249	B068677
B066169	ENSG00000164818	NNC	259	B066169
B023775	ENSG00000173826	FSM	502	B023775
B075509	ENSG00000173826	NIC	225	B075509
B057002	ENSG00000173826	NNC	295	B057002
B044241	ENSG00000138018	FSM	354	B053902
B084205	ENSG00000138018	NIC	196	B084205
B053902	ENSG00000138018	NNC	308	B053902
B049622	ENSG00000138750	FSM	327	B049622
B088839	ENSG00000138750	NIC	181	B099739
B041964	ENSG00000138750	NNC	367	B031094
B087820	ENSG00000285437	FSM	184	B088166
B093795	ENSG00000285437	NIC	165	B095583
B086212	ENSG00000285437	NNC	190	B091484
B077527	ENSG00000137845	FSM	218	B083695
B052760	ENSG00000137845	NIC	313	B050943
B026526	ENSG00000137845	NNC	476	B026526
B052210	ENSG00000134001	FSM	315	B062086
B076710	ENSG00000134001	NIC	221	B083834
B053887	ENSG00000134001	NNC	308	B062086
B018063	ENSG00000110330	FSM	569	B028342
B060499	ENSG00000110330	NIC	280	B048212
B057757	ENSG00000110330	NNC	292	B048212
B002237	ENSG00000007516	FSM	1124	B002458
B050946	ENSG00000007516	NIC	321	B064173
B034755	ENSG00000007516	NNC	412	B031911
B045523	ENSG00000140093	FSM	347	B061144
B065133	ENSG00000140093	NIC	262	B068367
B056496	ENSG00000140093	NNC	297	B056496
B060002	ENSG00000230124	FSM	282	B073886
B086404	ENSG00000230124	NIC	189	B089493
B093574	ENSG00000230124	NNC	166	B093574
B057848	ENSG00000156650	FSM	291	B057848
B068146	ENSG00000156650	NIC	251	B078755
B058206	ENSG00000156650	NNC	290	B058206
B083467	ENSG00000112514	FSM	198	B090550
B101900	ENSG00000112514	NIC	138	B101900
B077195	ENSG00000112514	NNC	220	B077195
B020506	ENSG00000114030	FSM	538	B027014
B054306	ENSG00000114030	NIC	306	B054306
B047687	ENSG00000114030	NNC	337	B047687
B042918	ENSG00000001084	FSM	361	B036567
B086955	ENSG00000001084	NIC	187	B086955
B074539	ENSG00000001084	NNC	229	B074539
B053325	ENSG00000185559	FSM	310	B053888
B067074	ENSG00000185559	NIC	255	B067074
B109277	ENSG00000185559	NNC	112	B109277
B011291	ENSG00000139517	FSM	690	B018212
B079828	ENSG00000139517	NIC	210	B079828
B018052	ENSG00000139517	NNC	570	B018212
B072879	ENSG00000197102	FSM	234	B084133
B055025	ENSG00000197102	NIC	303	B063810
B036603	ENSG00000197102	NNC	400	B036603
B075772	ENSG00000136143	FSM	224	B076633
B052266	ENSG00000136143	NIC	315	B057461
B057461	ENSG00000136143	NNC	293	B057461
B002211	ENSG00000103932	FSM	1128	B002211
B020598	ENSG00000103932	NIC	537	B020598
B082156	ENSG00000103932	NNC	203	B082156
B086271	ENSG00000123130	FSM	189	B086271
B053428	ENSG00000123130	NIC	310	B039848
B043631	ENSG00000123130	NNC	358	B039848
B003157	ENSG00000133619	FSM	1030	B003157
B052742	ENSG00000133619	NIC	313	B052742
B059924	ENSG00000133619	NNC	283	B064009
B039968	ENSG00000026950	FSM	378	B039968
B066287	ENSG00000026950	NIC	258	B066287
B095361	ENSG00000026950	NNC	160	B095361
B095772	ENSG00000106367	FSM	158	B096943
B112367	ENSG00000106367	NIC	101	B112367
B088067	ENSG00000106367	NNC	184	B097148
B030279	ENSG00000149485	FSM	444	B041928
B079037	ENSG00000149485	NIC	213	B088635
B059203	ENSG00000149485	NNC	286	B066804
B031721	ENSG00000119688	FSM	433	B034191
B067544	ENSG00000119688	NIC	253	B071481
B050001	ENSG00000119688	NNC	326	B050001
B065370	ENSG00000132026	FSM	261	B074456
B090082	ENSG00000132026	NIC	177	B090082
B102273	ENSG00000132026	NNC	137	B102273
B079250	ENSG00000204348	FSM	212	B079816
B060070	ENSG00000204348	NIC	282	B060347
B050206	ENSG00000204348	NNC	325	B039244
B053151	ENSG00000291316	FSM	311	B053151
B057916	ENSG00000291316	NIC	291	B071239
B071982	ENSG00000291316	NNC	238	B071982
B073439	ENSG00000103056	FSM	232	B073439
B111192	ENSG00000103056	NIC	105	B111192
B084252	ENSG00000103056	NNC	196	B084252
B076965	ENSG00000104518	FSM	220	B076965
B098867	ENSG00000104518	NIC	148	B098867
B057959	ENSG00000104518	NNC	291	B057959
B079813	ENSG00000138670	FSM	210	B079813
B050327	ENSG00000138670	NIC	324	B050327
B051718	ENSG00000138670	NNC	318	B051718
B025421	ENSG00000088970	FSM	486	B018750
B071508	ENSG00000088970	NIC	239	B071508
B093282	ENSG00000088970	NNC	167	B102773
B035412	ENSG00000008128	FSM	407	B048157
B061072	ENSG00000008128	NIC	278	B070134
B039689	ENSG00000008128	NNC	380	B039689
B093728	ENSG00000138326	FSM	165	B087956
B067899	ENSG00000138326	NIC	252	B067899
B095684	ENSG00000138326	NNC	159	B104028
B101754	ENSG00000088727	FSM	138	B101754
B065721	ENSG00000088727	NIC	260	B065721
B055147	ENSG00000088727	NNC	303	B055147
B069483	ENSG00000187609	FSM	246	B069483
B052560	ENSG00000187609	NIC	314	B060655
B063226	ENSG00000187609	NNC	270	B074985
B070566	ENSG00000112584	FSM	242	B070566
B100707	ENSG00000112584	NIC	142	B100707
B030644	ENSG00000112584	NNC	442	B030644
B093089	ENSG00000122034	FSM	167	B096477
B063807	ENSG00000122034	NIC	267	B071663
B071663	ENSG00000122034	NNC	239	B071663
B049176	ENSG00000072274	FSM	329	B037127
B086692	ENSG00000072274	NIC	188	B086692
B047297	ENSG00000072274	NNC	339	B047297
B033668	ENSG00000101574	FSM	419	B043142
B060573	ENSG00000101574	NIC	280	B060573
B086789	ENSG00000101574	NNC	188	B089799
B060724	ENSG00000119760	FSM	279	B060724
B068105	ENSG00000119760	NIC	251	B068651
B042658	ENSG00000119760	NNC	363	B042658
B065086	ENSG00000142949	FSM	262	B071016
B080826	ENSG00000142949	NIC	207	B080826
B062639	ENSG00000142949	NNC	272	B063193
B067530	ENSG00000278318	FSM	253	B067530
B008678	ENSG00000278318	NIC	757	B008678
B110978	ENSG00000278318	NNC	106	B110978
B033810	ENSG00000173805	FSM	418	B024059
B055275	ENSG00000173805	NIC	302	B055275
B054568	ENSG00000173805	NNC	305	B068732
B070543	ENSG00000166484	FSM	242	B070543
B011884	ENSG00000166484	NIC	677	B011884
B071677	ENSG00000166484	NNC	239	B071677
B037934	ENSG00000111877	FSM	391	B038436
B037170	ENSG00000111877	NIC	396	B037170
B066645	ENSG00000111877	NNC	257	B066645
B034980	ENSG00000197635	FSM	410	B033675
B112593	ENSG00000197635	NIC	100	B112890
B037064	ENSG00000197635	NNC	397	B037064
B049641	ENSG00000068438	FSM	327	B054149
B064163	ENSG00000068438	NIC	266	B075053
B054149	ENSG00000068438	NNC	307	B054149
B037924	ENSG00000197563	FSM	391	B037924
B069241	ENSG00000197563	NIC	247	B069241
B099555	ENSG00000197563	NNC	146	B099555
B025090	ENSG00000167703	FSM	489	B025090
B054469	ENSG00000167703	NIC	305	B061664
B036763	ENSG00000167703	NNC	399	B036763
B088718	ENSG00000140563	FSM	181	B088718
B084135	ENSG00000140563	NIC	196	B096118
B050644	ENSG00000140563	NNC	323	B050644
B042927	ENSG00000116350	FSM	361	B046086
B025684	ENSG00000116350	NIC	484	B030109
B030109	ENSG00000116350	NNC	446	B030109
B114490	ENSG00000137642	FSM	93	B114490
B064924	ENSG00000137642	NIC	263	B064924
B058649	ENSG00000137642	NNC	288	B058649
B084710	ENSG00000196141	FSM	194	B075814
B058579	ENSG00000196141	NIC	288	B058579
B098331	ENSG00000196141	NNC	150	B098331
B042580	ENSG00000087266	FSM	363	B042580
B050376	ENSG00000087266	NIC	324	B050376
B058427	ENSG00000087266	NNC	289	B058427
B052669	ENSG00000164091	FSM	313	B059821
B072714	ENSG00000164091	NIC	235	B072714
B058242	ENSG00000164091	NNC	290	B058242
B077541	ENSG00000087088	FSM	218	B075017
B088818	ENSG00000087088	NIC	181	B088818
B079371	ENSG00000087088	NNC	212	B079371
B016001	ENSG00000178229	FSM	600	B018116
B018150	ENSG00000178229	NIC	568	B018116
B027119	ENSG00000178229	NNC	471	B018116
B034815	ENSG00000198951	FSM	411	B043735
B042637	ENSG00000198951	NIC	363	B040322
B062351	ENSG00000198951	NNC	273	B062351
B059500	ENSG00000291117	FSM	284	B070845
B049501	ENSG00000291117	NIC	328	B049501
B084325	ENSG00000291117	NNC	196	B084325
B104852	ENSG00000145908	FSM	127	B104852
B110906	ENSG00000145908	NIC	106	B115447
B021681	ENSG00000145908	NNC	525	B021681
B066966	ENSG00000261408	FSM	255	B066966
B102185	ENSG00000261408	NIC	137	B102185
B109902	ENSG00000261408	NNC	110	B110356
B046301	ENSG00000122882	FSM	343	B038741
B023619	ENSG00000122882	NIC	504	B023619
B062375	ENSG00000122882	NNC	273	B064474
B044759	ENSG00000103671	FSM	351	B056258
B069496	ENSG00000103671	NIC	246	B069496
B032583	ENSG00000103671	NNC	427	B041669
B067755	ENSG00000100711	FSM	252	B072839
B083249	ENSG00000100711	NIC	199	B088800
B065303	ENSG00000100711	NNC	262	B065303
B071727	ENSG00000139618	FSM	238	B082198
B055516	ENSG00000139618	NIC	301	B055516
B043637	ENSG00000139618	NNC	358	B043637
B056646	ENSG00000213593	FSM	296	B066231
B091654	ENSG00000213593	NIC	172	B094172
B086475	ENSG00000213593	NNC	189	B086475
B044770	ENSG00000188493	FSM	351	B044770
B064398	ENSG00000188493	NIC	265	B070493
B080319	ENSG00000188493	NNC	209	B087240
B034551	ENSG00000119041	FSM	413	B034551
B011036	ENSG00000119041	NIC	696	B008185
B059177	ENSG00000119041	NNC	286	B059177
B022244	ENSG00000120784	FSM	518	B038371
B115447	ENSG00000120784	NIC	90	B115447
B056076	ENSG00000120784	NNC	299	B064226
B038855	ENSG00000114126	FSM	385	B036652
B056727	ENSG00000114126	NIC	296	B064518
B064518	ENSG00000114126	NNC	265	B064518
B008852	ENSG00000058866	FSM	752	B008852
B054991	ENSG00000058866	NIC	303	B054991
B054356	ENSG00000058866	NNC	306	B064000
B061218	ENSG00000164305	FSM	277	B068121
B106321	ENSG00000164305	NIC	122	B106321
B082711	ENSG00000164305	NNC	201	B082711
B010563	ENSG00000106462	FSM	707	B011863
B059379	ENSG00000106462	NIC	285	B059379
B099896	ENSG00000106462	NNC	145	B099896
B031088	ENSG00000101210	FSM	438	B028057
B034472	ENSG00000101210	NIC	414	B028057
B047100	ENSG00000101210	NNC	340	B047100
B103999	ENSG00000140575	FSM	130	B103999
B060994	ENSG00000140575	NIC	278	B072996
B073054	ENSG00000140575	NNC	234	B073054
B055422	ENSG00000138399	FSM	301	B055422
B055737	ENSG00000138399	NIC	300	B055737
B069402	ENSG00000138399	NNC	247	B069402
B085338	ENSG00000111271	FSM	192	B085338
B059792	ENSG00000111271	NIC	283	B059792
B045271	ENSG00000111271	NNC	349	B045271
B085063	ENSG00000154358	FSM	193	B085063
B060097	ENSG00000154358	NIC	282	B060097
B060934	ENSG00000154358	NNC	279	B060934
B034567	ENSG00000100897	FSM	413	B044129
B041536	ENSG00000100897	NIC	369	B041536
B078033	ENSG00000100897	NNC	217	B078033
B067265	ENSG00000117305	FSM	254	B067265
B056457	ENSG00000117305	NIC	297	B046959
B062376	ENSG00000117305	NNC	273	B062376
B008208	ENSG00000075213	FSM	771	B013899
B060074	ENSG00000075213	NIC	282	B060074
B065548	ENSG00000075213	NNC	261	B065548
B037272	ENSG00000065268	FSM	395	B037272
B058575	ENSG00000065268	NIC	288	B064331
B079955	ENSG00000065268	NNC	210	B087098
B094857	ENSG00000196235	FSM	161	B094857
B052712	ENSG00000196235	NIC	313	B052712
B049754	ENSG00000196235	NNC	327	B037545
B082212	ENSG00000126460	FSM	202	B091771
B073817	ENSG00000126460	NIC	231	B073817
B112431	ENSG00000126460	NNC	101	B112431
B064279	ENSG00000170522	FSM	265	B078570
B094950	ENSG00000170522	NIC	161	B094950
B097748	ENSG00000170522	NNC	152	B097748
B029630	ENSG00000120885	FSM	449	B029630
B070091	ENSG00000120885	NIC	244	B070172
B053314	ENSG00000120885	NNC	311	B059199
B034547	ENSG00000205250	FSM	413	B044132
B068092	ENSG00000205250	NIC	251	B068092
B104165	ENSG00000205250	NNC	130	B104165
B059538	ENSG00000183763	FSM	284	B059538
B052287	ENSG00000183763	NIC	315	B052287
B044561	ENSG00000183763	NNC	353	B044561
B007892	ENSG00000187187	FSM	781	B010253
B009024	ENSG00000187187	NIC	748	B010253
B011498	ENSG00000187187	NNC	686	B011695
B103776	ENSG00000089597	FSM	131	B106256
B094412	ENSG00000089597	NIC	163	B094412
B056545	ENSG00000089597	NNC	297	B056545
B087185	ENSG00000113966	FSM	186	B087440
B115456	ENSG00000113966	NIC	90	B115456
B083022	ENSG00000113966	NNC	200	B087440
B107334	ENSG00000253313	FSM	118	B112670
B097608	ENSG00000253313	NIC	152	B097608
B075316	ENSG00000253313	NNC	226	B075316
B045696	ENSG00000105357	FSM	346	B059762
B065702	ENSG00000105357	NIC	260	B065702
B040087	ENSG00000105357	NNC	378	B040087
B054430	ENSG00000276234	FSM	305	B059311
B041351	ENSG00000276234	NIC	370	B037005
B040861	ENSG00000276234	NNC	373	B037005
B066499	ENSG00000196812	FSM	257	B066499
B096154	ENSG00000196812	NIC	157	B096154
B051462	ENSG00000196812	NNC	319	B051462
B094859	ENSG00000115355	FSM	161	B094859
B043939	ENSG00000115355	NIC	356	B043939
B035844	ENSG00000115355	NNC	405	B035844
B063029	ENSG00000121022	FSM	270	B048192
B065465	ENSG00000121022	NIC	261	B071238
B084292	ENSG00000121022	NNC	196	B084292
B043475	ENSG00000154080	FSM	358	B043475
B034171	ENSG00000154080	NIC	416	B043475
B079428	ENSG00000154080	NNC	212	B086790
B061965	ENSG00000158828	FSM	274	B070891
B045991	ENSG00000158828	NIC	345	B045991
B020558	ENSG00000158828	NNC	538	B025564
B097581	ENSG00000155816	FSM	152	B097581
B051596	ENSG00000155816	NIC	318	B051596
B072776	ENSG00000155816	NNC	235	B083036
B102896	ENSG00000133460	FSM	134	B102896
B079066	ENSG00000133460	NIC	213	B079066
B059416	ENSG00000133460	NNC	285	B059416
B056897	ENSG00000196968	FSM	295	B060803
B081755	ENSG00000196968	NIC	204	B081755
B048716	ENSG00000196968	NNC	332	B048716
B081328	ENSG00000125901	FSM	205	B089553
B090691	ENSG00000125901	NIC	175	B090691
B064989	ENSG00000125901	NNC	263	B075090
B028514	ENSG00000151176	FSM	458	B028514
B051150	ENSG00000151176	NIC	320	B051150
B044903	ENSG00000151176	NNC	351	B044903
B045892	ENSG00000101247	FSM	345	B051842
B069297	ENSG00000101247	NIC	247	B069297
B106411	ENSG00000101247	NNC	122	B106411
B068069	ENSG00000187531	FSM	251	B068069
B051613	ENSG00000187531	NIC	318	B039930
B053895	ENSG00000187531	NNC	308	B039930
B045531	ENSG00000117528	FSM	347	B045531
B056424	ENSG00000117528	NIC	297	B065581
B050849	ENSG00000117528	NNC	322	B050849
B098487	ENSG00000163820	FSM	149	B102694
B063374	ENSG00000163820	NIC	269	B063374
B112439	ENSG00000163820	NNC	101	B112439
B062192	ENSG00000123191	FSM	273	B062192
B024307	ENSG00000123191	NIC	497	B024307
B101628	ENSG00000123191	NNC	139	B101628
B095196	ENSG00000118705	FSM	160	B100851
B039056	ENSG00000118705	NIC	384	B041958
B034247	ENSG00000118705	NNC	416	B034247
B051518	ENSG00000013275	FSM	318	B060057
B078468	ENSG00000013275	NIC	215	B081470
B072451	ENSG00000013275	NNC	236	B072451
B021969	ENSG00000112992	FSM	521	B025341
B029809	ENSG00000112992	NIC	448	B029809
B053962	ENSG00000112992	NNC	308	B053962
B021888	ENSG00000196517	FSM	522	B018171
B066756	ENSG00000196517	NIC	256	B066756
B051065	ENSG00000196517	NNC	321	B051065
B057826	ENSG00000137274	FSM	291	B064913
B066553	ENSG00000137274	NIC	257	B066553
B092104	ENSG00000137274	NNC	171	B092104
B036196	ENSG00000118922	FSM	402	B040978
B053643	ENSG00000118922	NIC	309	B061828
B058654	ENSG00000118922	NNC	288	B061828
B080089	ENSG00000123933	FSM	209	B079493
B092294	ENSG00000123933	NIC	170	B097192
B074170	ENSG00000123933	NNC	230	B074170
B010597	ENSG00000054219	FSM	706	B010597
B058329	ENSG00000054219	NIC	289	B058329
B055556	ENSG00000054219	NNC	301	B055556
B065096	ENSG00000161671	FSM	262	B054817
B082627	ENSG00000161671	NIC	201	B082627
B053258	ENSG00000161671	NNC	311	B053258
B062694	ENSG00000144445	FSM	271	B069476
B061765	ENSG00000144445	NIC	275	B071505
B064512	ENSG00000144445	NNC	265	B064512
B057354	ENSG00000104529	FSM	293	B065188
B084184	ENSG00000104529	NIC	196	B084184
B055573	ENSG00000104529	NNC	301	B065188
B053322	ENSG00000179476	FSM	310	B059652
B073807	ENSG00000179476	NIC	231	B082615
B056255	ENSG00000179476	NNC	298	B059652
B086866	ENSG00000204623	FSM	187	B089086
B108917	ENSG00000204623	NIC	113	B108917
B105901	ENSG00000204623	NNC	124	B107990
B065351	ENSG00000089248	FSM	261	B068458
B098810	ENSG00000089248	NIC	148	B098810
B064168	ENSG00000089248	NNC	266	B068458
B077549	ENSG00000121851	FSM	218	B084906
B098895	ENSG00000121851	NIC	148	B106082
B067719	ENSG00000121851	NNC	253	B067719
B072866	ENSG00000145050	FSM	234	B072866
B094397	ENSG00000145050	NIC	163	B094397
B088326	ENSG00000145050	NNC	183	B090217
B067238	ENSG00000151694	FSM	254	B067238
B063056	ENSG00000151694	NIC	270	B063056
B030360	ENSG00000151694	NNC	444	B030360
B010107	ENSG00000133059	FSM	718	B015416
B046338	ENSG00000133059	NIC	343	B035022
B038175	ENSG00000133059	NNC	390	B038175
B059247	ENSG00000129518	FSM	285	B067543
B086381	ENSG00000129518	NIC	189	B086381
B070414	ENSG00000129518	NNC	243	B080308
B008921	ENSG00000153113	FSM	750	B012932
B008977	ENSG00000153113	NIC	749	B012932
B012932	ENSG00000153113	NNC	655	B012932
B018140	ENSG00000111880	FSM	568	B017593
B095865	ENSG00000111880	NIC	158	B105027
B056528	ENSG00000111880	NNC	297	B056528
B057831	ENSG00000147364	FSM	291	B065792
B049694	ENSG00000147364	NIC	327	B048152
B053538	ENSG00000147364	NNC	310	B048152
B077520	ENSG00000057294	FSM	218	B077520
B107411	ENSG00000057294	NIC	118	B107411
B085189	ENSG00000057294	NNC	193	B085189
B025185	ENSG00000144736	FSM	488	B025185
B054533	ENSG00000144736	NIC	305	B050250
B037389	ENSG00000144736	NNC	395	B037389
B052212	ENSG00000103591	FSM	315	B061085
B077274	ENSG00000103591	NIC	219	B077274
B082433	ENSG00000103591	NNC	202	B082433
B065658	ENSG00000152219	FSM	260	B070281
B098259	ENSG00000152219	NIC	150	B104201
B084948	ENSG00000152219	NNC	194	B087723
B093134	ENSG00000155265	FSM	167	B094769
B101874	ENSG00000155265	NIC	138	B101874
B082420	ENSG00000155265	NNC	202	B082420
B053760	ENSG00000144031	FSM	308	B058578
B026626	ENSG00000144031	NIC	475	B029949
B059664	ENSG00000144031	NNC	284	B060628
B037460	ENSG00000164902	FSM	394	B047688
B068669	ENSG00000164902	NIC	249	B080902
B054837	ENSG00000164902	NNC	304	B054837
B010231	ENSG00000165732	FSM	715	B010863
B056739	ENSG00000165732	NIC	296	B056739
B061134	ENSG00000165732	NNC	278	B061134
B076695	ENSG00000048991	FSM	221	B076695
B047379	ENSG00000048991	NIC	338	B047379
B047098	ENSG00000048991	NNC	340	B047098
B061701	ENSG00000102978	FSM	275	B072245
B070983	ENSG00000102978	NIC	241	B070983
B109318	ENSG00000102978	NNC	112	B109318
B047773	ENSG00000204356	FSM	336	B041437
B068714	ENSG00000204356	NIC	249	B068714
B041437	ENSG00000204356	NNC	370	B041437
B058531	ENSG00000029363	FSM	288	B058531
B065787	ENSG00000029363	NIC	260	B069568
B023369	ENSG00000029363	NNC	507	B023369
B051528	ENSG00000163069	FSM	318	B052635
B068955	ENSG00000163069	NIC	248	B077323
B060440	ENSG00000163069	NNC	281	B061904
B008999	ENSG00000139324	FSM	748	B007843
B047633	ENSG00000139324	NIC	337	B047633
B053725	ENSG00000139324	NNC	309	B053725
B074577	ENSG00000163840	FSM	228	B074577
B102200	ENSG00000163840	NIC	137	B102200
B090154	ENSG00000163840	NNC	177	B090154
B058266	ENSG00000100823	FSM	289	B062499
B070906	ENSG00000100823	NIC	241	B070906
B065511	ENSG00000100823	NNC	261	B065511
B058512	ENSG00000169189	FSM	288	B058512
B060519	ENSG00000169189	NIC	280	B064395
B073356	ENSG00000169189	NNC	233	B073356
B028437	ENSG00000021645	FSM	459	B020693
B054297	ENSG00000021645	NIC	306	B054297
B094425	ENSG00000021645	NNC	163	B094425
B051342	ENSG00000105976	FSM	319	B051342
B092954	ENSG00000105976	NIC	168	B092954
B051673	ENSG00000105976	NNC	318	B051673
B065634	ENSG00000278535	FSM	260	B074319
B110045	ENSG00000278535	NIC	109	B105601
B091153	ENSG00000278535	NNC	174	B091153
B018264	ENSG00000154760	FSM	566	B027514
B005156	ENSG00000154760	NIC	897	B008813
B042305	ENSG00000154760	NNC	365	B042305
B039015	ENSG00000239713	FSM	384	B040780
B051811	ENSG00000239713	NIC	317	B051811
B052369	ENSG00000239713	NNC	315	B052369
B047963	ENSG00000184640	FSM	335	B043645
B076098	ENSG00000184640	NIC	223	B076098
B046461	ENSG00000184640	NNC	343	B046461
B020268	ENSG00000197217	FSM	541	B020268
B085760	ENSG00000197217	NIC	191	B085760
B049333	ENSG00000197217	NNC	329	B046661
B046714	ENSG00000010295	FSM	341	B046714
B065418	ENSG00000010295	NIC	261	B065418
B072989	ENSG00000010295	NNC	234	B083938
B099095	ENSG00000120910	FSM	147	B099095
B090768	ENSG00000120910	NIC	175	B090768
B086758	ENSG00000120910	NNC	188	B089886
B083128	ENSG00000151470	FSM	199	B091169
B110344	ENSG00000151470	NIC	108	B114549
B077190	ENSG00000151470	NNC	220	B077190
B043856	ENSG00000073350	FSM	356	B054870
B050363	ENSG00000073350	NIC	324	B050363
B065523	ENSG00000073350	NNC	261	B073862
B008020	ENSG00000169962	FSM	777	B008332
B075303	ENSG00000169962	NIC	226	B076806
B055160	ENSG00000169962	NNC	303	B055160
B038707	ENSG00000160352	FSM	386	B040239
B036551	ENSG00000160352	NIC	400	B036551
B025942	ENSG00000160352	NNC	482	B026536
B111954	ENSG00000163214	FSM	102	B111954
B074630	ENSG00000163214	NIC	228	B074630
B062885	ENSG00000163214	NNC	271	B062885
B056647	ENSG00000100836	FSM	296	B061406
B080505	ENSG00000100836	NIC	208	B080505
B098928	ENSG00000100836	NNC	148	B098928
B092512	ENSG00000174903	FSM	169	B091303
B105533	ENSG00000174903	NIC	125	B105533
B068836	ENSG00000174903	NNC	249	B068836
B026456	ENSG00000083799	FSM	476	B032345
B067820	ENSG00000083799	NIC	252	B071790
B033370	ENSG00000083799	NNC	422	B033370
B047959	ENSG00000141499	FSM	335	B047959
B059555	ENSG00000141499	NIC	284	B059555
B033227	ENSG00000141499	NNC	423	B023707
B086853	ENSG00000115368	FSM	187	B086853
B072906	ENSG00000115368	NIC	234	B073313
B026433	ENSG00000115368	NNC	477	B026433
B058533	ENSG00000054267	FSM	288	B058533
B018102	ENSG00000054267	NIC	569	B015105
B074541	ENSG00000054267	NNC	229	B074541
B058521	ENSG00000183527	FSM	288	B061167
B096442	ENSG00000183527	NIC	156	B097643
B084337	ENSG00000183527	NNC	196	B084337
B060213	ENSG00000075413	FSM	281	B074558
B068154	ENSG00000075413	NIC	251	B074558
B032476	ENSG00000075413	NNC	428	B036972
B083096	ENSG00000169372	FSM	199	B083096
B104631	ENSG00000169372	NIC	128	B111180
B102749	ENSG00000169372	NNC	135	B102749
B033261	ENSG00000198648	FSM	422	B030389
B075575	ENSG00000198648	NIC	225	B075575
B056562	ENSG00000198648	NNC	297	B057943
B023032	ENSG00000186376	FSM	510	B023032
B042448	ENSG00000186376	NIC	364	B042448
B038487	ENSG00000186376	NNC	388	B043754
B048400	ENSG00000065308	FSM	333	B058703
B096156	ENSG00000065308	NIC	157	B096156
B110712	ENSG00000065308	NNC	107	B110712
B064824	ENSG00000128654	FSM	263	B068802
B088210	ENSG00000128654	NIC	183	B091305
B061843	ENSG00000128654	NNC	275	B068802
B033829	ENSG00000135338	FSM	418	B038754
B064915	ENSG00000135338	NIC	263	B064915
B015125	ENSG00000135338	NNC	615	B016331
B087794	ENSG00000141452	FSM	184	B087794
B060278	ENSG00000141452	NIC	281	B066067
B038012	ENSG00000141452	NNC	391	B038012
B026716	ENSG00000004948	FSM	474	B027009
B025007	ENSG00000004948	NIC	490	B027009
B092773	ENSG00000004948	NNC	169	B092773
B094597	ENSG00000175115	FSM	162	B094597
B079038	ENSG00000175115	NIC	213	B079038
B102815	ENSG00000175115	NNC	135	B102815
B025542	ENSG00000048828	FSM	485	B023056
B009366	ENSG00000048828	NIC	738	B006082
B052159	ENSG00000048828	NNC	316	B052159
B015194	ENSG00000167182	FSM	613	B015640
B058573	ENSG00000167182	NIC	288	B060276
B058412	ENSG00000167182	NNC	289	B060276
B036374	ENSG00000122545	FSM	401	B042009
B035472	ENSG00000122545	NIC	407	B042009
B041658	ENSG00000122545	NNC	369	B050900
B051769	ENSG00000168291	FSM	317	B049318
B053823	ENSG00000168291	NIC	308	B049318
B049318	ENSG00000168291	NNC	329	B049318
B093701	ENSG00000145736	FSM	165	B093701
B096739	ENSG00000145736	NIC	155	B096739
B061635	ENSG00000145736	NNC	276	B061635
B106210	ENSG00000166455	FSM	122	B108292
B037803	ENSG00000166455	NIC	392	B038372
B054564	ENSG00000166455	NNC	305	B054564
B046732	ENSG00000100997	FSM	341	B046732
B062774	ENSG00000100997	NIC	271	B074401
B061425	ENSG00000100997	NNC	277	B062949
B066750	ENSG00000169131	FSM	256	B081367
B104667	ENSG00000169131	NIC	128	B104667
B017554	ENSG00000169131	NNC	577	B022153
B055416	ENSG00000125734	FSM	301	B069044
B059319	ENSG00000125734	NIC	285	B069044
B066911	ENSG00000125734	NNC	256	B066911
B042390	ENSG00000163159	FSM	364	B054484
B072363	ENSG00000163159	NIC	236	B072363
B048891	ENSG00000163159	NNC	331	B054484
B037006	ENSG00000129354	FSM	397	B035126
B073760	ENSG00000129354	NIC	231	B081401
B087099	ENSG00000129354	NNC	187	B087099
B056371	ENSG00000099622	FSM	297	B056371
B087866	ENSG00000099622	NIC	184	B098126
B080015	ENSG00000099622	NNC	210	B080015
B046088	ENSG00000158470	FSM	344	B038388
B065775	ENSG00000158470	NIC	260	B065775
B093563	ENSG00000158470	NNC	166	B093563
B002111	ENSG00000167258	FSM	1138	B000833
B005401	ENSG00000167258	NIC	884	B005401
B074512	ENSG00000167258	NNC	229	B074512
B085349	ENSG00000021776	FSM	192	B085349
B023506	ENSG00000021776	NIC	505	B023506
B111320	ENSG00000021776	NNC	105	B111320
B039796	ENSG00000104549	FSM	379	B052603
B076131	ENSG00000104549	NIC	223	B087071
B052603	ENSG00000104549	NNC	314	B052603
B030810	ENSG00000080293	FSM	440	B041098
B056675	ENSG00000080293	NIC	296	B065704
B066441	ENSG00000080293	NNC	258	B069879
B088783	ENSG00000164032	FSM	181	B088783
B097653	ENSG00000164032	NIC	152	B101164
B097136	ENSG00000164032	NNC	154	B097136
B054914	ENSG00000172824	FSM	303	B054914
B046313	ENSG00000172824	NIC	343	B046313
B071590	ENSG00000172824	NNC	239	B082896
B081659	ENSG00000100413	FSM	204	B087110
B095301	ENSG00000100413	NIC	160	B095301
B101704	ENSG00000100413	NNC	139	B101704
B041527	ENSG00000146013	FSM	369	B046569
B053238	ENSG00000146013	NIC	311	B046569
B057999	ENSG00000146013	NNC	291	B057999
B069174	ENSG00000160606	FSM	247	B069174
B086930	ENSG00000160606	NIC	187	B086930
B061604	ENSG00000160606	NNC	276	B061604
B064027	ENSG00000142230	FSM	266	B064027
B070616	ENSG00000142230	NIC	242	B061891
B059218	ENSG00000142230	NNC	286	B064027
B056395	ENSG00000147687	FSM	297	B060317
B060317	ENSG00000147687	NIC	281	B060317
B077795	ENSG00000147687	NNC	218	B089305
B090599	ENSG00000122435	FSM	175	B090599
B065698	ENSG00000122435	NIC	260	B065698
B056823	ENSG00000122435	NNC	296	B065698
B060011	ENSG00000197448	FSM	282	B060011
B089451	ENSG00000197448	NIC	179	B078583
B088387	ENSG00000197448	NNC	183	B088387
B047974	ENSG00000072756	FSM	335	B047974
B078170	ENSG00000072756	NIC	216	B078170
B037704	ENSG00000072756	NNC	393	B037704
B043105	ENSG00000119004	FSM	360	B030336
B056974	ENSG00000119004	NIC	295	B056974
B079172	ENSG00000119004	NNC	213	B079172
B098427	ENSG00000198720	FSM	149	B105365
B061754	ENSG00000198720	NIC	275	B066997
B038007	ENSG00000198720	NNC	391	B025741
B107663	ENSG00000130779	FSM	117	B113305
B058563	ENSG00000130779	NIC	288	B058563
B057921	ENSG00000130779	NNC	291	B057921
B081049	ENSG00000198908	FSM	206	B081968
B039667	ENSG00000198908	NIC	380	B039667
B102807	ENSG00000198908	NNC	135	B102807
B080407	ENSG00000186501	FSM	208	B091743
B101330	ENSG00000186501	NIC	140	B101330
B084005	ENSG00000186501	NNC	197	B093659
B060018	ENSG00000165905	FSM	282	B060018
B061346	ENSG00000165905	NIC	277	B060018
B078081	ENSG00000165905	NNC	217	B078081
B059263	ENSG00000215305	FSM	285	B059263
B035173	ENSG00000215305	NIC	409	B026377
B093635	ENSG00000215305	NNC	166	B093635
B072560	ENSG00000196531	FSM	235	B079147
B069228	ENSG00000196531	NIC	247	B069228
B073911	ENSG00000196531	NNC	231	B079147
B047754	ENSG00000013306	FSM	336	B056027
B074912	ENSG00000013306	NIC	227	B084564
B075925	ENSG00000013306	NNC	224	B075925
B053589	ENSG00000151835	FSM	309	B061745
B013363	ENSG00000151835	NIC	646	B011761
B100455	ENSG00000151835	NNC	143	B100455
B054011	ENSG00000034693	FSM	307	B054011
B052050	ENSG00000034693	NIC	316	B052050
B079386	ENSG00000034693	NNC	212	B079386
B050477	ENSG00000213782	FSM	323	B050477
B039332	ENSG00000213782	NIC	382	B039332
B069097	ENSG00000213782	NNC	248	B069097
B051984	ENSG00000184979	FSM	316	B053616
B053399	ENSG00000184979	NIC	310	B053399
B070741	ENSG00000184979	NNC	242	B079963
B045901	ENSG00000133740	FSM	345	B055806
B072675	ENSG00000133740	NIC	235	B072932
B088344	ENSG00000133740	NNC	183	B088344
B044749	ENSG00000116560	FSM	351	B053512
B071170	ENSG00000116560	NIC	240	B071170
B023937	ENSG00000116560	NNC	501	B023937
B059015	ENSG00000141013	FSM	286	B059015
B029664	ENSG00000141013	NIC	449	B037855
B037855	ENSG00000141013	NNC	392	B037855
B090258	ENSG00000109084	FSM	176	B097172
B113958	ENSG00000109084	NIC	95	B113958
B086493	ENSG00000109084	NNC	189	B097172
B084124	ENSG00000005022	FSM	196	B096099
B115425	ENSG00000005022	NIC	90	B115700
B086820	ENSG00000005022	NNC	188	B086820
B056375	ENSG00000162959	FSM	297	B065879
B083194	ENSG00000162959	NIC	199	B083194
B059898	ENSG00000162959	NNC	283	B059898
B044238	ENSG00000137996	FSM	354	B053606
B076416	ENSG00000137996	NIC	222	B076416
B052122	ENSG00000137996	NNC	316	B053606
B110869	ENSG00000175467	FSM	106	B110869
B048669	ENSG00000175467	NIC	332	B049145
B077803	ENSG00000175467	NNC	218	B077803
B017111	ENSG00000136141	FSM	583	B020302
B067815	ENSG00000136141	NIC	252	B067815
B034488	ENSG00000136141	NNC	414	B034488
B072293	ENSG00000133027	FSM	236	B083146
B107776	ENSG00000133027	NIC	117	B107776
B079157	ENSG00000133027	NNC	213	B079157
B098446	ENSG00000213672	FSM	149	B087255
B053009	ENSG00000213672	NIC	312	B053009
B056343	ENSG00000213672	NNC	298	B056343
B098478	ENSG00000168813	FSM	149	B098478
B081777	ENSG00000168813	NIC	204	B081777
B049799	ENSG00000168813	NNC	327	B049799
B104890	ENSG00000160293	FSM	127	B104890
B038437	ENSG00000160293	NIC	388	B038485
B066117	ENSG00000160293	NNC	259	B068019
B001731	ENSG00000111602	FSM	1194	B001731
B032700	ENSG00000111602	NIC	426	B035646
B084241	ENSG00000111602	NNC	196	B091145
B019305	ENSG00000162409	FSM	552	B028535
B069822	ENSG00000162409	NIC	245	B069822
B054559	ENSG00000162409	NNC	305	B054559
B094866	ENSG00000254806	FSM	161	B094866
B109259	ENSG00000254806	NIC	112	B109259
B062404	ENSG00000254806	NNC	273	B068549
B055412	ENSG00000085644	FSM	301	B057424
B037639	ENSG00000085644	NIC	393	B028418
B058913	ENSG00000085644	NNC	287	B059398
B049397	ENSG00000123472	FSM	328	B056911
B095813	ENSG00000123472	NIC	158	B095813
B050639	ENSG00000123472	NNC	323	B056911
B086222	ENSG00000008130	FSM	189	B092129
B054962	ENSG00000008130	NIC	303	B055056
B051737	ENSG00000008130	NNC	318	B043847
B081957	ENSG00000198498	FSM	203	B081957
B092246	ENSG00000198498	NIC	170	B100703
B115522	ENSG00000198498	NNC	90	B115522
B050918	ENSG00000160404	FSM	321	B050918
B063341	ENSG00000160404	NIC	269	B065749
B073628	ENSG00000160404	NNC	232	B073628
B086870	ENSG00000146707	FSM	187	B086870
B094063	ENSG00000146707	NIC	164	B099446
B092111	ENSG00000146707	NNC	171	B092111
B005415	ENSG00000152578	FSM	883	B007999
B067810	ENSG00000152578	NIC	252	B075379
B049522	ENSG00000152578	NNC	328	B049522
B083119	ENSG00000101220	FSM	199	B083119
B086031	ENSG00000101220	NIC	190	B086031
B092756	ENSG00000101220	NNC	169	B096836
B053560	ENSG00000105255	FSM	309	B053560
B049016	ENSG00000105255	NIC	330	B051822
B065313	ENSG00000105255	NNC	262	B065313
B098445	ENSG00000163468	FSM	149	B098445
B037324	ENSG00000163468	NIC	395	B029051
B044559	ENSG00000163468	NNC	353	B044559
B093676	ENSG00000198265	FSM	165	B093676
B061994	ENSG00000198265	NIC	274	B061994
B058718	ENSG00000198265	NNC	288	B058718
B050077	ENSG00000106484	FSM	325	B052152
B069536	ENSG00000106484	NIC	246	B069536
B112401	ENSG00000106484	NNC	101	B113289
B059256	ENSG00000104976	FSM	285	B061890
B069831	ENSG00000104976	NIC	245	B072800
B110473	ENSG00000104976	NNC	108	B113324
B056146	ENSG00000113272	FSM	298	B063263
B101005	ENSG00000113272	NIC	141	B102437
B080034	ENSG00000113272	NNC	210	B080034
B081932	ENSG00000100591	FSM	203	B091822
B062752	ENSG00000100591	NIC	271	B072068
B049291	ENSG00000100591	NNC	329	B062753
B028532	ENSG00000183762	FSM	458	B034248
B047811	ENSG00000183762	NIC	336	B047811
B062410	ENSG00000183762	NNC	273	B062410
B051096	ENSG00000180776	FSM	320	B044220
B069490	ENSG00000180776	NIC	246	B069490
B074136	ENSG00000180776	NNC	230	B074136
B059986	ENSG00000214013	FSM	282	B066671
B068917	ENSG00000214013	NIC	248	B068917
B041945	ENSG00000214013	NNC	367	B043686
B016998	ENSG00000185728	FSM	585	B023274
B020866	ENSG00000185728	NIC	534	B023274
B096266	ENSG00000185728	NNC	157	B096266
B081693	ENSG00000110429	FSM	204	B081693
B065470	ENSG00000110429	NIC	261	B067594
B070477	ENSG00000110429	NNC	243	B070477
B005679	ENSG00000166025	FSM	870	B006398
B094413	ENSG00000166025	NIC	163	B094413
B056362	ENSG00000166025	NNC	298	B056362
B049416	ENSG00000142552	FSM	328	B048793
B093760	ENSG00000142552	NIC	165	B096280
B104520	ENSG00000142552	NNC	129	B104520
B026830	ENSG00000213588	FSM	473	B029576
B077333	ENSG00000213588	NIC	219	B077333
B049138	ENSG00000213588	NNC	330	B049138
B050083	ENSG00000156345	FSM	325	B056703
B077345	ENSG00000156345	NIC	219	B079401
B060654	ENSG00000156345	NNC	280	B060654
B027722	ENSG00000015285	FSM	465	B023795
B043768	ENSG00000015285	NIC	357	B051309
B043469	ENSG00000015285	NNC	359	B043469
B078408	ENSG00000265808	FSM	215	B081724
B092560	ENSG00000265808	NIC	169	B096244
B103628	ENSG00000265808	NNC	132	B103628
B037003	ENSG00000111206	FSM	397	B037003
B042453	ENSG00000111206	NIC	364	B042453
B057226	ENSG00000111206	NNC	294	B057226
B095771	ENSG00000153363	FSM	158	B095771
B090377	ENSG00000153363	NIC	176	B100543
B114138	ENSG00000153363	NNC	95	B114376
B104351	ENSG00000136750	FSM	129	B104351
B061538	ENSG00000136750	NIC	276	B061538
B047266	ENSG00000136750	NNC	339	B047266
B108526	ENSG00000134987	FSM	114	B108526
B032856	ENSG00000134987	NIC	425	B032856
B060878	ENSG00000134987	NNC	279	B060878
B030814	ENSG00000004838	FSM	440	B030814
B093187	ENSG00000004838	NIC	167	B093187
B062654	ENSG00000004838	NNC	272	B062654
B102088	ENSG00000170322	FSM	137	B102088
B065957	ENSG00000170322	NIC	259	B065957
B042813	ENSG00000170322	NNC	362	B042813
B045534	ENSG00000083838	FSM	347	B054339
B075813	ENSG00000083838	NIC	224	B075813
B034920	ENSG00000083838	NNC	411	B036711
B079483	ENSG00000167526	FSM	211	B081644
B081459	ENSG00000167526	NIC	205	B081644
B095644	ENSG00000167526	NNC	159	B095644
B060020	ENSG00000172725	FSM	282	B065659
B058366	ENSG00000172725	NIC	289	B058366
B036635	ENSG00000172725	NNC	400	B029065
B082489	ENSG00000068615	FSM	201	B094501
B065217	ENSG00000068615	NIC	262	B065217
B074521	ENSG00000068615	NNC	229	B074521
B062224	ENSG00000136936	FSM	273	B065287
B078509	ENSG00000136936	NIC	215	B081861
B100760	ENSG00000136936	NNC	142	B100760
B068902	ENSG00000275023	FSM	248	B068902
B053217	ENSG00000275023	NIC	311	B053217
B059948	ENSG00000275023	NNC	283	B059948
B102061	ENSG00000133065	FSM	137	B102061
B087009	ENSG00000133065	NIC	187	B087009
B075040	ENSG00000133065	NNC	227	B075040
B074551	ENSG00000137700	FSM	228	B086099
B096993	ENSG00000137700	NIC	154	B100563
B075968	ENSG00000137700	NNC	224	B086099
B055910	ENSG00000049618	FSM	299	B068882
B013772	ENSG00000049618	NIC	638	B013772
B072486	ENSG00000049618	NNC	236	B072486
B071126	ENSG00000149927	FSM	240	B071126
B049208	ENSG00000149927	NIC	329	B060117
B047865	ENSG00000149927	NNC	336	B047865
B054459	ENSG00000187079	FSM	305	B041638
B069273	ENSG00000187079	NIC	247	B069273
B110162	ENSG00000187079	NNC	109	B110162
B099629	ENSG00000144134	FSM	145	B100892
B100071	ENSG00000144134	NIC	144	B102192
B090142	ENSG00000144134	NNC	177	B100416
B039004	ENSG00000066557	FSM	384	B043213
B049884	ENSG00000066557	NIC	326	B049884
B017968	ENSG00000066557	NNC	571	B020455
B027702	ENSG00000152556	FSM	465	B023138
B050307	ENSG00000152556	NIC	324	B050307
B082424	ENSG00000152556	NNC	202	B082424
B064586	ENSG00000147535	FSM	264	B076130
B076803	ENSG00000147535	NIC	221	B083990
B092113	ENSG00000147535	NNC	171	B092113
B091509	ENSG00000186665	FSM	172	B097596
B107137	ENSG00000186665	NIC	119	B107137
B094495	ENSG00000186665	NNC	163	B097596
B053996	ENSG00000070010	FSM	307	B065715
B064619	ENSG00000070010	NIC	264	B065715
B051947	ENSG00000070010	NNC	317	B051947
B029497	ENSG00000066651	FSM	450	B036569
B093202	ENSG00000066651	NIC	167	B093202
B057506	ENSG00000066651	NNC	293	B064528
B055678	ENSG00000126456	FSM	300	B064338
B058080	ENSG00000126456	NIC	290	B058080
B039887	ENSG00000126456	NNC	379	B030359
B052428	ENSG00000108528	FSM	314	B060421
B058629	ENSG00000108528	NIC	288	B065770
B086720	ENSG00000108528	NNC	188	B086720
B030125	ENSG00000115239	FSM	445	B022248
B090992	ENSG00000115239	NIC	174	B090992
B044384	ENSG00000115239	NNC	354	B044384
B002347	ENSG00000169180	FSM	1111	B002347
B060085	ENSG00000169180	NIC	282	B060085
B030893	ENSG00000169180	NNC	440	B043525
B000652	ENSG00000012817	FSM	1482	B000957
B052775	ENSG00000012817	NIC	313	B052775
B002733	ENSG00000012817	NNC	1068	B002733
B103200	ENSG00000068971	FSM	133	B103200
B079932	ENSG00000068971	NIC	210	B079932
B073909	ENSG00000068971	NNC	231	B073909
B056142	ENSG00000137628	FSM	298	B056142
B102150	ENSG00000137628	NIC	137	B102150
B073323	ENSG00000137628	NNC	233	B079683
B064294	ENSG00000167113	FSM	265	B070890
B096765	ENSG00000167113	NIC	155	B096765
B079190	ENSG00000167113	NNC	213	B079190
B022080	ENSG00000130821	FSM	520	B023058
B063081	ENSG00000130821	NIC	270	B075904
B053975	ENSG00000130821	NNC	308	B053975
B057593	ENSG00000113621	FSM	292	B057593
B054100	ENSG00000113621	NIC	307	B054100
B080977	ENSG00000113621	NNC	207	B082781
B098461	ENSG00000104490	FSM	149	B098461
B085174	ENSG00000104490	NIC	193	B084731
B083991	ENSG00000104490	NNC	197	B084731
B059044	ENSG00000179632	FSM	286	B072418
B093485	ENSG00000179632	NIC	166	B093485
B056357	ENSG00000179632	NNC	298	B056357
B021443	ENSG00000151726	FSM	527	B021443
B053199	ENSG00000151726	NIC	311	B053199
B060877	ENSG00000151726	NNC	279	B060877
B099342	ENSG00000103326	FSM	146	B099342
B047796	ENSG00000103326	NIC	336	B047796
B084248	ENSG00000103326	NNC	196	B084248
B009142	ENSG00000198521	FSM	744	B009593
B070680	ENSG00000198521	NIC	242	B070680
B043648	ENSG00000198521	NNC	358	B038708
B037125	ENSG00000184402	FSM	396	B029945
B040843	ENSG00000184402	NIC	373	B054881
B055787	ENSG00000184402	NNC	300	B054881
B003873	ENSG00000107854	FSM	974	B002304
B057455	ENSG00000107854	NIC	293	B070366
B057556	ENSG00000107854	NNC	293	B057556
B109381	ENSG00000088876	FSM	111	B109381
B096727	ENSG00000088876	NIC	155	B096727
B054179	ENSG00000088876	NNC	307	B044015
B114452	ENSG00000065413	FSM	93	B114452
B057676	ENSG00000065413	NIC	292	B057676
B048295	ENSG00000065413	NNC	334	B048295
B067516	ENSG00000105875	FSM	253	B067516
B054759	ENSG00000105875	NIC	304	B054759
B047932	ENSG00000105875	NNC	336	B047932
B115078	ENSG00000062822	FSM	91	B115078
B045407	ENSG00000062822	NIC	348	B047917
B020046	ENSG00000062822	NNC	544	B024328
B042746	ENSG00000107679	FSM	362	B042746
B061305	ENSG00000107679	NIC	277	B048253
B070183	ENSG00000107679	NNC	244	B070183
B043101	ENSG00000196361	FSM	360	B045720
B067825	ENSG00000196361	NIC	252	B071261
B087043	ENSG00000196361	NNC	187	B087043
B098457	ENSG00000112659	FSM	149	B098457
B052978	ENSG00000112659	NIC	312	B064109
B018372	ENSG00000112659	NNC	565	B018372
B099607	ENSG00000213463	FSM	145	B102317
B108877	ENSG00000213463	NIC	113	B102317
B095067	ENSG00000213463	NNC	161	B102317
B011564	ENSG00000119203	FSM	684	B013233
B055690	ENSG00000119203	NIC	300	B055690
B051941	ENSG00000119203	NNC	317	B065528
B106253	ENSG00000126705	FSM	122	B106253
B107766	ENSG00000126705	NIC	117	B112330
B060403	ENSG00000126705	NNC	281	B060403
B044419	ENSG00000105197	FSM	353	B059853
B085156	ENSG00000105197	NIC	193	B081891
B040744	ENSG00000105197	NNC	374	B040744
B003967	ENSG00000198920	FSM	967	B004161
B038252	ENSG00000198920	NIC	389	B038252
B085286	ENSG00000198920	NNC	193	B085286
B076958	ENSG00000174780	FSM	220	B073269
B030857	ENSG00000174780	NIC	440	B030857
B057306	ENSG00000174780	NNC	294	B057306
B055201	ENSG00000062194	FSM	302	B058852
B058852	ENSG00000062194	NIC	287	B058852
B049975	ENSG00000062194	NNC	326	B058852
B061699	ENSG00000258986	FSM	275	B073107
B093222	ENSG00000258986	NIC	167	B093920
B113541	ENSG00000258986	NNC	97	B113541
B032655	ENSG00000068745	FSM	426	B040874
B060586	ENSG00000068745	NIC	280	B060586
B069611	ENSG00000068745	NNC	246	B081732
B028413	ENSG00000198431	FSM	459	B021668
B068913	ENSG00000198431	NIC	248	B068913
B097115	ENSG00000198431	NNC	154	B097115
B080092	ENSG00000112312	FSM	209	B088511
B104438	ENSG00000112312	NIC	129	B104438
B081550	ENSG00000112312	NNC	205	B088511
B045518	ENSG00000139323	FSM	347	B045518
B051398	ENSG00000139323	NIC	319	B061743
B063130	ENSG00000139323	NNC	270	B076505
B022829	ENSG00000104983	FSM	512	B031273
B098278	ENSG00000104983	NIC	150	B098278
B023263	ENSG00000104983	NNC	508	B031273
B030131	ENSG00000113924	FSM	445	B031063
B054745	ENSG00000113924	NIC	304	B054745
B095353	ENSG00000113924	NNC	160	B095353
B108511	ENSG00000138081	FSM	114	B108511
B074324	ENSG00000138081	NIC	229	B074324
B077424	ENSG00000138081	NNC	219	B077424
B089066	ENSG00000148120	FSM	180	B095274
B055503	ENSG00000148120	NIC	301	B058486
B071983	ENSG00000148120	NNC	238	B071983
B054210	ENSG00000058799	FSM	306	B055546
B109181	ENSG00000058799	NIC	112	B109181
B076572	ENSG00000058799	NNC	222	B076572
B067515	ENSG00000160813	FSM	253	B068297
B094354	ENSG00000160813	NIC	163	B094354
B080651	ENSG00000160813	NNC	208	B087764
B014704	ENSG00000134215	FSM	621	B020885
B007415	ENSG00000134215	NIC	800	B009468
B096298	ENSG00000134215	NNC	157	B096298
B012201	ENSG00000152942	FSM	670	B016130
B053236	ENSG00000152942	NIC	311	B053236
B028032	ENSG00000152942	NNC	463	B028032
B058283	ENSG00000163517	FSM	289	B058283
B071214	ENSG00000163517	NIC	240	B063515
B070444	ENSG00000163517	NNC	243	B075533
B091569	ENSG00000133318	FSM	172	B091569
B112107	ENSG00000133318	NIC	102	B112107
B070832	ENSG00000133318	NNC	242	B070832
B085028	ENSG00000100150	FSM	193	B085028
B023929	ENSG00000100150	NIC	501	B023929
B063156	ENSG00000100150	NNC	270	B063156
B034412	ENSG00000138413	FSM	414	B036617
B073262	ENSG00000138413	NIC	233	B073262
B078287	ENSG00000138413	NNC	216	B065970
B075464	ENSG00000125870	FSM	225	B080459
B089127	ENSG00000125870	NIC	180	B089127
B076593	ENSG00000125870	NNC	222	B073411
B027721	ENSG00000047249	FSM	465	B032629
B061532	ENSG00000047249	NIC	276	B061532
B043465	ENSG00000047249	NNC	359	B032629
B050303	ENSG00000104805	FSM	324	B050303
B060283	ENSG00000104805	NIC	281	B045148
B034366	ENSG00000104805	NNC	415	B027058
B038705	ENSG00000214517	FSM	386	B036529
B066806	ENSG00000214517	NIC	256	B071720
B096617	ENSG00000214517	NNC	156	B096617
B093955	ENSG00000110274	FSM	164	B101118
B086664	ENSG00000110274	NIC	188	B086664
B036636	ENSG00000110274	NNC	400	B036636
B063532	ENSG00000110025	FSM	268	B062920
B065198	ENSG00000110025	NIC	262	B065198
B090834	ENSG00000110025	NNC	175	B081167
B063507	ENSG00000171103	FSM	268	B074519
B046596	ENSG00000171103	NIC	342	B046596
B060914	ENSG00000171103	NNC	279	B074519
B068885	ENSG00000166997	FSM	248	B074588
B107500	ENSG00000166997	NIC	118	B108922
B091483	ENSG00000166997	NNC	173	B091483
B101215	ENSG00000146263	FSM	140	B102527
B003317	ENSG00000146263	NIC	1017	B003317
B106136	ENSG00000146263	NNC	123	B106136
B039785	ENSG00000164031	FSM	379	B041237
B069257	ENSG00000164031	NIC	247	B069257
B103069	ENSG00000164031	NNC	134	B105156
B021357	ENSG00000189308	FSM	528	B021357
B045382	ENSG00000189308	NIC	348	B035339
B031687	ENSG00000189308	NNC	434	B031687
B054438	ENSG00000144320	FSM	305	B045496
B075221	ENSG00000144320	NIC	226	B075221
B093633	ENSG00000144320	NNC	166	B093633
B090640	ENSG00000179361	FSM	175	B090640
B057150	ENSG00000179361	NIC	294	B057150
B080243	ENSG00000179361	NNC	209	B080243
B089692	ENSG00000112983	FSM	178	B089692
B057911	ENSG00000112983	NIC	291	B061518
B054398	ENSG00000112983	NNC	306	B054398
B054020	ENSG00000159110	FSM	307	B054020
B065989	ENSG00000159110	NIC	259	B065989
B043274	ENSG00000159110	NNC	360	B030391
B009874	ENSG00000196757	FSM	724	B016953
B016025	ENSG00000196757	NIC	600	B016953
B037060	ENSG00000196757	NNC	397	B042572
B051355	ENSG00000160094	FSM	319	B051355
B058147	ENSG00000160094	NIC	290	B058147
B057085	ENSG00000160094	NNC	295	B057085
B048988	ENSG00000055211	FSM	330	B061021
B069308	ENSG00000055211	NIC	247	B069308
B070457	ENSG00000055211	NNC	243	B070457
B053755	ENSG00000161526	FSM	308	B047251
B064079	ENSG00000161526	NIC	266	B059169
B056028	ENSG00000161526	NNC	299	B059169
B014874	ENSG00000126214	FSM	618	B016135
B056914	ENSG00000126214	NIC	295	B049093
B026903	ENSG00000126214	NNC	473	B027367
B075164	ENSG00000158122	FSM	226	B075164
B104682	ENSG00000158122	NIC	128	B104682
B098407	ENSG00000158122	NNC	150	B098407
B041119	ENSG00000136451	FSM	371	B054618
B070611	ENSG00000136451	NIC	242	B070611
B093864	ENSG00000136451	NNC	165	B093864
B060969	ENSG00000169692	FSM	278	B065554
B074946	ENSG00000169692	NIC	227	B084494
B090826	ENSG00000169692	NNC	175	B099376
B051778	ENSG00000138303	FSM	317	B054410
B065234	ENSG00000138303	NIC	262	B065234
B084619	ENSG00000138303	NNC	195	B087650
B023212	ENSG00000072803	FSM	508	B023454
B046342	ENSG00000072803	NIC	343	B039492
B030365	ENSG00000072803	NNC	444	B023454
B061707	ENSG00000104960	FSM	275	B074920
B056721	ENSG00000104960	NIC	296	B056721
B068543	ENSG00000104960	NNC	250	B079667
B115329	ENSG00000198830	FSM	90	B113034
B109274	ENSG00000198830	NIC	112	B115427
B107595	ENSG00000198830	NNC	118	B107595
B077812	ENSG00000167186	FSM	217	B089326
B093165	ENSG00000167186	NIC	167	B093165
B103942	ENSG00000167186	NNC	131	B103942
B050896	ENSG00000115392	FSM	321	B050896
B062254	ENSG00000115392	NIC	273	B074057
B083386	ENSG00000115392	NNC	199	B083639
B024987	ENSG00000048740	FSM	490	B025281
B052340	ENSG00000048740	NIC	315	B048069
B098727	ENSG00000048740	NNC	149	B098727
B039770	ENSG00000132589	FSM	379	B033342
B049450	ENSG00000132589	NIC	328	B049450
B057471	ENSG00000132589	NNC	293	B057471
B112519	ENSG00000184840	FSM	100	B112519
B107798	ENSG00000184840	NIC	117	B107798
B065003	ENSG00000184840	NNC	263	B065003
B057837	ENSG00000095209	FSM	291	B065395
B075558	ENSG00000095209	NIC	225	B075558
B105070	ENSG00000095209	NNC	127	B105070
B068355	ENSG00000177225	FSM	250	B072422
B077349	ENSG00000177225	NIC	219	B087291
B084063	ENSG00000177225	NNC	197	B084063
B068349	ENSG00000165533	FSM	250	B068349
B047841	ENSG00000165533	NIC	336	B047841
B050592	ENSG00000165533	NNC	323	B050592
